player_id,fielding_ability,throwing_accuracy,speed_agility,catching_ability,batsman_shot_tendency,optimal_position
165,6.080839371421514,9.769229011265681,5.396056817169502,4.5767944320507254,6.954111998778031,3
134,7.361497716494816,6.823042234163819,4.32079648140277,6.275149180726993,1.2969652219723726,3
79,9.20592812448436,6.629295409895128,5.458527923843519,9.925554172234053,5.764573549968323,3
67,8.837230164604852,8.10219352081065,4.139385147701093,7.099710850773233,1.0775696437336222,3
60,9.094134577575858,8.33872614234117,9.452273606941962,4.399680508583312,8.894181976479917,1
13,6.185702896409321,7.38709896358455,8.87617136088285,7.80158718341739,1.8216396002052209,3
197,5.065045004526871,6.583647696568659,4.774631355004739,6.5413510545600815,4.8834135005011445,2
188,6.121514538029192,5.874327572926693,6.536285671486265,6.074268490459697,4.833085300942207,3
166,8.92213468805078,6.131223757751017,4.90156401917001,9.979480342063171,5.99598560916449,3
42,7.5374678789965,9.57930962773607,6.402653156489009,5.641753603424924,6.318005692046224,3
37,7.819731068380294,6.4932473915432505,6.5598528652958,9.858048826921335,6.512634724371351,3
152,7.998022693211064,4.50434248313763,6.337162252388568,9.45485480097073,9.280257077362695,3
132,5.387755553572226,8.630318229828902,6.983719453002657,4.197129120087968,9.533468373329214,2
144,7.071004501426242,4.954831524781027,6.779574723324523,9.914873529299035,3.7805307824660765,3
162,8.77868034013279,6.647602702849854,9.042697296906391,9.251877236183187,2.686565304348714,3
70,9.594581845162619,4.35868034059352,4.065901707112694,7.856200340753787,5.250111027851277,3
25,7.093797258853025,9.336846792747604,9.607681094943366,6.558128323524735,6.2870873224858705,3
124,8.611318444078583,9.797942654045833,9.853268618598587,6.33946037721962,5.121506227422807,3
46,7.092361093851638,6.502640225413218,7.28785816857258,9.180092510376454,9.40588367420914,3
154,5.548659557849839,9.027852870914225,9.750073879110824,4.674334187101902,5.4496028817402244,2
136,8.828113911666295,4.467651236826548,9.806242419840077,6.8886610681543665,8.394123160413798,1
71,6.65115017753236,4.973965793881454,7.977534895951837,4.4040763771891545,5.6650224815174965,3
46,7.092361093851638,6.099662416451691,5.200573467139136,4.203794832183105,5.050378093545959,3
158,5.823378789517678,6.764268984021531,8.263066284441368,4.259756536395971,8.206424313562945,2
117,9.130128381110506,7.9974245948488125,5.316340810634099,8.83627021346314,3.149478252962732,3
102,6.332967430899628,6.439458491161586,9.381380899030535,5.555942630224579,4.294775857660426,3
147,5.039725220460466,6.656787805820077,4.881004536272364,7.471236565804038,3.727862618122197,2
166,8.92213468805078,9.38985425504188,6.790101247595384,6.403537774804565,1.4317453535981934,3
19,8.595347545871899,6.529285906328697,6.487350892253005,9.592140213848184,4.888613119962777,3
93,7.405793470280351,7.342235056952349,5.271304150010057,4.961141272477237,5.617938425399076,3
146,6.174235528111458,8.78451795328683,4.860095713747473,5.310255575737789,8.23022646612926,3
77,9.78278904509287,5.725754799849618,9.665336734607216,7.547704895763746,4.41289275676767,3
112,7.937974381112131,9.58848265928706,5.7015919455552835,5.75959976970957,3.5838380483644685,3
188,6.121514538029192,8.24431387797208,4.479009800603287,4.322479670308133,6.166608725218783,3
188,6.121514538029192,8.554366885377176,7.281768814340419,9.355910955465848,8.544135448522834,3
154,5.548659557849839,9.531290955017443,7.639331592756604,4.812866555116781,1.6522596602374344,2
40,5.825629158595894,9.639655672186606,4.270368813847825,4.436477056948415,6.1874742944433265,2
4,7.755668506592267,9.997236272344391,7.188321674236343,8.769521414488501,4.432910273753316,3
70,9.594581845162619,5.770977917203098,8.739001315224373,7.158694654306555,1.2889566634610155,3
125,9.543480814954474,9.038346114071985,8.013535697694298,7.943486584306612,6.5428748144386635,3
188,6.121514538029192,5.842268410840557,4.327891765901174,8.025829779114535,8.550575970920018,3
154,5.548659557849839,9.552588836597124,8.781658810896582,4.553392700490187,5.237816444308673,2
14,6.267339382876608,9.701663517883544,8.613785704978454,5.156734115135045,1.0199610138232702,3
36,7.134912483591247,4.919088796255934,8.965160732739252,5.158939068885157,4.641189671530283,3
67,8.837230164604852,8.324897326367868,4.93149393997869,5.902649693046582,9.623031335321487,1
36,7.134912483591247,4.499214329165668,6.702510466757465,7.2930253482584275,4.454387910417388,3
127,5.177872785784958,4.3752765385082,5.820207506621607,8.004326232234172,3.5937842699142584,2
138,8.129410475725908,5.619394226622871,8.375634608609738,8.14992527687793,9.017264210728563,1
52,6.177960939668009,5.216683635289099,4.524774538059388,4.635703838568493,7.21339416265602,3
5,9.96055862054601,9.046568039775723,8.506306397103192,5.3747530915599,7.54343868246595,1
84,9.461275981281013,4.350479730408457,4.978704204226913,5.6952451100385435,3.484945734865594,3
171,7.179313818651128,9.725653389273722,5.982740463613984,7.0253536913388865,5.587355817516482,3
149,7.386394802942442,9.992277493213154,9.854754901707464,8.417902274108586,3.6030269298109165,3
195,8.431709261639735,6.589193814967844,9.609477370542649,7.172099816083765,4.511572039671172,3
55,6.930256875651047,5.868093661335669,9.816776062588934,8.08838406581374,1.6279227913822303,3
92,6.775179108822218,6.4699809073970815,6.62477085697069,9.86266440470234,4.529980226841909,3
80,7.614352003371384,8.94948639856523,7.186924563055376,9.604521349941372,8.949800377983507,3
53,9.687633306363871,6.750866873874851,5.47251570481739,7.896873162634035,6.338648598009374,3
106,5.762137971030755,5.409635685703428,5.0893462212363865,5.876949713398623,7.968561886506512,2
45,6.901657526479581,7.475576152351874,8.246179073758466,9.87952605837785,5.617389742211736,3
107,8.745456481713365,4.324271689480951,7.778385089379414,6.475367156541923,1.5024921547259582,3
15,6.841760984788225,9.866584366755422,8.122874800534984,4.523780450549528,3.4302930643678087,3
168,7.510111025824367,9.542775223302236,4.436801123738608,5.218194272317449,7.608741813334863,3
183,8.728111041466894,9.087074736134193,4.040412268116825,6.927101965053092,5.349686314490714,3
183,8.728111041466894,7.14626189457444,4.503754091110015,6.134978291896302,7.313462104426883,1
170,9.289793523879457,6.432099387055159,8.164738299283565,4.179777159359563,1.4698957340350955,3
132,5.387755553572226,6.069180058304052,7.979504529627624,5.884134455853558,5.2200697624368875,2
103,7.065037509667446,5.596054311976223,4.025084103092518,4.4884287908209,7.010286365988689,3
170,9.289793523879457,8.392755440312502,9.465937827754729,7.3342983110993325,6.139031630736196,3
105,9.303903516638126,5.6873011831640685,4.69739334135356,6.7433332120068075,6.363722249157939,3
109,6.3894818449493265,6.143280918339265,8.965245120749039,4.108566691805438,3.210088829029943,3
105,9.303903516638126,7.134728206598896,5.034682863608768,5.5960751029982525,4.167572075388321,3
38,6.657864670871041,8.310271916705734,6.539032310883479,4.30473833378791,2.011846055823034,3
80,7.614352003371384,7.198635982740363,4.499000553340089,4.776013444990198,6.107161000470173,3
191,8.603057873628071,5.969602737593592,8.5359776850944,9.182403618303994,2.1813580781297857,3
89,5.536028883854994,9.989732235261876,8.240331909958329,4.9321341487734855,5.409616714902695,2
183,8.728111041466894,5.831557517592085,9.217306008653173,8.148863980682208,5.057760376755487,3
9,7.705511149037614,8.785548424872719,4.875339209203961,4.41102190524591,6.432103231148414,3
56,5.878938747012993,5.74788353047337,4.024825309156168,4.926477019734087,3.252890454431767,2
112,7.937974381112131,7.8809620349340035,5.660138114165697,5.3715025402516146,4.362223107082839,3
163,9.06322875008069,5.615734645606603,9.98103434120599,7.34933216491061,4.569205034901329,3
176,9.906808108199499,5.95842488952602,7.473781615968859,4.9954650925311785,9.715792647504243,1
157,7.521769802984347,9.787773298292484,8.059176559724005,6.29884221090938,8.613955340835206,3
45,6.901657526479581,4.086402600991685,4.590911948157866,5.502437962993252,9.352604414979925,3
106,5.762137971030755,9.565111735575426,6.520352941584997,8.239188770537996,8.305700868017427,2
67,8.837230164604852,6.532010884587183,5.2722755150102145,6.136194997781044,4.78750765626492,3
102,6.332967430899628,7.150566911815513,9.900041458516696,4.711598880737195,7.271892391046567,3
90,7.5092955979848846,4.608362908526162,9.56515620251771,5.228073776486818,1.0819445964592045,3
99,5.518103919721187,8.457241898681293,4.486497718056994,9.821120050067243,1.7408596006817558,2
158,5.823378789517678,6.521747629205315,5.066156775668313,8.895713810830863,4.826921924937444,2
113,8.015168388769721,7.328985006249401,5.354689405626681,5.101489458858987,2.2569938976843344,3
103,7.065037509667446,4.617678073149934,7.416918779209462,7.2107987759264445,7.7453015161279515,3
33,7.4399086081626296,6.553593661664447,5.955923880148489,5.577731508972625,6.708032200464342,3
147,5.039725220460466,4.373315582534781,4.378313939911078,6.936575593634444,5.595481632169662,2
109,6.3894818449493265,9.818054345059036,4.080159492642659,7.390244692234165,8.96080241203849,3
86,5.510435263150245,5.902058364639785,6.41561963527114,9.605839705437685,1.0875984435633859,2
138,8.129410475725908,8.558997360329247,7.693156983979459,7.655422414715023,5.274882622759047,3
192,6.529563339715336,4.115641704719948,9.98355112063895,4.984593093731451,6.491666809789041,3
59,9.719435463797158,9.565572275344223,6.18705405664938,4.12121317083862,1.7831267993280222,3
35,6.145263379412153,9.892701432527405,4.27466666301947,8.290898207376047,6.127264120981826,3
102,6.332967430899628,8.949028368642317,5.964947763684524,4.4223502846104195,8.15326487648,3
128,8.0024055865564,9.882209147705058,9.956773578562212,8.594949063158671,4.844716201668673,3
80,7.614352003371384,6.5116257975894705,7.833420280631278,9.248984540475192,9.02404142991228,3
150,6.371730926310616,7.61470478937197,6.0908618263493866,8.836946278536377,9.015528461256869,3
76,8.810436270289317,6.894915733774578,7.236546718578318,4.936499479790251,9.894523636127893,1
184,9.245828025808322,9.10199010966983,8.644661016888305,5.1023287420640004,2.132506296914901,3
174,7.931804579191857,8.66393595289611,7.234964333922347,6.429720652576882,7.9471671284879255,3
138,8.129410475725908,4.380336574153047,5.723162109331645,6.1655618746679295,6.078456512464924,3
58,7.7055046755701495,4.1393318488523825,8.560363062564837,4.493179340910473,3.9648286969665905,3
56,5.878938747012993,9.488394950826013,6.072121083064918,7.7301066445097995,1.5744284613090656,2
72,9.421023382389151,5.250121563384634,9.650671623604625,9.975549605588617,7.930439925774696,1
40,5.825629158595894,4.029475252613876,4.040608860610702,5.295321088801333,3.3931078795964886,2
58,7.7055046755701495,4.501700789845467,5.078568646302766,8.946327355358122,1.8645043297975055,3
75,9.320207338150581,9.133062029191354,9.331513740322958,6.532524658556985,7.424061305316774,1
122,7.2602941274075325,7.6023424654269425,5.652367522401055,6.102128633680715,6.576908734847936,3
38,6.657864670871041,9.647625229538605,8.472119635136178,4.854396697504185,1.729610444382915,3
166,8.92213468805078,5.610975448165904,9.836010198778009,4.044190636089207,3.172599065224186,3
36,7.134912483591247,5.042675421274959,8.784310531812377,4.5438302103768535,5.955515619932592,3
144,7.071004501426242,7.4470856198733,9.3577555422204,9.05282091638725,7.335741587301667,3
128,8.0024055865564,4.33447821475735,7.583999348381275,4.552761833905535,6.606119505483953,3
149,7.386394802942442,7.028662779788889,8.24651601173372,4.114767505449545,3.1725799291591312,3
178,5.178847649741599,8.304005685931292,8.02599987244786,5.299111712452701,9.57952694202577,2
151,6.919831463136601,7.335304078600066,5.923382406098314,5.735627778353764,8.11068426074567,3
184,9.245828025808322,5.866141745541691,7.641824772054366,5.7352157087915145,8.240882362167248,1
73,8.637668421468131,6.628445465433788,9.397447264324157,6.13379516002194,6.232340102393216,3
100,5.691655429584434,4.051262353527314,6.055509875815316,5.345880025878131,6.070602030792966,2
123,5.676735244257358,8.838744975830245,7.269985474608186,5.598952906022908,1.078868507104517,2
26,7.176743863352343,7.811411086178171,8.935346881778354,8.60962415943732,8.799341298060138,3
123,5.676735244257358,7.591817337010524,6.383180172589132,6.742142144375702,2.2415993447161373,2
46,7.092361093851638,4.667392313337687,8.942278801616595,5.862375762697362,1.9000304800002625,3
46,7.092361093851638,7.603504199564354,8.824457697080396,5.096659651856511,9.438249796341081,3
112,7.937974381112131,4.726635996437183,6.117009059139962,8.688985095316045,4.71919801357201,3
160,5.56879781308632,5.343230015859113,5.2943814984913065,7.605285684126621,3.106010794308549,2
196,8.553534508523576,4.890613980650263,9.224108375559414,9.688358371346325,8.079938976782383,1
136,8.828113911666295,5.960574891639478,7.125880247705519,8.730139840851065,2.651231713968831,3
182,7.199720940427317,6.361265540013182,9.402999710678307,9.906106223734344,4.613011351538367,3
104,5.157925810344389,8.861272627676456,7.359104315693746,8.52189814155377,4.736692900558241,2
2,6.260302695003954,9.01139320675662,7.835238242173674,7.567834757973118,1.4100572241799647,3
59,9.719435463797158,7.842881657361382,6.694371194829351,7.854312909352758,5.840870382972,3
28,6.362776698210371,5.037937412823313,5.11599503551573,9.585867076507617,8.707302562094712,3
174,7.931804579191857,8.424309222751102,8.489029595493092,9.70098750555582,5.923940893985078,3
151,6.919831463136601,8.190524151732818,4.362375931932302,4.280135007768617,6.628388582626268,3
68,7.761228768767385,6.927328013096266,4.489137496374989,4.601992531841025,1.6339777063177077,3
77,9.78278904509287,9.947243429265036,6.8618096041459715,7.598533467274112,9.043019930520627,1
147,5.039725220460466,4.4349300546260615,8.878885077506514,6.088110477886875,4.542532022661524,2
108,9.248031525285194,5.089570084661411,9.320547186085282,5.807050548442215,8.78733913377836,1
45,6.901657526479581,9.442084802093685,6.775515452932593,6.419961654130169,1.4675877800155035,3
169,6.171483148995948,4.615246316806345,8.98775611985656,8.251176752896313,5.942736731306309,3
35,6.145263379412153,6.912308240000307,5.162514605652122,6.950337661017938,5.494159685695559,3
47,9.878968344175936,6.8853647898840835,4.3869015394184245,9.055469577838574,4.447368063308488,3
127,5.177872785784958,9.00345896397442,5.149617106874615,9.971966764934383,6.1653184255908435,2
119,8.834670559384456,9.284712643895762,8.397715647655849,7.183877821932098,5.900525434830962,3
158,5.823378789517678,4.7392054403761135,4.708911927146373,8.608003528496418,8.8267990321812,2
63,6.739804860421499,6.74098861139767,7.809157505626466,9.26074663969564,3.8024198593570255,3
191,8.603057873628071,6.5247295688541715,8.003992620847068,7.636305510579971,1.9879099151691828,3
179,9.187741239673478,6.953866303901876,8.347190405448721,9.768283815676764,7.0418476807705455,1
159,7.445188753749811,8.586200331450238,6.019955054069092,9.187032286900685,4.594757660396268,3
32,7.849163171698539,8.41468578401209,9.815646860666664,4.305484723350702,1.4036341567252992,3
25,7.093797258853025,6.9309505274291165,9.800636366987023,7.985847167957159,1.863458723378105,3
140,6.712984950098588,4.2248430012591305,5.748786529999973,9.173299375964078,5.655382304205439,3
136,8.828113911666295,6.409752360015297,7.646533965664882,6.661571216473037,1.3771693535683056,3
143,5.546573580430751,7.6031356775710925,9.954587409307717,9.045725886909903,1.1500006640282368,2
125,9.543480814954474,7.071744743058668,9.914643087533276,5.034134082955292,6.1447803621995485,3
158,5.823378789517678,5.993854948462328,4.171942989673361,7.036774272948943,3.0053296582903375,2
176,9.906808108199499,4.509939554928195,4.159447464842616,7.723308534634406,4.263039119886926,3
105,9.303903516638126,7.252756589348193,9.749177875428998,7.791739391802466,3.489833372632223,3
113,8.015168388769721,8.789924046777315,7.686607694971687,6.56147573500585,1.6502728750725866,3
41,6.593123668910263,5.7803255895640815,9.88285470557501,6.870660744993095,3.2520474303726226,3
130,8.74937705872006,6.687659933240129,5.697844639618111,7.197432604406556,2.3642663443568854,3
77,9.78278904509287,6.425185615337308,5.464295884052208,6.6975309300105526,1.765972140864367,3
86,5.510435263150245,7.442685937453275,5.259487528553471,8.449256029612918,7.968862090887873,2
12,7.189200037734564,9.617164882977669,8.638066048391224,5.912507571666,7.062943151227339,3
51,6.075566518616974,8.944830691051996,6.956327887562237,7.613727259409826,1.4591328764300284,3
137,8.07597658827894,4.964409647251319,8.496770889857219,8.456316957846145,4.115986034938823,3
64,9.380453631149415,6.317785572311181,9.287414055926632,4.703350085184015,9.574868527340946,1
57,9.958096763230438,7.470966386818865,4.92960542202038,9.21232253573109,9.299688297929361,1
88,8.86994828308831,7.890322934171969,5.5967454603045645,8.37815862771005,6.900791747621452,3
102,6.332967430899628,8.531230283945312,8.716604050357166,4.263610397460715,4.65138317957709,3
169,6.171483148995948,5.882557035868423,6.267039360750166,5.396475688176869,2.1166973082363727,3
47,9.878968344175936,5.798584764286053,5.334291603389626,6.359915638709326,6.668487495995493,3
141,8.441806201837279,8.13003879952809,8.902299811817244,5.066995149889723,8.773965867016663,1
160,5.56879781308632,7.429222753060345,4.9001557978450005,7.401370027891268,1.9719423301425545,2
128,8.0024055865564,4.128339600961617,6.600509160270512,8.918545018286238,5.992290306731014,3
165,6.080839371421514,8.153495399726205,7.404439824400409,5.698859720432542,8.22681479484056,3
14,6.267339382876608,8.358646239743951,9.927664959209704,9.170146843662957,1.0978267547856273,3
165,6.080839371421514,4.938817211126825,4.587461392945111,6.221046688180082,3.408236607121677,3
147,5.039725220460466,8.803335718090041,5.130379406471533,4.272805568651937,2.4534296806639357,2
181,8.743465292321964,5.978284031216242,9.539928476250697,7.724616413231111,4.521163222818069,3
34,7.015412542591401,8.190253521614178,8.142911072049506,9.745205048456748,7.765707574410043,3
35,6.145263379412153,5.188075979214834,4.686640866971768,7.90633833471475,7.54364182905979,3
138,8.129410475725908,5.766510002720168,5.510548645096608,6.427339169238998,5.260029060222085,3
29,6.72431919506665,8.704695044205534,5.903538958423757,9.19192008191869,1.6482104452369093,3
199,6.498710438386006,8.854453391421428,7.199576479778007,4.39504204314369,2.296420897603997,3
148,8.885898188246172,9.805822848686992,5.991633666608072,7.559570528120587,1.4342429298638026,3
33,7.4399086081626296,9.178187103386248,9.151058636575826,9.295517608320072,7.686819744060734,3
142,8.979435422303828,9.106289504234656,9.47790389831134,9.319812754312672,9.704044583209921,1
81,7.123155729785311,6.21424326535285,9.15373724174842,8.248923539332974,2.84871273686291,3
144,7.071004501426242,5.224609317960076,8.911381430452064,5.686401259580693,2.4959082163321744,3
125,9.543480814954474,6.195400580083348,7.804200524170988,8.44478187788167,6.024381725978984,3
147,5.039725220460466,5.422392980350165,7.649344115573545,8.42994140624425,7.792872801539766,2
123,5.676735244257358,7.057970601816505,9.99071327099944,5.367029407536913,4.150198387056829,2
8,7.185195757873304,7.724575170632804,9.343963969328623,9.026146534567134,7.4281058007291305,3
139,9.379500562747698,6.585765620687541,9.367291239199602,4.181863388809475,5.1080387437005665,3
153,9.39540707068661,7.154719797250018,4.831495331913714,7.58865607762146,3.9291102812729166,3
78,5.268288235252928,7.27043463078479,8.944852328795303,8.245236825217614,2.147892159933786,2
100,5.691655429584434,8.175141807855683,8.829073322428995,6.587160034544569,8.865414832342115,2
36,7.134912483591247,9.782670403576798,6.766730675126015,8.358426114148639,9.41020181071678,3
163,9.06322875008069,8.31423903794659,6.317492447245543,6.580241404287794,4.481461792539192,3
14,6.267339382876608,4.108293931121586,6.106091184616505,4.167718073046977,2.785210426036924,3
7,9.300487360221428,6.46043410896174,7.117888824669461,9.856715360259319,9.262892871612985,1
43,5.460138456422569,6.33537462728778,7.978608305520402,4.8193535729948715,3.336377653926119,2
112,7.937974381112131,9.219056528847792,9.317355873105553,7.164847146980789,1.2103452822259737,3
178,5.178847649741599,6.572450126980538,9.115768578233332,5.603514224222559,5.485260955889113,2
127,5.177872785784958,9.766478814602443,5.343706251284262,6.697115208497005,8.151681972749827,2
141,8.441806201837279,9.244194616887224,9.775310765567603,6.143256063785516,2.083055835634316,3
163,9.06322875008069,8.560176752794096,7.419603516403375,7.651242173155721,9.645921796525666,1
148,8.885898188246172,7.526509017217248,9.75008651782176,5.251626928878269,6.091919791918709,3
34,7.015412542591401,9.278667996985167,8.818078385905341,5.831888329023261,2.415922204692224,3
133,6.258708798275734,6.907561657416341,5.977234798339598,5.372091783648557,6.9574889583902255,3
188,6.121514538029192,8.662987347295461,8.541305967021419,9.601847502388111,5.918977234285979,3
120,7.820647147057283,7.952530008644153,6.795283234033876,9.388751270006342,5.721759549800399,3
44,6.212218539862171,4.032037603421475,5.952151180896239,8.558915103472648,1.0291878551358722,3
149,7.386394802942442,5.547151157308502,7.005252161239753,4.211144979802157,1.248959004722285,3
166,8.92213468805078,7.34888532311772,7.92724380132984,5.9077572161435885,6.0263550436852045,3
60,9.094134577575858,5.407893042747433,4.870596886578528,6.368475260632357,6.800919015645083,3
14,6.267339382876608,6.034918362431007,6.679549392367298,9.922722787074058,8.159331256312772,3
192,6.529563339715336,6.711864321859511,8.934476142292096,8.5966955917267,4.019010800450111,3
167,8.73051685297563,8.046556546824384,8.55019642347244,6.492427942052684,8.720186543106497,1
135,6.366789658217469,4.289406476272796,5.609981390791999,4.098414949293389,7.635826924434873,3
16,9.356087116026146,5.224554372370542,5.252519398403848,7.289855369370249,6.718726646494693,3
122,7.2602941274075325,4.148942426570373,8.843118953603636,5.78972751212206,8.65512788920908,3
15,6.841760984788225,9.328286625298484,9.635345671677367,9.791234680676364,3.609320335630118,3
40,5.825629158595894,8.518425344745598,6.686734768561292,5.426490591351324,5.288184903259021,2
120,7.820647147057283,8.226115085001858,9.885387057968128,4.447841797193316,6.750172696404288,3
153,9.39540707068661,6.478290556556777,5.554766032738069,4.465347958695844,3.4423526958454,3
108,9.248031525285194,8.65870062511722,5.533343554337493,8.200687546878141,3.872260659774371,3
2,6.260302695003954,6.44960907793598,8.138930401161204,8.388598709043707,6.895896065292095,3
48,8.688393709843488,7.326706954050037,7.235232449051948,8.917154034468231,8.195263099877069,1
15,6.841760984788225,7.727902414526949,7.329032665020133,8.326730105631928,3.1007864537459384,3
42,7.5374678789965,6.4488443262758,9.334578994806634,4.661943219666422,4.45396446203917,3
72,9.421023382389151,4.645674470257288,7.712730686117419,8.70606612906849,8.337480086707405,1
130,8.74937705872006,6.055484786592222,8.935540447270105,6.431630175920684,6.7779757663868985,3
158,5.823378789517678,7.435534703464778,5.334640970811019,4.6714827818520686,2.887854248208485,2
163,9.06322875008069,5.503982078464242,7.441163920784657,5.926897609967773,2.855788378190341,3
24,7.154055531664056,4.9466813029346035,6.020286630000074,7.893080462669262,2.5468736572354573,3
112,7.937974381112131,8.225488323042836,9.189543142373564,4.931684852708421,7.874329421690857,3
43,5.460138456422569,8.144117353086386,5.742617362204464,7.77037551344669,6.235262830232601,2
127,5.177872785784958,4.740216528008374,5.186345636272716,8.525220289241151,5.01051461298426,2
129,6.670095323391459,8.653894411131944,9.10844181304843,8.856386932010626,4.461836886831563,3
105,9.303903516638126,5.976023008292923,9.957093571634417,9.069497180899505,9.667491034452773,1
33,7.4399086081626296,4.693587132582434,9.296378265543098,9.367102737975003,7.448494608669491,3
28,6.362776698210371,7.26062619210538,5.243454911217268,7.4253795447494255,9.440589909216369,3
141,8.441806201837279,6.208635281357391,6.721235338786959,6.594825975819383,2.149269894314549,3
133,6.258708798275734,4.423449670184892,8.374617215125033,4.680637804358902,8.761503694067446,3
188,6.121514538029192,7.881714671262046,4.19358749637173,8.47102482749137,3.4168557341340655,3
63,6.739804860421499,5.119656780889611,5.0872677931361014,6.478467440898115,2.128271624524949,3
158,5.823378789517678,8.162716881116255,5.1337823180482385,5.3550295699589245,3.348550002660422,2
94,7.41889509745395,9.837273774404313,4.000262156516749,9.48142398018719,6.4020491726378355,3
29,6.72431919506665,9.538601647213303,7.5468878096142475,4.719425289233625,2.5159699880549553,3
99,5.518103919721187,4.813059854235769,7.995561438169172,8.468819845892568,6.802713076634928,2
120,7.820647147057283,4.836081734040325,9.097048678064285,6.566346120631302,7.833778344562793,3
171,7.179313818651128,4.490806564403394,7.664627777931077,9.290591801342346,4.546582741010559,3
36,7.134912483591247,6.104026610766172,8.03071130974963,4.261267688141381,2.427484095660349,3
48,8.688393709843488,5.5494726895307736,7.677063676468615,4.735797297756761,8.611121349909485,1
198,6.1432464377325555,8.274652903984933,5.993556074918502,7.60145716655566,6.8046468681936325,3
12,7.189200037734564,6.560542664103779,9.449481271843958,9.633489487186594,2.9466280348694327,3
141,8.441806201837279,8.711002769599364,9.277680271331386,6.363551198705704,1.8972676086058382,3
2,6.260302695003954,4.223277039233141,4.981142701442261,9.859517564051371,3.801889566313881,3
5,9.96055862054601,4.447044207324803,4.551623367484275,8.35369753230606,6.603804303156714,3
191,8.603057873628071,6.88869230271642,6.421693550775224,8.436185992427555,5.076324118778051,3
183,8.728111041466894,6.699956006091165,9.914958741856582,5.715497364219487,1.5352392914752984,3
153,9.39540707068661,6.909722180085088,9.210205954979394,7.143720996785936,2.232662653268206,3
24,7.154055531664056,9.519467584823222,8.56131711332665,9.870380573365392,9.113987373888865,3
26,7.176743863352343,9.393055718629606,8.949163909018885,9.785935793830552,1.43026497400739,3
53,9.687633306363871,8.890700690243062,7.597145998819564,4.075991025177262,5.269663401085967,3
103,7.065037509667446,4.557756711780281,9.134997421557244,9.019372146667624,5.026738837861908,3
135,6.366789658217469,9.174059089384993,4.258280920084864,5.253241862289885,1.3873165957272349,3
170,9.289793523879457,7.168837772334245,7.239398636774094,6.605217775994976,8.924578098530976,1
0,9.777418344772451,7.194281592162325,9.897973659894351,8.37503686072321,9.045262159355417,1
49,5.358528420763136,7.764404454045614,7.885287327488289,7.2784056476179995,8.368813803456892,2
98,7.596557017299794,4.683884913320212,4.520574004853909,7.457447494053198,7.012763691911622,3
156,7.208806355264789,8.81533913045907,9.715116931069094,4.6588871648715715,4.1165769459316595,3
145,6.652801108216075,5.983397526690059,7.13907439362149,9.755720708730099,8.953323591359206,3
22,7.577113673932021,4.204083804649169,6.884945847229494,6.357815300593234,8.90505940529458,3
47,9.878968344175936,5.092895124698529,4.325055386281097,9.787383837260467,7.270578841493062,1
129,6.670095323391459,8.88888279764025,9.637145226568897,6.436885761650442,5.158210598651166,3
160,5.56879781308632,6.607063054577886,9.463984941030958,9.153542997423559,1.0882806756162489,2
68,7.761228768767385,9.932601208123536,7.438291988475475,9.826434535480843,8.494843893112527,3
61,7.812851367460954,9.328687567747508,4.755085609485604,4.179803942873608,2.2435371031514153,3
120,7.820647147057283,7.172028064935608,6.33459038074764,7.439913208182475,6.860985882402598,3
112,7.937974381112131,5.060736513556305,4.104721350286586,5.303859802782526,6.788798245522718,3
38,6.657864670871041,8.45501852400745,9.771859184497636,6.313914776181593,3.7184873009868156,3
109,6.3894818449493265,7.458921515444857,4.67217613616245,9.045842911069295,3.358222965171376,3
132,5.387755553572226,8.935544258426196,6.002625467426801,7.9219904914225365,4.109519210658804,2
164,7.138099984312166,4.628538059089086,7.576242340835925,6.466958654931784,8.009078347002063,3
78,5.268288235252928,7.117816145449962,7.049489396570469,8.602695623218924,9.576055422478909,2
55,6.930256875651047,5.770997010080477,6.5164471828028265,7.0301137589237594,4.064316398000632,3
104,5.157925810344389,5.787470625647648,5.388426435814173,6.099636971637124,7.412142588613795,2
161,5.8244389685826174,4.500280606556257,8.78367993044009,8.248027182538557,5.423614947768165,2
43,5.460138456422569,4.997540964697814,4.733363890167565,7.054933791972697,3.922692915843827,2
31,7.1275822944366976,4.353759404733688,6.548172578608081,9.989308685162088,3.2729667862824146,3
24,7.154055531664056,7.25829137275719,8.164427751715849,9.529923985931882,5.935728859587158,3
108,9.248031525285194,6.860413262628246,7.005791439849514,8.739580664483896,6.129345747176597,3
177,9.97189359234124,7.759465774602425,4.419974292174852,8.837087649707344,2.447720759109644,3
50,8.513075817465358,9.73886029722333,5.464371551949533,5.909692211270576,9.952746624172654,1
35,6.145263379412153,7.662798306475461,8.333427585895201,6.1951031265781165,7.879772637737534,3
82,9.068979548457182,4.797439242708356,6.189693604047279,5.679940839780331,6.861484524493317,3
66,7.654792772104553,9.413631094466611,7.146116239137531,8.396599411676885,5.0246818701057006,3
182,7.199720940427317,4.213629561198283,4.3560885340698,4.210033480522576,1.501459794481088,3
45,6.901657526479581,5.930144339164966,8.401405331953523,4.763535909787998,1.2285184297429,3
196,8.553534508523576,7.886462189649282,6.759689540685657,9.34298054472561,9.556653138598325,1
27,7.858317981207033,7.123967050126348,8.006008410640522,6.68366841398973,3.6005965892899763,3
2,6.260302695003954,4.111551960196001,8.11780413440811,8.398691355695128,7.546119453300561,3
85,6.074060506057028,5.08568652041026,5.563062294682266,4.034644831618243,5.004603949208968,3
92,6.775179108822218,4.877076422237459,6.856863720228307,7.490898079591734,1.2977244983551275,3
18,6.424184245198106,7.780888862519081,9.3318048755958,9.31280885842073,4.55773041659559,3
72,9.421023382389151,8.305203653084138,6.62192946179573,6.833087870517869,9.652985338303285,1
152,7.998022693211064,6.8812328270199465,8.855683570492673,6.245541884595127,7.924337055409684,3
103,7.065037509667446,6.869512719374965,9.469822545408466,6.809760925017983,3.0496302383824263,3
117,9.130128381110506,6.44732829000218,8.11059017766174,6.110572628173337,7.1932813954952035,1
45,6.901657526479581,9.462586341437202,4.808986880413931,7.673460231822794,6.797450751739571,3
125,9.543480814954474,6.919004346096611,9.898529652607985,7.017236542242595,3.975497531561981,3
171,7.179313818651128,9.428038399079337,7.121605181297648,4.830833864432707,5.849238227532139,3
108,9.248031525285194,8.464588671205757,4.431236356807569,7.342614514489824,8.273810158086103,1
33,7.4399086081626296,7.008039418798259,7.392194592269323,9.02422776480417,8.977972307107102,3
119,8.834670559384456,4.222745249118493,7.796387156913266,6.3789892256293665,5.871329563095185,3
153,9.39540707068661,7.47982281838347,7.367063306481433,7.147160980582104,1.75271610493582,3
79,9.20592812448436,8.007550482256505,5.502268203868677,8.660235060662101,2.7370789578613177,3
30,7.199787423195821,5.435046918307593,6.53143829552443,6.136926629505995,7.3011214232230035,3
12,7.189200037734564,4.08803678478902,4.969743791178135,5.732503423918796,3.7647263834670457,3
101,8.400102079500225,7.548736510040967,9.490834209717303,8.948648297120085,1.824410424675591,3
150,6.371730926310616,7.25077755613837,8.450341320760524,9.953333984625804,8.907155403298184,3
13,6.185702896409321,4.101833961103511,7.379257330145951,8.434072914914092,7.7712162853677835,3
158,5.823378789517678,4.597599915107777,4.856868170958771,7.741112788096366,1.9736129669659703,2
125,9.543480814954474,9.542006065715757,8.839641986105196,4.647984095414518,5.446597269050779,3
177,9.97189359234124,9.737602067587822,4.969162846244768,9.37666220134244,5.037056442191018,3
131,6.783551822346323,9.860608604600952,9.179439660340286,9.343461029031424,6.93077897574217,3
52,6.177960939668009,7.400235684594989,9.289198465282698,8.586192757733924,6.592088492174724,3
150,6.371730926310616,9.070233988467052,4.600603068195952,9.041980053039268,5.565523358050883,3
122,7.2602941274075325,7.885353418192893,8.733448899930272,5.983941852994249,4.984409979434021,3
141,8.441806201837279,8.372310007286973,4.10382608137205,6.620449784308544,8.578241315283298,1
44,6.212218539862171,6.954954818681977,4.978950779843379,6.141311727028588,6.192354977536908,3
170,9.289793523879457,6.674131606677545,5.787704274501701,5.294230290089635,9.615450480656724,1
3,7.443652740400783,6.63634143557945,5.995511504387075,6.082208901182765,7.564202015444432,3
6,5.971433384032893,7.016361166239871,6.007672419684376,8.917851518194219,3.34331519618401,2
153,9.39540707068661,9.212099059198188,4.593250012502864,7.503308011999921,4.828586640754157,3
81,7.123155729785311,9.081265445618193,4.097962957274666,9.668916135308603,9.495129184315338,3
150,6.371730926310616,7.273821713999169,8.42058309467377,6.490565916522121,8.092520867230114,3
153,9.39540707068661,4.654786983116956,4.910270782003396,7.049802895799861,1.9031600571034775,3
14,6.267339382876608,9.544325453954466,7.869693655108147,4.170019501248234,5.003317491418195,3
82,9.068979548457182,4.8382501241724665,8.425584354910967,7.378374171823369,3.1962489811021833,3
32,7.849163171698539,7.722936915153698,7.181525380921757,6.219646150727546,4.365723080995629,3
7,9.300487360221428,4.515033967892582,9.476233304000484,4.884483605457869,9.616071544313359,1
117,9.130128381110506,7.5432120837574805,7.3526867392919435,5.261047244276542,8.830886325266299,1
103,7.065037509667446,6.062490374869419,9.79513581145914,7.454305102350252,1.2866823977786872,3
52,6.177960939668009,4.019917209198338,8.839024857169665,4.979404699721646,5.866978092509759,3
106,5.762137971030755,6.393289324663442,7.561155484516808,7.553883156861145,5.138815871483103,2
172,8.997647919627553,6.898088984566247,4.18842112153992,5.257121118379373,4.576986830649295,3
74,8.652845972151221,8.687602674762323,4.056677616572938,4.179237349459255,3.6190379620413475,3
135,6.366789658217469,6.609319012529267,6.485581290900442,8.622829144021665,5.96888988546161,3
33,7.4399086081626296,8.925491321611362,8.379133012461889,5.273304295489826,4.774393406637172,3
73,8.637668421468131,7.173125790918766,5.184791232605328,7.800938082836248,6.620780688715866,3
184,9.245828025808322,7.944431333944561,9.700210900448479,5.136559288901173,4.203630214058851,3
196,8.553534508523576,9.450626538732932,6.5568987372287495,8.29402467748392,4.516774285577988,3
166,8.92213468805078,9.285288564911351,7.880683239185177,4.6572713217398265,4.471926204354606,3
36,7.134912483591247,5.329191454740034,9.180245591082247,4.844990861240481,5.019790374415356,3
111,9.80562012247282,5.753752076930269,6.572210911435886,5.16001594449212,4.592536506866539,3
72,9.421023382389151,9.875512164124926,9.254654340130653,5.713775980696209,8.091235417194294,1
46,7.092361093851638,9.37761312719956,8.015376610119393,9.370753348213784,8.257145648787844,3
117,9.130128381110506,4.257259576920013,9.164138130706252,6.876245556103835,9.979316261209286,1
119,8.834670559384456,5.017692661563167,6.527934822701498,8.231471452197564,1.3098307941196534,3
138,8.129410475725908,8.729131200710714,8.690651505091845,4.31034684622254,7.060202941230798,1
55,6.930256875651047,5.3415019214021155,4.683133618633699,5.518899087972667,3.3785270787999426,3
122,7.2602941274075325,4.41632171445115,4.387421567114086,4.833535016153329,7.882754921629347,3
157,7.521769802984347,9.36079528999105,9.076567331815873,5.421447274622631,1.583720410405109,3
25,7.093797258853025,5.634804422106815,5.089526083675604,6.649791645324626,8.559567195170056,3
43,5.460138456422569,9.486443726063756,4.177303707610838,6.756535162545475,4.5434754349798405,2
141,8.441806201837279,8.545691207413725,9.046627529940888,7.80873302504878,6.967670703392097,3
7,9.300487360221428,8.995204356363931,4.085823779623101,9.244029134503679,2.6016933282006907,3
148,8.885898188246172,7.61944217624564,9.339961888121977,8.127998718728133,6.739049274293499,3
109,6.3894818449493265,9.62266076580252,5.370693424828861,4.723894565405029,8.820579609102225,3
77,9.78278904509287,9.266866303607534,6.538959945999846,9.773642198092837,5.0035971842267575,3
141,8.441806201837279,5.4938840426153615,7.169830363850291,7.041085981053072,2.360331464874348,3
3,7.443652740400783,8.830721611012827,9.987769312896052,7.134278182980005,5.410216639247133,3
69,8.717191579518087,5.362665069768713,4.259857751800784,4.2703082071240965,7.342055580067493,1
136,8.828113911666295,7.541420335683554,5.45535470358362,5.224066613063496,7.657794698920041,1
176,9.906808108199499,7.37465917711726,9.222800082683893,9.45398788154253,1.2681409829172505,3
31,7.1275822944366976,7.212483615904651,7.604326258192273,8.752110368310017,4.560631297766607,3
41,6.593123668910263,5.510460706605325,6.72274485565617,6.2213006941777715,7.750138315285282,3
22,7.577113673932021,6.282830775115355,6.475870686729907,4.147703799198219,2.2108700169132556,3
14,6.267339382876608,5.471827368489996,4.025620438074772,4.254021272669708,3.285607130647377,3
66,7.654792772104553,9.990058651092546,5.144259569178933,4.349641581950957,4.9752848740212094,3
27,7.858317981207033,7.997828003008919,5.913585586855424,5.952104671592543,5.497632646078779,3
82,9.068979548457182,7.823957984040242,8.468562828523261,9.796579333388369,1.6333539986043393,3
17,7.405691900791038,6.983136649145004,8.352021418453067,5.442712585787146,1.942104077869511,3
112,7.937974381112131,6.751208561623879,7.624816183369883,7.966373626131816,6.612900136193043,3
169,6.171483148995948,5.195420541492913,4.621925485228907,8.641775616927227,6.956699867585994,3
146,6.174235528111458,7.520518592734991,6.965677618073699,5.232935475703856,1.320506015915698,3
176,9.906808108199499,9.243660677049824,8.173597734930818,9.729710583916681,3.9233658556812276,3
168,7.510111025824367,6.500233907639906,9.794068107720578,9.285469388276299,2.688951404693882,3
118,6.375157363911033,6.616781267003587,6.247200738393453,7.346760621499779,3.1875304551221673,3
135,6.366789658217469,5.189717488156704,9.666103374439832,9.949407095723355,3.932592883188601,3
126,7.045080348424406,4.990813435835177,8.06049233764375,4.560098244061516,3.0180581668840674,3
96,5.754875822168611,5.743387144136377,6.754757098053051,4.402276371156741,4.712868190335376,2
71,6.65115017753236,6.826800692077972,6.603937217996966,5.922967472379797,6.140866354891542,3
182,7.199720940427317,8.800607103871078,4.222883316018157,9.395313020859172,7.744082578945844,3
195,8.431709261639735,6.5493073270719435,7.066283368492921,5.013000129754066,4.03193626839704,3
113,8.015168388769721,4.68230463327954,8.235146938001217,6.974823299582432,5.049121326837846,3
62,7.781935256474705,4.246812458273649,8.628284999184597,7.999635123862191,5.926246330747015,3
150,6.371730926310616,4.382546588893412,9.96796608505315,7.398308278553815,9.164073168059227,3
54,6.513098283378771,6.75611445884789,5.395677865589512,5.341032938526642,7.482686111178041,3
125,9.543480814954474,7.474993014208584,6.293138716290331,4.587034841814761,9.82713713472562,1
23,7.698928079306608,8.568992333071861,6.344582907479523,6.913513901642903,4.90015284234813,3
17,7.405691900791038,6.740104752776624,4.12064277563546,6.769014143548024,5.129007227834469,3
13,6.185702896409321,9.779758225051767,5.443388843005964,7.959629461282156,7.569146749086079,3
154,5.548659557849839,6.506238733084136,9.571883427827073,7.792713153657934,4.647833580383907,2
65,8.044078742561966,4.732235071954516,7.236978324218027,9.626309065073913,6.280702840186574,3
47,9.878968344175936,5.156400368453428,8.51686890030718,5.552643534429741,5.988605476039639,3
26,7.176743863352343,8.970308225210337,6.440999893712298,7.740667164570299,7.9958667154248655,3
48,8.688393709843488,8.275117105857255,9.933685298009197,4.235434774231013,7.063230990650488,1
47,9.878968344175936,8.286497134312512,5.344035939457935,6.677048702267045,6.446794745884882,3
113,8.015168388769721,8.973918897748586,6.533251389203764,5.848613430842132,4.702206580020038,3
196,8.553534508523576,8.193270333181355,4.308628865250617,8.495222147575,9.855372849205486,1
6,5.971433384032893,7.201866386542067,7.24277373073231,9.173108634765452,9.398210906168869,2
5,9.96055862054601,6.736011726745317,7.934075181700777,8.411940688820764,4.772165929980263,3
36,7.134912483591247,9.677609767452623,7.893351593603304,8.495119001421948,8.406256187680858,3
166,8.92213468805078,4.048972698799896,5.747489558771405,7.250356995928611,9.765951571844681,1
185,6.458346353748869,9.480249508047173,7.891049460179499,8.581864183343281,7.832092824314653,3
36,7.134912483591247,7.8454957926338516,7.593818969923758,4.993083988071165,5.4493054575677125,3
160,5.56879781308632,4.397251427925728,8.910617847970066,9.524180609101325,9.022334384001127,2
42,7.5374678789965,6.569225640249865,8.382894231681043,9.027220005512358,4.722015218472197,3
133,6.258708798275734,9.09893608891915,6.884221664450507,4.952877967797592,2.1227497488559606,3
93,7.405793470280351,8.717719215642061,9.575440437807666,8.067713380389375,6.692383377293264,3
56,5.878938747012993,6.635267712128034,8.216950384558515,5.167121723072564,8.938958960228518,2
99,5.518103919721187,6.863458034016508,7.807349230909185,7.02352566462744,3.4548746084265938,2
14,6.267339382876608,6.730225510345509,7.806266435523085,7.330136845341301,9.435596106443935,3
198,6.1432464377325555,5.304316302104221,5.914035090612539,5.6028269553048675,2.7261327229626695,3
145,6.652801108216075,5.353462350157235,5.255276010460397,6.27208139772037,1.502742097381272,3
129,6.670095323391459,9.894369735795154,9.90239046683243,9.859834252551877,2.2010840768458655,3
88,8.86994828308831,5.593001614611735,7.325207580754803,4.291520338567533,3.276669387604035,3
139,9.379500562747698,5.285252004732937,4.216540945247286,7.488755962466739,3.191500135444685,3
120,7.820647147057283,6.612847310967265,5.289204731862202,8.353361372497849,4.838504861570671,3
13,6.185702896409321,4.348841123600193,5.235790949912319,7.542502725340274,6.616693907168442,3
51,6.075566518616974,4.592011705441504,9.09009748589207,8.195467156135395,5.345115674785421,3
84,9.461275981281013,7.023008927105907,5.916537039545586,9.828537532998059,6.988560057922861,3
29,6.72431919506665,4.9274037207317205,4.4113813305593474,9.353461163899926,8.375722624165824,3
197,5.065045004526871,5.50497511524479,6.210646689573464,6.253285265829817,7.480059762232516,2
162,8.77868034013279,9.003269854881532,4.894789559929528,7.965984601316951,6.4266030802573155,3
52,6.177960939668009,9.21825508837453,5.485329573698848,4.206513491315684,4.160495460806788,3
170,9.289793523879457,7.138901489865907,6.633069211587495,9.386367743160804,8.588305190605144,1
8,7.185195757873304,8.451551840427573,5.866113602578395,7.298026213901391,3.844380706894566,3
162,8.77868034013279,4.522531839376992,5.276288270226793,8.788095927639135,6.677531901147662,3
150,6.371730926310616,4.7129649939198845,4.515681224813489,5.719240237979544,5.763188668163549,3
170,9.289793523879457,5.1141071645544205,7.704888309444972,7.914010727089229,7.973697738741118,1
107,8.745456481713365,7.718421525925488,4.188915301353342,8.163920264461229,2.226429148937128,3
6,5.971433384032893,4.943846387030355,6.979801983463978,4.755140743551938,9.541761764285601,2
130,8.74937705872006,4.693010127859196,9.248468031157941,8.220162410157576,7.997888838516146,1
7,9.300487360221428,7.341536389482512,6.048987931138864,7.497427593021131,5.492719341653494,3
177,9.97189359234124,4.532347103431458,6.559836072186181,8.970197052086586,4.855616180137579,3
43,5.460138456422569,7.826712899717715,6.018759938128671,8.075070796056034,6.4856194253875765,2
78,5.268288235252928,4.047541952473363,6.320021219128621,5.357710905854591,5.188341122564129,2
126,7.045080348424406,6.714609060993611,4.7051061638308775,6.815144048832664,9.40925189118557,3
77,9.78278904509287,8.326424538085572,4.570467324251724,8.733015064029717,6.11597627626819,3
47,9.878968344175936,6.1401473510122235,5.641434441888686,9.840994823413826,8.281974554801502,1
142,8.979435422303828,6.11329675258354,5.032236683286798,5.969551556345705,7.665384002645226,1
72,9.421023382389151,7.357645938671872,7.428821041010711,6.523078876904314,6.7854276112369805,3
118,6.375157363911033,6.378804871512278,7.349855816414683,7.324713612099292,6.711698365320444,3
107,8.745456481713365,6.7462863093781715,7.958031247265197,4.49669576355056,2.2069317769222025,3
101,8.400102079500225,5.918203188759233,8.056107224816282,5.050387971348853,5.062609474363587,3
99,5.518103919721187,8.1276679020782,7.174313218530274,9.202503618899666,8.237842385611078,2
69,8.717191579518087,9.834691954873511,6.026609074515186,9.236325821718738,1.4825083018371372,3
122,7.2602941274075325,4.97885390227752,8.784292534130762,7.412435026939296,1.7840954680696268,3
82,9.068979548457182,7.499755843919851,4.228436404987402,4.862767675280792,8.973814030217689,1
41,6.593123668910263,4.269198987944181,6.508588711545809,4.4490945047626065,7.195753149206608,3
173,5.163026931482154,4.24667857538702,5.450437073535563,9.951949790713455,4.412606116110382,2
28,6.362776698210371,8.220438382109803,5.640954952184872,5.169514006191149,1.5196089750551707,3
36,7.134912483591247,8.833547217817348,6.228668659615076,8.809887168945295,1.5274838100327148,3
186,5.061365127664093,6.032374420983621,9.49875851144676,6.419009437799173,3.818417662694104,2
189,6.171206606958627,6.113176683706856,5.258387553637527,4.6957827680699165,8.378449126701716,3
128,8.0024055865564,8.366852105813441,9.545407966660877,7.498580869862063,2.7565239208184176,3
119,8.834670559384456,7.745687492289284,6.4461371134465555,4.762382319526057,9.377157561520047,1
136,8.828113911666295,5.068015263050894,6.133213141901036,8.208869090975028,8.318033539043174,1
118,6.375157363911033,6.072742459447445,8.727371600407093,9.486838161649285,8.54303225567622,3
60,9.094134577575858,7.222715981710598,5.743637966632138,9.76556262099136,7.473788847127476,1
65,8.044078742561966,4.135614634368743,5.792324918721838,4.2630159148513975,5.250998251325837,3
59,9.719435463797158,4.206425993879911,4.60831913041844,6.014947184220041,7.67356348357586,1
146,6.174235528111458,9.54597822795184,7.815096020912664,4.229661210496861,9.63107447964857,3
159,7.445188753749811,5.290707744415517,9.642536838549137,4.939938546869559,5.3689871664048425,3
102,6.332967430899628,4.380558961319968,5.822533290825609,6.746248384321975,8.593081720049256,3
97,6.545569414435605,9.519102847202394,9.120547593593365,8.931307842043877,7.357691705477706,3
146,6.174235528111458,4.617364820072643,5.7986196668674665,9.168095912296824,2.627110866142283,3
117,9.130128381110506,7.961958672383353,8.433653435891923,9.491689962111113,3.2028654881820358,3
10,9.211645185032863,4.893305666332056,4.342347693047589,8.361772686121792,5.19512769620146,3
109,6.3894818449493265,5.271198018619881,7.193822042728083,9.086415765517357,2.788391470325267,3
198,6.1432464377325555,5.283633014774649,6.672034172307178,5.99545687287747,7.660701406703178,3
181,8.743465292321964,8.37598763434102,5.869517051428562,9.668097922143652,9.972402463064052,1
0,9.777418344772451,4.659892735914844,9.915780322088699,8.83266997440947,1.1157783447078788,3
9,7.705511149037614,8.160114275662352,7.11017431152067,4.811605375014163,2.196531691790193,3
42,7.5374678789965,6.363564569958737,9.792294343165183,7.3841227377198315,6.26528813081473,3
137,8.07597658827894,6.2225734904747405,7.069036726080624,9.298100732512907,9.566945845847059,1
76,8.810436270289317,8.264383247824231,6.126969142313373,4.106395615938039,9.20798984346208,1
87,5.421131620337404,9.813914867327497,7.11617559476267,7.961162171825492,3.7618208983470485,2
14,6.267339382876608,4.501452032816305,7.029442655032273,4.3704269373052185,5.5644293451171105,3
56,5.878938747012993,4.8951516630960015,6.593434350652408,5.919952897250854,4.862692699694081,2
129,6.670095323391459,8.819023540592479,8.04171289496405,5.38820103466224,3.2713064454065304,3
46,7.092361093851638,4.811767380617852,7.407922564646465,4.925300416065898,1.1704954683865485,3
120,7.820647147057283,6.846189593178378,5.724604934311937,8.288546501899294,8.657761420158273,3
116,7.027764224757414,4.838284944355942,6.473375452858176,4.743710315368407,5.831193919031379,3
10,9.211645185032863,4.9015973294579185,5.684022203763824,6.576760934778609,5.829304495354791,3
59,9.719435463797158,8.724278906580167,7.885833864345211,5.785730150940117,3.3461216166566627,3
4,7.755668506592267,4.702186786347584,6.183868892523857,4.186313099270923,5.118454168348214,3
179,9.187741239673478,6.161234372071186,4.422151211128431,9.238573994215507,4.998730839156503,3
179,9.187741239673478,9.446120444278007,7.116325468005244,8.039708055929314,2.610184818632643,3
6,5.971433384032893,4.472474194005417,8.450745792929364,4.6326530100532715,8.297020440093707,2
126,7.045080348424406,6.177336794530833,7.866490799357479,4.742063707420574,5.6419267345505455,3
191,8.603057873628071,8.58622911376705,6.602497123230891,7.712551247576613,1.678766553733587,3
120,7.820647147057283,8.194264026684607,6.629716991246094,6.146149096865765,3.322725902333208,3
113,8.015168388769721,8.796242580891537,8.276718843708789,6.211145162820694,5.17682347737673,3
77,9.78278904509287,8.804712194073122,7.935248605497685,5.725589323914297,8.816974929875254,1
142,8.979435422303828,8.778476171428814,4.050639710526102,5.3190450204297735,9.17897817999451,1
58,7.7055046755701495,9.503681683063348,4.089301996124312,7.832236553742213,7.249741466062314,3
79,9.20592812448436,8.083039634580636,8.121395160669,5.631399128007164,8.469094085213996,1
99,5.518103919721187,7.9606091693135665,9.849147687524136,8.281693673072034,2.506747347987857,2
186,5.061365127664093,6.550544142190438,5.257003678342423,5.8643542893684195,5.157538166624709,2
126,7.045080348424406,9.35700907554828,9.447792581722958,9.2117635165699,6.239296862141613,3
76,8.810436270289317,5.448894034749618,7.505913472025143,9.644220705699365,6.575294535129992,3
114,6.668692684187668,9.037508222362534,6.391495669306212,6.878094576658796,2.3726294151632246,3
197,5.065045004526871,5.711406609445168,8.095575492546224,5.45928223102108,8.376417563431612,2
177,9.97189359234124,6.70215880617331,7.117103678399689,5.523145091845384,6.128569974778289,3
15,6.841760984788225,7.3418195618823425,7.022730032158588,8.107959533798047,8.603619071044566,3
14,6.267339382876608,4.700626322619416,4.616316056893972,8.936136453548595,5.151975266580465,3
185,6.458346353748869,8.402218354976926,9.763617694889472,9.161737592668949,7.9997065489062775,3
75,9.320207338150581,9.270971823532808,4.876616304112749,6.44260832275886,4.496061732137312,3
37,7.819731068380294,8.751229344830993,8.464934943551512,5.642467043431971,5.398410234722354,3
164,7.138099984312166,9.870595388408077,5.805216729419673,8.33406612088194,3.465822553285644,3
172,8.997647919627553,7.647281132546249,6.545378035983986,4.613771397697005,9.987039563303671,1
99,5.518103919721187,4.477600480998129,9.660619400770404,6.976144218712201,1.7681693517789627,2
163,9.06322875008069,4.303158537716671,9.156756855560978,4.699526865961541,6.116241978487289,3
165,6.080839371421514,9.65281186381842,5.2058793660059735,8.083081644957284,1.0556271098338974,3
111,9.80562012247282,7.705788557623304,7.075729767653251,6.90729093769383,9.896243144354317,1
62,7.781935256474705,8.532546543683882,9.09210099638436,9.235279165313102,7.069921982161276,3
146,6.174235528111458,9.082419112601023,8.280863919471292,5.6740657463486395,5.310696069465802,3
155,9.96211257861654,7.753870747603203,7.077204019213598,6.2497591838711255,3.1319728472379116,3
19,8.595347545871899,5.503014003662922,7.270040859657485,9.471213485479723,3.847560047539735,3
71,6.65115017753236,6.324510302594581,5.283497677875722,9.118269704164511,1.4929906119065168,3
90,7.5092955979848846,4.535852486525344,9.227285421335587,9.390190696246854,8.564727549652606,3
106,5.762137971030755,7.872069304353146,9.154718168749849,7.160488520969247,9.280218909584075,2
181,8.743465292321964,4.128254634073237,7.416012623070195,9.627514056661791,6.978176335626058,3
82,9.068979548457182,7.5429590146229595,9.941171559078933,8.223927496184054,4.153661037836503,3
67,8.837230164604852,9.411805054304878,7.639098081855918,4.230213385030312,6.969862923578974,3
81,7.123155729785311,7.7541623172135,5.263971880366129,9.790533112286182,6.261136096166287,3
130,8.74937705872006,4.305793090596102,8.908211335195467,6.998282338076047,6.440507315226328,3
99,5.518103919721187,5.120033154851552,8.060119355815445,9.759120720512655,2.3675064638895735,2
36,7.134912483591247,4.647063488492073,8.766782744586756,9.982753909590661,3.7100588621158783,3
74,8.652845972151221,6.6268278965238485,7.961380104835776,8.101294174144863,4.018559552385113,3
148,8.885898188246172,6.498428739762974,5.711334894877959,9.433667481269326,2.4405242457798124,3
63,6.739804860421499,7.080822191920513,6.513145794302638,6.5198912911872835,2.402625805012442,3
79,9.20592812448436,8.217498970380575,6.6131851905147645,8.170710564444056,7.185900289840764,1
136,8.828113911666295,9.377536533021624,4.246192226703767,9.052341704768923,5.560822748880818,3
166,8.92213468805078,5.395042657441641,9.535539802990044,7.836063569312692,9.80830423995944,1
108,9.248031525285194,4.8478733159365,5.55491582326793,4.280441493225848,1.7268723790462266,3
4,7.755668506592267,4.916410788835824,8.183770311862771,7.221318241823842,2.6218217887748327,3
153,9.39540707068661,8.773575777639238,9.918900111095965,5.595165200989913,9.31907568480549,1
117,9.130128381110506,9.170992608126403,5.695440953232117,7.400080791075723,6.239751087431409,3
3,7.443652740400783,6.746055791246296,9.384170554147428,9.370945755215368,7.714980667037476,3
196,8.553534508523576,7.7324865946951835,4.224661272659457,4.522932991508057,8.996074572957236,1
15,6.841760984788225,8.194779839283694,7.481919131619575,9.792739680899116,6.215924872740039,3
129,6.670095323391459,5.537332363175065,6.510779529561711,7.5306843421125595,6.119857584294344,3
69,8.717191579518087,4.320945761275972,6.634824343702935,5.880791394899988,6.954033777138753,3
78,5.268288235252928,8.010776801592844,8.428028495272994,7.4479310839437805,6.006298465025262,2
108,9.248031525285194,8.693929974855,4.768540385414905,8.808132593476358,2.1413982806635654,3
117,9.130128381110506,7.239608106958802,5.464260229008615,7.540152781145098,5.136654474509634,3
174,7.931804579191857,9.044760473779732,4.066841142278246,6.511182125776729,3.9881445938782423,3
102,6.332967430899628,9.620721572040917,4.899204453040021,9.858992502559502,4.049681037849565,3
176,9.906808108199499,4.232331610874842,8.833074764795384,8.578050155240332,5.689785967096917,3
167,8.73051685297563,8.311612397562763,4.3719011063981865,4.065638233084211,8.47362567603491,1
127,5.177872785784958,6.392626799116872,9.777155840086591,9.7962346455481,1.5801093734347638,2
32,7.849163171698539,9.057054224974653,8.530339527374805,8.110207830849646,8.928288015614058,3
137,8.07597658827894,4.639007386260323,8.125342820537986,6.755137770589876,3.561054620517089,3
44,6.212218539862171,8.513132666022448,4.711385382084066,6.48653240860857,2.1487830195242537,3
81,7.123155729785311,7.639727916471415,9.451964402633102,9.099094461090358,8.410760585335286,3
74,8.652845972151221,9.932158613846735,4.151603068350257,5.430749801191045,9.645335258686522,1
27,7.858317981207033,4.231824983409442,9.998023330418032,7.644691577388279,4.4882899925989435,3
58,7.7055046755701495,8.417442102785142,8.028738654148306,6.875763014935336,7.929541131326831,3
152,7.998022693211064,4.53154065639243,5.991392180899503,8.893560917214373,9.176632783306363,3
131,6.783551822346323,9.694784158461761,9.77921961918895,6.763597269237564,9.068432461902775,3
150,6.371730926310616,9.939627142606234,5.37700470871457,8.247703630679414,9.600802239975497,3
109,6.3894818449493265,7.959963991742951,9.401188793834159,7.134090624948347,3.14188491891716,3
126,7.045080348424406,9.644378381946538,9.4370867404439,7.14072443014222,8.910931820296991,3
153,9.39540707068661,7.4057327853705015,8.77898917896723,5.48870397676319,4.004798655915511,3
68,7.761228768767385,6.744999267359766,8.56158631037564,9.991538834872735,3.3666067259736194,3
83,9.37492609647757,5.814397627748738,9.72379194154696,7.199645064157188,2.837979504684199,3
86,5.510435263150245,5.476040885492546,8.60139907569674,5.375554321710075,8.76056418110323,2
17,7.405691900791038,5.528127303167872,7.174744316426114,9.4943375356331,4.731664129373207,3
187,7.189524967658304,4.1102009958531545,8.362949273371019,7.053952795113468,4.45126039872272,3
123,5.676735244257358,9.374967990338348,4.731300894982757,7.643689140716983,2.7878245642418413,2
1,9.787212979203904,9.554053008250193,4.685204636029781,7.2605834304457355,7.10841197046526,1
29,6.72431919506665,9.487089464159505,5.459182983796931,8.786406941526746,2.2030829640913154,3
96,5.754875822168611,8.870146063855302,8.683718934841938,6.020678758515578,7.5349767748022,2
174,7.931804579191857,4.769482658772027,5.69028645886582,8.025682665668148,6.672413094201779,3
5,9.96055862054601,7.992769524982868,4.117711943938428,5.613490900764931,1.0722841040399906,3
27,7.858317981207033,7.612163791513297,6.0759527333600944,4.631588809610245,5.547909026246338,3
147,5.039725220460466,6.0024220382330915,8.527938896244466,5.850318994342556,2.7938375409589784,2
191,8.603057873628071,6.134668708664382,8.713650884923602,9.450726995484118,2.93416936871876,3
94,7.41889509745395,8.514459065671986,4.597536928896355,9.17358651468805,4.3030788308295715,3
55,6.930256875651047,4.810354624841175,8.926398906752665,7.186358521576219,5.477174444262849,3
70,9.594581845162619,6.748822251941373,9.145858017621068,6.774038981529177,9.526647654811427,1
48,8.688393709843488,9.519271509042834,7.5822982197861215,8.131534929446762,7.755060006240351,1
105,9.303903516638126,8.35931360000986,8.08524473588063,9.601065654711793,5.21891905397098,3
15,6.841760984788225,8.144625425305897,8.537476766728958,4.139388285895532,6.843019666516808,3
96,5.754875822168611,4.992484094305947,9.017308708294305,8.366657191881906,9.986305229573844,2
4,7.755668506592267,8.298051182655213,6.02071641540158,4.217749665000041,8.077087138418129,3
104,5.157925810344389,7.3914503048676234,5.004454385684533,9.903377211641182,3.814039480842768,2
145,6.652801108216075,7.3027635127511115,9.583916454511906,7.095199503709101,8.547149959636371,3
152,7.998022693211064,9.078308566994401,5.337200332404796,8.365078288581934,3.0185255489015694,3
184,9.245828025808322,7.317084627598616,8.590677345506268,6.7950002573868264,7.162412554583537,1
62,7.781935256474705,8.612431275495048,8.571164502747648,6.944375219420657,6.949380113114551,3
35,6.145263379412153,7.722577184823367,7.329980123255091,5.905280869208387,7.336008021648832,3
12,7.189200037734564,5.956956993809477,9.6596130948518,9.947127948991916,8.408191484981032,3
155,9.96211257861654,5.96164230472902,5.455489657849446,9.385139366151112,3.7410882971033472,3
111,9.80562012247282,9.28768407670141,7.848766308964704,9.227756734769892,6.632360297800369,3
8,7.185195757873304,8.636548899662184,4.284826510905672,7.4271682106170065,5.615664903603495,3
76,8.810436270289317,5.860717433942858,4.1836108023753145,9.697110843229748,1.4481743620050036,3
103,7.065037509667446,6.950750537396669,9.590876411018204,8.522414496490132,2.0361317608441887,3
118,6.375157363911033,5.969751914194863,7.688283233546504,6.493237292335934,1.9206033207729285,3
196,8.553534508523576,6.140528118720134,6.313709726560907,7.999961807527011,7.412335904779219,1
130,8.74937705872006,7.799270374067004,5.120620027183832,7.226887413487068,3.162764186881145,3
24,7.154055531664056,6.64389744918173,9.922481169982088,8.777473750302136,4.465319860856971,3
63,6.739804860421499,8.323912840723166,7.472228464700375,5.803400143120328,4.1044790539357425,3
12,7.189200037734564,7.678073333846341,8.453191768747082,4.095861470658278,3.219900865610413,3
177,9.97189359234124,8.356093801691351,8.24873330316659,9.470052209331755,3.8186810391061345,3
57,9.958096763230438,6.418665171800484,4.592998891298377,4.790097711857231,2.5320879221724333,3
94,7.41889509745395,7.790374493501835,5.226275021351091,8.437732393775178,5.456767182501734,3
30,7.199787423195821,6.412088964210063,4.35787243451406,7.017014373814661,6.46611227317096,3
144,7.071004501426242,6.992053819971618,8.825444465805068,7.774286597004544,2.5290966267972452,3
192,6.529563339715336,9.005154726805408,5.245166966312521,5.723583909270577,6.573619983419665,3
12,7.189200037734564,7.081730359367623,8.923947813663345,9.49535906438327,3.4972993215481556,3
122,7.2602941274075325,5.48346349930212,7.251301722355146,9.017062370411626,4.347545861017706,3
0,9.777418344772451,4.443780880517773,8.32845929318006,8.104954932562823,7.447538250419274,1
24,7.154055531664056,5.771798635900499,8.381208069354464,9.717829534945686,8.170239466813593,3
181,8.743465292321964,7.874483627857655,7.519085232954168,4.875841137975382,7.501274821853213,1
122,7.2602941274075325,6.848954243604726,4.109045551503826,9.014045678364825,3.3975343053367735,3
33,7.4399086081626296,6.825462874729801,4.6626420825520665,9.083079438858011,9.64274235808209,3
143,5.546573580430751,9.645997844038787,6.380299684544392,9.233212527599722,2.731350652595944,2
146,6.174235528111458,9.51373406655453,7.057988026233778,8.839601296622469,8.408463994586654,3
90,7.5092955979848846,8.033261791801722,7.135526753234317,5.354485429476011,6.843346269796737,3
86,5.510435263150245,7.745449732297116,5.694226670403589,9.173899964829774,5.234758795171603,2
14,6.267339382876608,7.0610232334963206,9.440564058806896,5.983326292102831,3.03565333734513,3
140,6.712984950098588,8.57203395971742,4.728186753490405,4.9827761927019765,2.482652437048735,3
157,7.521769802984347,6.294141702864558,7.241543118973224,8.553028293004552,4.532292582107283,3
67,8.837230164604852,8.970966540659305,7.131170318620802,6.0018376941499145,4.025788767361537,3
196,8.553534508523576,8.640699760826985,9.852355718988704,5.062680950643678,3.3643511973715894,3
55,6.930256875651047,7.536662371342061,8.116951416843555,6.246291796670183,6.266229416886416,3
37,7.819731068380294,8.759048476977423,5.002526211038781,9.903613071545166,3.479533278484046,3
157,7.521769802984347,7.318150339241747,4.087348698498046,7.9153137453817575,7.396604657807492,3
32,7.849163171698539,7.235532761233465,8.625977961550593,7.7362479833836115,1.0348998136487673,3
77,9.78278904509287,9.680343132563246,6.199045087838236,8.347983064234146,5.119065749799723,3
92,6.775179108822218,7.362788798529769,9.067139150621072,6.72555893877382,9.707925622617239,3
123,5.676735244257358,5.136110197187422,8.938896545826594,8.165514023654193,6.937336090679182,2
179,9.187741239673478,6.292669374860218,8.603081174822886,4.738425523598984,5.75260117634539,3
115,6.820012886411879,7.548502174418,8.556604037927636,5.070828777205461,2.8053990432272577,3
62,7.781935256474705,4.047467130014897,4.310097584460362,7.363674989758861,1.8755332349355989,3
143,5.546573580430751,7.433939527232549,5.5596609019489245,4.252164124999571,8.913081892973777,2
173,5.163026931482154,7.2396286490354225,4.972558101649223,9.162901213264673,3.9454267203241375,2
80,7.614352003371384,7.216855817836142,9.285910309396701,5.091794558936345,9.961969266660429,3
33,7.4399086081626296,4.836056753331727,4.901501299377921,8.02143219226389,3.4649117610394145,3
180,6.227527990095866,9.020196792457607,9.417707501902132,7.6116178240060215,3.9326920527578078,3
186,5.061365127664093,5.408138709288522,8.593963228300089,7.201876361371358,2.3380284469995756,2
32,7.849163171698539,5.729102617813476,6.38167257654478,9.705390671291672,5.14174762172126,3
39,7.8403924068402695,4.808460097394951,5.892629999989149,4.916379123307469,2.5900355565528947,3
105,9.303903516638126,6.693811244842419,6.1338875284383025,4.890721420661745,1.7285631256767302,3
4,7.755668506592267,6.793765006993282,8.072209461480876,7.6308425651312275,4.90115907376516,3
166,8.92213468805078,9.37225817247109,7.783832748474492,5.7635225734078,5.147898556148776,3
190,9.635531122973106,7.749060742214562,6.205218482550502,4.7553774508196085,4.34864427734969,3
53,9.687633306363871,7.230027025007726,9.87731206190838,9.390339809076277,6.589273121815506,3
49,5.358528420763136,7.322791882051855,4.985710891328441,5.635268696453192,2.575458905923473,2
105,9.303903516638126,9.7045701906213,5.843483613694645,7.7317137665903815,8.388319145601086,1
26,7.176743863352343,9.926519859135693,9.76557113278043,5.916714659832646,3.7410564191241935,3
161,5.8244389685826174,6.343133725523484,6.100680727772943,4.678385076673251,9.671942465636052,2
167,8.73051685297563,6.6802508291244385,4.388914820879091,7.500140687032919,2.9388826655309033,3
88,8.86994828308831,4.684667062126494,9.95433193400244,4.305442488274898,9.566228574824796,1
74,8.652845972151221,6.195797925622589,4.968659247630893,5.797356750479339,5.928444071278826,3
191,8.603057873628071,8.202410296816385,7.568260035811365,6.789879951672242,6.392983010729494,3
184,9.245828025808322,4.806494209059842,8.40977539830994,8.521498556291881,7.056825755598406,1
152,7.998022693211064,7.9934824705035155,9.053391253796516,4.284958410473319,2.1117335811824676,3
8,7.185195757873304,8.91619525927284,9.843720994414777,7.518191143059118,5.118518212890838,3
43,5.460138456422569,9.879088783119128,7.640399576196425,5.866307932211283,2.6788932609103036,2
70,9.594581845162619,7.025212092963827,4.44406264873172,6.18573045287987,7.984999580260942,1
95,6.271805100318124,9.436835117660678,4.545750124619384,8.831526661225325,3.1080379560043796,3
96,5.754875822168611,8.883909308521972,9.050366955055333,8.230954141032553,8.333289556809596,2
96,5.754875822168611,9.144547356828483,6.099516749357526,7.012934465320468,5.336364075229505,2
48,8.688393709843488,6.162937083494505,5.382325528732292,9.14338444237309,1.136908405684463,3
136,8.828113911666295,9.814912579214589,4.244318916842408,4.068855215447152,9.759205345599518,1
154,5.548659557849839,8.006355369665462,8.335129627913549,8.884588380468369,2.187244013690621,2
11,7.73632603580448,7.486367624850832,9.399799398064665,7.433199647377647,3.026094381805034,3
20,9.370516078283805,9.273229153123456,9.650554645931294,6.428465866709013,3.921847215386777,3
8,7.185195757873304,9.298630747931306,4.8043745062072345,6.607775421014056,5.386623777391387,3
124,8.611318444078583,9.345814308468231,7.597930184417711,4.736356317019858,9.651115421818657,1
1,9.787212979203904,9.687418058240963,9.634076086795876,8.700367710160176,5.872513606104982,3
194,9.865442384060472,5.336644787041403,6.572550688046254,4.327411632861133,6.827356789680285,3
84,9.461275981281013,9.90557817671775,5.630394357826855,5.459091358420443,7.135300931947079,1
68,7.761228768767385,7.588962129241091,5.091084944444759,6.120271910930982,9.76027490557439,3
90,7.5092955979848846,9.113053517216422,9.503104895899503,9.300497248553995,1.168926236662404,3
186,5.061365127664093,7.322822823324243,6.366923887452687,4.713154570572047,2.753948266578858,2
197,5.065045004526871,9.3592719269563,9.69324171851304,5.123734953257434,7.841023401067681,2
137,8.07597658827894,7.787471532246402,7.438839804506427,4.67385641989671,4.15656142291928,3
102,6.332967430899628,4.009313323825089,4.729411620631313,6.060695227353009,6.221926707812893,3
182,7.199720940427317,9.841494705874577,6.400537829527221,4.16067812258484,4.078623073129947,3
25,7.093797258853025,7.404374865482179,5.596130654103065,4.2772018347281655,5.682547443005138,3
9,7.705511149037614,9.561719790283664,4.005981537796612,6.095670034486987,1.974235168546993,3
43,5.460138456422569,8.870109121238393,9.317489013378147,9.730496936451809,7.079837673819641,2
28,6.362776698210371,8.137416967027068,7.674025810372752,6.544725572749961,4.196331016120489,3
31,7.1275822944366976,5.988237239280048,9.142412501040845,7.79441060636273,3.208957432606441,3
166,8.92213468805078,4.07681820554759,7.959744243503921,6.672766891566891,8.903993636406351,1
198,6.1432464377325555,4.7309816381306415,6.065057196546866,4.3699278477320425,1.0408148731773763,3
67,8.837230164604852,9.734471487497348,8.841024178852688,5.8615584365166775,2.0204518968779794,3
62,7.781935256474705,9.359939629115463,5.261827050458257,7.884046284030899,5.008051442722453,3
184,9.245828025808322,4.545912939978393,8.90595885932665,6.2715389604168745,9.02265893718746,1
122,7.2602941274075325,4.453730979588716,6.882216033788874,5.6693553575998035,8.015176038316692,3
115,6.820012886411879,8.309996806276075,6.850180693041805,7.497243545138976,8.258012464537877,3
34,7.015412542591401,8.353235997856968,7.374759831372543,8.014279952082589,4.470724650815084,3
153,9.39540707068661,4.056758470930538,5.160337460840743,7.016652771002299,9.182226119259253,1
188,6.121514538029192,7.7065968144729915,4.695502827262816,6.320285275957857,2.752278176941205,3
119,8.834670559384456,4.049174842576552,5.824520921493031,9.342181492153049,4.528980929793277,3
182,7.199720940427317,5.579634051141484,5.031221884388791,9.543693949487103,9.247197073102713,3
8,7.185195757873304,5.895856349850174,7.095467474603717,4.525432924591282,6.982170932164362,3
0,9.777418344772451,7.628817350870347,7.973295612986541,8.506484809678632,8.295814276615422,1
47,9.878968344175936,8.651147505980893,9.027492280974084,6.0493445614038155,9.7662385458654,1
43,5.460138456422569,4.62497718055867,9.212813499612492,8.694064996310326,9.515848897214951,2
38,6.657864670871041,4.911407841386707,8.78519987005198,6.673341771459605,5.3444866192159965,3
9,7.705511149037614,7.0829386917338475,7.64770893761253,8.581741733034278,1.565993859969397,3
198,6.1432464377325555,6.699171184134469,6.861649152932619,9.813187180196373,7.625735922260589,3
129,6.670095323391459,4.237412518299345,4.472631210173329,4.320922158578257,9.998646907896727,3
132,5.387755553572226,6.415768302141489,8.788848889245052,8.53505567160099,1.67889181836951,2
37,7.819731068380294,6.106105841348503,4.169275273987709,7.667551343474374,5.814913783477814,3
145,6.652801108216075,6.040123162536959,4.057133712495421,7.975495425291793,2.073432204856865,3
190,9.635531122973106,5.718992299337575,7.339350423372368,8.376871653102294,1.6143961726901332,3
171,7.179313818651128,8.46147630657086,8.35651476450875,8.999479461141878,6.415893335654955,3
99,5.518103919721187,5.742921559477192,4.55325847314939,5.96599099652226,1.068899075168813,2
39,7.8403924068402695,9.80540506046872,7.95137009916227,6.011194003873433,5.807667791541589,3
136,8.828113911666295,4.6987785233643855,9.705294842406644,8.5584956353253,2.707551396888976,3
138,8.129410475725908,9.30451216515802,7.1775745392090835,9.791290327937396,6.974225882209759,3
170,9.289793523879457,7.765163435848418,7.650300426739387,5.0052189332521575,5.343825905992867,3
82,9.068979548457182,6.434443853403747,8.42216966287772,8.668576396344895,9.342714342119029,1
195,8.431709261639735,4.406242830757095,5.262149988054839,7.595111644580587,8.538053587318927,1
33,7.4399086081626296,8.278008078243502,7.846949183833152,6.666246742466932,5.267606140637283,3
6,5.971433384032893,5.14854702226882,8.946640304683411,8.007176027959442,7.3503959352934505,2
179,9.187741239673478,9.935146591075828,7.685432281655729,4.958834112982819,3.2823514602456543,3
97,6.545569414435605,5.04895654490757,4.073178176564233,8.368061462116366,7.877175553621783,3
164,7.138099984312166,5.400414051010305,4.414971146817871,4.251716057384346,5.897393508413693,3
47,9.878968344175936,4.906015783640313,9.663104928392901,7.513941706722661,4.361490740757731,3
198,6.1432464377325555,8.830681329569016,8.243904443066146,8.136908912869387,7.3543602581284695,3
151,6.919831463136601,6.1783765253439995,9.076174839953108,5.1055195945820255,3.7969294204350676,3
128,8.0024055865564,5.302146256684353,4.022656299871342,5.352543820375008,3.533957848285768,3
199,6.498710438386006,5.548814812276477,7.0630218181102205,4.932584128162161,8.084383513278631,3
137,8.07597658827894,4.29024653244096,7.683955622700956,6.34535259666613,4.305963669800667,3
35,6.145263379412153,5.363465710743817,5.074080310810526,4.398322026903296,5.729873729434267,3
75,9.320207338150581,6.70950918428254,8.654919192171121,6.698462229259329,6.531684056430462,3
176,9.906808108199499,5.133964719375661,9.499707126435762,8.87288731337234,3.1076279625030185,3
134,7.361497716494816,4.265943375541196,5.7634124816411,9.513526798264971,6.964999017727639,3
132,5.387755553572226,9.056788689223557,4.098947326875002,9.348408423129346,7.942221375206759,2
178,5.178847649741599,9.39115978155645,8.46556965590019,5.929958906112454,3.422044167700233,2
189,6.171206606958627,8.398452446267951,8.25673598835829,6.224667763231912,4.063576718846621,3
157,7.521769802984347,9.593903609247686,8.81711996729031,8.555202782577439,8.383540152127432,3
147,5.039725220460466,5.933799956361442,6.866505344610305,7.7595951164657055,6.000718156871361,2
180,6.227527990095866,4.933562796111869,9.824541606697842,5.707991853728696,1.9324199136113451,3
19,8.595347545871899,6.005716182247533,9.065415775709226,5.5987639889061676,3.4632281174469135,3
196,8.553534508523576,5.0973560379117515,5.131180613121338,4.444121069451307,7.205481641593179,1
63,6.739804860421499,4.807786881627548,4.914022048140318,9.803491018188389,2.251140841298888,3
174,7.931804579191857,8.816306783582556,6.764402700774621,6.204031552731547,7.445333774979398,3
138,8.129410475725908,6.299414155044665,8.322270466468956,4.154576750421545,5.758121839216218,3
150,6.371730926310616,6.0893222827859255,5.466793175864555,5.587856006841984,2.4450045713736377,3
173,5.163026931482154,4.011144077183093,8.957255862549431,4.604736681093248,1.205589890653498,2
178,5.178847649741599,8.319630671223955,6.559083290020573,4.846246996785312,5.663772999542736,2
85,6.074060506057028,6.896016305219293,5.367508518821333,8.473458986914617,4.728309382142232,3
51,6.075566518616974,9.762640896295238,4.417047296466069,7.329646705567988,8.201736659910576,3
199,6.498710438386006,8.013018935125517,7.340799963819695,8.262400381473842,2.3208629870952153,3
39,7.8403924068402695,6.7957600752494365,9.160838251881007,9.986697188374603,5.266569908855179,3
198,6.1432464377325555,5.00701807298163,8.243785416962783,5.347468041575659,8.859153440863835,3
99,5.518103919721187,4.827139237733753,7.844176608045393,7.343231782414998,4.120333765754194,2
117,9.130128381110506,7.322071091102217,5.317003155341544,5.64792077859859,8.119528338378625,1
170,9.289793523879457,6.427990590548822,5.21171819494653,5.188419516200644,9.155751553679007,1
79,9.20592812448436,7.689606122498806,7.783274330044677,9.649438447166045,1.6265318189483378,3
56,5.878938747012993,8.338244377911849,4.854379730061723,6.433164849502492,1.564867343959604,2
199,6.498710438386006,5.084072534113351,6.334753426099973,7.15386592808486,9.233850698701103,3
143,5.546573580430751,6.967858748414768,5.97760690723269,7.90519641490499,7.57938394913969,2
133,6.258708798275734,4.07881072049431,9.669033672960914,6.188735214769199,4.142938581026831,3
75,9.320207338150581,7.945019047286659,4.824158923167545,4.0805212069053445,2.94670550525757,3
162,8.77868034013279,9.334116329110588,6.151216533281326,7.6755911564312935,2.0558887277387714,3
53,9.687633306363871,8.748595536725038,4.754804785091167,9.266545757803572,5.5527145293641595,3
127,5.177872785784958,8.885761470456677,8.372542877456075,6.311659432794842,1.2044853812186824,2
139,9.379500562747698,4.794691300589659,4.786803790807776,5.657074414541132,8.959204446962985,1
32,7.849163171698539,5.9127096629634135,4.46122216856469,5.923066389128195,5.266664370722651,3
31,7.1275822944366976,6.39319815794655,4.646630512685592,5.2304492351361285,2.619362372658195,3
3,7.443652740400783,8.193646356739814,9.079453710446112,5.443890332833581,4.5805732891124435,3
137,8.07597658827894,4.306215238045648,6.818427780561229,5.709065280832892,1.0648987284226161,3
85,6.074060506057028,8.248664262022643,8.026563108778204,7.194803337033995,4.086430897957426,3
92,6.775179108822218,8.228132917465128,4.346536291095573,6.3189832961443555,9.834612550676848,3
59,9.719435463797158,4.528824186822412,7.8358482551222455,9.962965357750129,9.693246852564856,1
199,6.498710438386006,4.793872332553094,8.220555473825822,4.395190898294061,7.573110858771916,3
169,6.171483148995948,5.131345372674832,8.474968566859637,4.716928793525611,4.013044459422593,3
148,8.885898188246172,5.28214022505924,4.3170330831145,5.387815476281986,1.3628103307877768,3
173,5.163026931482154,6.622308158219526,6.714193594724932,7.002368926315656,6.368449695498736,2
86,5.510435263150245,5.282986073618659,5.363073734891948,7.20774853859193,3.1976303376722957,2
134,7.361497716494816,4.26202444634618,5.8597736266655405,4.277513907504311,7.5437994402398445,3
16,9.356087116026146,5.784169438823568,8.0309705156198,5.6834574478551465,5.114679150724957,3
121,8.157822550020136,4.043856969119736,9.659588802375225,7.254627112518341,3.4103942170275587,3
108,9.248031525285194,4.957879104618027,8.779420484365085,8.982384172197563,9.92379633120642,1
2,6.260302695003954,4.350205638892447,9.999615747825214,4.023516604083083,7.996056849446124,3
53,9.687633306363871,5.334251332140559,6.340998956865713,8.578641921040308,5.69851012340395,3
15,6.841760984788225,9.00426224156149,5.674770521258792,7.192787635117803,1.9724357043857654,3
75,9.320207338150581,5.8097455357148275,5.609608861891647,7.630227634859196,9.409156045635465,1
109,6.3894818449493265,9.022939615923335,8.155785155599585,8.489171755075311,9.094849135456982,3
145,6.652801108216075,7.40345182485381,5.331745034105657,7.3748883016292766,6.694699235250162,3
65,8.044078742561966,9.038049230627161,8.108031515132833,8.601200161027794,1.6076976130306413,3
21,8.851582324214855,6.487122092988425,9.565705394460032,5.805040361411974,7.728128718582521,1
185,6.458346353748869,5.112846355909083,9.576197464830837,7.495828322627357,8.416206184168004,3
191,8.603057873628071,5.812511887768753,6.676793841102311,5.149591783437134,9.385858207222022,1
173,5.163026931482154,4.615262815773201,9.082531741617085,6.805405387602695,9.232323217976731,2
192,6.529563339715336,5.830365986843389,6.888030424243672,8.052183439776144,7.747645767614557,3
42,7.5374678789965,8.401168110292335,6.987283746747965,5.653019175108089,9.450716882221503,3
190,9.635531122973106,9.333417596809518,9.708355257124623,6.348637276232516,7.75083253881249,1
66,7.654792772104553,8.958539147930248,8.260838805074895,9.38036423817429,9.003219683898115,3
113,8.015168388769721,7.944975546379769,8.321842279447774,4.071704858518186,2.5413891777702817,3
107,8.745456481713365,4.159530753561393,6.032083749992119,7.036891244209412,9.061535264699568,1
68,7.761228768767385,5.94353614998691,5.576607211152819,5.347206214636017,4.021693807272793,3
3,7.443652740400783,4.116193538113636,7.587301651334676,7.576982553595219,3.4076800469158988,3
68,7.761228768767385,4.6569075635314725,5.632535779543822,9.646332019922626,9.071526538608097,3
65,8.044078742561966,6.156287949237605,6.152345561111406,5.178154070052704,6.269683570409737,3
86,5.510435263150245,6.8535794276711925,8.584792913702088,9.11440340794369,9.760767309397183,2
16,9.356087116026146,9.381453722764178,6.734047155509443,8.321908813565937,9.986973518374626,1
85,6.074060506057028,5.010118100055539,9.837047280328253,8.792738990918625,1.141080208086501,3
43,5.460138456422569,6.4417506843325505,6.423706050481666,5.453628673276528,2.7463954545388116,2
49,5.358528420763136,8.663922609747884,5.158929428312726,6.155750928808684,3.4392505270073865,2
79,9.20592812448436,9.842367880099458,8.876048115966803,9.313095687234627,3.2738871107547167,3
182,7.199720940427317,6.364542719392372,6.478740705639866,9.550746547834965,8.590422237756188,3
17,7.405691900791038,7.570204913536542,7.353427041940594,8.355026624812584,1.4458875244164873,3
5,9.96055862054601,6.635243338240203,6.924575782805644,4.725476095268867,9.96851871511954,1
128,8.0024055865564,8.530430777020761,8.361307280617208,4.821288921518485,9.270159073411342,1
138,8.129410475725908,6.858784032327874,7.425067744693912,9.442609194948414,3.6264509823326705,3
139,9.379500562747698,8.402350129602027,5.794414562613446,9.462701924839084,3.416293563105051,3
186,5.061365127664093,5.329709934384058,9.136994705399925,5.672790913489403,5.85158520392013,2
162,8.77868034013279,7.33960652068798,6.533318595705759,9.555186172189913,5.368242205638194,3
90,7.5092955979848846,7.513322773891258,7.521560306877182,7.1740908120870825,3.168073334373281,3
90,7.5092955979848846,8.071719522684367,5.466210225381577,5.577964782046717,9.270590153321203,3
135,6.366789658217469,7.656222135173872,4.789831281534406,7.0368275704177075,7.868066392471746,3
184,9.245828025808322,7.278944301277873,6.353675471800141,9.078243326211215,9.530981618173014,1
15,6.841760984788225,5.9389109792925066,8.63542580217501,7.487834659862192,2.8557709696029434,3
163,9.06322875008069,5.659110172352682,4.145038081851802,7.306774728934764,4.991349091608641,3
190,9.635531122973106,5.195070487001053,8.735955196076922,5.5022790994654,6.316308802855609,3
93,7.405793470280351,9.480070398471787,9.907717697515979,7.124290212602275,1.058601474380425,3
129,6.670095323391459,5.243355487428792,9.520922851474786,8.821093285028827,9.759228173071516,3
102,6.332967430899628,8.506062324481146,8.492430741251185,9.797903369912554,8.2566778254165,3
98,7.596557017299794,7.15424244279613,6.868875546533482,6.033942462726529,4.139723076980948,3
3,7.443652740400783,9.696383015921837,7.434562536186196,4.24027306271357,8.090731109714339,3
186,5.061365127664093,6.690240238868262,8.456111687868948,4.682283380566547,6.093626768057973,2
171,7.179313818651128,8.64004935364545,4.507247207900502,5.693732278788852,2.941227478319803,3
150,6.371730926310616,5.810458848805929,8.370591746369726,6.044680466262492,8.030872338581787,3
152,7.998022693211064,8.40035010337618,8.909480285534848,6.453410411664057,8.532664208966349,3
171,7.179313818651128,8.350885955264733,7.487449082209078,8.49369922959146,2.404175795838856,3
29,6.72431919506665,4.1623471344553655,5.158536382262952,8.58695581391964,5.881795624919813,3
197,5.065045004526871,8.806314539383798,5.3570933974172865,4.61439695560399,7.009975258882872,2
167,8.73051685297563,5.431706537322809,6.818733765890634,6.240215240374106,6.200863653026058,3
10,9.211645185032863,6.251278132767699,5.962652483759946,6.115241438345096,6.7628864040244405,3
133,6.258708798275734,4.821901543608212,5.251000138794749,8.1321599315612,7.909606964492895,3
110,6.925424588717922,9.209043664565925,7.039258901241803,5.368018027843108,2.121293312555818,3
22,7.577113673932021,9.357163005878903,5.415010927506293,7.926669901625358,8.192218989199706,3
134,7.361497716494816,4.152857309071933,6.082439345874773,4.163234475554991,6.084269172145331,3
132,5.387755553572226,7.553221742972071,8.77553084923572,8.431424295724039,3.3184212967685522,2
1,9.787212979203904,5.855649129452234,8.591431066650326,9.590412363724804,7.793108321067161,1
91,7.120491355129971,5.441681968880253,7.714495057407923,6.323471648878235,2.0317599567820857,3
8,7.185195757873304,4.926533134946126,6.544600464650343,7.695778894350803,8.179604108164298,3
151,6.919831463136601,6.715642159259252,5.734195766234945,8.26159574352942,6.532175638947818,3
120,7.820647147057283,9.002754547589952,9.975417341589003,7.773500273930569,4.968016138167357,3
36,7.134912483591247,7.321687651905852,7.2599820228964,7.391734692378797,7.8460451741696495,3
24,7.154055531664056,5.099041210256421,9.825074149687444,4.183997844770578,8.783425411048977,3
190,9.635531122973106,8.65633894836136,7.3229502669972755,6.4181922529905275,8.19222202676574,1
103,7.065037509667446,5.386651761541213,7.251738727691761,5.548841889527883,6.221083800117364,3
40,5.825629158595894,5.960030986045895,7.371889282165897,6.462436153363745,8.651921212261556,2
96,5.754875822168611,7.125730260800598,7.824773369903234,6.998393087085232,8.895307885570805,2
142,8.979435422303828,4.961201458931743,7.428595388947864,8.43317670697494,1.9860465940692005,3
73,8.637668421468131,6.3470432800099434,5.576690300112686,7.690759544180951,1.8720477162209657,3
57,9.958096763230438,5.293103081938257,8.95989569910561,7.87548735925761,1.8315514772888184,3
92,6.775179108822218,4.562361969677539,9.17716164931986,7.1835729064249865,3.92695771929753,3
106,5.762137971030755,4.265038719540955,5.19317743598419,9.959604437776576,4.265883513206317,2
111,9.80562012247282,8.550795949958804,4.127889798969871,4.80150856757422,9.88909931280799,1
23,7.698928079306608,7.099119910300775,4.4612307243209655,6.708295601870135,6.4002498483295165,3
137,8.07597658827894,9.685500810198242,8.313151049171632,5.079195876304233,3.551103028743531,3
6,5.971433384032893,8.808853120697488,6.4312396145735224,7.233611487371893,9.035409679350682,2
50,8.513075817465358,9.550311802291944,8.54273126489992,6.376705415852709,8.92898696684179,1
149,7.386394802942442,8.256482071852242,7.7421191185876514,4.383332320430361,1.8339474774831195,3
146,6.174235528111458,6.628837161546695,4.972058112519304,4.893020183842998,3.442628766802483,3
75,9.320207338150581,5.955144267761559,6.380055514042239,6.620951931319007,8.239352372201202,1
99,5.518103919721187,7.177834837157407,8.863953214252108,6.232666754096602,1.8956062728373246,2
121,8.157822550020136,4.1129467670345665,9.37398011937754,8.623381221571968,7.727940521636327,1
15,6.841760984788225,8.006168124083871,4.88692297903677,8.762033697085386,2.0693372964181207,3
48,8.688393709843488,4.121620719445112,5.853009182277971,6.7627122640350885,5.676679885953923,3
136,8.828113911666295,8.769454061515923,6.966701157899219,7.742889248242539,9.263455977772336,1
129,6.670095323391459,9.901832939291534,5.247791457851127,6.399274207385034,2.714745325827194,3
161,5.8244389685826174,7.122739197137866,8.924016396561488,5.8290452301549935,7.971443860530199,2
77,9.78278904509287,7.507406920165469,5.848685696719113,6.17010261138759,4.415303124986798,3
67,8.837230164604852,5.44292325629504,8.652021609771126,5.835934277670333,8.210247768170403,1
174,7.931804579191857,6.403607477966484,4.203587585640263,7.291974832885843,4.5084849536291625,3
168,7.510111025824367,7.074651588324336,8.595766719734376,5.852644234085912,8.542001157603117,3
187,7.189524967658304,7.433491048789916,5.706049177041958,9.151644742141505,5.371687317172793,3
81,7.123155729785311,9.09648042827103,9.983725196464867,7.819031958417684,6.882336390554565,3
161,5.8244389685826174,4.2484386969071135,7.682094844283144,5.537280448738058,3.0169660201741864,2
7,9.300487360221428,7.120184533211167,9.291435434962132,8.063426560516316,1.7954920855204899,3
117,9.130128381110506,6.869948080092168,8.792612828194574,9.07090218869135,8.044104003684792,1
61,7.812851367460954,8.391051781797023,7.364527609775534,5.073857710679642,7.9102816663549795,3
69,8.717191579518087,5.324462413254896,5.986650828226271,5.618645115276897,6.067025351879948,3
33,7.4399086081626296,8.918282730413942,6.278443942991468,9.365966350739406,6.603229459133771,3
76,8.810436270289317,9.573479214252856,8.949796141304022,9.10795947371995,5.042776206939626,3
18,6.424184245198106,5.148843868721931,6.4472828037949945,5.782619727041348,1.6664706993114136,3
120,7.820647147057283,8.223015979618108,5.45802289798699,7.1984696629501155,2.6042717819418755,3
17,7.405691900791038,4.687612215829265,7.66219427597613,7.973665226855498,7.2406503282291235,3
43,5.460138456422569,4.67622318450393,5.293506425946094,9.797527266243884,8.317262293535336,2
88,8.86994828308831,6.340337572121072,5.072975584529004,4.519282773649714,6.265988152218753,3
35,6.145263379412153,6.008634233999546,7.090122048380341,8.34573439271455,2.7223877358646305,3
117,9.130128381110506,8.46410678931731,7.6716598272616245,8.43831253134546,6.833474227680008,3
153,9.39540707068661,7.842770002975314,9.215633178525774,5.709882172182127,1.876777211600582,3
29,6.72431919506665,6.934342432243374,6.824775015608604,4.80272459146141,4.7514059739924805,3
166,8.92213468805078,5.261903715389801,5.059283805631593,4.296902220019852,1.269890792150104,3
56,5.878938747012993,7.678377673833811,5.533819184121186,7.264782295066821,7.960121519514407,2
65,8.044078742561966,6.581786167170901,9.107917783266476,4.288350301985535,6.09269699604798,3
58,7.7055046755701495,8.422814363711536,4.589752796645696,8.612283386528773,5.6066948268772485,3
59,9.719435463797158,7.436683188934845,5.791654919514556,8.624158376600079,8.405309011101986,1
171,7.179313818651128,8.441030590427768,4.842576175279381,8.425200695381104,2.460174702149751,3
62,7.781935256474705,4.252335113584483,8.563154121694742,7.3555079237915235,7.984087409071001,3
5,9.96055862054601,6.125246759837444,9.082876904323815,6.961082949289075,2.619980319888337,3
113,8.015168388769721,6.085648636633682,5.738681325429873,5.84637182931126,8.482975135488285,1
24,7.154055531664056,9.10920324717425,8.62957672859201,6.517617958031293,3.984984120376467,3
151,6.919831463136601,8.127641779316267,4.447424677266628,8.529008136992388,8.933684773763002,3
4,7.755668506592267,5.740988999908255,4.025590434232637,6.880362752739526,5.098284668504863,3
83,9.37492609647757,6.416578310605699,5.6407244623943775,5.307095837118496,8.803704889843136,1
58,7.7055046755701495,5.966633808036957,4.3032964537778735,6.807323911004006,6.759131982974921,3
190,9.635531122973106,9.723239167459957,7.031669865675681,7.560648414167501,1.9806417929517957,3
38,6.657864670871041,5.63052532584109,8.413233250556464,4.120113113800046,4.701342301286838,3
35,6.145263379412153,6.901385379890647,9.625104997238122,7.177887938174627,8.953301361168926,3
75,9.320207338150581,7.831959367014699,5.338392757054537,7.766283710152494,2.0312156174810494,3
72,9.421023382389151,9.71216951957128,6.340969259889081,5.102788780419002,1.9130552817162028,3
30,7.199787423195821,7.036640309063073,6.149892824344069,7.0947708974010535,5.206190014454694,3
70,9.594581845162619,9.424726551510576,5.758738264346949,8.624804899182243,5.775582400612859,3
96,5.754875822168611,5.649367985236175,7.135283236550542,9.207331457433538,3.282283211974538,2
4,7.755668506592267,9.12525464277246,7.64897608772629,6.52661191744824,2.60663473438252,3
199,6.498710438386006,7.756757797874247,8.376302903706636,5.058506805169998,8.264038174777454,3
112,7.937974381112131,7.162287281307748,4.423257186211404,7.66921767380803,6.985683025837958,3
90,7.5092955979848846,9.023755103862221,4.761259961864074,7.330385433039801,5.799044663867955,3
153,9.39540707068661,4.511374836575648,8.911613834764804,6.597965192004523,8.331251342263261,1
183,8.728111041466894,8.365329767424585,7.505570603880578,9.462791872283649,2.5691151324281614,3
179,9.187741239673478,5.642249438461278,4.525089487270703,6.300022513254406,7.881931356062325,1
160,5.56879781308632,8.792035503319088,8.021551937580515,5.944068660286192,5.011552541648927,2
151,6.919831463136601,9.900554581099962,8.865340874799614,9.224932888426277,2.4645980541874977,3
18,6.424184245198106,6.176023113135247,4.86876827286032,9.407364507481766,2.785184482595596,3
41,6.593123668910263,4.794757795908842,5.685918705296588,5.78728808938909,2.5700272367829475,3
9,7.705511149037614,6.252015292616271,4.763692572620005,4.30620016783241,8.825956799916202,3
77,9.78278904509287,7.446441979855635,4.285703579944566,5.3263607195145415,4.356306002525702,3
45,6.901657526479581,4.781962593563647,7.41874345063747,4.884932723161826,8.409981084583977,3
65,8.044078742561966,6.2141940188793745,6.748489917533334,5.263327207971699,6.212134572819157,3
68,7.761228768767385,6.309445843718672,6.508036482371619,5.1199680333666295,1.3320337239632967,3
13,6.185702896409321,9.853456437395852,6.28407441767706,6.168605132672493,7.836977238550044,3
130,8.74937705872006,5.949530756998643,6.133101931105877,4.899155441739712,7.954425333095217,1
52,6.177960939668009,4.758737681794488,7.078975455450623,9.989004037012984,4.389954905967571,3
139,9.379500562747698,9.138496725366398,9.548273935734006,4.303424322767451,5.194070529135039,3
95,6.271805100318124,5.263555078407274,8.831649208906708,9.910589875932654,6.32915124204173,3
87,5.421131620337404,7.382936360393876,9.27920577052446,6.467634294112111,3.5487116095901388,2
71,6.65115017753236,7.1134105895919415,9.456788097902141,4.306437795519615,5.326457632657791,3
78,5.268288235252928,5.325187520391565,4.511807326311593,6.492718402436645,8.963280585364728,2
165,6.080839371421514,8.30304577583745,7.680677565823142,4.102254601095444,8.873963496561922,3
38,6.657864670871041,6.110978911422909,9.629399832735528,7.69153012175679,5.669166050796587,3
101,8.400102079500225,8.439708613457203,8.049321128456185,6.010490703025224,8.503748866041052,1
118,6.375157363911033,7.165502991946113,7.722422691875656,9.357660512726818,8.482854340514375,3
140,6.712984950098588,4.578069639862939,6.082647942928697,9.584112427465097,1.9748571198723093,3
11,7.73632603580448,7.187687770945142,4.497864788533692,5.1051593118165135,2.781873447803966,3
57,9.958096763230438,6.594340577924881,5.422227864124272,7.861407687932191,2.703646057252001,3
38,6.657864670871041,8.143505113077891,4.2327564355298,6.53138947674359,2.911418935404673,3
2,6.260302695003954,7.7521961597391,4.862464731005876,9.573487916611828,4.02266931533036,3
147,5.039725220460466,8.376849391770616,5.023798040721377,4.337478445582227,6.565179990894215,2
118,6.375157363911033,4.331669828664393,7.694977042165066,7.843867641235709,7.095248613387256,3
103,7.065037509667446,6.40509369792393,6.0212932592170025,4.725242140615615,6.458708643190564,3
1,9.787212979203904,6.689090622368011,5.223874148770574,8.124258482135449,2.9161169421328146,3
180,6.227527990095866,9.38620656856374,6.0876563375952255,6.7742757055885745,5.660309704645263,3
89,5.536028883854994,7.039959743529229,6.0612433557341525,5.959377371197347,8.487178744427554,2
66,7.654792772104553,7.824862174471142,6.161090336248424,7.572572674622807,2.055916105499556,3
104,5.157925810344389,9.36029861272118,5.7126841868961655,5.482151973157917,6.406830273441556,2
195,8.431709261639735,6.949009862853138,4.291462214938139,6.044958751840449,3.4311503598176953,3
167,8.73051685297563,5.878493091889155,4.400143606795487,9.771827939461469,2.2343838907219755,3
37,7.819731068380294,9.019364728049347,4.675364067661511,6.043098861463033,1.3471976182684995,3
137,8.07597658827894,7.371000658780034,5.839395882468142,8.24103498546656,7.06451723389479,1
170,9.289793523879457,4.533613783153337,6.927183950913493,5.566897186808135,3.8407356881541537,3
126,7.045080348424406,9.54964199697843,5.185402273348489,6.598059338774893,4.346757862115227,3
143,5.546573580430751,6.110030019316406,9.485770558538787,7.079837948368516,4.968388985097956,2
176,9.906808108199499,6.333326107842382,4.922692571632815,6.0485303579585965,6.338973406969526,3
196,8.553534508523576,6.773695269907469,6.45677340171087,6.905057538091715,9.66476047883775,1
168,7.510111025824367,8.520342466303717,6.478768225374248,7.582872970976195,7.105554627421507,3
83,9.37492609647757,5.1616473307639446,4.872690600808495,6.8646753352777425,1.0094712531179755,3
173,5.163026931482154,8.31663132176371,7.699565602340418,8.917526971662642,2.6556468095968584,2
111,9.80562012247282,8.945224282118588,5.484675364111531,7.636846140854823,3.812935404586422,3
192,6.529563339715336,9.862864314305934,8.882945892006488,8.21527638213276,5.111797536460417,3
71,6.65115017753236,9.629917282332553,5.6444387585083415,8.870940433780886,6.321282167054317,3
106,5.762137971030755,5.195005825769135,6.559284694546078,9.155856869654482,3.6772919049135044,2
72,9.421023382389151,5.474311404301682,5.792068357682134,7.012209130856814,2.7890027883934567,3
72,9.421023382389151,7.348975314027312,8.171611201868291,5.126047702165193,2.476890976150889,3
163,9.06322875008069,6.178549060451171,6.4681875376400475,4.963180786576479,8.413286368548317,1
29,6.72431919506665,9.905780476810708,6.6190411046707816,9.73444029411618,4.190657203496065,3
90,7.5092955979848846,6.9329138979020115,8.341168711221595,6.49595211345538,7.304740315813462,3
12,7.189200037734564,5.971469426215458,5.226490540990911,6.849979646701978,4.689047034283938,3
58,7.7055046755701495,5.847930587616306,8.330428988861396,7.09159847698117,7.867906564492081,3
10,9.211645185032863,5.234859104146388,7.219957201758302,8.170403757074553,2.019792633322791,3
94,7.41889509745395,5.730791542285318,6.411038789139807,6.015042939797597,3.418879049992915,3
25,7.093797258853025,4.037784191238151,6.3555310190316945,9.187323941202552,2.0751235646748074,3
28,6.362776698210371,7.029212378550119,9.48443106789361,9.214550086581598,8.803871934109246,3
106,5.762137971030755,7.547108588065215,5.498201164776223,9.325023505154824,9.97429473722744,2
86,5.510435263150245,6.46674076064597,5.4378282109116185,9.474793560316552,5.3332333737169035,2
160,5.56879781308632,8.428001700694587,9.654326525933303,8.478143405099262,3.8675692222733478,2
97,6.545569414435605,7.821195837842622,8.79933489307806,4.547649607655988,1.0630090509025465,3
79,9.20592812448436,6.156532214176648,7.986166393015675,8.08789497466341,2.4207148383697885,3
98,7.596557017299794,6.332634375879364,5.164558298510348,8.488332813042232,9.616115140818632,3
26,7.176743863352343,4.670753630751372,6.13508778913619,9.799597431904985,5.447380369438617,3
10,9.211645185032863,6.152103519733578,4.977539535628278,7.978929551878717,2.56165023295682,3
188,6.121514538029192,8.98286351364175,6.011503188214682,9.27891815453819,6.456975880834921,3
126,7.045080348424406,6.04217219092383,5.337919306269466,9.059386859898838,7.804307962119215,3
195,8.431709261639735,5.804752631498319,4.370846702038479,9.957580432720034,2.2449264085579217,3
171,7.179313818651128,9.465610609970188,8.355840764353387,6.8565968480242585,8.898980431136671,3
48,8.688393709843488,4.361568555445448,5.0948231701904705,6.393110037145114,6.592775290045849,3
121,8.157822550020136,6.954457156233765,9.220869321630035,9.811649232943017,1.843986424695729,3
139,9.379500562747698,8.978198089586556,9.750165397811102,6.606093421785903,7.5827183407572605,1
134,7.361497716494816,5.0732447363539634,7.957354461452015,4.5857864853266035,9.740855524237828,3
128,8.0024055865564,9.06192158856196,6.433317738609735,6.517269021513429,8.67115313089754,1
45,6.901657526479581,7.446732952819932,6.310347473516959,9.24348536346973,4.399465690706889,3
16,9.356087116026146,9.469875543916208,6.030665612408852,8.416432182101088,1.99932067335617,3
22,7.577113673932021,8.044834043317252,5.650471817591872,9.827532717308355,5.020960668071456,3
47,9.878968344175936,9.129500663027954,9.142673571776566,4.353073421596603,1.5440321948417322,3
132,5.387755553572226,6.867334746968451,4.025012065913107,7.926710539256977,1.8407802860211704,2
123,5.676735244257358,5.394405970093439,5.553332522449339,4.107031324496241,1.7484906391775832,2
32,7.849163171698539,6.805965573842809,4.793672625523359,8.179978808622007,7.78480418938431,3
184,9.245828025808322,9.72216031830039,4.932011836604904,7.245594756744349,6.049789634929456,3
49,5.358528420763136,9.944243672004065,4.902980844789185,8.799439670377065,2.1307943002845393,2
74,8.652845972151221,9.620737165137161,9.027502006578695,7.239481456422177,3.747079084298135,3
129,6.670095323391459,7.874382880331469,9.291306011691473,9.738608587061062,4.08639349052042,3
147,5.039725220460466,4.786165579694182,8.185033760329265,8.947948172588628,3.5087587001791505,2
94,7.41889509745395,4.622808926809731,4.7540389033959,4.020321755957306,4.777417576461133,3
36,7.134912483591247,8.929574895143752,4.993735369903398,5.465339742754519,5.8474457220287075,3
126,7.045080348424406,7.762567600776636,7.9076575930129005,6.2962956317948,5.046303132439429,3
69,8.717191579518087,4.956781275513361,6.0903750328849915,9.047887425966037,8.799465685047469,1
160,5.56879781308632,9.133378513759503,6.931189470306849,9.130428316689517,5.882324881296946,2
124,8.611318444078583,7.73360414334844,4.044634638737413,9.106105992075573,1.9975686195416789,3
134,7.361497716494816,8.228437326885535,4.5836595801277715,6.737312611115964,7.097380586840936,3
8,7.185195757873304,8.334428701948294,9.825898706773206,4.455546556940322,6.132072508701718,3
23,7.698928079306608,9.897141118459265,7.83792262060224,4.674692276437025,2.51584435688539,3
151,6.919831463136601,7.933876490705645,5.1799600394053655,7.496025144339626,6.031329127908666,3
165,6.080839371421514,7.4686080748208035,8.291568850335251,4.8927198386427,3.853357173308422,3
170,9.289793523879457,9.946318563054048,9.113801580291273,7.160172408656381,9.435164583754382,1
26,7.176743863352343,6.377209116036687,9.900303993293827,4.690519305286104,3.1220230939630675,3
124,8.611318444078583,5.776118132916628,9.637209215761676,6.888826616374911,3.8030399392493317,3
154,5.548659557849839,9.18353032209287,8.854369477043463,6.105257918107503,2.7358591401672863,2
2,6.260302695003954,6.384846793961298,6.871041822908641,8.90008000019172,7.887006869584308,3
187,7.189524967658304,7.55063409014596,7.120749131272591,4.078705198206093,3.0328206507729956,3
47,9.878968344175936,4.793280747732342,5.292140273253732,8.363623208121766,6.040628176711867,3
124,8.611318444078583,7.356385532509094,5.864130508960486,9.639594347910684,5.186164697339043,3
88,8.86994828308831,4.28904353740066,4.834712283935335,6.421967803856628,5.99976140546894,3
22,7.577113673932021,7.845964821416565,7.7976152346298155,8.592459633080928,9.8298438283452,3
8,7.185195757873304,9.136557831131231,7.505749191321519,4.996647677371115,1.8673822252641927,3
158,5.823378789517678,5.7912545726683655,6.608520034391697,6.182136760776345,6.2278041575034315,2
131,6.783551822346323,9.329980321363516,9.608986576703009,9.747924494667203,3.938320172831806,3
61,7.812851367460954,4.0470951838187865,6.189914371092749,9.538162352500544,3.6144049812200776,3
22,7.577113673932021,6.082123916947356,4.8621690077278235,6.277324939894826,4.881007475013981,3
180,6.227527990095866,4.542273027212729,8.885399898864314,7.150582143317148,3.038086967174221,3
26,7.176743863352343,6.432019552033503,5.209456155760958,4.195969978985818,3.788195124815925,3
130,8.74937705872006,5.1197827604655295,6.984483849502883,9.425218556018551,8.439297327107433,1
136,8.828113911666295,9.737713102421603,5.394480252061349,7.518861066601782,2.3447211102653154,3
186,5.061365127664093,4.751365567737212,4.286506063111528,6.496799712060741,8.623478518376222,2
117,9.130128381110506,6.001009367679745,8.453910227871436,6.27937310003443,4.040266617595535,3
16,9.356087116026146,9.829051689130921,7.0932212708676525,4.441718959134159,5.902082675789465,3
9,7.705511149037614,5.59995519929811,7.5592110813888125,7.281880799708117,6.565586170642766,3
60,9.094134577575858,7.648731937176171,4.903378185851221,7.192765930162071,2.7009234193784923,3
53,9.687633306363871,9.235687318503212,5.703763119287928,8.64747670048408,4.515421981824649,3
162,8.77868034013279,8.039847048480935,9.28428417240574,6.876447127720272,8.746195454906182,1
178,5.178847649741599,4.314219218806425,9.542003730480378,8.241414848343261,4.0957717742977895,2
83,9.37492609647757,4.178475894492906,6.652466110103713,4.629148502987771,8.325936100966338,1
13,6.185702896409321,4.351135495394469,5.424812940855811,6.1552505612293515,9.027347619352637,3
141,8.441806201837279,5.416082952626695,4.650513010527236,9.872263506076825,4.497590601958018,3
178,5.178847649741599,7.685107988857421,6.069567558758647,5.356272389492448,7.147209166709535,2
59,9.719435463797158,5.491458030635429,7.892996756935176,7.991945174120081,7.269705082650527,1
150,6.371730926310616,8.332241134049708,6.010328800779961,8.895443661635678,1.83510834449771,3
86,5.510435263150245,9.847460075222987,4.242217554636588,9.713462655643859,4.615977560086026,2
89,5.536028883854994,6.158088681823822,9.253864826518026,6.540854326840762,9.32411180844065,2
101,8.400102079500225,9.028248943980405,6.248894727692188,6.028104450117677,4.7782865294419565,3
157,7.521769802984347,7.569596409588745,8.230553814597943,4.703184493849747,6.485883272964276,3
104,5.157925810344389,5.677686274468369,8.141840944047644,8.200009026954433,3.5927505744339037,2
160,5.56879781308632,9.540172712493455,5.449721719887686,8.60651726827189,8.11891458762406,2
132,5.387755553572226,6.958472159879806,6.340081610395675,7.090015312565693,2.140904851442667,2
181,8.743465292321964,7.968861536244466,6.195442428082561,7.786392520566099,7.80854043261227,1
121,8.157822550020136,4.676946189589567,5.027538955323063,8.060670323562139,7.24142159563157,1
194,9.865442384060472,7.567593346153564,5.60833476454411,7.300124511373976,7.412341453934975,1
6,5.971433384032893,7.975158439973319,4.258436465985757,7.638029954082826,9.096204958478081,2
41,6.593123668910263,9.709845953229486,9.773059451388892,6.8941887371032795,9.36069997972794,3
119,8.834670559384456,8.007808291913246,5.859158994907094,7.78887484527796,7.138809581651016,1
123,5.676735244257358,6.182665982464648,4.812217619905942,5.0510604259752965,5.07224534739046,2
32,7.849163171698539,8.839895096437415,9.333947784837335,8.196391512882858,5.01582538748259,3
169,6.171483148995948,9.966479555924776,4.061129504789922,4.45106814852736,7.209594888139559,3
90,7.5092955979848846,7.354315797230428,8.523615768891352,5.967843356630254,4.440860629892545,3
138,8.129410475725908,7.329443311339523,8.128842377635925,5.036689931773875,7.116903957113,1
166,8.92213468805078,6.177599926328652,9.716241652567975,7.314543857200146,5.404475739210506,3
31,7.1275822944366976,8.74397711194249,5.687486305549784,8.528124739380782,8.95000399797763,3
82,9.068979548457182,9.226430736832835,7.197642122190901,4.6963945756541055,1.7938867315059306,3
41,6.593123668910263,4.331551091977795,5.240229940929005,7.973739756386335,1.7241964763825792,3
160,5.56879781308632,4.80696760509333,6.117486355649639,4.101741733822877,7.046832932489147,2
98,7.596557017299794,9.538602800373496,4.671558571524688,8.944106311390481,2.7116937827445193,3
135,6.366789658217469,6.163993993732991,6.492966364567433,9.54257009675154,8.034654130414495,3
130,8.74937705872006,9.193940740118649,4.878158533064459,9.861706056332466,8.825674391425764,1
79,9.20592812448436,4.416385755222478,7.137566873907021,7.323378346245345,5.888308065013547,3
45,6.901657526479581,7.042975998443639,5.015974629029698,4.154044327518784,3.578082292007388,3
124,8.611318444078583,8.706811055567037,6.310336246489475,5.779977363072792,5.972701496071011,3
75,9.320207338150581,5.777648008145098,5.133722190366271,7.241570432234086,1.158010773662295,3
58,7.7055046755701495,5.846260139208637,8.419508934543707,6.885896167257719,5.736823818404864,3
139,9.379500562747698,8.013612796629364,9.046303119598214,4.886745716723826,2.74435399624915,3
99,5.518103919721187,9.8932706331428,7.225482174239433,5.467944663390227,8.20840598285822,2
120,7.820647147057283,4.222232659980044,6.336636122917989,7.233894063094041,7.855714637232072,3
54,6.513098283378771,5.048832878575085,6.086467781632044,9.355296497003046,2.721686471150908,3
15,6.841760984788225,9.023105242136204,8.92543404606459,4.391396816405408,9.449629851324215,3
126,7.045080348424406,9.225804057821938,7.955419812966298,8.006471835340712,9.060515507063055,3
93,7.405793470280351,8.837855942688318,9.776966657104108,5.870325865072525,3.2594911119309726,3
133,6.258708798275734,6.702399072787287,8.273683656341007,4.9838206406138355,2.223025963324018,3
81,7.123155729785311,4.852359401489967,4.90679987654365,4.080871966346727,8.993134421211172,3
93,7.405793470280351,7.768313358163432,5.974690928106336,5.860363949173656,4.4438786161294255,3
146,6.174235528111458,4.977445354389779,8.954601640808535,7.246743640054106,1.7074302092863025,3
44,6.212218539862171,7.953704856086348,4.58015255940481,4.12355308246617,7.416886024041443,3
76,8.810436270289317,5.317818962024023,4.9326660039659185,5.016107697772006,9.186871846053698,1
55,6.930256875651047,6.640906613205563,5.432662656250554,5.766609208406049,2.194904180840508,3
1,9.787212979203904,9.361271697275676,5.94255677361402,4.892748629478957,4.230577314273797,3
71,6.65115017753236,8.288821429030879,9.22202187408211,8.127186428789711,1.5309331630883722,3
129,6.670095323391459,6.047039209867896,9.554760332188756,5.89168063012702,7.188191410666321,3
50,8.513075817465358,8.407125837003601,4.783627428176113,4.712353295363759,2.2229872374331543,3
83,9.37492609647757,6.525826138448627,4.065344349878199,8.365269897062761,9.2891686578705,1
172,8.997647919627553,5.956591998931288,5.2712812325135605,8.38004153994003,3.1193908868658213,3
5,9.96055862054601,5.552322465370815,7.266658904047084,7.3678280246319385,4.164450270483851,3
133,6.258708798275734,4.704761017682887,9.980538181379892,5.000533336254052,6.704821715409151,3
31,7.1275822944366976,5.692825933147788,4.048786828672762,6.140331259421252,1.0668262025518482,3
183,8.728111041466894,7.708125135053708,9.814776594247276,5.533324612178246,4.065419874268805,3
124,8.611318444078583,5.973185367094321,6.892171305142674,7.309408806582685,1.73188339968369,3
65,8.044078742561966,8.638646544170042,5.50405149374806,4.68549362608657,6.866775107965585,3
92,6.775179108822218,4.604365416944167,9.066885054290172,7.852662979455,2.7904266899513526,3
10,9.211645185032863,9.629405358036344,7.830289938219558,9.353999056252906,1.6732621202651137,3
111,9.80562012247282,8.204013339756742,7.4810105980602275,9.668675242413467,4.111739068764372,3
189,6.171206606958627,6.949581062268304,7.11499275971395,8.49538848685929,1.5985214274364221,3
52,6.177960939668009,7.563404234719534,9.053171780860195,4.432021436472994,2.2710280582402356,3
112,7.937974381112131,4.818505727012557,6.554059887192724,8.897832291907784,2.7541516689689702,3
57,9.958096763230438,8.135930406613554,8.809331631884993,8.368823137425508,3.427485925374473,3
36,7.134912483591247,5.4349370763995175,4.765497821256337,5.4188981738902555,8.961458492986818,3
104,5.157925810344389,5.857458384175782,7.97314373675127,5.092905121779608,3.979714255489971,2
38,6.657864670871041,7.546921341781598,8.175117918639547,5.7218822272597345,2.568512706575021,3
98,7.596557017299794,6.190692012728702,6.789670547555653,9.391248033364102,6.020331726958297,3
168,7.510111025824367,5.6137545486121025,7.981140294561979,6.426043137780862,4.796020380413335,3
144,7.071004501426242,4.362071131726347,6.586556769031169,9.87065844477273,2.2436555574327968,3
169,6.171483148995948,4.262229039402246,4.721360824011425,9.500848413396014,4.314700100473319,3
146,6.174235528111458,8.308477932393206,6.264302671335756,7.164339919679836,9.439817912965268,3
148,8.885898188246172,4.519772903625561,5.942279581785819,8.013989525562708,5.963340165344209,3
180,6.227527990095866,8.4100560645889,7.10899459403668,7.636551219528222,4.987424540745943,3
0,9.777418344772451,7.822682378580275,7.265427058210668,8.193862889776122,8.471152236218288,1
196,8.553534508523576,4.85859766751844,7.498955498667565,6.3812404461155605,3.283610474758376,3
161,5.8244389685826174,5.215811279653325,8.968261730346086,5.832167610916782,1.6851089874889829,2
127,5.177872785784958,5.207683342284177,5.499027983775444,7.365220182959406,8.532230318224567,2
12,7.189200037734564,9.573470331408991,8.317047352719264,4.7736127518579945,1.8087264212373402,3
170,9.289793523879457,5.698370080701797,5.795691280832112,4.947807408661141,8.931442129564687,1
39,7.8403924068402695,6.095511059802092,6.677979861658024,7.661132677343998,3.2935646985301235,3
47,9.878968344175936,8.325349003621646,9.486815814873365,8.628868610124979,7.854732617164832,1
113,8.015168388769721,7.258263641907897,6.325900996934103,5.433106069524763,4.980569043259763,3
4,7.755668506592267,5.246171805773338,4.018763297887787,9.987657988938437,5.198608674280663,3
193,5.2887655777894205,5.14249667812269,8.86208746308202,4.899155298404286,3.185939093720439,2
131,6.783551822346323,7.633553471392018,7.391717765802689,9.2023529238457,1.1722530380815686,3
71,6.65115017753236,4.031097850972855,5.435382814381261,7.2434433727836245,4.12821180034877,3
166,8.92213468805078,6.227184337707669,8.32944491805119,7.408527313823248,2.4051224374287896,3
109,6.3894818449493265,8.437132438169929,5.7973375802567055,8.325366688435974,3.639064724197899,3
160,5.56879781308632,4.81115621932298,6.3551198672037525,6.689351557589101,8.64520953657022,2
26,7.176743863352343,6.7251631566709325,9.92821067558387,5.616359595955061,6.870287838962812,3
81,7.123155729785311,5.186449943889628,9.445365909539962,8.617785121341289,8.013696373557256,3
59,9.719435463797158,9.377894435019476,8.334262647826407,5.133595505094501,4.650431914624604,3
100,5.691655429584434,6.259032472944076,5.1830696034095265,5.814563929982496,7.116675513000234,2
187,7.189524967658304,9.815798303550599,4.782213970596467,4.91665010054535,4.63502602587264,3
64,9.380453631149415,8.046448530884263,5.251253998324445,5.9077154431989,1.5046235061113626,3
168,7.510111025824367,5.299672432124809,5.757026402335637,4.491336080839014,7.174685316528892,3
66,7.654792772104553,6.055391310575002,6.657005103638461,9.487655602474874,4.3432674336833745,3
1,9.787212979203904,7.745173523449519,8.443824878082143,4.120494528002601,8.90527667412197,1
23,7.698928079306608,5.207166216814187,6.784563225985551,9.682730703676187,7.163074033804045,3
40,5.825629158595894,8.983395687667576,8.705541467803277,6.5202405784355575,5.48053034954108,2
176,9.906808108199499,8.105910596602165,5.8865412212465085,4.235360077837135,5.095593584635401,3
196,8.553534508523576,4.0505491797613065,7.677943431173242,8.554878988344926,5.789804997611723,3
162,8.77868034013279,4.885371649810274,8.984282412865605,8.585308714129884,6.997177440005348,3
96,5.754875822168611,5.185224602695133,5.858978353438391,6.809441953068427,4.244617465232173,2
185,6.458346353748869,7.362276041829462,8.452902277265183,5.251177452167426,8.21149853155677,3
173,5.163026931482154,9.774940029288487,5.239831387164214,7.923522530651056,3.7707817129483607,2
54,6.513098283378771,9.70438674696356,7.344834094456093,9.548249655646897,8.252660263861817,3
185,6.458346353748869,9.002764144120373,9.353988177349933,6.409373675912272,1.6959974327504193,3
138,8.129410475725908,6.475322928493825,4.174954716554616,8.962937291665593,5.6664909624376305,3
145,6.652801108216075,4.322750817628413,9.212208745980353,6.55075425167206,9.04639602116966,3
181,8.743465292321964,8.85363568189834,5.111194535815525,5.961393876650448,9.385434796610218,1
79,9.20592812448436,9.958543045313201,4.879715402227614,5.6803000895535085,2.954801508853012,3
98,7.596557017299794,6.482427145011455,4.769987056791706,8.265167603946338,4.316293174788924,3
77,9.78278904509287,6.671421531821615,8.501998561507294,5.048248481259803,4.54751276437842,3
42,7.5374678789965,5.401639126202478,4.773040302002464,5.39102450018372,5.829360371754915,3
27,7.858317981207033,6.956184274002749,6.338871900856137,6.889874863930265,6.879437743762126,3
47,9.878968344175936,7.902966081809394,6.6842697841106355,4.3685780742790215,5.240686054325298,3
60,9.094134577575858,5.373834455513793,4.136701143797133,8.00302356377375,3.7473510912773556,3
148,8.885898188246172,5.108274099065827,7.305389352432209,5.528240837724754,6.844179219387061,3
99,5.518103919721187,6.4655339399121186,6.2499884689502165,6.359514801737662,6.474865850204806,2
173,5.163026931482154,5.041302072677794,9.970197325008773,7.808727511442486,1.5770123207311284,2
157,7.521769802984347,4.120497868577228,9.05168921285232,5.502692495642016,2.3493953747336196,3
44,6.212218539862171,7.908770144538957,7.010787075969205,7.340838614533089,4.674982277244265,3
21,8.851582324214855,7.07523215548289,9.812289101459157,7.5721924440909705,4.338402643310013,3
71,6.65115017753236,7.43419060049457,9.095429576754034,6.711328744837168,3.996900665103784,3
155,9.96211257861654,7.63075498822062,8.977500057482798,4.245398364426171,8.140188166595065,1
26,7.176743863352343,5.355837288828389,7.931363000198807,5.223547536302181,2.379296083008876,3
134,7.361497716494816,9.007288104182237,5.475045414225594,4.389323701193209,2.545672372951781,3
38,6.657864670871041,6.189869594364624,5.765145082000283,6.028050162864437,1.3443605053733179,3
134,7.361497716494816,7.124312973240082,4.676099973698262,5.876613570444942,6.960582140808414,3
168,7.510111025824367,8.593351170987717,5.571239691515069,6.856801397707024,9.99791111410566,3
81,7.123155729785311,4.4003027865513475,8.730505573946854,6.57585541468662,8.712427460146007,3
8,7.185195757873304,4.8995233282051185,4.759950507121288,6.325449064000072,4.307272067421544,3
157,7.521769802984347,4.760372411610018,4.7149538945924165,6.270022114234811,4.929201788554934,3
117,9.130128381110506,9.315389577876772,5.2074468199613655,8.269872500988926,5.464438680614899,3
115,6.820012886411879,4.88518846370173,4.624157895155153,9.623545829276104,1.5217775967846134,3
122,7.2602941274075325,9.560738367600345,4.318154296522297,5.209170034760172,9.077666612865672,3
159,7.445188753749811,9.742059084963907,6.533086762375981,6.351529070476817,3.569336708484955,3
146,6.174235528111458,6.643315220626917,6.837492701096071,5.587240810087747,6.381097277953783,3
61,7.812851367460954,5.467336450591459,8.576953606522519,8.112292830764144,7.706067771657669,3
41,6.593123668910263,7.574750293345521,4.843918936979419,4.380977085391576,5.151511800744722,3
198,6.1432464377325555,8.913263412599697,4.992583521635922,7.955845028807582,4.862980895948107,3
71,6.65115017753236,5.16561875823412,6.791291740497148,5.020731772000934,7.328644282642252,3
93,7.405793470280351,9.041720268844214,5.109962408756305,4.529299230999613,5.872285551894787,3
76,8.810436270289317,9.293737989279233,4.722563605932384,9.377844969817765,6.986940533437928,3
115,6.820012886411879,8.326638290087358,7.464050690097356,8.3033763030279,7.017408696344312,3
65,8.044078742561966,6.929465546634296,7.650812109241933,4.517749310560742,6.247431573519594,3
176,9.906808108199499,4.20928766719804,6.071744599194958,6.101550579244348,2.6786958034467743,3
117,9.130128381110506,7.03998042998106,7.10152392898119,6.380933954172479,4.054564620736092,3
25,7.093797258853025,9.0114273146954,5.891278815071766,6.083486417300462,4.0093949420014035,3
137,8.07597658827894,5.976834876502058,6.975325488799068,4.312508482958043,6.954118945255995,3
51,6.075566518616974,5.683722521132553,8.407610762891434,4.696515879309228,3.1487833164768144,3
131,6.783551822346323,6.5530476753156,7.497137866725497,5.59627737877315,1.9010705989177872,3
7,9.300487360221428,8.295302046764611,7.143878821729171,7.577215039025856,8.875647604737516,1
130,8.74937705872006,8.440950685029872,4.940377025923258,4.619243865678326,8.521880248588744,1
181,8.743465292321964,9.720795079698762,8.752736393970352,8.652087969749257,9.035609683202365,1
130,8.74937705872006,5.201559876640847,6.017229678544814,5.33660345810805,9.287213645538118,1
9,7.705511149037614,4.594007044638516,8.55614560503418,8.269379799689672,1.8471564166610257,3
197,5.065045004526871,8.95086842315228,6.894395117969995,6.004355756377967,4.943208353679733,2
90,7.5092955979848846,7.343822672213778,7.8992945964718615,5.442248975182661,7.730189144941891,3
5,9.96055862054601,5.674778394062804,9.983044235758403,8.212137286725333,9.78168451328236,1
161,5.8244389685826174,4.0555802991952605,9.26575801355618,6.420991089184966,6.895884124202306,2
70,9.594581845162619,4.851991700445053,5.245804834535026,7.760289524773541,6.72649310598331,3
120,7.820647147057283,5.438220660098125,4.069279335661071,9.79876548794368,9.414537879772773,3
0,9.777418344772451,5.221994784727175,5.751993527055822,8.79107822936125,7.052034640256753,1
140,6.712984950098588,6.6052625390871995,7.011625788646043,6.953792762094935,5.763744456661974,3
144,7.071004501426242,6.021427259173935,6.9951269762209485,4.552173841509098,2.1999886137128657,3
114,6.668692684187668,4.4395470463467905,5.746529118761648,8.177101818115514,4.517804677693339,3
53,9.687633306363871,9.790500780852458,4.639664651016288,6.080777764450346,5.941899606423504,3
76,8.810436270289317,4.695121173133993,8.275324044858248,6.6482742469158955,7.055212175985322,1
71,6.65115017753236,4.376411607704317,8.173898919646618,7.708698642080488,5.928579452624861,3
9,7.705511149037614,5.028511686624524,9.893939165835214,7.678166373267082,5.561224489242897,3
46,7.092361093851638,9.836418831561495,4.666069544480826,5.830547829690815,6.710357524215657,3
160,5.56879781308632,4.2318161029995744,9.864501015821332,4.247022822635973,4.57597409814411,2
111,9.80562012247282,6.066742970690567,4.257347905397358,7.695123531277148,3.0681756805258793,3
116,7.027764224757414,6.281600083270915,5.966676451858465,4.918812785486033,4.522732474044744,3
133,6.258708798275734,7.116881930010807,7.7889283305002435,9.831497572053511,2.021784769870078,3
82,9.068979548457182,4.2970226429129585,8.993991459541494,7.0274925791393175,9.805010586951521,1
69,8.717191579518087,7.262815507386461,7.823670110770396,6.98147855101636,7.249530084079137,1
140,6.712984950098588,5.233340596621492,9.35772674516127,7.207958805797682,4.553305029752844,3
103,7.065037509667446,9.067178548409329,5.77427107737929,8.265211460408892,4.098442825956779,3
80,7.614352003371384,6.696518081756383,4.478288161954062,7.221528485661324,7.819074628958322,3
63,6.739804860421499,9.912844450313951,5.198494990417657,9.618589597658769,2.1792918573891096,3
124,8.611318444078583,5.2245947745253325,8.946252173611123,9.674115088879361,1.303971610736466,3
50,8.513075817465358,9.413529157305785,7.856741916862087,6.468833054112687,4.196228845010575,3
151,6.919831463136601,8.480674772388596,4.442006350386209,4.493137095085606,2.896201226552554,3
6,5.971433384032893,5.257924599727314,4.269801897367822,4.490249946705012,3.6251347853903795,2
169,6.171483148995948,6.5165627512571005,9.971572787010576,8.698681586066758,3.9802953592639136,3
41,6.593123668910263,8.268428800920965,7.738627779092636,5.917203154162876,8.945887043250913,3
23,7.698928079306608,5.43042691292946,5.1137829107193795,5.881684944974628,5.8548523708338704,3
146,6.174235528111458,6.365178357930287,5.662923328736393,4.760837160512598,7.508435573777411,3
70,9.594581845162619,7.392049612936262,9.3814928948361,5.654146109245049,4.595401661675921,3
102,6.332967430899628,6.034074891411123,8.943872188584567,5.721651651307603,7.738857982369512,3
59,9.719435463797158,6.676021700732497,4.054425099003553,4.346653673303285,8.01054244192515,1
175,7.336466630010693,6.681641152788799,8.099512961336199,8.266678292181494,6.571509235446182,3
22,7.577113673932021,8.907865512479827,9.446908351685646,5.237812661123736,8.180337300446176,3
68,7.761228768767385,8.509549168711455,8.721992762523838,7.875094809487692,2.86791739430647,3
176,9.906808108199499,9.506001903094184,5.865070544542649,9.145357056092266,3.9173659599659842,3
134,7.361497716494816,5.2858379320546165,6.37302719816355,5.582685071916488,6.142847461827237,3
30,7.199787423195821,6.904508929305684,5.29741886696202,7.649537007400237,9.770795530540928,3
196,8.553534508523576,4.5421091636365265,9.429834330620404,5.481896307639334,2.1993190433342176,3
29,6.72431919506665,6.581784699733554,6.773283617669633,6.412050869779594,9.881603286666715,3
105,9.303903516638126,8.65915391571102,5.616784827285836,8.255580471523205,1.8603299613764834,3
160,5.56879781308632,9.213030580779177,4.20104992586268,9.152059417024784,7.181651709837599,2
9,7.705511149037614,5.170977753326591,4.5627097520293045,6.216593530092011,4.822639271529276,3
185,6.458346353748869,5.45550120193612,4.225826559281752,5.921384567002279,7.650373145785775,3
17,7.405691900791038,6.042943650542112,9.767440568806103,7.008912571972624,7.133643481605277,3
181,8.743465292321964,8.357604870287132,9.943802244521525,5.204844322625127,4.801570736024983,3
88,8.86994828308831,7.70488449660936,4.502164300355289,8.21453327317186,7.178949016744185,1
108,9.248031525285194,5.794559728930993,4.126332642811491,7.993106645872719,8.524392973958626,1
125,9.543480814954474,7.701330919442055,4.166048903165703,9.04736429371194,7.951088906924445,1
89,5.536028883854994,5.5347530596498515,8.759382874995813,7.5937665217859145,2.0059625760407265,2
67,8.837230164604852,7.895533194725057,6.967201449055961,8.046060464200663,6.770812574128182,3
80,7.614352003371384,7.1875122955368065,7.725482304407367,9.729825239809566,8.173742248820002,3
12,7.189200037734564,9.409227030661562,8.385660247829286,8.55543415320065,9.88385356304446,3
167,8.73051685297563,5.528806735743657,6.626325046796731,9.75949724675181,9.001388918276364,1
130,8.74937705872006,4.060656778435454,6.91359921289034,8.86483648752557,9.681685216718835,1
190,9.635531122973106,6.879505817764031,8.974777805043674,7.902371143137748,6.249964808729513,3
51,6.075566518616974,6.488927696725725,7.512123624458633,5.898800859295172,9.079015649328587,3
118,6.375157363911033,6.10502429400831,8.640566228345378,7.633970420313134,7.009660620501329,3
0,9.777418344772451,4.407706399469522,7.763381634091729,9.97161280805667,5.252521752481706,3
164,7.138099984312166,7.487007846615555,6.5363018587412665,4.315207751316068,3.832456411852001,3
51,6.075566518616974,6.073041727502257,7.085682611918807,9.480393843067713,9.05633591236675,3
35,6.145263379412153,4.638132364850226,9.95902001763736,4.1189442573143165,5.83950140022668,3
25,7.093797258853025,9.09716269364701,9.886539555099016,9.073906835763424,3.90178117734407,3
126,7.045080348424406,4.597782219086885,5.717528091354118,7.448200960767468,6.061655701896499,3
96,5.754875822168611,8.540211446006168,4.371940306412192,6.174931906136557,9.046962014840533,2
195,8.431709261639735,4.112720730685483,9.014107295787772,5.089387802688271,4.514043426589662,3
62,7.781935256474705,6.897183381332653,8.964998331525146,4.025737642939326,7.432656385236381,3
73,8.637668421468131,5.799290529717999,9.826080456531688,5.746623058137084,5.441943456414085,3
11,7.73632603580448,9.370964581767343,5.918323370596098,8.87787303183374,5.456109515418423,3
36,7.134912483591247,5.583930977615461,8.257377821974618,7.61157763641095,7.140608554608363,3
40,5.825629158595894,9.321933444928018,6.157635371088053,6.059218246188387,8.601914763582169,2
23,7.698928079306608,4.202253604640941,7.357737115824412,9.043689190410284,2.624520216657677,3
129,6.670095323391459,4.090393450685767,8.499580808234729,7.867775525360939,8.904773508627517,3
108,9.248031525285194,6.9184403315138345,5.277122520340604,8.418325097314327,9.834766958527931,1
50,8.513075817465358,9.328962494942935,5.115529175753704,7.560732208381823,5.412835565468766,3
128,8.0024055865564,8.626213824814108,4.257257842577601,8.757189282321061,4.752234984971408,3
92,6.775179108822218,4.4676646950581596,4.919614305847955,7.858317993545541,7.315053018139545,3
55,6.930256875651047,5.729392065932607,7.601590958329995,6.739737889270157,1.5445181275346533,3
77,9.78278904509287,8.082515243374678,7.703837452326141,8.02219011490407,1.5076557316127888,3
150,6.371730926310616,9.994620825440077,4.493998168727938,5.643630150824428,2.5097414422929645,3
135,6.366789658217469,6.337719073003479,7.589475312213638,8.337838020508418,4.088568351883541,3
72,9.421023382389151,4.763852674563475,5.498122894381018,6.7875044533417315,7.635721865149478,1
61,7.812851367460954,7.3275127358297905,5.429415674148568,7.6049089581458595,9.360234159798777,3
67,8.837230164604852,7.427780785890672,4.560840881014599,9.964803005343883,5.582542940730529,3
44,6.212218539862171,8.72239659029154,8.048341014550203,8.680511376784494,4.542997686116063,3
73,8.637668421468131,6.653518186347836,9.428946260365997,6.580647310965567,7.925580839803876,1
104,5.157925810344389,9.955504242390818,8.225926937142026,8.417456576892071,3.138533960426272,2
56,5.878938747012993,5.948002594512563,8.35265216521211,5.92817192427983,4.814037162073756,2
36,7.134912483591247,8.06981913165325,6.268546436389535,8.010457257079754,4.426153381502257,3
60,9.094134577575858,9.068289783256422,5.646022302304021,6.7774044950863495,3.375490483335865,3
49,5.358528420763136,7.720092493360717,4.867600328348358,4.693052344235143,1.2006690823953914,2
85,6.074060506057028,9.421179029404577,6.377873368274113,9.398139222528776,4.921652106318568,3
194,9.865442384060472,5.023010045284168,4.540334619876075,6.111322815958359,7.668849921654601,1
122,7.2602941274075325,4.90539047992411,4.925911835007432,4.94898204502742,8.84835962322114,3
122,7.2602941274075325,7.370635353057544,5.498348519040248,7.305505633126673,8.460360718921173,3
14,6.267339382876608,8.53450055721072,9.083403398452258,7.879219900405178,5.140740778788895,3
101,8.400102079500225,9.838668586375256,5.063492176995456,5.639324758940953,5.503620442169254,3
177,9.97189359234124,4.746054364178057,6.7382469776371074,4.9037558207105825,7.591589682104986,1
181,8.743465292321964,6.364464587146086,7.753791760157599,6.4111006182835055,3.415182070746869,3
20,9.370516078283805,5.478054371716975,8.428469776886429,8.626948176285767,8.371102254291202,1
123,5.676735244257358,8.287180414334387,4.156878258695157,4.407026937128535,1.943685098757812,2
44,6.212218539862171,5.846811516536141,7.169986357485221,4.117539554529863,6.272367150527586,3
151,6.919831463136601,4.34762759178999,4.974022944509354,9.564214801228005,2.390137620275302,3
47,9.878968344175936,9.680060748540251,4.638912583415057,4.801072736335775,3.655355533517262,3
65,8.044078742561966,6.290352594332763,7.222647851524475,4.448108131938344,7.961490207203866,1
34,7.015412542591401,4.336520275377748,6.076474578794119,6.405818446287478,3.0314444792746134,3
8,7.185195757873304,8.485687208629951,9.912749295234761,7.52682925526079,3.2267673723256425,3
112,7.937974381112131,7.3266621899764495,9.600446774106935,4.054291249834005,1.1393224541087168,3
63,6.739804860421499,7.326366965410414,8.543923464145177,7.28032128570455,4.675920369657964,3
68,7.761228768767385,9.276733495328997,8.173617536067367,8.32761030046294,9.468425304349823,3
8,7.185195757873304,9.56016197460859,6.515526008539501,6.240688549219742,1.8925079565426663,3
5,9.96055862054601,9.693949356744582,7.175239097296698,6.96766679102776,2.2394368281603065,3
67,8.837230164604852,6.857162414938024,6.996735357425209,5.457681765555861,7.604418676590357,1
41,6.593123668910263,9.850233350476444,7.64520597705094,7.578760905418396,1.272688903560125,3
23,7.698928079306608,7.760865659133394,8.364256244054788,7.133152844231588,9.32128549674432,3
144,7.071004501426242,7.10914675022505,8.069189517089184,4.037058835632978,3.0521346919470944,3
177,9.97189359234124,7.62006870765407,9.436213023866824,7.293316686302068,3.852413820039704,3
115,6.820012886411879,8.96591009830294,4.659140851509178,4.033723276258761,7.87160624185598,3
150,6.371730926310616,6.561473928160634,7.883577625336088,9.046331863818939,3.829577381441689,3
60,9.094134577575858,7.495386163623378,5.2115037328762135,4.23609146458739,6.039862637963942,3
143,5.546573580430751,5.740845659579786,7.361752443430065,8.371342226533057,1.9511825030293513,2
66,7.654792772104553,7.036550792511037,8.484583384801466,8.32172508783368,7.0741769478920675,3
133,6.258708798275734,8.235364587470801,6.6208359890622965,6.210556585386082,6.138923397365167,3
78,5.268288235252928,7.58278599357924,6.526433991337889,9.704053383729478,3.609827517455627,2
72,9.421023382389151,7.366717084962703,4.59342532730581,7.870504699802855,5.266362922404218,3
23,7.698928079306608,5.031147130852425,8.708552892447553,5.980730125749739,9.26442755794964,3
97,6.545569414435605,8.816872965423016,9.909362260774019,9.282085939838986,3.119856151733836,3
80,7.614352003371384,8.219805135243277,7.503307900163481,9.254737474019594,8.485244871685953,3
61,7.812851367460954,4.981239831669182,5.368684646253569,7.0394070103565385,7.7210759240205515,3
118,6.375157363911033,9.097084035978735,7.403512584684942,8.934282816171484,6.333569466935394,3
144,7.071004501426242,6.222160960978304,5.8389330133378845,8.507568498480158,2.9608831019495585,3
83,9.37492609647757,9.455446486585524,9.09433036875975,7.326821530262668,8.225246749554943,1
183,8.728111041466894,9.419584617667354,4.269574254752836,6.1154169177882105,9.343013543763554,1
101,8.400102079500225,7.08064643021403,6.273280411226947,8.393337217208217,5.588828213694488,3
138,8.129410475725908,5.083648929809305,5.494682096640849,9.848560436270446,9.35515053897828,1
134,7.361497716494816,7.02354540971481,8.699767708231432,8.054628749426755,5.193039401732742,3
99,5.518103919721187,8.57977959922942,8.918518541528876,9.163747524126137,9.799905511750174,2
144,7.071004501426242,7.358857111159617,5.019992323337335,7.038689873782377,9.789734506664152,3
58,7.7055046755701495,8.753755903772834,4.129913467928734,8.38590420701127,9.10497216616976,3
97,6.545569414435605,4.947703411170529,7.9021512439201285,4.694451410344989,8.132848211748929,3
83,9.37492609647757,6.164624237999595,7.719494861160131,9.11331630571549,6.592584583399778,3
102,6.332967430899628,4.973897188514079,8.47751736550019,8.10774041060515,9.478798316974778,3
124,8.611318444078583,4.103833686829015,8.587790303180821,4.484188133826859,2.289801260366144,3
43,5.460138456422569,9.909302184225556,7.258085838745812,6.263135287827331,5.876027184182747,2
65,8.044078742561966,7.270523125815616,5.6352945970141075,4.628865923216976,1.4389624279946653,3
171,7.179313818651128,9.765029332954445,7.253307269648112,6.255397643021128,1.002187257270219,3
11,7.73632603580448,8.263031219341414,5.432812869822593,8.863135630617698,7.91030627604201,3
148,8.885898188246172,8.9811779389063,6.283475956403341,7.825194188436619,3.7126018800439153,3
105,9.303903516638126,7.506586651976821,6.492543725932799,8.518163576825593,6.215628528174651,3
38,6.657864670871041,8.494690292472876,7.515561191588709,8.616165174389318,9.888957971332125,3
79,9.20592812448436,8.00429205647933,5.32495189082857,9.805728460036761,3.2480619204994756,3
161,5.8244389685826174,4.7585557653665385,9.844791625020232,6.665706615277334,2.1171048380099737,2
38,6.657864670871041,8.049163631411487,9.082848447932824,6.671055921422369,7.120099056270994,3
185,6.458346353748869,4.533635143046729,9.354024084667106,4.127446060149797,9.999571827164996,3
163,9.06322875008069,8.081997981038242,7.4783781711469945,9.430829921333043,3.056415839999012,3
167,8.73051685297563,5.104186981089132,6.221321973150093,4.537658487206616,1.7034666205934657,3
106,5.762137971030755,6.016803677857745,8.936266181909625,5.83168395189185,8.431851531606714,2
154,5.548659557849839,8.71186164954243,8.627528525575883,6.89594526952706,2.784462005675511,2
110,6.925424588717922,9.169301959761487,8.35273029960926,5.764750599008157,2.745298330911198,3
81,7.123155729785311,9.762696345832472,7.985894339000444,7.741443535996688,6.868158317917048,3
95,6.271805100318124,4.820378937927586,5.497312622836193,5.46445082317383,6.689134751340507,3
142,8.979435422303828,6.488815544247503,9.071593365200869,4.552810135491445,7.394025296011549,1
137,8.07597658827894,8.320410547065077,7.894381844976293,7.0443615414385885,5.082221509666013,3
120,7.820647147057283,9.217334787949554,6.1024573748922695,5.786211950898171,8.826636935390557,3
110,6.925424588717922,6.350966194457435,5.886780379250611,7.950763449056756,8.576180327824522,3
65,8.044078742561966,5.709248770705141,6.667133957802523,6.5817577530705424,7.871547038693219,1
139,9.379500562747698,4.116644623025388,9.772029657386025,9.08287199115677,6.958524515434981,3
185,6.458346353748869,8.380244755192509,9.592476801967898,6.07137973497607,6.8935041335989125,3
16,9.356087116026146,4.7131320107219645,6.8784683995647065,9.52482077720801,2.2720218947355053,3
169,6.171483148995948,4.146544949106065,8.952108555973135,8.319292202952639,9.857559520157618,3
144,7.071004501426242,9.431460870658348,8.147392290300548,4.341062631103222,2.1665515432837594,3
195,8.431709261639735,6.620565097905874,7.001026871347332,4.81581649902828,6.084101199401602,3
112,7.937974381112131,9.055193046050338,5.752201516495372,9.950903300138126,5.24284695462053,3
53,9.687633306363871,4.305922646190022,9.82730477193936,5.930447981092183,4.3265144336138945,3
193,5.2887655777894205,8.540089200055315,7.288607316278146,5.545959501482956,1.0145569781792947,2
184,9.245828025808322,6.959326276569506,4.836917533328099,5.295915475995191,4.610169856659418,3
133,6.258708798275734,6.0954122419394015,6.698125797434566,7.675863901529905,4.475718806264794,3
181,8.743465292321964,8.39150734305753,6.170595314731951,4.583342823179834,8.26447539630891,1
60,9.094134577575858,9.290671657686337,4.694148367932494,7.131933429638123,4.20903772588584,3
155,9.96211257861654,5.696873281372053,5.912071704516818,8.90448524067967,4.349862988381213,3
86,5.510435263150245,5.176311949867655,9.307409617981309,7.287360040670028,9.32823929454023,2
96,5.754875822168611,5.47115520592329,8.388126070847449,5.503402082981638,8.92074216074985,2
50,8.513075817465358,4.008498252071894,5.765377477565592,4.224066020498995,8.230557499595346,1
94,7.41889509745395,6.134473316669347,9.72570107206375,4.029696914127662,5.600778839610372,3
110,6.925424588717922,9.637677507796898,7.237700039473268,4.490150285753911,5.407558933578352,3
59,9.719435463797158,6.76803397500176,7.486556905965774,6.806157506352424,7.119088137402587,1
54,6.513098283378771,5.696448423315122,5.196106070470364,7.205789365180545,7.165210949627762,3
183,8.728111041466894,9.54035871504014,5.419266588264848,5.291691042653561,6.448491047549862,3
76,8.810436270289317,6.50546963314479,9.460175533461445,5.067233292260964,9.69697584963773,1
20,9.370516078283805,9.903105837037973,5.236035688764997,8.251853120098907,9.021902686196961,1
115,6.820012886411879,5.1731945343238666,9.268454977141914,5.860061966088686,6.528429104287973,3
189,6.171206606958627,6.415063798193392,7.384769093694761,6.869371237605617,8.561270727862835,3
42,7.5374678789965,8.264675198783838,9.49223967068178,5.15636842602602,1.5720540567164114,3
65,8.044078742561966,8.204836490321911,8.387636393760978,4.051228801394175,5.1449664173130705,3
191,8.603057873628071,7.023804077903422,8.661625614947159,9.776691283263721,7.5827145520172845,1
129,6.670095323391459,5.2983016394754525,9.680217954903027,8.616187066300263,1.0754750345641204,3
53,9.687633306363871,4.690659732478341,7.025664613503633,5.5508071440245335,4.9501668223999715,3
100,5.691655429584434,9.712376682176663,9.762617892812475,9.252621403243852,6.803804762989087,2
195,8.431709261639735,7.726107580643052,4.117075190004336,8.102246567557215,1.4239010680652346,3
104,5.157925810344389,6.296483782095473,9.938483946067986,9.820671629154475,2.242155626448348,2
37,7.819731068380294,9.856067390075342,6.787358851560503,4.339529719724453,1.0150071334981514,3
109,6.3894818449493265,7.63383820460476,5.257754208798618,7.018271344061433,2.347008860956686,3
75,9.320207338150581,9.727593160645537,9.885118883668659,6.252255106370055,2.8592237204543376,3
103,7.065037509667446,5.487584555539774,8.101794895692974,6.0715852611390835,9.961212168513878,3
179,9.187741239673478,4.0730518788223655,5.6173955774167865,9.124159577778713,7.7689055351575265,1
189,6.171206606958627,5.947289874545795,6.428367229557816,6.189536413891447,4.363990855087733,3
102,6.332967430899628,5.74813537365149,4.92060182708836,9.18641583004121,6.795631725702942,3
126,7.045080348424406,8.862027363445502,7.6178868502666575,4.76658926804995,4.282919091008162,3
95,6.271805100318124,5.584229500448538,8.193988600153537,9.531554271716717,1.2547560226257024,3
88,8.86994828308831,7.239685197412923,7.204077575409282,4.514443337642753,5.148304142851271,3
38,6.657864670871041,8.899138090970647,8.171842830094814,7.510233185405153,6.56379731043191,3
79,9.20592812448436,7.670642994819411,8.632608256946806,4.939286044800957,9.22399112990865,1
25,7.093797258853025,6.931796136779187,7.93931432030249,8.480014481358534,9.747923619800755,3
163,9.06322875008069,5.249389776533728,9.443194438750208,5.971675620190385,4.849798695303268,3
30,7.199787423195821,5.978759967006439,4.516925234050309,6.473126242695281,8.06303121917098,3
115,6.820012886411879,6.0755293025863555,8.89781191354271,6.434650801011997,9.636184341356307,3
114,6.668692684187668,4.458445853012,4.874966249649977,7.541670324975279,8.159777165467013,3
165,6.080839371421514,7.016855940622562,6.789936164524942,4.52006510790589,3.777896017380571,3
198,6.1432464377325555,5.07833830536148,5.385268009180338,9.499081334870057,2.138193845620304,3
167,8.73051685297563,9.327678661907836,7.923742836424608,5.100027643363921,5.180247588670417,3
51,6.075566518616974,9.059476101766444,5.368096936795313,8.965551922105826,4.555905698826571,3
37,7.819731068380294,7.1864212560858425,9.34203673525516,7.2928004398591835,3.2295390286222516,3
174,7.931804579191857,5.716064563710665,5.647963854167499,5.611016086435034,9.68940640521054,3
26,7.176743863352343,5.440045095554939,8.128312543622872,5.422793138938439,3.7475644291402337,3
46,7.092361093851638,7.963733171083144,4.825800357700694,7.377729810905975,8.118246352771331,3
174,7.931804579191857,4.333156519318409,7.26705321447828,7.103154198575787,7.935659223388198,3
82,9.068979548457182,8.799102199737774,4.287457228176171,7.035965282643527,6.015805866585869,3
6,5.971433384032893,7.172399836145914,5.912193372114912,8.174265764271304,9.698538436176342,2
36,7.134912483591247,5.189433225030129,7.625463592197979,4.6943707982188485,9.73726013738464,3
195,8.431709261639735,5.8820443513617855,8.52824649301221,4.819787965861482,5.118713969762351,3
102,6.332967430899628,7.245351719634996,9.463180485363711,6.329373535811822,7.5417464825202964,3
173,5.163026931482154,4.384178657060492,9.562771736124041,7.550157884202951,8.424848126013465,2
169,6.171483148995948,8.968124842301023,9.489000454542795,5.4040156069789775,4.895371446249436,3
93,7.405793470280351,4.569108721966413,4.871955942561686,6.701802746244576,8.231026097339146,3
76,8.810436270289317,5.420090510092239,9.799576583288545,8.595041804696313,3.6374503208891666,3
197,5.065045004526871,8.193040191216344,9.675390793976396,6.4178371784453185,1.752796904132754,2
196,8.553534508523576,5.173210040635578,9.392997231695468,5.809272123834349,5.1701803760211815,3
18,6.424184245198106,7.784786317392749,5.161812688937417,5.244754232310477,9.112654865928242,3
18,6.424184245198106,7.016475393939656,7.27447221743644,9.168833035631899,2.772348346086628,3
46,7.092361093851638,4.8704316676240955,6.152365177390967,8.029992455427037,9.092241906584611,3
190,9.635531122973106,4.223595158231647,6.677336760438511,6.30880119155244,9.611513627772158,1
117,9.130128381110506,6.219885131507008,5.581062984452741,4.4784836214645605,5.98009900102135,3
167,8.73051685297563,9.783209896491272,4.354114694867465,5.656197190855999,9.313698607619099,1
157,7.521769802984347,6.428892952753728,5.106531368719633,9.047540994015911,2.3875436072920966,3
87,5.421131620337404,4.657364468302312,5.773523987358174,9.554995526962575,1.947346260674376,2
147,5.039725220460466,5.38161785314972,5.245900130056594,8.08236745164492,1.8519385136573,2
2,6.260302695003954,8.242521207093816,4.370068105091746,4.979118432063518,9.426744890327074,3
124,8.611318444078583,7.4629222979904695,6.300815717496784,8.25016636252932,9.077361781681166,1
170,9.289793523879457,4.61341149047571,6.236811432667481,5.683650541607976,8.895306760205884,1
183,8.728111041466894,9.663810173764556,6.705768337143045,8.193186292076703,1.0650981583707317,3
66,7.654792772104553,8.936245922752901,8.204084983846574,5.758264209534636,9.573124994471481,3
185,6.458346353748869,4.566660890340172,9.184134699391482,8.391025242888077,3.094600465871075,3
145,6.652801108216075,4.4139892324001915,9.56356932908099,9.105513916374782,9.307434666083116,3
198,6.1432464377325555,5.5232029035175225,7.786969503316354,6.568688573666115,1.8978997779799607,3
48,8.688393709843488,8.980503145540908,9.761975521612628,9.11210889898697,9.025546241759445,1
146,6.174235528111458,4.335851453741065,9.63270523702326,6.225428456400881,8.66716357066672,3
19,8.595347545871899,5.215060321847391,4.914340623446472,6.412023710514878,4.656896152277607,3
185,6.458346353748869,5.4660469588154434,5.665491285444513,4.979445217635693,6.502536929613954,3
21,8.851582324214855,9.561547175432413,7.143313590856893,8.301047324481488,8.86058370197281,1
3,7.443652740400783,5.92451466361422,9.302943920944534,9.93581137478955,2.0301892856995285,3
80,7.614352003371384,4.936269312416655,7.407621037839685,6.558033841067914,2.4989627557816907,3
105,9.303903516638126,7.460605196131146,6.035351906470727,8.703099025126953,8.57716948440223,1
123,5.676735244257358,4.7154408144736095,8.472157573522143,9.159641825499122,1.107421815671919,2
43,5.460138456422569,8.547699764834515,6.0478127631070375,8.494083283125926,4.67728833085214,2
64,9.380453631149415,6.437803612037892,9.775881259613172,4.170576092631116,4.81760477753647,3
131,6.783551822346323,9.594151502390632,8.668134625937396,8.492068052316533,1.1186547574851557,3
52,6.177960939668009,9.941233297738702,9.994686213766629,4.4937047448876895,3.175159268201156,3
62,7.781935256474705,8.234453347543184,4.599764468385603,5.206209328349109,4.290914440018935,3
192,6.529563339715336,8.486403140834788,6.991811659512493,5.660578160506978,9.939539327365553,3
91,7.120491355129971,6.395577061332994,9.274846645065598,8.143407609027106,2.673509523925075,3
49,5.358528420763136,6.234461795333683,4.759872093709929,4.633499762935302,5.2812628122994125,2
51,6.075566518616974,8.733409226078148,8.17155660760642,4.554309819190093,2.1216355024423637,3
97,6.545569414435605,7.263844897125863,9.94286696600729,4.3535896093252475,2.0433168450687194,3
155,9.96211257861654,6.948724193524884,8.413788238519553,6.589706060076237,7.666959352041926,1
156,7.208806355264789,7.207397933875868,8.617536498776522,8.383425477372612,1.3241444851010618,3
16,9.356087116026146,4.889543864485725,5.57886513625908,8.036231222725938,1.1753991887628077,3
73,8.637668421468131,5.9736097239387,7.978406692055254,7.71348422493312,6.861227906288747,3
30,7.199787423195821,4.930665607025114,6.739110439362221,4.323175722196221,6.053966340431204,3
89,5.536028883854994,5.6661972549149615,8.692784361280555,6.4265640045628505,9.33816779282714,2
84,9.461275981281013,6.296354484315616,4.645174606336981,4.635477220907166,3.373824348504458,3
41,6.593123668910263,7.698469976601798,8.92467420607602,4.5056343623753365,8.605562954445617,3
40,5.825629158595894,7.911981318244811,7.32860394097283,4.189996172014265,3.797102449751277,2
174,7.931804579191857,8.790382633610342,7.473318307720677,6.671302459400728,1.1905812355054255,3
15,6.841760984788225,7.119447554052808,8.990764457676113,6.849323739161318,3.554364771014357,3
114,6.668692684187668,6.4774264259138485,9.206820331076079,4.650229086731147,9.66593708361304,3
114,6.668692684187668,5.750591328485439,4.88834334686663,4.1394782922525515,3.261539976955868,3
79,9.20592812448436,4.629133885893342,8.702620347121313,8.98849049864544,5.131231232015995,3
119,8.834670559384456,6.936322188104778,4.036974145205001,8.731918136048922,4.271879892408339,3
34,7.015412542591401,9.405606506468647,6.077426141672824,8.16395863404653,2.756918488806676,3
189,6.171206606958627,5.584628869369222,8.709511673587485,9.686191567404794,4.19496310016909,3
51,6.075566518616974,7.955133251476996,8.409065001932323,8.21580403479474,9.765177956713364,3
158,5.823378789517678,5.263887564849257,7.2564947770045976,6.686815365795741,7.914214583415629,2
192,6.529563339715336,7.562364792016198,9.023783507787162,5.562880189956362,7.778337335097624,3
121,8.157822550020136,9.843067062492366,4.07213374771009,7.401673757385613,7.68429553189772,1
66,7.654792772104553,6.533859244815563,7.3355778067047,4.888404499677389,3.853947834156388,3
151,6.919831463136601,6.076356030928824,8.265465766635204,9.681841643637654,6.932650043305059,3
56,5.878938747012993,7.96923118972477,6.174755112980044,7.13068390299485,6.568684219540463,2
196,8.553534508523576,8.756503371114459,8.054882320619544,7.213935881446824,8.89526850340228,1
20,9.370516078283805,7.819868723977811,5.959412574235665,5.934499265951532,9.462149127501009,1
185,6.458346353748869,8.861031683849982,7.536109962465896,8.782658603459048,2.6313001765472652,3
16,9.356087116026146,5.011810540316082,8.81183108568074,6.1136539996890695,3.7524462198095407,3
174,7.931804579191857,6.118467403937331,9.192822591708843,8.566243609149305,8.62933550516361,3
1,9.787212979203904,7.832902239864383,7.0300774986800665,8.666959748825994,3.6316466403444454,3
168,7.510111025824367,5.862483605807142,7.571899708679682,6.584134723979023,1.3573105074715115,3
125,9.543480814954474,6.077873296147194,7.569895515917455,5.375951294904307,8.38626534076506,1
135,6.366789658217469,8.466507723526487,5.603932799746355,9.689116178670238,9.442568220016422,3
89,5.536028883854994,8.573570493426205,7.774178925200372,8.483120166885588,5.725412674433422,2
173,5.163026931482154,9.765163058399677,4.843510188146651,4.270182575878204,6.328637510858034,2
136,8.828113911666295,8.199872673952243,9.127443238257058,9.40087677054718,5.362399595476019,3
186,5.061365127664093,4.493573694043864,7.469338958193206,7.2051140648937295,9.384895624414998,2
127,5.177872785784958,9.370731378980432,8.180232290545268,4.164044340261343,5.017622392990297,2
137,8.07597658827894,7.244216040896051,7.025864946190382,4.146951193847228,4.797467005690661,3
1,9.787212979203904,9.786208789044888,7.573058088879346,7.246927713011402,4.540947858260273,3
91,7.120491355129971,4.599496503946664,4.159298368717516,6.901812648821885,5.620810476315597,3
5,9.96055862054601,4.111635205960075,9.158014919680056,9.290422664797221,4.538654392048162,3
91,7.120491355129971,7.662480283994064,6.521739369310789,8.67220767328311,9.795365783127664,3
176,9.906808108199499,4.604464730075294,7.957217474178397,8.7575128824534,4.962793183053101,3
101,8.400102079500225,7.29921270520053,6.959685183572436,4.69775051819404,8.832852273799094,1
72,9.421023382389151,8.935203210341545,5.244947855121486,8.889450624991177,2.813456973793013,3
166,8.92213468805078,4.4188557841990095,4.988204473517833,9.767021173750683,8.432527436682207,1
115,6.820012886411879,8.897601976615013,8.648273668344569,9.699895986570011,2.1153865673566643,3
123,5.676735244257358,9.88186795281229,8.99113794531983,6.9096073422177575,3.9935294173224656,2
114,6.668692684187668,5.919201572824371,8.48682058591395,4.9285006143982075,1.7196805811755533,3
197,5.065045004526871,6.441120506491108,7.1427540023797675,6.26523608621936,3.692235518184435,2
185,6.458346353748869,8.794643218348096,5.873285917749754,4.328531121992935,8.247092481525453,3
108,9.248031525285194,8.203725374308291,5.225890391882474,6.502857299315295,3.0237843765446613,3
35,6.145263379412153,8.581184000127337,8.943747096714928,8.833812539337046,9.386469808887645,3
132,5.387755553572226,8.025301824120815,7.147241417218176,9.377726682746333,3.1438114629170664,2
90,7.5092955979848846,8.627674850358467,5.120299066948463,8.374352396901092,6.4906583635550446,3
142,8.979435422303828,7.5565288315999215,6.078522118877998,8.152134737900655,4.179952067905981,3
180,6.227527990095866,7.770672779510601,7.4911764798461355,7.3319026931871285,2.743851398558146,3
183,8.728111041466894,9.326549125924227,6.897237888184325,7.6689988892327134,4.271394757845811,3
69,8.717191579518087,9.158334067018277,4.3453601229311145,4.086593476155787,4.0964297483053445,3
26,7.176743863352343,9.888288577975157,4.811478545314209,7.422336319976695,8.153069447851006,3
4,7.755668506592267,9.264749024610616,5.823036273631506,8.340934822828547,7.21757735617866,3
70,9.594581845162619,8.396669481689415,5.746699123147741,4.779063104292838,8.396567503290097,1
144,7.071004501426242,7.314590405582908,7.062352656348301,4.332654064799595,6.564883604251242,3
79,9.20592812448436,6.790439951788796,6.4501257278422095,9.979770477300534,3.4312967485121897,3
29,6.72431919506665,4.777395525597482,7.249945814894211,8.500929705912814,7.880404559901516,3
69,8.717191579518087,8.998014862532346,5.957990912957225,4.498476412743887,1.478591288657009,3
179,9.187741239673478,9.746901923428887,5.659853063307563,7.077469398422961,3.160320888200806,3
89,5.536028883854994,5.764546349418581,4.513167058958002,7.100633704480365,5.471474733130277,2
190,9.635531122973106,8.696200045608816,6.9486047122563726,9.070796892654059,7.226427586808351,1
101,8.400102079500225,9.89234915737061,7.240023897309884,8.18839627278599,7.201055089770174,1
168,7.510111025824367,9.293918631781558,9.794105282720619,6.883770342700128,2.621547389160514,3
52,6.177960939668009,9.391017573750768,8.653815986452665,4.826999624343772,9.376109964112128,3
164,7.138099984312166,6.010563985971408,6.435691548651571,8.187608349658337,9.3860246482277,3
52,6.177960939668009,5.423294479730521,7.992119290078635,8.350246257095911,3.2036770254108253,3
165,6.080839371421514,6.260712872921229,6.8474414559370835,4.1234147368631655,8.416575874074262,3
60,9.094134577575858,9.415824160358131,4.766899202198179,7.647914329751119,3.723975212857642,3
95,6.271805100318124,4.750125545344918,6.92732287462049,9.89072973846974,9.68471846472262,3
131,6.783551822346323,4.7727059652639605,8.595398532081596,7.201025753185871,5.800099667780822,3
175,7.336466630010693,7.578688782194949,7.421246560506983,8.283316051520199,4.665148807282058,3
69,8.717191579518087,9.20210638805963,6.786615847187479,8.888306446108007,3.0537598076859616,3
114,6.668692684187668,8.569428575792013,4.392238248308142,6.212589872222933,9.041696677061578,3
131,6.783551822346323,9.622569778911402,6.197117245238842,6.53818401857547,6.159534692490796,3
195,8.431709261639735,4.992739183648485,9.535875474458283,5.967014662099984,4.63596837227411,3
82,9.068979548457182,9.927526660512108,7.5534384461366235,4.8053563611070755,8.070186459096998,1
162,8.77868034013279,9.049653124875205,7.504039647957682,4.1541450834437965,1.2324369885513344,3
93,7.405793470280351,5.416633490619789,9.828398624989372,4.568291668996121,4.521428331904744,3
173,5.163026931482154,5.5927415986788045,8.943540530392633,7.634349123214073,6.3818056612362914,2
184,9.245828025808322,9.947724816686538,7.759220355364459,9.039231863033157,7.636994689716791,1
108,9.248031525285194,5.154396150895446,7.9305024055974735,5.899070687763219,3.467659124771979,3
70,9.594581845162619,4.499304407303019,4.199233836789379,5.869427026270949,5.227202586846518,3
6,5.971433384032893,4.424784127991392,7.826041650258485,9.4043682365898,1.8758396022526704,2
174,7.931804579191857,8.733055491193571,4.352406015707175,8.953110401780602,2.9498342107617903,3
195,8.431709261639735,7.572828189216423,4.921745921772391,4.757434506353903,7.313033299154546,1
69,8.717191579518087,5.493744688401109,6.709407847261874,9.533483706097236,3.824384135689344,3
92,6.775179108822218,4.133929107968896,5.305783169023375,5.08329483966099,3.9508423027863135,3
74,8.652845972151221,7.236992340560539,5.472406082358259,8.78535606975214,3.4657006964271013,3
152,7.998022693211064,7.213049021701033,9.978287620319069,4.40170065339416,4.694328919056646,3
10,9.211645185032863,5.850018846230605,9.319295875363785,4.105328387426607,4.561402468144374,3
23,7.698928079306608,9.084589074431971,7.017695173919952,7.394212378694753,1.798392608881922,3
149,7.386394802942442,4.147541745559343,9.217892481556563,6.5816669649696635,4.167756794394137,3
20,9.370516078283805,6.964047955378383,7.38751303651606,8.263955324950189,2.560792147221258,3
16,9.356087116026146,8.157165724812305,9.381454324128322,9.237601823985454,8.191362833148858,1
195,8.431709261639735,7.414095473342609,7.291893376402067,6.826131513963184,3.0798800353048805,3
164,7.138099984312166,8.478767890359903,4.912682976921592,6.721366221306872,7.965712645904968,3
133,6.258708798275734,8.038213936914763,7.7231127372069555,6.413727776571368,8.124749598433645,3
21,8.851582324214855,8.665840609830694,4.563746640680789,8.31068621218941,2.0662884335974434,3
13,6.185702896409321,4.329126500104198,6.276438661989619,8.481777914297895,4.81844973411166,3
17,7.405691900791038,4.540586617609929,8.165321118931189,7.867344750471705,5.959153000071202,3
45,6.901657526479581,6.3551342178928785,8.728634925395351,7.779467785804476,7.610457153836399,3
31,7.1275822944366976,5.981979340060385,8.739908657036153,7.714171206543819,8.530362154547738,3
89,5.536028883854994,8.161763503189999,5.400225565667123,8.078052820388116,2.717760349327939,2
106,5.762137971030755,9.471837123644347,9.15073698290697,6.781933338467386,8.414755516587725,2
130,8.74937705872006,8.620023370461773,7.499940452871593,6.82496360817867,4.770271314141782,3
18,6.424184245198106,5.145558991930083,8.09785397020949,4.59628845904808,3.113123058374923,3
69,8.717191579518087,6.40514681333037,8.060491428171119,8.237418832602792,3.2484318314223426,3
22,7.577113673932021,9.846376687186517,4.722228715204218,4.040588372935363,1.7673703462669044,3
126,7.045080348424406,8.38295960322316,9.325058682153205,8.230521270852833,8.040512064023972,3
161,5.8244389685826174,8.146845641812526,4.28820011702158,9.681857613668013,6.350184383645365,2
55,6.930256875651047,4.559609761069821,5.795485764976479,4.507313614564081,5.34308728106609,3
149,7.386394802942442,9.022889190893899,9.860339924884952,6.777161933897206,4.609699742083606,3
186,5.061365127664093,8.99240191605542,6.283613719499636,7.114227257910597,5.28771304753534,2
135,6.366789658217469,6.9697574986729105,5.558566051541795,6.680483535518284,3.1278699683491302,3
133,6.258708798275734,8.068419315014102,8.533839144523784,7.148629734387322,2.4369590694484624,3
89,5.536028883854994,7.51967020391453,8.264616933910933,6.683872406023857,8.76153982860134,2
140,6.712984950098588,5.684156469189263,5.040520279090418,9.603149024245372,3.8318377537619672,3
180,6.227527990095866,8.119005709022304,4.915668345685368,5.660251454517706,3.082697271888647,3
172,8.997647919627553,5.444303794361372,9.964399476824426,8.597793552518432,5.482916512422353,3
141,8.441806201837279,9.742059167920416,5.812298527060974,9.407552859082504,4.484990330495861,3
18,6.424184245198106,9.78588024199058,5.4977725811710965,7.210426720752404,5.79474114582547,3
83,9.37492609647757,4.717456135337579,7.594034264389258,4.17396699761852,3.603134757298647,3
84,9.461275981281013,4.1811952851591485,5.313500537632261,9.69167271297958,8.649248050750142,1
18,6.424184245198106,9.794288117678033,8.720421382097445,6.188022149725575,8.226748797471476,3
6,5.971433384032893,8.230045314073719,7.1469789805535076,8.286389623154442,1.164223820235072,2
174,7.931804579191857,8.505495945531047,4.860021705650397,4.29602934528512,2.974915443111805,3
145,6.652801108216075,7.540455511092637,6.851533820373443,7.34966547832642,3.2522828239817394,3
115,6.820012886411879,9.651466264819925,4.32242407777143,4.508342517659582,4.140833756524071,3
9,7.705511149037614,6.95761261088447,6.002131100012226,4.977683650686846,8.245748960765264,3
161,5.8244389685826174,8.566327665904168,9.78089516487583,8.25450857791624,4.47419677151538,2
49,5.358528420763136,4.623216931905177,9.296307873868141,8.785774784908275,9.135394543330941,2
73,8.637668421468131,9.96586661390989,5.731896056376693,9.816657854911059,7.642397856440787,1
167,8.73051685297563,8.314784715798224,9.484191629713438,5.191045773569183,5.6704580920974745,3
15,6.841760984788225,8.766846777286474,7.049636499631302,6.007092536678269,2.7573982855166292,3
154,5.548659557849839,4.760614217622651,6.703447668215496,8.446479586755654,8.389148233176526,2
142,8.979435422303828,6.023949313101742,4.2453354175231794,6.321798753770614,9.337121113642814,1
174,7.931804579191857,7.0213840001560435,9.039350168869,4.266561829205671,7.803254860221428,3
177,9.97189359234124,5.817282727109433,7.423482069107303,7.745250714210413,5.309269041196932,3
125,9.543480814954474,7.7253504076474595,9.925112598166466,6.537949535140255,7.231524411637751,1
115,6.820012886411879,8.187412256298392,5.3506093606538085,5.287082038480756,2.5248981304769287,3
183,8.728111041466894,6.290053994954087,7.1156119961057644,9.177854194794953,9.361642985689034,1
105,9.303903516638126,6.785401516442778,4.787018862607273,5.181313576476498,3.4944054565793476,3
153,9.39540707068661,9.798154235780117,8.681086535870339,5.387053277176113,1.4691097813286897,3
50,8.513075817465358,6.813076222032354,5.793345205394921,7.281498361711979,4.57486232043458,3
177,9.97189359234124,5.618204332578073,5.2462705147910365,6.181002030276086,8.578737282459098,1
81,7.123155729785311,9.219720089715128,8.78871205445855,8.249600554007825,6.876258680991188,3
167,8.73051685297563,4.186508581434235,7.530380002776319,9.37939929826284,1.2664566755389366,3
136,8.828113911666295,9.67572274598487,9.243539298210912,5.240888409596375,4.788398061983576,3
175,7.336466630010693,6.717363065135968,8.963949226551748,4.017626222359642,5.159752628150767,3
61,7.812851367460954,6.495856715198924,5.9675477038474485,9.783001391422411,5.535476593994433,3
140,6.712984950098588,8.635846697998591,5.410996089646739,8.557295691087997,6.707996786048886,3
138,8.129410475725908,6.919642542825405,7.867057016201342,7.94090533817029,5.307226178410721,3
61,7.812851367460954,5.820789055401753,6.729353817294116,9.60416057736771,1.447385508067973,3
132,5.387755553572226,9.017899279755326,7.689116392616658,5.8667136612651785,6.630198861281248,2
164,7.138099984312166,7.991627568704,6.07307960393832,8.069548174969814,3.6847393458371225,3
53,9.687633306363871,5.6166591695663115,6.324626928390011,5.827232402048832,1.194134996750796,3
14,6.267339382876608,7.811406537197569,8.703713887486952,4.609760645872129,1.415554293050001,3
85,6.074060506057028,9.549274252172788,8.445790051721252,4.082767403265155,6.01508560947786,3
87,5.421131620337404,8.175435604590842,5.830960291410152,8.534889108371098,7.692897681865642,2
93,7.405793470280351,4.358896991489517,6.077123052955203,9.00564875829213,3.7637762680111018,3
86,5.510435263150245,7.872171783637459,5.921818269293072,4.499684945401977,3.558448623723157,2
152,7.998022693211064,7.869906195550542,9.471258342218354,4.069882787701646,4.404605398326323,3
132,5.387755553572226,4.2662454905798155,7.061525251492622,8.915162305702149,9.782724525788623,2
148,8.885898188246172,8.137780291038647,9.253756942985046,5.714972984349188,5.603102965918481,3
48,8.688393709843488,7.587809971975016,6.372037490272547,5.686238824976147,3.0664446367436318,3
178,5.178847649741599,8.394824629041636,9.519532872684035,6.041511105303538,2.5536078105379847,2
146,6.174235528111458,5.042567800147805,6.337266089809389,7.413019107326219,3.394017552377128,3
56,5.878938747012993,9.859925649082054,4.056243003236952,6.137410791972938,5.464052271224052,2
106,5.762137971030755,4.11588555537973,4.116738192116695,9.648534014637953,4.176314606952088,2
18,6.424184245198106,9.965755542298462,4.418181335123079,8.51068566752029,5.081074214873686,3
169,6.171483148995948,8.51007849152743,8.998235188906131,5.2646468924700285,5.2076787848910815,3
77,9.78278904509287,9.327357163363871,6.737004090320651,5.039913630131649,5.773992308083064,3
155,9.96211257861654,9.02104753255804,8.945281314417228,7.093086256241026,2.329436498849436,3
109,6.3894818449493265,6.068420333158958,4.401283123519761,8.549823287445832,7.597296587087147,3
138,8.129410475725908,6.594386266595175,8.344007318766014,5.999954352600753,7.2717026754624925,1
56,5.878938747012993,6.247791826300293,5.64479983332188,5.442144717177677,8.624926248687492,2
109,6.3894818449493265,7.621688828152521,4.975708533048978,9.471502782839718,7.167788554170809,3
107,8.745456481713365,9.060553796677668,5.795732045828309,4.042967762321236,6.973390900637258,3
65,8.044078742561966,9.766471831455211,5.383605348329226,6.6359225011156235,6.359810138311065,3
9,7.705511149037614,8.772451841069863,6.870311326100831,5.415337340234823,2.121256971476055,3
185,6.458346353748869,4.895783079539222,5.544946428861925,8.337692494258551,2.146279090241615,3
88,8.86994828308831,7.430874052352208,7.140423465161884,8.828404404490657,4.5918952303157,3
92,6.775179108822218,8.068506963428685,6.3716934440375805,8.788907952606664,2.3090744815906534,3
153,9.39540707068661,4.427388343994857,6.62714534603405,7.82480208577768,7.5058868122835225,1
68,7.761228768767385,7.229655688215729,8.98709466906107,6.888819780901542,1.1005592780128552,3
64,9.380453631149415,5.494673759214665,8.864341490669135,4.652759446388929,9.566660768924718,1
70,9.594581845162619,8.74897365526112,5.621604893841657,9.225176574106976,8.186653333054487,1
31,7.1275822944366976,6.433332616672606,5.105300030837382,6.175517295873434,8.14976834943375,3
143,5.546573580430751,8.988523084490026,5.979156097473284,7.028022632144543,8.487824543898757,2
116,7.027764224757414,8.903263459017566,8.151090226102353,9.43529889281855,3.918394248393796,3
59,9.719435463797158,8.605341599263806,8.282805297368204,9.822943326808248,3.128022132050732,3
138,8.129410475725908,7.40546299976398,9.104859371531775,9.086490277778848,3.2484472436910456,3
83,9.37492609647757,5.596630627879866,5.254233157410136,4.326488312972794,1.4146814081738144,3
122,7.2602941274075325,5.01466213833762,8.958197110740088,8.122471944572945,8.144451923988608,3
164,7.138099984312166,6.3457787171989795,7.030323757925144,8.436752465441742,6.970270371513301,3
91,7.120491355129971,4.510233229218737,9.933064950502452,8.617731282608833,1.289814810434291,3
195,8.431709261639735,8.542741354717815,5.240915490043028,5.255787928690069,8.576816359282486,1
98,7.596557017299794,9.303706876312022,6.067631714826422,7.320433833887394,8.132025828060403,3
121,8.157822550020136,4.08007153826062,4.64918877049627,8.884493786249408,3.061343932231681,3
27,7.858317981207033,7.569894300629773,8.38206384708501,6.394220015459721,6.897292225204567,3
73,8.637668421468131,6.644478312022516,7.432960416533451,7.749518321931021,7.5121280745569425,1
48,8.688393709843488,5.405965679219973,8.538116531941611,9.675013176512305,9.305779046318214,1
186,5.061365127664093,5.370606480937017,7.848879944388355,7.459343962107328,9.769746048606565,2
122,7.2602941274075325,9.47892049368804,6.699890496211027,5.534760519427746,2.185889585772583,3
131,6.783551822346323,4.218510375135358,4.500728483291388,4.319994247708653,5.775440260703222,3
7,9.300487360221428,9.789490170875856,4.100647697620158,6.602557858458628,5.643093874889366,3
84,9.461275981281013,7.672689186604122,5.619637710899514,5.839542651154777,1.4695221442447401,3
49,5.358528420763136,5.973372798734608,6.85457897395687,5.387941577417113,5.726550302758393,2
61,7.812851367460954,6.69894051138648,6.907883888975281,6.465447428878239,8.865982603538338,3
137,8.07597658827894,7.366314050824096,8.04731708319126,7.926503295949964,4.706117910668745,3
43,5.460138456422569,6.7492256585507615,9.416356845583945,4.352399451491771,8.187590402997206,2
102,6.332967430899628,8.307297415994542,6.805196726212616,8.173464956830664,4.8625603585503345,3
171,7.179313818651128,4.15818212130993,9.976731494530807,5.7029408730094415,1.8813993178676662,3
156,7.208806355264789,5.626820714604611,6.982323530134273,5.787497034314395,5.874542017794092,3
17,7.405691900791038,5.984265641174874,5.061225135596393,4.497847860218049,6.690326561194019,3
83,9.37492609647757,9.166461566589101,4.6660694912922125,4.63235531817773,3.331445975223952,3
87,5.421131620337404,5.072481591012393,8.99676542491472,7.619443176480427,7.513153386415173,2
6,5.971433384032893,6.630179338399657,4.905299161021622,7.741137830703881,7.168912415507708,2
58,7.7055046755701495,9.375621284984286,9.785082634412552,8.271746434898766,7.863662336280313,3
73,8.637668421468131,9.479747700008835,5.667791957125495,5.021484912549551,4.893892705157648,3
142,8.979435422303828,9.851838313714662,5.710435140919435,5.049581647856528,3.391543837832738,3
71,6.65115017753236,8.556728538484602,9.734629111123521,6.2352405785896465,3.121654780281279,3
33,7.4399086081626296,8.117478884106745,5.910513088798919,7.377489457239159,3.7418380773736377,3
102,6.332967430899628,8.87105062997001,6.431749628762432,8.84199977188037,8.143399943288163,3
63,6.739804860421499,7.213351198196237,7.858455753691635,4.919347212060626,1.5025498979716971,3
72,9.421023382389151,5.576821160843625,8.7139671971563,5.478462720097463,9.379005821666958,1
165,6.080839371421514,9.939041288947518,4.060889309101723,5.805723465879496,6.449910502729386,3
136,8.828113911666295,9.268095500116972,4.440516484409457,6.887082021618355,3.4912711001506844,3
159,7.445188753749811,6.742720638131717,9.097004901214131,7.033922191152547,6.4605622254160915,3
46,7.092361093851638,8.033131653369484,4.369868550103605,4.985189147825972,1.423338242438911,3
145,6.652801108216075,7.981501395568496,9.11438115311591,4.468112067833331,8.967342140137497,3
74,8.652845972151221,8.469337574380228,9.458104746570884,7.84300363701149,1.5801870256336379,3
113,8.015168388769721,8.192046924579452,5.416979649355603,8.986502561877344,7.683050565353424,1
54,6.513098283378771,5.6081983983920605,6.53991165087765,5.0169314835864185,9.374481475301328,3
180,6.227527990095866,7.540050564422899,5.244205038897696,8.947129308214969,9.930075722833886,3
132,5.387755553572226,5.167140193624564,6.916578821223411,9.376095020362444,5.137123915681515,2
127,5.177872785784958,6.409099919424613,8.517796644248268,9.715256927651026,2.579029603739605,2
28,6.362776698210371,4.225692566414567,4.3427896370604575,6.861666094817253,1.9578549998490768,3
24,7.154055531664056,9.398922966798445,8.641770123083276,4.341198770162318,7.995313260769277,3
94,7.41889509745395,9.734378094091467,6.357554670447179,5.345773615548133,4.567354547991197,3
128,8.0024055865564,5.952342388887374,5.318178945562477,6.70151327047172,7.973180816495524,1
14,6.267339382876608,4.884945080309178,5.514730329836763,7.732037877193001,4.478928350894178,3
125,9.543480814954474,4.05568904455807,5.211483101964632,4.374798240399689,7.173403746292225,1
35,6.145263379412153,4.286023856115547,8.964944892681206,7.241020319251052,8.462073891670132,3
164,7.138099984312166,5.8423347518077335,9.703196715052306,5.655747241612623,6.4786499736737255,3
145,6.652801108216075,4.849385250691116,7.400108455824499,4.7654873044539094,8.08827725188311,3
174,7.931804579191857,5.716241906157648,6.60370005680867,8.790518191922974,9.009688528440382,3
69,8.717191579518087,8.247658093496021,4.4671091469278,7.092448674064776,9.754675668052911,1
48,8.688393709843488,8.345190260776574,8.259807460162785,4.494309746121167,7.820320826503636,1
131,6.783551822346323,8.785323544912085,6.7722193867943625,4.14358418733422,1.2872482987266272,3
53,9.687633306363871,4.44273678501869,6.543425783460729,6.4507666781578985,9.498875066216206,1
39,7.8403924068402695,7.4124444687313,9.446453852061147,8.389043093264782,1.4804492285845925,3
40,5.825629158595894,6.534675171005661,7.226238724582237,7.804519801890592,4.955855562694599,2
44,6.212218539862171,4.813757021522931,9.203474454738915,5.186284684023338,5.753107085055513,3
198,6.1432464377325555,8.1209507054962,4.794900696160336,7.9599462933328695,7.177349110103827,3
163,9.06322875008069,5.928411925170435,4.015674785355057,6.842273221010339,4.196737628927587,3
146,6.174235528111458,4.400937934258236,8.196877851091038,5.958819246987341,4.235893116581391,3
66,7.654792772104553,5.645365178094548,5.34002671283077,4.309624333491164,5.411361406668473,3
155,9.96211257861654,8.008748464984553,9.047801124456251,6.41641595116839,3.1344468206336793,3
130,8.74937705872006,6.439750217387797,9.047407797386345,4.441759784670483,3.8177481864536755,3
63,6.739804860421499,7.426607764536477,5.578163825470052,9.901367625038517,4.003486485473237,3
132,5.387755553572226,4.085411350626547,9.559933134618797,5.901400338099756,6.573560821732811,2
194,9.865442384060472,6.740182863964333,6.341474181050043,4.462784937217292,3.197886174676988,3
154,5.548659557849839,5.170425279165631,4.519721524757436,5.762240931019198,5.475115826134417,2
189,6.171206606958627,8.799104553190936,8.901762297511747,9.18472991162448,5.309194828012728,3
90,7.5092955979848846,9.750664415223028,7.528962556599693,6.445142771684663,4.779526897620701,3
47,9.878968344175936,8.433894218807339,6.741923573628343,7.239104759211517,8.859913701281034,1
104,5.157925810344389,8.220953795639778,7.672796112140404,6.158531237406891,3.165409318264729,2
138,8.129410475725908,6.467558488860777,7.819829081839121,5.457494044071529,3.1891017581644077,3
30,7.199787423195821,8.743145499865571,8.090842610734322,5.915056292629528,6.093276371435556,3
195,8.431709261639735,4.130765694081141,8.845957969676153,9.91966597728987,9.268679060752365,1
9,7.705511149037614,4.712830926834291,6.949180210810502,5.055408523826909,3.0386285591732864,3
90,7.5092955979848846,5.59274665746851,5.143726925479665,6.4350200366786625,7.94617761247831,3
9,7.705511149037614,5.529285291769499,9.55254944366446,8.694977449877019,8.943550556649699,3
143,5.546573580430751,5.564400710609536,4.220166836860001,4.747435988843096,9.617267918558204,2
17,7.405691900791038,6.605013889961899,9.83731634281703,9.967766903376702,6.563961586206094,3
35,6.145263379412153,7.103836961787138,5.5565272098678005,8.495494295527854,1.9105973831627425,3
28,6.362776698210371,5.55193069196008,4.7718227744988715,6.6705644608749175,3.6986647190286814,3
96,5.754875822168611,5.21172608211834,4.327917471588005,7.387048087646592,5.997357796055846,2
163,9.06322875008069,7.112159838254817,9.387164850092692,7.0793262351283985,2.7190698070758845,3
93,7.405793470280351,6.924207128356189,5.9090785878180885,6.887791825301658,4.33355309542086,3
18,6.424184245198106,9.190024763691106,6.2663900764812075,5.552218743443619,6.611924732782546,3
78,5.268288235252928,9.493815050422292,8.26864979361516,6.627370957625865,5.550107882583671,2
42,7.5374678789965,5.545797291266023,7.242463073039691,6.329363654143639,7.093421326885022,3
172,8.997647919627553,8.938014809592374,6.238073139751686,6.591368788444751,9.384012875044938,1
164,7.138099984312166,5.548331165815843,4.831914167058217,9.508514750030056,7.285295196067259,3
75,9.320207338150581,7.543325733399678,8.754631950094385,9.287805136338736,6.998382044241941,3
113,8.015168388769721,5.908901192291712,7.33777328297183,4.351214160443363,7.623125310183884,1
108,9.248031525285194,8.48971256129732,7.621064786193024,6.5699930289677,1.479077493217127,3
42,7.5374678789965,6.839078077452883,4.131187779370859,5.368731451358986,7.626101696685943,3
92,6.775179108822218,4.347634895719992,8.038714824590205,9.998729436188473,1.8771247429440803,3
171,7.179313818651128,6.836383374429042,7.623516853429709,7.949829041885357,5.696251257586942,3
186,5.061365127664093,4.774148729103931,4.436904544824939,9.47866985410586,1.9873056408399994,2
12,7.189200037734564,9.90517474885628,5.278468941947336,9.200622588442778,6.880482579757316,3
152,7.998022693211064,9.640839771975273,8.458320320526322,4.38440983243965,6.48680644559728,3
114,6.668692684187668,7.701081252068167,9.071608096640489,8.835938010267498,7.066465744138774,3
34,7.015412542591401,4.944339098644565,8.305264519671573,8.45959958493003,1.8169473166558965,3
143,5.546573580430751,6.822098483208184,9.965480185462415,6.278910300935093,9.232870537193117,2
123,5.676735244257358,6.215561880725623,4.590864567778324,7.806417548115679,4.275269458531005,2
173,5.163026931482154,9.287809246136923,7.953714457953638,5.913927530101298,6.754843821285155,2
128,8.0024055865564,8.952624519763129,6.426173932776383,9.410945831396209,1.5111461732975675,3
76,8.810436270289317,7.988628012061794,8.677841567271646,4.470035330881861,7.575864644205868,1
77,9.78278904509287,6.1686047870554965,5.094233395541968,6.763482976877414,5.126801189149421,3
32,7.849163171698539,8.703343224334674,7.571731726415338,7.174414574032923,5.227695564863376,3
44,6.212218539862171,8.183826643551317,9.773955806661762,6.823313046659937,6.656521498480347,3
126,7.045080348424406,4.380294008770272,5.217446516672292,4.316719338752514,8.44368002666469,3
77,9.78278904509287,7.187452842155454,5.245575281080861,6.708238920711222,7.200828616772412,1
104,5.157925810344389,6.547769186710627,8.713646327161783,7.192799627107082,9.28024292617298,2
17,7.405691900791038,7.14468063490208,5.883039658962189,9.668209278435864,8.15575398999368,3
142,8.979435422303828,7.342547225873099,6.954182299770459,5.8670909153675375,9.950568289791592,1
125,9.543480814954474,9.006063894269996,9.48852774580378,4.366414955647668,6.334382950916744,3
60,9.094134577575858,5.487638288747441,5.0503187207949605,6.120114600942701,6.707342662264375,3
125,9.543480814954474,5.866657919396692,9.489462918662296,6.578416323135758,5.332474027254014,3
13,6.185702896409321,6.18566405620829,9.40860951412981,5.967525889752267,4.727204204415699,3
98,7.596557017299794,5.159924019148809,8.731199008804047,8.552808383605205,6.418364558346415,3
198,6.1432464377325555,5.340979563763939,5.826425080602026,7.782594768606323,3.550898586484831,3
78,5.268288235252928,7.054390702258694,5.553478220105294,7.569268976052775,8.855183286636162,2
194,9.865442384060472,4.061102203058397,7.557080715347443,5.042820432196334,6.67151903315488,3
148,8.885898188246172,8.868264341806238,5.3873051563704015,9.645052104744817,5.820617804945655,3
45,6.901657526479581,6.7575902985038905,8.848589559638693,5.723501221517988,3.9682601426582065,3
122,7.2602941274075325,6.11346440244867,4.869922114218278,4.1154000761381315,5.637273157612226,3
148,8.885898188246172,6.796753637622036,7.048975118705051,8.222998725168447,1.6705275471749432,3
42,7.5374678789965,4.373472686496026,8.027038408601793,6.943638881579641,8.215342199011317,3
69,8.717191579518087,7.105410042894334,6.339786570294403,7.63527408548777,9.350559115803822,1
179,9.187741239673478,4.480532134835772,6.739921371335803,5.948364341374514,5.449748746930716,3
114,6.668692684187668,8.682466116838707,9.405212766501968,5.82497212158141,3.956806705336772,3
53,9.687633306363871,6.706272850793066,5.540323952566142,9.831113903289738,9.3906883845443,1
73,8.637668421468131,4.443489240065883,6.551890426068558,9.801183558428537,9.649873265680666,1
23,7.698928079306608,6.46635398045433,8.750617366631127,5.617141951834363,5.714784772666303,3
112,7.937974381112131,5.698252363234487,7.806214659830205,4.057406353371121,4.31125619856506,3
185,6.458346353748869,7.0028796015708314,4.963599031509359,9.93056138183474,5.962980136335968,3
29,6.72431919506665,7.082362567299118,6.401709784036931,6.159814943211995,4.835171488459512,3
72,9.421023382389151,5.031152701600283,4.566451342788881,7.58119576092557,7.201123132403508,1
108,9.248031525285194,8.13481053090917,5.622654020341503,8.442815165977146,6.634250688828557,3
194,9.865442384060472,4.4795521692090725,8.575670071869073,9.254027857710799,9.733100169294378,1
75,9.320207338150581,6.9833092224172315,5.150895070568047,8.43839111184212,5.827518062436822,3
4,7.755668506592267,4.405385574871686,6.500551720173171,8.795966466360717,1.5704706240141406,3
116,7.027764224757414,9.737226566768545,9.93633671854006,5.054366617440254,2.0992613717513375,3
86,5.510435263150245,5.278345969361453,6.306243381694277,6.44124308321908,8.57992349656407,2
40,5.825629158595894,7.4366388347841275,7.579851107786096,7.327105775625647,6.784848962330251,2
171,7.179313818651128,7.604079738745579,7.504021551645724,4.324855760981661,7.461692155086286,3
75,9.320207338150581,7.608119907309189,5.484710454060361,9.52522727129254,9.96312558690944,1
93,7.405793470280351,5.886200057190036,8.585195429490762,7.225513450024558,7.460070569948113,3
25,7.093797258853025,5.969956304806123,6.526595750055571,6.869448305038479,9.559442480113335,3
11,7.73632603580448,7.059636526955175,9.93359251433289,4.865000202972869,9.838319946899365,3
96,5.754875822168611,4.85042274228624,9.83255214661331,7.11747139587407,6.820028842869025,2
76,8.810436270289317,4.315896245818399,7.4080952928169745,4.088449139581117,3.260436389082056,3
64,9.380453631149415,5.6028352881727645,5.27402912285198,9.716266060339064,1.8404594213576213,3
174,7.931804579191857,4.90085292810358,9.479113567465065,4.710581659197949,4.093995423272997,3
161,5.8244389685826174,5.610437786467508,4.189611354389759,8.370798711304342,7.922877636380981,2
103,7.065037509667446,9.392550988597838,9.109826918770676,8.147136626491662,4.307566757154204,3
168,7.510111025824367,5.971586278106325,5.723660465134334,5.885369668385773,2.352925475938433,3
39,7.8403924068402695,7.249662317233536,4.819286864406896,8.50033898315824,6.365789817137012,3
123,5.676735244257358,7.263088085284328,4.7019174615265165,6.815859646936025,4.415262010942147,2
98,7.596557017299794,7.948813762128502,6.813756457750976,7.597836773734295,4.456699339635195,3
113,8.015168388769721,5.458457608361574,9.733315610228775,7.365152412361944,8.800338989493975,1
171,7.179313818651128,7.572364196304201,4.484537325617286,9.653570202852555,2.4577751481767587,3
14,6.267339382876608,7.623482164363093,9.690331158281111,8.018246173471052,2.554653106471174,3
107,8.745456481713365,6.48243162823756,4.289546160372365,9.983020010298748,2.329939403835127,3
128,8.0024055865564,4.79463907777508,9.63020970923624,5.975669575646446,4.316116428749565,3
13,6.185702896409321,4.476107876010418,6.579865455085868,7.362510196933542,7.701703626450095,3
170,9.289793523879457,5.902964386013524,9.05597081748923,5.134238750824112,3.5371568366537707,3
184,9.245828025808322,8.777138763849848,6.227520310364116,7.429354849304637,4.638817321754503,3
171,7.179313818651128,8.154590897225447,6.056720695299033,5.581989351399611,9.272849442832518,3
191,8.603057873628071,5.98545732501057,8.342429812302818,6.761531919710705,2.5126029805129075,3
39,7.8403924068402695,4.020768688057624,5.6794216804169775,9.644885106749257,3.6989532881306353,3
9,7.705511149037614,6.7705356458278265,6.363721737894748,4.933432190121765,6.966704981296149,3
140,6.712984950098588,6.909964045269813,8.42466703299301,5.4019469732043035,5.608798009609336,3
77,9.78278904509287,4.944841355971733,7.9043721934444156,6.1985266713116935,6.914586611314625,3
22,7.577113673932021,4.167025670404342,7.398299734695678,8.02615267088364,2.185005811850316,3
164,7.138099984312166,6.30015096344104,6.059774119706038,8.20552112854537,3.8711732758389017,3
158,5.823378789517678,8.045979012805859,6.02046245145319,5.351192892187722,1.7524819852355185,2
197,5.065045004526871,8.083730114075227,8.039207197260524,7.9869820786508425,9.562618896752713,2
80,7.614352003371384,4.58282546009149,4.878310931278254,8.465262097261501,2.2851303144216377,3
172,8.997647919627553,5.865767064013088,9.229299165487962,6.490721963676923,8.609230843809595,1
142,8.979435422303828,9.777197434552987,5.258121368257469,8.39940357470104,2.501701238289352,3
2,6.260302695003954,5.175049925816696,9.633798489548512,9.315024990960964,2.289138880911069,3
52,6.177960939668009,6.954270500088545,5.132998606229915,6.452040091865041,5.548133002126802,3
180,6.227527990095866,4.984722358831225,8.169128070842333,6.932717272140807,2.5171676206832108,3
153,9.39540707068661,4.243488494228104,5.743976127019286,4.41127010642706,9.576966036782919,1
159,7.445188753749811,5.283172151490267,7.16327519521025,5.759982414008153,3.527564629186425,3
109,6.3894818449493265,7.185258404936275,8.340482413418679,6.793482341111783,2.209172951861802,3
129,6.670095323391459,9.308602074282813,5.246423148933238,9.542970729271667,7.883455089514971,3
12,7.189200037734564,4.48749866507261,7.571610468505977,9.903325943004813,7.818350442565025,3
80,7.614352003371384,6.290927172879618,8.349797735577106,7.345173359445929,6.977111344574356,3
173,5.163026931482154,6.84722231220762,5.403721317419481,4.301276479614705,9.378778211979913,2
198,6.1432464377325555,9.792552558989989,4.38654966386613,9.15966928128854,1.6288073662913365,3
56,5.878938747012993,9.324064358944655,7.4824455912449475,7.835393349353412,8.084839232104866,2
127,5.177872785784958,6.552610874259299,9.013562946918546,9.888369643403951,8.34358314043261,2
109,6.3894818449493265,9.882910112973589,9.86000558387045,8.686440590780336,3.9058605854930333,3
144,7.071004501426242,8.73635858417683,7.937293505611883,8.514198024803289,4.875251760835718,3
10,9.211645185032863,7.0458089409996045,9.992878559062959,7.049748849972858,9.448989035504194,1
83,9.37492609647757,9.17369583535919,4.129142991596748,9.505756824266609,5.135320318993323,3
87,5.421131620337404,7.636510425751945,7.277206611926582,9.02371645692914,6.632259241356801,2
24,7.154055531664056,6.217733333092058,9.478326391693711,6.546510744199632,7.934517002626877,3
139,9.379500562747698,4.847588763813346,9.069196931919311,5.825421616298206,1.5298408634203011,3
45,6.901657526479581,8.097452025197379,6.0704199274033135,7.609125879805664,7.601310967870845,3
174,7.931804579191857,5.9637895807955585,7.299841301355479,7.811631796948419,8.362050938055141,3
86,5.510435263150245,6.3702442705789375,6.349701758667688,5.716304980255422,6.750756197157591,2
22,7.577113673932021,7.355674175116503,4.968505512225329,5.818490656979767,1.0973374173977541,3
146,6.174235528111458,4.632686894647788,7.5240759941710325,9.146766640994507,4.203723540150268,3
66,7.654792772104553,8.94568621550556,9.840951866553022,6.367871868588049,4.828576745137395,3
28,6.362776698210371,7.225264907987918,5.58629015792844,4.046619145740144,6.144031515288283,3
133,6.258708798275734,6.784387926823334,8.555864807270165,6.462574456195663,2.114828863366107,3
2,6.260302695003954,6.951196024935336,5.008723841603379,5.723937611157413,8.133633913063889,3
103,7.065037509667446,6.643575531784518,7.775834333085582,7.985646512004919,4.361119489215839,3
44,6.212218539862171,4.76446341603371,7.97391655644142,5.642378522335859,5.698231564857205,3
199,6.498710438386006,7.997834773489027,5.301778816146611,6.115572873055461,9.49197030744018,3
147,5.039725220460466,6.978597805181557,7.718405115268262,8.457987219445272,2.1187839298161997,2
90,7.5092955979848846,4.158236482432782,7.354503899945335,4.924874717231328,6.45064734726354,3
68,7.761228768767385,7.816531868444739,8.180674223393762,8.35098562337146,1.671357740874754,3
130,8.74937705872006,8.626163228837816,9.065078662181453,8.817544206384214,3.6067961618813764,3
30,7.199787423195821,7.700156191846497,7.077737326906636,6.528529261468284,5.824657886457446,3
115,6.820012886411879,5.861778895431349,9.432097428135389,6.621370479891514,2.0718286598135416,3
14,6.267339382876608,5.196146234010607,8.780686511396715,7.477459158051538,1.4977767756893363,3
153,9.39540707068661,4.675515719372653,8.602692539131153,9.078891309417841,3.821805912197997,3
5,9.96055862054601,9.82345048378957,8.41121575310622,8.755751701518108,6.511257335264609,3
26,7.176743863352343,9.55867610499357,8.832721906161822,6.56847044269274,1.7633456277686967,3
107,8.745456481713365,5.692285996042571,6.987962462729101,7.202696833213876,9.287575455743259,1
16,9.356087116026146,4.866416679421774,7.957677822186991,5.653539015449795,2.080935535185681,3
42,7.5374678789965,5.466864948713643,4.045316427675681,6.1074570549176,1.9577537360845763,3
198,6.1432464377325555,4.3057302119137875,9.94895986140504,6.00486539853385,6.50159363649121,3
180,6.227527990095866,4.07541484983326,8.844598748856178,9.062163718225825,6.518844351925514,3
34,7.015412542591401,4.412746583466773,4.751178056389154,7.3686605909142795,1.9534651455017271,3
131,6.783551822346323,6.217933047934751,8.683716043645674,5.268389845005441,6.338908266776518,3
50,8.513075817465358,4.233994287398753,5.513354983692245,8.64928675035761,7.008036475225384,1
199,6.498710438386006,5.410959453235489,7.926830843381351,7.53504527871506,4.99538854796395,3
55,6.930256875651047,8.479429303270523,9.35548226115698,6.956746204555999,4.0423570149006185,3
41,6.593123668910263,5.477719202998855,9.036725812026244,9.022513865357515,5.2827530026166425,3
47,9.878968344175936,4.770210989916674,5.852812754988664,7.399854522514641,2.3038048000040288,3
177,9.97189359234124,4.237733277452907,9.537405570152671,6.647523545302855,7.801770687119433,1
93,7.405793470280351,8.125350024409794,9.548105612783957,6.8992457960314795,7.753672970604164,3
94,7.41889509745395,6.039289275149446,8.84361142738091,5.75617260440835,2.377008836472431,3
56,5.878938747012993,8.885911687979213,7.150883934207825,4.904937389125318,8.66773999163696,2
102,6.332967430899628,4.705785335063328,7.179038900667812,5.215093638114062,7.305112670804387,3
118,6.375157363911033,8.411165478270046,6.521966801764551,8.464322740652134,7.309151875542932,3
28,6.362776698210371,6.135461985888369,7.008004884831388,9.611165998013274,9.529661378810916,3
146,6.174235528111458,8.455811761321144,7.805890872603419,5.988371298038637,4.458754417554029,3
88,8.86994828308831,4.114305310357712,9.777423760069217,6.5998922795611445,4.843584618543288,3
182,7.199720940427317,8.150546260014355,4.730713461123869,4.040222789504858,7.099602194399991,3
63,6.739804860421499,9.914058979054534,5.463183882421216,6.851081771237662,5.424270374923949,3
134,7.361497716494816,5.481474679995814,9.74136890188146,7.853346854327539,9.429663983459985,3
53,9.687633306363871,6.327418858710726,7.696940675164487,5.716120015739092,1.2116364167726408,3
123,5.676735244257358,9.216041991268135,9.602021773244502,6.038903606419431,1.5614477066832397,2
29,6.72431919506665,5.8666376368242625,6.02338723266361,8.447372804081903,3.7993640211230666,3
165,6.080839371421514,6.095373597206328,5.619482315083437,6.594598912711902,4.293372771787,3
4,7.755668506592267,4.083005916975724,7.585756660879659,8.096816628537372,5.573510427950694,3
68,7.761228768767385,5.586508756657142,7.672145759407858,5.696181285554463,1.3495497767169709,3
90,7.5092955979848846,6.259641109101297,4.349852412642544,4.349892249063026,8.376932163010467,3
61,7.812851367460954,5.741321175137028,7.727885949634854,8.573919775558956,3.5180179126875375,3
3,7.443652740400783,4.647502565259217,4.357081298295611,9.46288335628158,5.734077635136763,3
144,7.071004501426242,9.803415523260616,4.195172785778305,8.092629860766706,5.226909972057902,3
189,6.171206606958627,9.051110074368271,8.462744919291573,8.932264937296601,5.980530124589191,3
36,7.134912483591247,4.561599353395915,5.563444339965739,7.810895101423798,6.92015089877057,3
58,7.7055046755701495,4.452134985855694,6.874081252885485,4.375422901760065,5.5398299356169005,3
139,9.379500562747698,9.987132359759185,5.226262087615426,5.693751942060572,6.583124999401525,3
85,6.074060506057028,6.903550484189826,5.511640535809953,8.865722086253205,3.0948098290676094,3
75,9.320207338150581,6.988076341915237,7.166454849713872,6.710035439252543,4.252069615798942,3
30,7.199787423195821,5.202841698477306,6.089497399549386,8.192162208791418,8.602120876449348,3
104,5.157925810344389,5.678969835029845,4.348469161573651,6.6348914696912695,2.658621989907771,2
83,9.37492609647757,4.941820311890384,8.103351118193714,7.412621879431166,4.887951219808681,3
2,6.260302695003954,5.297552688188501,5.674988446670051,5.430711247463076,1.513151112506945,3
86,5.510435263150245,7.630979254846439,6.319452068648209,5.438895239819646,2.738098624175932,2
119,8.834670559384456,9.056375096036597,5.299413429305898,4.235876054699419,5.837520327644977,3
13,6.185702896409321,4.124611742676308,7.720455522530698,9.586473519595017,9.55919540360051,3
79,9.20592812448436,8.021649274065844,4.922376312774626,4.088767988325318,4.285230074109868,3
47,9.878968344175936,6.4650898318811025,7.59449342203126,7.2942728552328235,6.033167076975477,3
61,7.812851367460954,9.085754705709167,4.052605751894291,6.968823548657927,6.7209479187352175,3
136,8.828113911666295,8.507603797516325,8.799385061276766,6.367255893622902,7.403070497559934,1
170,9.289793523879457,5.628071515508957,6.984545236975418,9.078930113431143,3.6191274768711454,3
157,7.521769802984347,6.837416779498882,7.808866279747956,4.761589872893088,1.5832528733910152,3
11,7.73632603580448,8.39370397202827,6.962809401979224,5.869254903848332,8.317863977205496,3
170,9.289793523879457,9.011474702155024,8.870477727449007,4.888486528451711,4.289951533625195,3
146,6.174235528111458,8.929239997707915,8.414803988879289,8.215723052736735,1.1061044050821986,3
66,7.654792772104553,8.181323000711533,4.312891391099194,6.540028433781589,7.53345778925051,3
97,6.545569414435605,8.683674887892215,5.871864977877691,7.368503471886041,2.621733710622434,3
135,6.366789658217469,7.501080214780605,6.68026104515081,5.980483993934567,4.479731437257188,3
29,6.72431919506665,4.242152677986356,5.721761180025764,6.245735893503507,7.263196844550586,3
101,8.400102079500225,9.791901474479957,4.276054651347634,5.258324880512204,7.178145783863793,1
28,6.362776698210371,7.982908403835008,5.796998930964429,5.48958627041176,2.5090845239704085,3
164,7.138099984312166,8.413021613052134,7.9091242663431425,9.827964038631734,9.488229839907326,3
185,6.458346353748869,9.665251346396573,5.498258393138115,9.613760891835499,9.951968984842962,3
15,6.841760984788225,4.974982429442491,8.523945357073362,7.408536882614349,4.671922786565863,3
164,7.138099984312166,4.593717087497649,4.943441904416401,8.382200501381904,7.958750191497972,3
13,6.185702896409321,4.168812179986599,5.03331378469175,4.5749874820262635,8.651871017640103,3
36,7.134912483591247,8.831452770555519,5.536790178773574,9.706345032637511,2.7716304522806308,3
151,6.919831463136601,8.24747450142343,6.235057703595623,7.592361883542197,3.4981125289044446,3
126,7.045080348424406,8.209331085985314,9.52651349238937,5.927432609570139,2.3826838194344133,3
128,8.0024055865564,5.249900455245094,5.23084352360644,5.9551497523147665,1.6234823508842342,3
35,6.145263379412153,4.793857223132868,6.199663215942836,8.705054025723738,4.4100350077993085,3
4,7.755668506592267,7.7384962817071665,6.912597365530765,7.805940435280023,6.632292208959512,3
60,9.094134577575858,7.397749246058667,7.55168197306401,9.887524846694792,7.189063011215549,1
116,7.027764224757414,9.398001968689284,4.125066882092698,5.5331825450323535,5.527878590109612,3
175,7.336466630010693,9.630861175081325,4.2091538204009264,8.682406342978151,7.702005159634573,3
67,8.837230164604852,8.960542418735216,7.275444471162646,9.76682931166997,4.289966993789815,3
1,9.787212979203904,9.431258062172981,7.80087605975975,4.659186775529978,2.6147145689359395,3
95,6.271805100318124,7.498061686747029,5.024484048967152,6.672435857125749,4.07166870565113,3
189,6.171206606958627,6.2457467103310575,6.031293742001859,8.002234016090549,5.77862055213425,3
173,5.163026931482154,7.170462068006826,5.757451973139992,4.118046463752405,1.0380985411247272,2
94,7.41889509745395,7.669677113638962,9.146447380934745,7.981922862957468,3.3790275548939133,3
191,8.603057873628071,5.567097947884803,7.041396684546923,9.503491697165908,7.896474447429085,1
100,5.691655429584434,5.217417905191298,6.388178050243665,5.658097632596487,1.7715569239995883,2
95,6.271805100318124,7.6947605915509225,8.421732926927994,7.207155793376311,2.7303159030235995,3
82,9.068979548457182,4.7402088815578916,9.15083672739825,6.423215698216429,8.557524472403141,1
193,5.2887655777894205,6.813164986661755,9.576212086296849,8.270197499156195,4.680604175867415,2
184,9.245828025808322,8.88097036473349,9.512277465452303,4.135792707933957,1.2962420597490287,3
93,7.405793470280351,5.857728529206572,7.922058655808671,7.133737767648172,7.2696140255225945,3
194,9.865442384060472,6.195178961215882,4.051649245190667,9.958248919810623,2.4594120724020563,3
168,7.510111025824367,5.045204333098031,8.072382151081083,4.352616492031462,7.185324052102667,3
135,6.366789658217469,4.8123819386567455,9.172765423247606,8.29473175944092,2.449145423141242,3
178,5.178847649741599,4.921065124039332,5.250635901299805,6.642665827918057,4.265856512996171,2
130,8.74937705872006,9.188146991379046,8.004917402801944,6.674145659556847,6.818569096879655,3
21,8.851582324214855,4.1422663285252845,4.9698916964539865,8.696508220384915,9.463691748029236,1
181,8.743465292321964,8.919065505620015,7.527100426745044,7.96182016608264,9.212028416313618,1
64,9.380453631149415,7.928097972126173,6.078943623152883,5.5920919065427945,9.162862158477752,1
147,5.039725220460466,5.937702607950467,9.157898149050304,6.964025219393273,1.8582188822686923,2
106,5.762137971030755,9.256164874390134,5.112065084678291,7.302348608594267,1.2849748350294432,2
68,7.761228768767385,9.80190360895331,5.801791833747861,8.6149010361401,6.061125780658708,3
145,6.652801108216075,6.001681892563235,8.073916392315517,8.05609477039099,5.608182329033548,3
173,5.163026931482154,4.875735523592988,9.125394590990087,7.513252387018682,7.541241802800309,2
74,8.652845972151221,5.024600789185961,4.325452740577844,4.913010709223273,9.133620091630995,1
103,7.065037509667446,4.325040704019383,6.826172569096021,8.358260799072857,8.939705354506389,3
193,5.2887655777894205,5.002534913314878,7.542731022288052,6.211801870309868,6.889612343491985,2
43,5.460138456422569,5.820425260934622,9.14591714050471,5.363511605394255,8.382645301551525,2
63,6.739804860421499,9.905019378914798,7.723827496214843,9.852578089669043,2.370610765140526,3
85,6.074060506057028,9.274339262418602,7.209621322360139,7.408967478445067,5.695123631304144,3
108,9.248031525285194,7.711664725987603,4.360606565965166,5.71728538801656,7.562888443016594,1
71,6.65115017753236,9.829963312764294,8.779877572590642,9.939361657476404,2.4326797718445805,3
52,6.177960939668009,7.995030490382609,5.011243108234101,9.05007410245726,1.5940327498425875,3
115,6.820012886411879,5.7357445613679285,6.528689853844511,6.2193733484305636,5.4353880287571075,3
81,7.123155729785311,8.77070335049458,6.339130336310503,4.620440188044608,5.590109876774796,3
152,7.998022693211064,4.162376510589125,5.185340838745976,9.3818341723543,4.2605352131484135,3
99,5.518103919721187,9.016671278112273,9.436131721028923,4.245069318085845,2.7554408532146204,2
116,7.027764224757414,4.3800616635619125,4.541279850320644,7.99827591564577,8.838894513743599,3
193,5.2887655777894205,4.872402407037092,8.13700789325486,5.081842661036616,3.1622167488431656,2
95,6.271805100318124,9.882565159472978,7.4535985445493935,8.975041161097337,3.6704278815584552,3
193,5.2887655777894205,4.411921855903205,9.1129813401221,4.718462718934786,8.634067359934058,2
191,8.603057873628071,9.086788017423281,7.206260158721209,7.420561339138257,9.028402515828937,1
78,5.268288235252928,6.001108254962595,5.693664119713861,6.5212150946134875,1.3848689292112857,2
183,8.728111041466894,6.803750297224891,8.206187409059169,5.066274766985516,1.8898047494082735,3
166,8.92213468805078,5.598125291958514,6.86723372347251,9.693766295885371,7.760037154249936,1
99,5.518103919721187,6.800273736705018,7.176638318018923,4.026212556472737,2.751150846605917,2
128,8.0024055865564,9.032118280048522,7.5600485211254105,7.885265459021736,5.192738217729477,3
23,7.698928079306608,8.057824500528948,6.3818979111815715,5.809580221551189,9.040059718372774,3
90,7.5092955979848846,9.627819286276361,4.565208569017237,9.563762784911958,9.276260709131508,3
105,9.303903516638126,7.572813973873629,8.458986561176348,9.353476624398535,4.928095341424163,3
31,7.1275822944366976,9.09462254641824,8.860924440729985,8.389971803527107,2.2982651831873753,3
29,6.72431919506665,4.2499867097876916,5.44760983446627,7.529209374684458,6.285063135508624,3
78,5.268288235252928,8.710528609980173,8.736740948367226,9.841643630590003,6.788212593690556,2
189,6.171206606958627,5.89604249199905,9.833029371778604,9.315413293808557,7.516091093629055,3
69,8.717191579518087,8.074677966434216,8.86091094427783,7.586717780475082,8.576946018939118,1
113,8.015168388769721,6.628808707516167,5.74790441377587,8.208566471557244,8.914594079990358,1
132,5.387755553572226,7.518741164544082,4.726637354067651,8.25341388157323,1.5486062789705612,2
162,8.77868034013279,8.299649972010691,9.763611732614546,8.731764230834486,7.62228604826531,1
185,6.458346353748869,7.117930572240116,6.215423269821905,9.900403553422851,6.684190152994474,3
88,8.86994828308831,8.1004574322846,8.559252541662218,9.068127400177687,9.490870376504478,1
31,7.1275822944366976,4.905018442802315,9.640614141623512,4.281812186103115,8.590369956284057,3
14,6.267339382876608,4.64077898465743,8.618725178690784,4.0571236156696635,8.979451166502985,3
96,5.754875822168611,6.135199053935586,8.490354878680746,7.552292190037618,5.408426352637705,2
137,8.07597658827894,5.602211314828315,6.732217000138034,8.351876989461724,2.436505081742527,3
100,5.691655429584434,5.3190409238576315,5.59906778707126,6.886828914565694,8.028249916289745,2
7,9.300487360221428,4.269806694487207,6.878889726735172,8.390418907493709,6.745740560821002,3
159,7.445188753749811,8.79734164284422,8.892776557779928,9.025372638538284,3.513227069776598,3
94,7.41889509745395,9.47116928231396,4.126787938965103,7.607952124952763,8.669236501347488,3
194,9.865442384060472,6.549842658648106,5.585790081574203,7.887943997941793,3.839224739332791,3
57,9.958096763230438,4.4185391813517985,8.598965994961919,8.035015852827346,6.59629302512639,3
167,8.73051685297563,8.654098628159085,5.410306352309084,5.269193417831715,3.2552646699969876,3
190,9.635531122973106,6.341524860947681,9.642211367694566,4.233415286474143,1.1640265662561973,3
61,7.812851367460954,6.829951514434593,9.655728785128412,4.6688446554804495,5.447127104064602,3
118,6.375157363911033,4.421723527585719,6.599512080449518,8.097525122759851,8.975708438997557,3
26,7.176743863352343,5.760949655528625,7.682381723050481,9.620146606809572,4.218027043168696,3
195,8.431709261639735,6.924988579657828,7.814036456092362,4.604854264337317,8.640239713539488,1
20,9.370516078283805,9.550087166780882,8.259983353620253,9.056375669222824,9.465382959557745,1
71,6.65115017753236,8.074525404985076,7.284883343668355,6.487797324887127,9.553720035853194,3
86,5.510435263150245,8.777679324155278,7.078541043244544,5.526507241169032,7.607090767868469,2
152,7.998022693211064,7.07074520576044,4.008652785323055,8.586874029382201,5.663967442650473,3
100,5.691655429584434,5.8517904033010355,9.22296111638213,7.849445793907165,5.203459938626899,2
89,5.536028883854994,4.949847277538083,5.727635615119039,7.793046029947635,4.195840162720294,2
32,7.849163171698539,4.420173775962265,6.258430452030517,8.87487380393294,6.272652822018337,3
28,6.362776698210371,4.457217952152469,8.885659903433055,8.101138181774907,7.603862182529044,3
20,9.370516078283805,4.039813382663165,7.207005306354856,9.732735640578792,4.200840311395316,3
27,7.858317981207033,5.838780334764461,6.923678070217255,6.389773466273409,8.54111331307838,3
144,7.071004501426242,9.4377658486904,4.496559937309007,7.1291888521951625,1.6156006775670606,3
106,5.762137971030755,7.258320295587118,9.954643362615421,8.556034509755277,2.4818282064158366,2
39,7.8403924068402695,4.905537870632853,6.090711070661635,6.117052112572325,2.518072790753845,3
125,9.543480814954474,5.941191622494456,4.414994859298631,5.76265693654214,5.396991201234598,3
135,6.366789658217469,6.676973475943271,4.433719833940943,6.949920261955363,5.2580414234258654,3
61,7.812851367460954,8.388220001528872,6.992142556960259,6.205022226793005,9.74239791348678,3
10,9.211645185032863,9.874372042248902,6.776726904893037,5.134838676954393,4.989661215470983,3
95,6.271805100318124,7.151261035915688,8.272003390569223,8.702038718434657,4.941896454095543,3
53,9.687633306363871,7.425883946593902,4.313094897348254,6.377523376258374,4.542477199065601,3
88,8.86994828308831,5.306726773270526,9.11954808974713,9.064871993720558,6.513549345696368,3
115,6.820012886411879,7.89085559017591,9.624018381699567,5.148523070549431,6.026912975968694,3
186,5.061365127664093,8.932542318204945,4.53527822073281,7.518185867845717,5.463032174709088,2
163,9.06322875008069,4.157203526338675,5.290178188156177,6.813808642180974,5.676209851469321,3
176,9.906808108199499,6.611806548062301,5.3846493795897885,9.10900465519942,5.056578669420204,3
86,5.510435263150245,5.895585120128537,5.286184719233907,7.858170200974644,8.366894288881515,2
152,7.998022693211064,5.907676448751502,8.600102688130354,4.5308367859988605,7.297207477661797,3
36,7.134912483591247,8.484215767092046,6.79807874230142,5.341132389982439,7.192215724557005,3
113,8.015168388769721,6.559513168441981,7.609815789760505,5.069767390782295,1.1123224968266907,3
10,9.211645185032863,4.353621145635735,7.3021083611939375,9.07586921062704,4.230228038863552,3
18,6.424184245198106,9.595690171927544,7.436667212368399,5.975356263643016,1.7329557125741633,3
187,7.189524967658304,5.514994133343034,9.91611252615412,9.08601591338503,5.589251321042001,3
51,6.075566518616974,6.262357449337458,4.94711759340375,6.234064810553874,1.563084979670232,3
189,6.171206606958627,5.16357417993747,4.91715818798421,7.269361131420592,5.706063397286471,3
89,5.536028883854994,4.259370978527473,5.417850514629987,8.19391598729122,5.287684894840433,2
69,8.717191579518087,6.653575607237304,8.014185125863024,9.079941815734534,4.8689404433212715,3
22,7.577113673932021,8.68817825692508,7.588717415864497,4.474816726960169,2.232861757182067,3
149,7.386394802942442,5.5065140489770155,6.232350324975889,6.619725605901126,9.45489647102779,3
7,9.300487360221428,4.423566087589577,6.430834076907004,4.299409029427354,6.457616980984111,3
194,9.865442384060472,6.530129094123714,7.6763907419059505,6.660383345135049,2.082441859987891,3
58,7.7055046755701495,4.870967347914322,8.11271619791173,8.652155166791614,1.5182629970832084,3
45,6.901657526479581,6.897590375606278,5.070431724112793,4.239686846014762,8.523273335687609,3
84,9.461275981281013,7.216299970594279,7.618984960062321,6.36479706466334,9.038261380767908,1
164,7.138099984312166,6.1991240736772095,8.836172926175351,4.9962928278549406,2.2303478599511255,3
67,8.837230164604852,4.159716866706492,7.534607413694283,9.832222614448554,1.2963200214101174,3
93,7.405793470280351,8.50390409804772,7.452752582864793,4.288262972666508,9.979227778296229,3
138,8.129410475725908,4.014869936156264,7.961624117117402,9.190356749699681,1.51618814920029,3
59,9.719435463797158,4.261763080763525,9.4974972236779,9.643476567769476,3.824121049241374,3
169,6.171483148995948,8.044599340440989,7.904553320402728,5.423206761220959,4.647974305254021,3
102,6.332967430899628,6.845268556609128,8.563679128853304,9.789455030748748,8.581105108098509,3
119,8.834670559384456,4.023369246480807,8.991935481266859,9.467263187578016,1.1127383481146467,3
7,9.300487360221428,5.531481900752089,6.068496616857033,9.67842579319488,8.101381428663625,1
197,5.065045004526871,6.360858282595486,5.68972017360327,4.267927820722725,8.082299480790603,2
40,5.825629158595894,8.538998952975488,4.704552642376912,7.766682828599436,8.325555341643776,2
60,9.094134577575858,8.688444817812034,6.83559448351007,5.494637681421286,8.094772607529034,1
134,7.361497716494816,5.567458708168634,9.936369447164832,5.543029194386083,7.4138716313675115,3
58,7.7055046755701495,5.616679725285516,6.280903980855739,5.510655368627045,7.160886050522461,3
173,5.163026931482154,7.208099112753628,8.174487430813556,4.225590831232447,1.552831280113327,2
162,8.77868034013279,7.415310317086867,9.1950007327119,4.919109324946595,6.188002521625638,3
198,6.1432464377325555,4.204172862371551,9.800323502279433,8.521863340340158,5.2763939931260895,3
193,5.2887655777894205,7.0526675259675065,8.03633626481044,7.6352776538393545,7.449922658936889,2
119,8.834670559384456,9.04828108269527,9.750906244920783,4.953617963053672,3.3824013052434743,3
39,7.8403924068402695,4.0521453040182465,8.10405160972859,5.446131635928366,9.171582627147453,3
189,6.171206606958627,5.961909133105406,5.199217198341163,8.66439374754021,4.949349896101893,3
76,8.810436270289317,8.781242001663362,8.654818672651318,8.367051016418124,5.392888207430543,3
61,7.812851367460954,8.134872043842151,8.872172252106482,9.80881615419599,6.562377766060756,3
113,8.015168388769721,7.979072757544328,5.501432688647194,6.072632714885635,7.543745237662633,1
153,9.39540707068661,7.7897956975229965,4.08260828721517,7.671723630167347,5.287627924587044,3
164,7.138099984312166,7.852383078073367,6.590930018010371,6.494740177148951,5.903734464544489,3
108,9.248031525285194,8.450487351931125,8.510983552712394,9.883747239702993,8.320933921831536,1
60,9.094134577575858,5.942994714596177,9.700110188725844,8.29433984953476,9.85963309370587,1
184,9.245828025808322,5.58243543966512,6.764877316532992,9.189910472915615,1.2197678599779702,3
63,6.739804860421499,6.388551719860472,7.217581782268365,8.316293080213171,7.904138616015097,3
109,6.3894818449493265,4.881369802791831,6.195087009920069,8.366323300651212,2.6139566474518117,3
50,8.513075817465358,6.5546215477365175,6.702943155385171,6.159981176878007,5.408846291042396,3
166,8.92213468805078,6.399839934341622,8.340036172150464,4.523851858867121,4.836468034898687,3
78,5.268288235252928,6.813545553949315,6.04000738280123,7.760529210745875,8.4847181887801,2
114,6.668692684187668,6.2375353687725985,4.232957245273984,5.414580057491976,1.8608691322726134,3
101,8.400102079500225,9.269618222983713,9.176407355915604,6.313242757271946,1.5354188294664892,3
115,6.820012886411879,5.035628538053927,5.246331816392203,9.020632305274193,7.101462971646854,3
76,8.810436270289317,9.749266918532076,7.311918832561573,4.343383349354368,6.407032153667704,3
154,5.548659557849839,5.912649332565777,6.857463104633266,5.6454788210019675,4.204691365018915,2
166,8.92213468805078,6.148329237000183,8.261227282768886,5.0088290095307615,1.3183448777262612,3
65,8.044078742561966,4.08374797360294,4.5891717996775165,8.820755742756559,9.102879843697389,1
40,5.825629158595894,8.144120801169333,6.163563737616933,9.776055156264356,9.414075179982405,2
9,7.705511149037614,5.102557560425659,8.434415424274817,6.2800372962646165,2.3682890530632923,3
194,9.865442384060472,9.633923648129148,5.668864816132473,7.274856473605351,6.4151088945197925,3
148,8.885898188246172,7.702632764063052,7.239448269470575,9.45035657553478,5.431412955385651,3
68,7.761228768767385,6.539796264963872,9.471117777513246,9.91699338036906,9.82066591449695,3
150,6.371730926310616,6.79741107268462,9.29657431169643,5.497155162925324,1.4307903650867613,3
25,7.093797258853025,4.799141669709177,8.79893465799584,6.2179010039820035,1.0526384468179653,3
68,7.761228768767385,4.209889623864946,7.829420550657451,6.335808535716324,8.162902859805259,3
149,7.386394802942442,4.91975610773623,8.384951868817211,5.089799752035282,2.3165731523348834,3
65,8.044078742561966,9.847412732289552,5.382876297104204,8.344124054519092,7.826179244834273,1
85,6.074060506057028,4.035444565195216,7.368557197495701,6.1603873614024875,3.587449696733984,3
112,7.937974381112131,7.514779488485471,9.039291010811842,5.341246643316196,7.49635303702093,3
195,8.431709261639735,5.214663285803526,8.226110752060288,8.845138154030229,4.439009927989213,3
133,6.258708798275734,5.183476720458946,5.5004918983948885,7.077835276670077,3.5750863114781524,3
28,6.362776698210371,6.787715633180831,7.843704891014233,4.314851552823605,3.7148981144619695,3
7,9.300487360221428,7.660571682254352,8.342073007472804,7.492466163604393,9.212068382951093,1
140,6.712984950098588,7.856789333160875,7.235212802958666,8.21966086888552,2.5897602021670414,3
193,5.2887655777894205,9.803887064861552,8.546937168107924,9.217251310276332,4.1356169966130505,2
172,8.997647919627553,5.195816440121193,5.198667966725397,9.763857078137878,5.1481811069211165,3
37,7.819731068380294,8.460692327270856,6.672759974963381,5.599479957050806,7.838362313013402,3
53,9.687633306363871,7.538273673270083,7.147750599499059,8.158488456490572,8.959292562399956,1
81,7.123155729785311,8.354408318826499,5.149402589416256,7.399954827793374,8.125530815380742,3
141,8.441806201837279,5.0379398382611535,6.342309654207648,7.051820110437044,7.5075785065752765,1
34,7.015412542591401,6.392046352318208,6.409275123348622,9.972876357593487,8.061613105877143,3
35,6.145263379412153,5.40806968728632,6.651075251971476,9.429343123534991,5.039420865866039,3
167,8.73051685297563,8.25656431607534,6.304925622632478,8.877618807115345,2.470286700081112,3
7,9.300487360221428,9.35787323302452,9.688653820819649,8.035742691611997,9.38345661366609,1
191,8.603057873628071,6.5332656669810945,4.218064543504289,4.918016479079119,3.092320730002189,3
93,7.405793470280351,4.250505293799335,7.026444872684656,4.26125133427,1.0515945196774625,3
131,6.783551822346323,4.7345341114794,4.067771860477138,5.779622127350635,1.83673460041624,3
93,7.405793470280351,6.749594717762829,5.790425717583457,9.978722614184537,4.771645054411144,3
145,6.652801108216075,9.613368491087348,6.300731208035089,5.741345507168537,9.67740920297802,3
79,9.20592812448436,9.504083236106005,5.507344298958778,7.889884877774017,1.8896350458905742,3
29,6.72431919506665,9.225239655388322,7.542427691284182,6.3731748164619315,5.2842737437654845,3
186,5.061365127664093,4.638603788649483,5.744138735412254,8.21052096245765,7.200439960708932,2
84,9.461275981281013,9.068152562414364,6.753573862653299,9.928995485849974,2.54813997856945,3
1,9.787212979203904,6.6829747650461115,9.016157190621223,7.935940602590197,8.270863151821047,1
129,6.670095323391459,9.651770622069776,9.692778715439605,6.498080230198195,8.92621207909188,3
130,8.74937705872006,8.400956626610206,5.694595559486718,7.005204907834502,9.392970861832923,1
88,8.86994828308831,8.24195775160183,9.074685760622328,7.90766449099398,7.54412781034721,1
154,5.548659557849839,5.222315128707572,9.49725268800182,6.434413857600411,2.3616657256130154,2
31,7.1275822944366976,7.397754777586488,5.539830557380991,8.634092478991088,5.9791446852571655,3
126,7.045080348424406,7.405966104119168,6.133592393053166,7.0273131535710665,9.640482308109702,3
4,7.755668506592267,4.4132495892622465,4.276360777383006,7.429682645134346,2.4528435766562184,3
153,9.39540707068661,4.45214594025957,5.891301942451694,9.16821004152024,7.483002642588359,1
17,7.405691900791038,5.992512997806445,4.747749338035084,9.40983616209501,8.583712565216867,3
138,8.129410475725908,4.725934461891747,4.070084440051344,6.987057521950543,2.8107709274530244,3
172,8.997647919627553,9.563372515815836,9.386391617109457,9.221679705120579,1.574274358729988,3
103,7.065037509667446,9.564354008503582,4.162220608113145,9.457744322918078,7.468731638518153,3
6,5.971433384032893,7.154276331422997,8.738739028686116,9.205579455415972,3.490413359860818,2
174,7.931804579191857,7.015120619892038,4.290166068438949,4.006856158838834,2.4462748327424735,3
128,8.0024055865564,9.642980539288441,7.925093252643617,8.591394876370053,6.467233311694331,3
57,9.958096763230438,7.132923595456519,4.576194288364289,7.784662320148647,7.390003207985089,1
60,9.094134577575858,6.537920602987666,9.999646578506528,5.040337069001371,9.030299466243942,1
141,8.441806201837279,6.665898292906238,6.904267284897768,9.777364238021581,9.352525371689573,1
133,6.258708798275734,5.396427285039056,8.83494655347874,4.261849256165366,9.350720982067433,3
82,9.068979548457182,8.517348367962532,8.454517966207376,6.9648463219603345,2.571435675301208,3
71,6.65115017753236,9.581763227763929,8.223338922903896,4.576475629358994,2.863285969676022,3
40,5.825629158595894,5.6736426677492,5.555542998844762,9.004146186268983,7.1368295885337405,2
62,7.781935256474705,9.564801157168018,8.420673055579089,5.542679211431999,2.4149636343049092,3
53,9.687633306363871,9.211193343670564,8.787620624381493,9.54015979804614,7.433557952980908,1
119,8.834670559384456,6.761543365732086,7.413567348463221,5.686575281371449,6.417806692095981,3
161,5.8244389685826174,4.455503866647624,7.1996650142323295,4.802843043405543,7.09182015220391,2
48,8.688393709843488,4.870147010821598,4.3841119211296515,4.245398580033071,8.35718864148247,1
108,9.248031525285194,4.091837464045209,8.182374349317696,9.752375976259254,5.409494314599568,3
155,9.96211257861654,9.718428025409034,9.215550468535694,6.634486910036562,2.101186296785655,3
83,9.37492609647757,7.126141564545666,5.433151726275273,5.3166322888183615,6.156245987739493,3
97,6.545569414435605,8.010324334206345,5.519926371235277,6.948537990549714,8.795173189800641,3
110,6.925424588717922,4.911873468523937,9.750761320863106,4.441779982435921,1.9195075504169463,3
164,7.138099984312166,6.873258875286156,8.034864985217123,5.921734728964772,3.6444956519629743,3
160,5.56879781308632,8.482296982589908,9.62366123083664,9.76949477566806,7.418809121955305,2
46,7.092361093851638,5.029775580463882,9.33214801989779,9.233628576982028,4.330896722519953,3
18,6.424184245198106,7.516951726441741,9.205806926241616,7.122627874827884,6.738357089224658,3
101,8.400102079500225,4.710229001282519,9.705614780395361,5.484077407347751,6.778725680592868,3
150,6.371730926310616,8.758701384229546,7.731393361747011,6.866929198173727,1.3429249813718482,3
191,8.603057873628071,8.339345142587845,7.102236762188378,5.4347974924795945,1.9826481369709947,3
26,7.176743863352343,4.925639886426924,5.363714507575662,7.3782927482995575,4.807114626042425,3
1,9.787212979203904,7.85797617693604,9.920435189317104,4.734503582016932,5.3650586278867065,3
112,7.937974381112131,6.142024361507139,9.743818512700956,8.034276839159638,8.60373245494912,3
174,7.931804579191857,5.433257437128408,6.32072500158758,8.280724877119694,5.794530315078443,3
165,6.080839371421514,6.459985545773304,9.048723628366377,4.390496772951241,2.2936304107654024,3
88,8.86994828308831,5.759195649271366,9.438143055281065,6.616215566484813,7.142053104639048,1
181,8.743465292321964,9.592060243540745,6.909837872941287,8.799996743066856,8.809698321527282,1
6,5.971433384032893,7.391535433068471,9.67936711387751,8.999632240798316,4.099034220772737,2
2,6.260302695003954,4.172399152346912,7.258685234974797,8.61182042547507,3.090180646809852,3
75,9.320207338150581,6.949334632753599,7.536045113662109,9.194904949816499,6.692462490299276,3
72,9.421023382389151,9.862841121906882,9.917445160386638,8.536413955565575,5.054932736481717,3
100,5.691655429584434,8.273022606536886,7.610770708618254,4.471390254318937,9.466453662833345,2
168,7.510111025824367,8.633726184354131,5.982590712770229,9.86145799915532,1.3183144121835606,3
141,8.441806201837279,6.4878413866451545,4.450234075604121,7.113725414630899,1.7477718127343742,3
172,8.997647919627553,9.740282968582836,6.010078317904548,4.561606456373028,6.914985455000398,3
51,6.075566518616974,8.484060738560274,5.225786944262627,5.218698397795896,8.518981057968533,3
123,5.676735244257358,4.535562470202441,7.053672525537288,9.036255891585224,1.3942863225442022,2
10,9.211645185032863,6.483727354610866,5.077286455947302,4.608747926629973,9.28995710887089,1
113,8.015168388769721,5.807863197664365,4.384163942145752,7.619158139163416,8.137126919154984,1
140,6.712984950098588,4.592116125074305,8.625101697919973,8.836751729973429,4.430227266993652,3
159,7.445188753749811,7.083609967340821,6.132675162440062,4.556291292776581,8.56648197427257,3
68,7.761228768767385,9.377492578543814,6.135105174578582,5.21614711852461,9.591561655537776,3
148,8.885898188246172,6.354343719355077,4.747493143167981,4.260525576111038,2.108364128185697,3
65,8.044078742561966,5.061356641277165,7.644594595220505,5.075367392899697,7.266128826869764,1
47,9.878968344175936,6.646648029925691,7.238456319176083,5.456037195548193,4.368245997877219,3
146,6.174235528111458,7.052630557692088,9.296940814893082,9.363425750292357,1.1303862842594605,3
136,8.828113911666295,4.324768685038544,9.375419763198284,5.5562156232759,1.3598220604614895,3
30,7.199787423195821,7.480096762489582,8.833654420442548,5.505069801332914,6.6359857198855146,3
172,8.997647919627553,6.398479066449244,4.6590282598867025,5.290054214663668,5.53584149401867,3
32,7.849163171698539,7.746419544681792,5.890230088136123,6.1972394101047765,6.487388942248828,3
135,6.366789658217469,7.681742224071987,6.105928607140935,8.695760835344267,5.303096765710035,3
89,5.536028883854994,9.398779845625096,8.807356716321983,6.279287386998203,9.427189057314928,2
58,7.7055046755701495,9.429681608428476,5.5393038750703525,5.787079085135392,9.843851474058786,3
129,6.670095323391459,6.939104880875044,4.231315699244578,7.586133572165472,7.912648608182846,3
180,6.227527990095866,7.802808868557149,5.453326642366642,7.476636389682375,8.335335977126752,3
62,7.781935256474705,9.366359195017068,4.64735496819515,6.981879431067737,8.680261841531454,3
166,8.92213468805078,7.548728176999903,9.511947616074343,9.594805106384033,4.668743025301643,3
66,7.654792772104553,6.607569603515776,7.324478899104361,6.1369001164884445,8.22440051378004,3
37,7.819731068380294,5.981761985996337,8.681080154212516,6.324169015769748,5.963931813279372,3
37,7.819731068380294,9.47807488464729,6.473830112028359,4.958102106103984,2.9325923033739043,3
156,7.208806355264789,8.946500215093922,4.002120375912642,8.694204678453424,1.5192904468225246,3
61,7.812851367460954,8.760849214328736,6.494507404886564,9.274085611634641,3.3531107955164887,3
77,9.78278904509287,6.689151574429778,5.171592046235448,8.066122680124554,5.084122089079143,3
99,5.518103919721187,9.25675787189295,4.845948271922127,6.9293421582205506,3.411915055307547,2
168,7.510111025824367,6.526941514852098,9.146825258870543,8.865458029630048,3.3645289456051817,3
181,8.743465292321964,4.293964999238091,8.697017302809005,4.522669019584832,2.5297145893624533,3
199,6.498710438386006,9.611612321195086,5.569090422467463,4.095395153668697,2.017474215867382,3
162,8.77868034013279,4.5178652500171435,4.60757627966451,5.597683162812233,8.623268343051507,1
168,7.510111025824367,4.926544284889637,9.771255511802437,7.757901459611587,7.812344817355997,3
102,6.332967430899628,9.809378449918551,7.287991629693954,8.665917214268042,9.408033652336352,3
170,9.289793523879457,7.9922276890873665,8.735158240014677,5.012302386276107,1.7940373213036993,3
132,5.387755553572226,6.615584748302853,7.604670848917107,5.68643066370568,6.814923005588201,2
196,8.553534508523576,8.583554669348374,4.09792331114332,4.070313839054181,8.455064245884298,1
68,7.761228768767385,9.890492792747322,8.647283936519692,9.444020292894233,2.029758410592348,3
57,9.958096763230438,4.889192524473612,8.393262515159652,9.819506321261766,1.2852193308854374,3
25,7.093797258853025,9.392973308898064,4.109703140198863,9.124439774354126,6.874108570618023,3
35,6.145263379412153,7.334364817194719,5.374363116663708,9.158378675364002,4.933178213423258,3
141,8.441806201837279,7.445209478403133,7.825356084844541,4.065795361127427,2.1343294563298123,3
19,8.595347545871899,5.683448606024111,8.027984584327312,5.200286153883152,6.2227054082737805,3
174,7.931804579191857,7.315558193338675,7.9669035910118,7.791510006221669,4.565151696440808,3
130,8.74937705872006,7.830388570450227,8.423016288522632,5.814037148582998,9.353997327066445,1
99,5.518103919721187,4.64245132792311,9.243513835341364,8.87044963754614,4.286557874323704,2
167,8.73051685297563,5.603001163992152,6.514259510030367,9.048359591159443,1.8749920346673874,3
19,8.595347545871899,9.067735169938057,5.883372097662543,4.612864458795304,1.2979946683950243,3
172,8.997647919627553,6.815389680074255,8.090741367618584,9.667191755893061,6.289650162884598,3
41,6.593123668910263,7.995000779275877,6.625123853103724,7.78224769224637,9.443465691698153,3
41,6.593123668910263,4.445732210333953,4.030741757708871,5.228914242277389,1.0555835029378582,3
138,8.129410475725908,6.013592103281951,4.551400673203729,4.612333540793971,3.655243722391626,3
197,5.065045004526871,4.448293165062461,6.780415857956947,5.396224811576865,3.175283218174598,2
143,5.546573580430751,6.332516231024176,8.186373973485596,5.080025746700961,8.269390994966319,2
79,9.20592812448436,9.994608413804967,8.884322360001647,4.972377147210839,9.723031937047883,1
59,9.719435463797158,4.535414141736723,9.490025461794877,8.091059865768598,1.1448332012317382,3
122,7.2602941274075325,9.449727673918922,5.299305364688937,5.408074315947898,4.704343055028586,3
148,8.885898188246172,4.433527861812834,5.545787943871286,6.382735355273109,1.4318666985635333,3
126,7.045080348424406,8.137043417154057,4.240656765138231,4.69709206915981,8.802319193685996,3
86,5.510435263150245,6.680024581167917,5.510428935074238,8.32887100510512,6.347545139214699,2
68,7.761228768767385,5.949209776731391,6.963073604815076,8.48252099420141,9.394676515004146,3
4,7.755668506592267,7.373432231140513,4.037590569600702,7.598395879093348,7.2936973453962,3
142,8.979435422303828,8.95415359887055,8.664685611865668,5.750059895560333,4.6951837189292025,3
143,5.546573580430751,7.314950847993963,8.758893441469159,9.66399368492577,6.594549876998784,2
44,6.212218539862171,7.595596593435925,4.425616538128336,8.41484781546248,9.606409497518893,3
31,7.1275822944366976,4.803152347960697,7.033249998940544,4.388259843024914,4.1869459554769515,3
45,6.901657526479581,7.426147179224512,9.603154296033658,4.398263696690745,5.187638307589741,3
145,6.652801108216075,9.610781081938221,4.6822050648866425,4.8083278776295515,4.009064118537574,3
170,9.289793523879457,9.801342211459174,7.392023890936292,7.721218189982128,8.11641453218138,1
40,5.825629158595894,8.036067556703395,5.193998658576364,9.280864493922769,3.6792403848511532,2
47,9.878968344175936,8.599482341811562,5.0073863894002635,8.22089335166714,3.3327036742958898,3
31,7.1275822944366976,9.507630978993435,8.695531305938655,8.954952468016838,1.8322595708967357,3
79,9.20592812448436,9.24898501614799,4.71506398932658,8.972103962842283,4.468651167148685,3
67,8.837230164604852,8.717707960589284,5.937059428010994,5.539315508660188,3.249990926812089,3
59,9.719435463797158,6.0497946732525945,9.97384858378481,4.822526255276364,4.156788785508657,3
77,9.78278904509287,8.054036231239493,6.943640390001969,7.077029910892962,3.9455171183000126,3
58,7.7055046755701495,9.465794338266177,8.018900010427554,4.404837564643461,5.12011754945933,3
100,5.691655429584434,5.0210001591915,7.405906530375804,7.968679978284753,9.215617883372039,2
127,5.177872785784958,9.802203197457924,9.02273431456933,4.270928519850513,5.686639584600546,2
185,6.458346353748869,8.382660318929876,9.387515371420037,8.02611784710571,8.504859613264308,3
63,6.739804860421499,8.134268496331986,7.084132507856111,4.5684474999299525,8.767563505490848,3
188,6.121514538029192,8.879660524281956,8.57963878357124,6.468525132369875,2.5632807845729153,3
136,8.828113911666295,7.450321874643704,8.997606997656174,5.1844031530703205,3.3356979755174505,3
154,5.548659557849839,7.8511337601570705,6.092818843601043,7.597022722813598,5.426065693008235,2
4,7.755668506592267,9.67911552149857,8.98939238798745,5.583985467926256,5.576061733383236,3
143,5.546573580430751,9.553973905555873,5.137732769603664,7.260190417715195,2.484215633394295,2
145,6.652801108216075,6.624178277957823,9.989599909867726,6.655992879257246,2.8444689455995413,3
194,9.865442384060472,4.922721998647166,6.107466344098891,5.598477638474736,5.5338918348907935,3
10,9.211645185032863,8.860480244751662,9.58510810551575,9.531441927173546,8.41119901480899,1
173,5.163026931482154,7.09670150938505,8.918483235811827,7.11821258539671,2.9685808263751343,2
162,8.77868034013279,9.79069841790494,6.363335840542141,4.173918890451945,2.8741795476833807,3
120,7.820647147057283,4.830692038975624,4.6325608541128265,8.703447997268885,1.96875708089626,3
134,7.361497716494816,6.922869216773974,6.815845137459803,5.561282639829766,4.637640810083484,3
144,7.071004501426242,7.968266336560822,7.453398968628532,5.95807641742879,2.5520709332026863,3
33,7.4399086081626296,9.035816106519203,7.543144887293144,8.433356775894236,2.5250204497104844,3
164,7.138099984312166,7.907275734852145,8.621389410646412,6.110933957234549,4.294596452267321,3
39,7.8403924068402695,9.549710935139048,4.687958173973305,8.431722705431568,1.689747211845461,3
0,9.777418344772451,4.993620197319084,9.685114124967464,7.871770465936269,4.699369695413813,3
11,7.73632603580448,9.112036785225564,5.274289335440184,6.908225960953104,9.49216151960835,3
57,9.958096763230438,9.532460053857495,6.372966847342605,9.587987527402195,5.580738411791395,3
57,9.958096763230438,7.269231406218786,8.791631736924787,5.802589337139099,4.5838125446118365,3
186,5.061365127664093,9.224659009670706,6.456700593762811,5.398773714095961,4.381981506778436,2
124,8.611318444078583,6.071319565607622,4.516402009631861,8.410381843804242,6.154967600022598,3
69,8.717191579518087,5.944124165618987,7.511599415684589,5.893283934066014,9.435655309273677,1
127,5.177872785784958,7.433408231520307,8.284526216820783,9.09033352900131,8.295310362966315,2
10,9.211645185032863,5.860211791117004,6.876796491126395,7.707733645310002,6.642517622118393,3
20,9.370516078283805,9.19093442631881,4.441658578969575,6.314724353298337,5.320320719078278,3
92,6.775179108822218,4.620597848978987,9.907203149360804,6.110565625151264,2.0597936728114274,3
112,7.937974381112131,6.159407503782703,7.325826943806652,6.948640013547443,9.75919763179886,3
64,9.380453631149415,8.826090932360298,9.03316741703049,8.028214348566383,8.954211457692193,1
188,6.121514538029192,4.383006893297456,5.843364089513655,7.935341214022536,1.1977356151546397,3
62,7.781935256474705,5.633764600067835,4.566325946787059,9.572983618865148,1.0535642248394574,3
197,5.065045004526871,4.6568469173136595,7.9469799516519855,4.750028860840535,4.495943378804686,2
160,5.56879781308632,6.242932208829652,5.901933713878626,6.01226786659902,2.0412032752661107,2
178,5.178847649741599,6.642238865894295,9.694393980529675,4.223231119347208,5.271543852324519,2
51,6.075566518616974,8.038062831944561,5.743036533975524,6.061946427091971,9.682251406854848,3
160,5.56879781308632,4.798740057015214,6.398668689530948,4.433955096274514,1.3062183747180756,2
97,6.545569414435605,4.495462875735051,5.561525161509897,8.725016577822094,4.1027528617216875,3
168,7.510111025824367,7.40967932723128,6.665413544374044,6.197765303771316,2.0565481908427383,3
159,7.445188753749811,4.918189746046961,7.967953147772258,7.825019202502207,8.099543422442288,3
137,8.07597658827894,9.023779373032864,4.004115039826871,4.97712763011028,5.86065971858997,3
103,7.065037509667446,7.532645731407329,4.238106938569626,9.083099702266226,2.6162253952684678,3
17,7.405691900791038,7.156502014085011,8.267535584724815,7.7710048554203235,5.7321112479467775,3
23,7.698928079306608,9.36218480637923,4.2550117823177676,9.491967190791417,2.6331581031191265,3
54,6.513098283378771,6.7383608075938355,5.124447679269196,9.577922589211184,9.93896320096421,3
48,8.688393709843488,7.47174228144735,4.584430266098002,4.906171034035849,4.971104395324875,3
48,8.688393709843488,5.386057973418418,5.907842527015641,9.915733349032887,7.140649126206792,1
16,9.356087116026146,8.468236156962487,8.91304002946491,7.5292769167634015,4.925841887719225,3
133,6.258708798275734,4.072624536629316,8.620261491275393,7.058935283183238,7.100120345406664,3
193,5.2887655777894205,6.8470217472168144,6.9027954423437965,7.560122970085636,4.5897403194735915,2
49,5.358528420763136,7.755752551276231,6.915253673453612,8.755250708432328,6.116900148611531,2
17,7.405691900791038,4.916181635994381,9.467954643333817,4.054336708653447,5.446160400694022,3
83,9.37492609647757,6.770597183184493,8.862522303429644,9.104591105744294,4.965168153146427,3
193,5.2887655777894205,4.52945940392448,7.867785960941395,5.065939181089499,9.112488869961702,2
112,7.937974381112131,8.969764504136858,5.672162780266214,7.993077773149586,8.682158022547291,3
98,7.596557017299794,7.179831980266343,8.47360566448858,9.1543613993877,1.0080556673473642,3
167,8.73051685297563,9.231348564727327,5.323627324884367,7.365484508368574,2.9575336925780427,3
89,5.536028883854994,7.7918679310228,5.1217727993271955,5.49340985970037,6.837149548151724,2
152,7.998022693211064,7.536435483700984,4.520526779633196,8.508520042340287,3.524188667793352,3
83,9.37492609647757,4.561180214227818,4.540022600875787,6.76563693588986,5.846642255639651,3
67,8.837230164604852,6.006148288534088,4.981089118362081,9.34173647576901,2.6821684020068393,3
5,9.96055862054601,5.3101988420963036,6.059155322312471,4.709980969570328,1.5123043664737574,3
165,6.080839371421514,5.272165009609784,6.565189399548528,4.410419100845662,4.124418693805155,3
15,6.841760984788225,4.546478710610147,9.241422445534266,9.138283386863003,7.336616242762808,3
76,8.810436270289317,7.744741899002898,7.734551449654844,4.133812299037128,6.794154139962452,3
37,7.819731068380294,7.805116380198181,9.691189151592726,7.79613415611119,8.962551551044719,3
176,9.906808108199499,6.00439933509142,5.455971316760718,9.23080846816939,8.212018551476056,1
67,8.837230164604852,7.789039458402028,8.722762167575075,6.8831641717152054,1.2076237121550866,3
123,5.676735244257358,8.334573827172644,9.725374808644444,6.397250231807689,9.9225052840009,2
9,7.705511149037614,8.949836286714067,5.978132077914359,5.030232642546123,1.1367423984969636,3
95,6.271805100318124,4.237539807773244,6.132933862668109,4.572766650355415,9.748953210639696,3
89,5.536028883854994,5.36508653042892,8.182389671278658,8.120251917049579,8.228955586095191,2
148,8.885898188246172,9.596682486479,9.307072092249552,7.028763723514784,3.77482163075698,3
20,9.370516078283805,4.408471855995621,8.997800673993694,5.442294205672514,2.2051719289210965,3
188,6.121514538029192,4.437280255070471,5.132590338336215,7.4890403050376095,9.557354663099693,3
52,6.177960939668009,6.558652477557057,7.1091396256030555,6.726136359607343,6.55660735941638,3
155,9.96211257861654,5.672914180404634,6.454673893368716,5.086586197080175,2.9884353176221645,3
53,9.687633306363871,5.533956506066566,7.698135611974551,9.441154190680962,6.776011547536006,3
186,5.061365127664093,7.346388124617244,9.487719071308044,6.021197952131488,4.897681836472291,2
167,8.73051685297563,4.468196874051826,5.573485267754631,5.097310746136782,1.870643709649376,3
49,5.358528420763136,7.944045104907277,5.563274685325771,5.037858425838868,8.580838582937945,2
22,7.577113673932021,5.784402919236711,9.62673487598578,4.484397214723787,6.092347593267307,3
31,7.1275822944366976,5.459046911559069,7.378329098728714,7.083203376285041,7.847049757914711,3
66,7.654792772104553,7.553355358642209,6.588865901092731,7.657421730014304,3.5203556606395736,3
43,5.460138456422569,9.90329906575104,9.752827064572177,4.955725627602286,4.268041064157956,2
26,7.176743863352343,7.780954456527871,4.769634393703246,6.377754316911477,3.92076167012023,3
89,5.536028883854994,7.78305073637196,6.723424432175374,4.8393043463821535,4.292286717292381,2
89,5.536028883854994,9.064696524709687,7.162811437314561,8.00462194994021,4.9440041908571555,2
93,7.405793470280351,5.557351560046096,7.611789852686798,6.68225720579888,7.745893480671355,3
22,7.577113673932021,9.435182470171773,8.255003081768944,5.898844221164326,1.7633513150161777,3
145,6.652801108216075,9.437938703059412,7.7123910168329095,8.565576551365798,9.828698354843663,3
166,8.92213468805078,5.74252458938776,5.5437144024193925,4.580678958528877,5.767920407157759,3
198,6.1432464377325555,7.202325818630602,5.6994630625303255,4.737494622580403,4.021583309551943,3
154,5.548659557849839,4.900909387214881,9.846732536731494,6.724739825815684,4.280788611339168,2
10,9.211645185032863,4.524916047498303,5.961640121277798,6.357351580069387,7.325509529398341,1
165,6.080839371421514,7.849187979998376,7.587533299741341,4.491066956802403,6.072601676060166,3
46,7.092361093851638,5.267662885458674,8.13554822706399,6.478809300246992,9.266192685864027,3
178,5.178847649741599,7.210811729083662,8.285653381971596,8.605209898378247,8.06154483307149,2
180,6.227527990095866,7.306213851258973,6.282551307353542,7.331365644105868,6.398408707810184,3
136,8.828113911666295,4.397089506189978,8.960438923176348,4.011049306679431,2.721784610564598,3
168,7.510111025824367,9.44567344941495,7.062656816758068,8.7869565604549,3.925226987480928,3
128,8.0024055865564,6.404352675227169,7.788429775721294,9.6344653950147,9.552623767663562,1
79,9.20592812448436,6.437521220683127,5.128091890603523,4.356149014773222,2.0631034387822034,3
0,9.777418344772451,5.351107219213012,5.65041073458103,7.210975901958459,8.547744360215951,1
98,7.596557017299794,8.036470998148575,5.587664638996103,9.370368982798244,2.8241164429261065,3
83,9.37492609647757,6.863063774933726,5.175207117243973,5.51835509623831,2.1235578365351313,3
42,7.5374678789965,5.017494081787662,6.22393212723572,5.711441586147893,4.158537859127647,3
44,6.212218539862171,7.7355147005855756,7.670338050641957,8.984520727937177,3.7469904819840063,3
19,8.595347545871899,8.157455382768758,5.618896252893712,8.315589909367803,4.777200907705101,3
189,6.171206606958627,4.098100954748098,9.742034343004665,4.913529402849158,5.115109794865855,3
176,9.906808108199499,5.982861503456909,6.46918239976187,7.869980380304439,1.5881767056876344,3
45,6.901657526479581,9.835927978751942,7.766929386400935,4.730303693821955,3.473557889633658,3
185,6.458346353748869,8.116450331467124,8.160786123990995,7.045318993002994,3.3290363040646915,3
48,8.688393709843488,4.68281886287492,9.883765239321177,9.829567915338739,5.896410352180686,3
31,7.1275822944366976,9.622918479645332,5.8347479687705865,8.237282519302848,1.3993422867926246,3
149,7.386394802942442,5.023131851274828,6.879671101398015,8.16477646392753,7.173633809656125,3
156,7.208806355264789,4.516678134872233,4.299212222297166,5.85110609647333,5.653321886835607,3
69,8.717191579518087,5.420021957216635,8.250164096906152,5.031418250550773,5.343238398287505,3
79,9.20592812448436,4.194674683206335,8.373386776790493,4.488106692076312,2.3383920719186246,3
164,7.138099984312166,5.618876186659857,4.287672280896763,7.3456215574538986,8.221989070618159,3
82,9.068979548457182,5.3110860383478995,9.974436600561905,9.682856539128991,8.767655444250286,1
61,7.812851367460954,8.68364028522067,9.915235426420669,7.3203516952551055,6.071180757088706,3
173,5.163026931482154,6.329641824258458,9.85090366576556,5.581456148936016,6.639983870650971,2
178,5.178847649741599,6.111835375490032,6.871394053184909,7.855100597068353,2.9748563059339173,2
89,5.536028883854994,7.913010540077433,5.449499635989866,4.572010104710261,7.957449314317714,2
158,5.823378789517678,6.022563122809585,6.195975799180124,8.745081543814223,3.122103207773911,2
59,9.719435463797158,5.810417491162452,7.0288257850041465,8.489104612266562,8.027808238362534,1
116,7.027764224757414,6.805907933989767,9.922241294005756,9.55909571964926,1.2631015786985098,3
62,7.781935256474705,6.083053277329083,7.363656143425591,6.733624658802445,8.43455857984248,3
155,9.96211257861654,7.576678850219713,7.7847695250752835,6.149665644648846,6.172184651137961,3
64,9.380453631149415,5.114956599707906,4.398737016850182,9.26230328280812,9.428781838041264,1
145,6.652801108216075,5.652615878906447,7.327664543115606,6.50134625624046,7.455394024572362,3
164,7.138099984312166,9.834167947806145,4.905029008044207,4.988054149312383,8.185316350884122,3
199,6.498710438386006,8.755505166708145,5.578339217442929,8.139084529153767,7.848605975536085,3
121,8.157822550020136,5.72712436315408,4.7415337049119515,5.261899482857396,5.426806622489548,3
58,7.7055046755701495,4.474711619826069,9.827885621651827,5.117415915854359,3.8333589305685503,3
102,6.332967430899628,4.005725915367046,5.583741407767909,9.171603993509974,5.219215440234529,3
11,7.73632603580448,8.397778237096496,6.318904209264003,7.190853568119049,8.911526854357763,3
176,9.906808108199499,6.609273469652918,9.26189227461677,4.583135183959537,2.9553848046032276,3
139,9.379500562747698,8.859009870520541,4.874121339345945,8.646946082010222,5.869531851351278,3
190,9.635531122973106,8.01802822401261,5.965341350027342,8.423685208148282,2.905744243025649,3
120,7.820647147057283,5.358553482400086,4.963821658166603,6.373506162460077,6.159958171176939,3
8,7.185195757873304,8.07978397530951,8.546237229144015,7.165283933083756,7.350979820416423,3
176,9.906808108199499,8.569668109654252,4.482949901166227,4.4722293310144225,9.7898408133844,1
89,5.536028883854994,8.498564519163438,5.737946585002025,9.268848148244489,4.731176530110312,2
74,8.652845972151221,4.929371755601262,5.2549015855967225,6.933122990223752,7.778855616511016,1
54,6.513098283378771,9.337450188375982,9.823604401351629,8.047095468230708,4.9899021406968656,3
169,6.171483148995948,4.049501863469388,4.381706936201647,8.880212925643011,6.267023412484055,3
84,9.461275981281013,9.164299205275974,9.900799241207576,6.4358349572621085,6.904079937514188,3
27,7.858317981207033,9.986537652245232,4.376155856877087,8.305799581493627,3.1828170609441147,3
155,9.96211257861654,9.724077149950448,6.476497620409114,7.429121100599373,7.041189603621492,1
130,8.74937705872006,6.656296307433152,9.231675856981244,6.0667129419583326,2.5784674971533152,3
91,7.120491355129971,7.022830786757428,9.33617326681457,8.760679004942737,7.713983910498918,3
22,7.577113673932021,7.575762425048084,7.146265061764128,4.792899798878042,4.430385579463099,3
121,8.157822550020136,7.277913016374166,8.958218528813925,4.442562073462905,2.4005867482736707,3
59,9.719435463797158,9.928720650433615,5.363727081444915,5.029543027793293,1.5089177036742862,3
112,7.937974381112131,4.623050558703456,8.987852222793355,5.602288055845251,2.7338931020647244,3
63,6.739804860421499,9.285182458860142,9.633100835687223,7.246709612735298,5.738821584342075,3
0,9.777418344772451,9.181251672680926,6.126332073463323,4.402399872428039,9.80291842944044,1
144,7.071004501426242,8.005840084711457,8.743041397797542,9.208016834754224,6.894069413912683,3
70,9.594581845162619,4.806951073336158,5.7578658753211265,9.590416425375029,3.3250725179241023,3
69,8.717191579518087,4.577920081811335,4.4335673704391585,6.459262591064205,4.651948397377181,3
193,5.2887655777894205,9.080728482228054,9.725493966967358,5.381383245686067,8.87515808854462,2
60,9.094134577575858,9.21993955092574,4.3666100533063945,5.079002646264979,5.5322704478450895,3
189,6.171206606958627,8.168115090608744,5.259205268492712,5.590800342368913,9.727277431898287,3
39,7.8403924068402695,5.067374256460229,6.159273415217754,8.628955167892501,2.1560765356905516,3
27,7.858317981207033,9.023592162283059,6.788473198603494,7.823500118044143,3.171105743288859,3
55,6.930256875651047,9.408382408307567,4.381559287312953,4.687685652271984,8.757660153941126,3
154,5.548659557849839,5.162097688095045,9.3991396927568,5.086767568658592,4.822682211917236,2
100,5.691655429584434,9.442117562510852,6.5959543250739205,4.084301101920823,6.6276784718957,2
103,7.065037509667446,4.101468448661877,4.141212919645305,9.85707614579294,4.072027380896518,3
189,6.171206606958627,5.623212514758265,9.602920507534748,4.723979586232922,2.7117077745462232,3
146,6.174235528111458,6.721927024618236,6.0506745995924325,8.93751819691132,8.225490564082573,3
186,5.061365127664093,8.102544263445159,9.175452484678443,7.649384830093345,7.134303261919113,2
16,9.356087116026146,5.834249719215283,6.6252052166845985,4.036432702239183,7.264184909654116,1
68,7.761228768767385,5.9990844615453565,8.218402182788203,7.519953582733322,2.4549527026006905,3
24,7.154055531664056,5.778343769799899,6.4106592826679725,9.190911880059092,4.29887604041133,3
8,7.185195757873304,7.123217149472385,6.154426857532141,6.781869137142696,7.149886185639951,3
43,5.460138456422569,6.429782359749433,7.789275561407262,8.451256819754153,6.360455369092884,2
83,9.37492609647757,4.973394471916373,7.534284669734344,7.554929984058057,1.5227271948741947,3
118,6.375157363911033,4.5975770066961035,5.011815020194994,6.711370041349997,7.634862622859047,3
155,9.96211257861654,4.097123537382278,9.141257873647529,9.54238874893246,3.402328195604241,3
102,6.332967430899628,7.432538997080391,4.823475827798054,9.115728793362921,7.2585283507820195,3
186,5.061365127664093,4.584664047477818,7.313014712893404,5.715078728330926,4.608282622264481,2
24,7.154055531664056,9.86865193554442,7.261138034411989,5.419246501846489,7.568985540280289,3
56,5.878938747012993,8.805195984635532,8.952648220541501,7.676362617131873,4.017900651084833,2
151,6.919831463136601,6.7905985352614655,7.39038225081907,6.930633929738087,6.8486393247168404,3
165,6.080839371421514,5.6564743294316875,9.37888028804921,8.559444262635566,5.873283362092754,3
8,7.185195757873304,6.001694255661728,8.340887949796725,5.6123963038136235,4.447387902584846,3
113,8.015168388769721,9.377250024295122,5.354681782456688,5.914552295283887,1.0192798071776332,3
67,8.837230164604852,9.777498897907218,6.531224195785988,7.236235782676502,8.6351201196304,1
69,8.717191579518087,6.612556848897749,7.922313748857354,9.536713591522869,2.5501850119912097,3
90,7.5092955979848846,8.160163034472806,9.158194505690542,4.9391158423826775,7.956198283849224,3
125,9.543480814954474,7.601370189996449,9.120295670386152,9.203357656272829,3.580195861922035,3
6,5.971433384032893,4.1223909527515215,5.423976850688991,4.76993672318811,2.3249236757846097,2
102,6.332967430899628,8.678945509195,8.930138444606548,6.9505098066864015,8.051410910694077,3
71,6.65115017753236,6.851236561481006,6.887523189858852,6.780248787856554,1.5137106784376333,3
153,9.39540707068661,7.635901840627829,8.732051928754359,5.503682922254949,1.9335641247950774,3
57,9.958096763230438,8.182533210366113,7.349753960354434,6.12322307515145,6.745992061522357,3
151,6.919831463136601,4.279447203995546,7.756791498646162,5.41185652388104,5.578525745972408,3
116,7.027764224757414,9.12092729909305,6.409484486829441,6.334428901371771,6.643815634663025,3
124,8.611318444078583,5.771255432803082,8.699640220389185,6.36801961905342,3.893562012313628,3
172,8.997647919627553,4.42616689684723,4.230972578194056,7.7650888297185405,8.14019401655198,1
131,6.783551822346323,9.29063031240828,9.077595849005423,4.397958904010203,6.428973556598701,3
105,9.303903516638126,4.828434695456272,6.335503976913573,6.505259882656182,3.5332511559417465,3
166,8.92213468805078,5.406421686876869,6.515875849492966,7.4664345816130595,8.640076437352747,1
19,8.595347545871899,7.189542046413373,7.626062784259386,8.611676022028243,5.743536872114136,3
182,7.199720940427317,6.225327224246906,9.176463129610255,6.975047649539462,5.958226700754669,3
5,9.96055862054601,7.156733142440293,9.594807652359659,6.519022465333933,2.4177684173839444,3
154,5.548659557849839,5.750713571042178,9.65534663035575,4.082961617458748,2.186565700804675,2
180,6.227527990095866,5.050496283570804,7.9177656033095465,9.703543819563176,8.789885262771119,3
189,6.171206606958627,9.932337272034221,7.055896156150356,6.577580941483884,4.209237247435478,3
0,9.777418344772451,4.962282523126102,8.939045988712769,4.510502277611282,7.620210478456534,1
66,7.654792772104553,5.804190515064012,7.982200036912898,5.712625841964488,1.1796892163205097,3
98,7.596557017299794,4.230630719390182,4.52406511468417,6.1123560177340845,5.223160613593358,3
109,6.3894818449493265,8.028003667864091,8.85941289693029,6.698659117569688,2.908982836358944,3
147,5.039725220460466,9.40892125539198,4.048374645243807,9.536566667773009,8.472978998860683,2
17,7.405691900791038,5.598524859549299,7.995848414085155,6.1956259283891075,5.707871088833129,3
159,7.445188753749811,6.293672757381687,5.653990597175604,7.9814242657255,9.996129329918377,3
24,7.154055531664056,5.264732562237837,8.35655750885261,6.329063820924053,2.288836038155294,3
51,6.075566518616974,4.456233979070646,8.010269183062043,9.34994149209465,7.22047572444964,3
33,7.4399086081626296,4.384393223444324,7.135345525081127,8.323966897670992,5.508933954761734,3
133,6.258708798275734,9.899163147020413,9.714733368147963,8.608983735310408,9.437077146887765,3
27,7.858317981207033,5.659749680870518,7.3367286791689565,5.729995461694431,5.856836772116467,3
116,7.027764224757414,7.2733960659160015,5.316211962696301,4.759635366452297,2.949369150448455,3
56,5.878938747012993,9.507590909174873,9.655920073064237,6.111287047930773,6.162412755839306,2
133,6.258708798275734,4.970274511021174,9.522496312479703,7.582242937116406,6.137901298461463,3
111,9.80562012247282,4.869169411006154,4.065879651074037,9.43523540813348,9.745261585481797,1
51,6.075566518616974,4.52267685836758,7.871375614096948,6.0220094639270645,5.048892412140347,3
98,7.596557017299794,4.280215962222181,4.554969603101993,7.506031753380598,8.468487625581805,3
102,6.332967430899628,8.757832891694,5.294696512309272,8.682855984104366,1.401393414859379,3
103,7.065037509667446,6.6588904232663655,8.660019460901111,7.209513123373362,9.148174558653958,3
96,5.754875822168611,9.227468958194882,5.583965722620114,6.392720002845753,4.120943634614299,2
53,9.687633306363871,4.354531348565555,4.550642195346924,6.416216458811984,2.3022417152957515,3
47,9.878968344175936,9.70735266961438,7.926041640928096,5.115676987924403,4.442255258700679,3
56,5.878938747012993,8.687926234193906,9.142586671958679,4.748119432034803,9.0087587138976,2
32,7.849163171698539,9.743724348207232,8.074733981629294,4.904243736247838,2.748540894985298,3
166,8.92213468805078,9.949102505604607,5.6457736839434,5.902157861017521,9.277614724532807,1
110,6.925424588717922,9.45912554516165,4.195280159828391,9.590196466038277,9.013524388069003,3
96,5.754875822168611,9.675557557216386,4.520091131809053,7.03561008418717,6.335166417959321,2
126,7.045080348424406,4.768067912868787,6.673098438709743,9.02796253051655,7.834350542814973,3
102,6.332967430899628,6.363891753147306,7.08503091832305,5.390745893796915,9.429060377259745,3
198,6.1432464377325555,9.381197644732204,6.035975972636113,4.894319979048755,6.500257203349384,3
96,5.754875822168611,5.5142593153590305,4.655330822085972,6.285908720868298,7.839866811814239,2
163,9.06322875008069,4.313546220188709,6.082223739086282,4.587003847494408,7.67045079038289,1
22,7.577113673932021,8.213340145830664,5.223037311113203,6.67766440830274,8.200706553270486,3
26,7.176743863352343,6.104836533343353,6.9384312105110455,4.230865442830467,5.725543664020575,3
175,7.336466630010693,9.261086681024643,9.175198956385351,4.720610083009676,6.711830096725355,3
74,8.652845972151221,5.7761335702340535,9.529192302067601,8.36941292801297,5.533915514379195,3
23,7.698928079306608,5.948356583998073,4.694829000293115,5.952636529449233,8.08228114851306,3
183,8.728111041466894,6.754224483768137,8.196827481530853,8.043471087070333,1.2024244857351205,3
80,7.614352003371384,6.8313037555976965,6.114208720617622,6.474725325205853,4.1021931221363275,3
153,9.39540707068661,8.726777031447378,9.996194770407623,5.448035499320341,2.168484611386021,3
148,8.885898188246172,7.114606073889534,4.476800816267838,8.76025579794316,7.655972525463923,1
64,9.380453631149415,5.574273900297486,8.75418359528233,4.165093461229912,5.390094216097383,3
72,9.421023382389151,4.228134917414745,9.93793153189873,6.158239652208364,7.76849772602715,1
186,5.061365127664093,5.845607658316429,6.0616960133800095,7.856924045168409,9.829644349060116,2
136,8.828113911666295,4.4953267666756975,9.734959610135578,6.421405062548379,8.095165744097388,1
88,8.86994828308831,7.38588855723448,9.102507774537909,8.848973883611873,2.8210832554263203,3
151,6.919831463136601,9.35067834334635,6.805937563837212,9.04359472268689,7.058321632191483,3
141,8.441806201837279,5.29678237487692,7.52768781448156,8.561626667816004,3.9666544594218234,3
28,6.362776698210371,7.7922629584458285,7.352162903122713,6.821983666399387,5.078885969925627,3
146,6.174235528111458,7.180194933350702,6.517864031718988,5.215314988151895,8.380186226600888,3
80,7.614352003371384,6.604221501838085,7.4681190153788775,4.422362359831846,2.670180950401369,3
54,6.513098283378771,9.213202007595342,6.444985171904182,9.899158116315723,6.8760628793983765,3
48,8.688393709843488,5.631835703546663,6.784248310318411,8.48636033038277,9.66578990714672,1
47,9.878968344175936,4.062631243330346,6.439535785823825,8.027977881961117,1.04758838694556,3
108,9.248031525285194,8.908311338911496,6.109143783384274,6.891229595117942,1.873523296637728,3
150,6.371730926310616,9.394794164684384,9.770781536493168,6.41992302991407,6.069231711244858,3
160,5.56879781308632,4.5146469821304205,9.323168090920683,5.218606454529382,8.228558598590475,2
114,6.668692684187668,4.747819056850127,5.662629784724261,5.384771501064872,1.2364756031050854,3
118,6.375157363911033,8.358444712761434,9.193722555561612,5.5188374556744915,1.3352901215710165,3
31,7.1275822944366976,9.488527873981884,7.246084095340882,8.001268700908689,3.973547288935466,3
71,6.65115017753236,5.486232592555942,4.178057474775317,5.657690998709013,4.033051034477623,3
82,9.068979548457182,7.105882186043632,8.803286088354326,8.747932684859256,5.261409652444785,3
87,5.421131620337404,7.057425358513006,4.925547975418526,7.569428908745322,1.8621941492838086,2
182,7.199720940427317,6.363855515849026,5.076419130582414,6.710796417674414,5.90637407031392,3
53,9.687633306363871,9.834425890605509,5.974993743140873,5.971975248437513,1.012706129052324,3
35,6.145263379412153,8.634962662840708,9.757481374506206,9.556608719903966,1.8588557419636875,3
160,5.56879781308632,4.425234938957496,7.584776381199813,6.661543511478074,4.4784100251449,2
20,9.370516078283805,5.044583077995161,9.486025024666818,6.524309572887932,4.466547370193065,3
31,7.1275822944366976,7.21344675379624,4.6419377453231165,6.891636247056513,7.204140903958445,3
98,7.596557017299794,4.967954496338587,4.975997561609457,9.820614587445817,6.1230378156136815,3
175,7.336466630010693,4.369469789086471,5.5350530288079804,9.51942373964843,8.768725824119885,3
76,8.810436270289317,5.83424715183646,6.9135319389737315,4.687509420693969,4.620953310480745,3
147,5.039725220460466,8.430470057687973,8.728979321356608,8.698678051688507,1.361719570868703,2
100,5.691655429584434,6.829103117523424,6.888125226983927,7.16510063339141,7.839684404414911,2
123,5.676735244257358,5.756984435839438,9.04918746353641,4.541903431670897,1.9650080536244543,2
128,8.0024055865564,6.452161919578533,5.659042526866078,5.003727490806148,6.362966847912058,3
108,9.248031525285194,7.144451315988931,7.323954839416105,7.523691862680731,5.800556607271691,3
30,7.199787423195821,8.230726287828483,6.56185123541163,4.373640006823511,1.2847643519876213,3
49,5.358528420763136,9.891426668421888,5.472920539527523,6.849833487948099,4.0265153075272,2
31,7.1275822944366976,5.121654856190476,5.217042567852799,9.935289016991035,5.58359081836113,3
101,8.400102079500225,5.994249508590615,5.250964465380402,9.906473867857727,2.8556352608941067,3
80,7.614352003371384,8.862865810385529,6.82736105118785,4.382772560676963,7.981298575822698,3
141,8.441806201837279,9.338382208839068,8.918217415306993,8.521218023398559,5.420210719035088,3
43,5.460138456422569,6.573487953975981,7.318483613568504,8.78024539583803,1.9960188661212945,2
178,5.178847649741599,7.200414033549405,9.229043149912725,9.674100005648153,4.19854740173797,2
105,9.303903516638126,7.705479640545028,4.632541564068548,8.506318855728527,8.281551559122043,1
29,6.72431919506665,7.779022349531588,4.576718735485352,5.857419485369569,2.338569793506317,3
90,7.5092955979848846,8.967160051468385,9.824090747763968,8.639665544626478,6.007622686408057,3
134,7.361497716494816,9.712596211364264,4.012178749303847,4.426255882168525,9.275017857554252,3
94,7.41889509745395,6.252131909789017,5.454137910533912,5.522517784559276,7.759279735246768,3
52,6.177960939668009,7.342920768776396,6.264381050799158,4.245688683613503,8.301487290758686,3
97,6.545569414435605,5.802904641460681,5.891184419967335,7.5956893419219975,7.762403805758955,3
194,9.865442384060472,7.499082969643146,5.706053031500512,6.630394326198587,9.377477740267922,1
73,8.637668421468131,7.07352525904951,8.05349433919503,9.546446282555456,1.0344509500276384,3
180,6.227527990095866,9.962086680386419,5.712191401847993,7.794867270502344,5.272467727847793,3
162,8.77868034013279,8.379851434158862,5.660539587826168,5.074576191828116,9.960659634007822,1
4,7.755668506592267,6.408774824828931,6.442927735322131,7.0551256962055815,8.778740219712725,3
176,9.906808108199499,9.4880094519341,5.134444468631091,5.795931791080989,4.515960812415804,3
76,8.810436270289317,9.282286314213316,7.250192983009301,9.294475204736175,7.3448499703687595,1
198,6.1432464377325555,6.537089698840579,4.693694695991889,4.040609330831757,7.977965804915434,3
193,5.2887655777894205,6.032713838302968,8.864549068789863,6.179461597409043,5.444198880816071,2
129,6.670095323391459,6.955627153473306,7.922016087204128,5.65422545917993,9.430569777304623,3
32,7.849163171698539,7.947666130087136,5.285436441706252,4.557055039197007,4.356266653606055,3
136,8.828113911666295,7.653199430956435,4.109274145722207,8.507862359235785,5.788109210326985,3
167,8.73051685297563,6.485712785663733,9.624813307273484,8.080972692798323,2.093431240435979,3
14,6.267339382876608,6.919915287723523,9.563078499233239,5.485792378418506,6.667817230663314,3
140,6.712984950098588,6.390090040691139,6.185103955225922,4.27658409189011,1.6566765290719485,3
188,6.121514538029192,8.112981593927119,6.709685541552076,8.856326952717296,4.324146218279364,3
181,8.743465292321964,4.32207841954931,6.875948752786066,9.27359816489286,8.566370586400826,1
115,6.820012886411879,6.287090853336658,9.446771178352028,9.318560106685975,5.502487956681169,3
29,6.72431919506665,6.682809170461019,8.01387155705688,5.451588562887498,8.273306683676381,3
85,6.074060506057028,4.374781652676592,6.30450164620409,9.822750468209414,9.504157348897172,3
13,6.185702896409321,4.314014867728657,9.330286808757561,9.203688178719927,9.857108863458452,3
196,8.553534508523576,9.37995901933366,9.481305778880266,7.942853901504037,2.1143729032392025,3
182,7.199720940427317,5.590189151097096,5.842130468928484,8.287161321170867,8.745246653911394,3
170,9.289793523879457,6.1972485214027735,9.72949007976416,9.456307766765473,7.402600199747072,1
130,8.74937705872006,7.3595085756318,8.036010695117916,8.687428240001305,5.5688787675811495,3
14,6.267339382876608,4.832365563956888,7.701238076864293,6.492923250946564,9.059484403968913,3
66,7.654792772104553,6.0084162027763215,6.620719720747779,5.705366495226197,9.262258714079556,3
82,9.068979548457182,4.69643965226518,7.497827802564562,8.11409478708334,7.980076245468204,1
84,9.461275981281013,8.594766694817004,8.525564436607922,5.9708871351346,6.58608811406242,3
25,7.093797258853025,8.209696751042364,6.849646712814765,7.591208449285269,1.394714161690698,3
33,7.4399086081626296,5.059133652781449,8.140803651332341,6.365254501151056,4.789125466844534,3
109,6.3894818449493265,4.236080464144908,4.014514418367704,9.12747635306869,2.476149004359696,3
0,9.777418344772451,5.898779931457496,6.169119340436794,4.530986597483963,9.06965341265789,1
9,7.705511149037614,4.859483994569228,8.640583469741854,5.7079039160416905,7.206511484061905,3
142,8.979435422303828,6.107564987789712,6.971622405376964,6.102705620408373,4.752915363802804,3
93,7.405793470280351,7.147531804471207,5.113751100049749,7.797010545710545,6.856121073641451,3
94,7.41889509745395,5.376505913114239,5.306955546297234,5.785938358232864,6.449454680147032,3
60,9.094134577575858,4.7310915187027405,6.303827284242542,5.995577913047489,2.5714304780774135,3
169,6.171483148995948,4.441302582334722,6.472028750448602,7.893505287230574,1.6827626010868233,3
143,5.546573580430751,4.810405707339369,5.535094588631799,4.754584215378843,7.583329244952288,2
169,6.171483148995948,9.151193825115422,7.611458350294929,8.200442511905893,6.7308947040920275,3
118,6.375157363911033,5.0283605373379325,6.875756541657493,8.483658561665276,6.3396169499627115,3
107,8.745456481713365,7.788741850145131,7.588336964801666,5.706743986388077,3.734103924243548,3
8,7.185195757873304,7.408640108005517,9.870116668569795,8.760483231809998,2.4177314302725037,3
72,9.421023382389151,9.841295975725382,7.7209634160885,6.449273540040451,5.954664294559319,3
98,7.596557017299794,6.271031591350009,8.177426822612087,8.274737785235533,3.786746582385277,3
167,8.73051685297563,4.380936477441284,6.689291393242792,8.565791689416665,6.230134496149766,3
74,8.652845972151221,6.850780553665009,7.155702786789196,6.997492668688581,4.412370861448821,3
85,6.074060506057028,9.095592706644261,4.846229126068,9.720060125671782,2.109258531255166,3
145,6.652801108216075,8.554588996319781,9.645991722210299,9.879861344406713,9.843824824255242,3
137,8.07597658827894,6.970994060782821,8.03936344839937,5.090943466093881,3.514615341439847,3
169,6.171483148995948,5.959063013292003,5.317124525161392,9.51782210828003,5.336348126001201,3
132,5.387755553572226,4.581768885225609,7.838163586455183,6.392613969680561,2.7182575157530815,2
187,7.189524967658304,4.04678824573197,5.059166485664104,5.823543143081816,3.4974096248747704,3
156,7.208806355264789,6.8663629061858655,8.396113308464159,9.567170053696714,3.414420095789843,3
31,7.1275822944366976,5.444305693890497,5.396851906979061,6.047057634672391,1.3675544430915765,3
193,5.2887655777894205,8.35809114075909,7.732654953134027,6.94840079763596,9.33246173525305,2
161,5.8244389685826174,5.70041981775042,5.454901161914155,4.583779275689063,3.566060245183568,2
130,8.74937705872006,9.345396338494664,4.461064998982013,7.800494137191928,8.061457794226044,1
80,7.614352003371384,7.469892532536478,9.294678905248055,5.549027268913033,1.4700706439096107,3
85,6.074060506057028,4.642004959621555,5.7432971322203805,7.628917241893813,5.204652511327812,3
18,6.424184245198106,7.579884077611348,6.054678953841667,5.570885040791319,1.4619361734161718,3
14,6.267339382876608,5.578603428937558,7.944459637573427,9.834241916745892,3.2741167468327625,3
149,7.386394802942442,7.041884228405998,4.0134400245847015,8.05151466288525,5.600530389953162,3
54,6.513098283378771,4.613875269736305,7.768588685767119,9.515612499300325,4.6063421878643735,3
196,8.553534508523576,6.710422486831211,4.500975350263435,8.506857685702858,8.791510693002445,1
98,7.596557017299794,7.179839516143726,9.132307405010174,6.808304550761471,7.21422020970276,3
126,7.045080348424406,7.040038461510045,5.851161679842303,5.251327028750796,3.4915019043585294,3
137,8.07597658827894,8.703434533904833,5.556743601646299,5.306398087736007,5.499405409222337,3
31,7.1275822944366976,9.422726908478634,7.993648486058582,6.296972265417421,1.4177542984920053,3
25,7.093797258853025,7.053457023733545,5.137120038096116,7.819265734279221,9.438525395306629,3
107,8.745456481713365,8.000648583985033,8.788807269428597,4.650432659039153,8.49306183495948,1
175,7.336466630010693,7.8052775148422,5.6743048799517455,9.882420199606361,3.2183688473721586,3
83,9.37492609647757,8.283523616222313,7.1551278268149865,6.079984271097107,6.247398253642804,3
72,9.421023382389151,6.192887374092889,7.238309605861886,5.496015484855741,6.1921368604495175,3
198,6.1432464377325555,4.150140974344794,5.198233834670001,5.276616480722009,8.637772613875063,3
159,7.445188753749811,7.95134330843523,4.559377383669533,7.707020717893602,5.274102580630275,3
100,5.691655429584434,7.790135012702408,6.613773927416113,5.127816530081372,3.8215816066138917,2
147,5.039725220460466,7.099646585481164,6.795108361250543,6.154029802371401,2.1164379340190735,2
133,6.258708798275734,5.241004341909612,7.312065622984461,7.4470763398715,5.135477138868256,3
117,9.130128381110506,4.1512516795472365,4.394486250809862,6.908769045789201,6.715079235945931,3
156,7.208806355264789,8.883936813878073,8.630111070655937,9.224662519342276,7.957430341721959,3
85,6.074060506057028,4.2707669705667115,5.87189940555578,7.2553603940269085,9.74336776317365,3
92,6.775179108822218,9.485172303288444,7.5319789083598945,5.705076439727937,7.275399833427711,3
37,7.819731068380294,6.414956008284856,9.074156496798615,4.60586702616857,1.5508710194771045,3
197,5.065045004526871,9.504029664358628,4.379178473178985,8.972573534907289,3.7862159483136324,2
11,7.73632603580448,7.600043738872302,7.25108270237492,8.929598366535853,4.454114761152156,3
85,6.074060506057028,5.152030126071158,9.779484364032054,8.997020849007459,1.481385322609969,3
63,6.739804860421499,9.913789042533622,6.183334921419373,5.722579519285526,4.5897752561886564,3
196,8.553534508523576,8.099729134010563,5.332852488561539,5.123321713993943,7.849057516681361,1
53,9.687633306363871,7.053943742127169,5.1678398506824355,9.639285753592809,9.630716682254604,1
7,9.300487360221428,9.143133518062797,5.933207086965176,9.75484926797427,3.9269411437281274,3
122,7.2602941274075325,7.439047002685408,7.322496728007753,5.411744444522501,1.9250103188424212,3
2,6.260302695003954,7.622012944983303,6.198896601552226,9.843189099438884,3.5329066601812484,3
34,7.015412542591401,8.547113627836005,9.790206156888598,6.715451703387331,9.940149272772631,3
114,6.668692684187668,9.34307403885676,5.010265009669524,7.2267521242912345,8.430138821814236,3
160,5.56879781308632,8.817075327462534,5.589776298719908,4.53702568253749,5.446684964455967,2
68,7.761228768767385,8.043696800261118,7.109587806865419,5.547800035127858,9.134902858953843,3
169,6.171483148995948,8.872931963864367,7.4400638025865335,6.213221443798445,8.0541339159216,3
69,8.717191579518087,7.294573363229859,4.714520512397787,4.783277484589701,4.097515152392911,3
55,6.930256875651047,7.246471341993154,9.206895691562977,8.19794314230714,9.633238992228586,3
107,8.745456481713365,4.14614310054618,8.976864498128323,6.158528777948688,5.756567113631765,3
76,8.810436270289317,7.414579823359064,5.975673329105982,8.070927617591868,6.835787919097091,3
136,8.828113911666295,6.400194980115225,7.133485108515232,9.692006397959313,8.304113568447544,1
173,5.163026931482154,6.900808071821343,8.625514485866535,8.463245972044696,3.2104473933695994,2
79,9.20592812448436,9.919022468536344,6.686920739928276,9.151992978975832,7.772155990721012,1
139,9.379500562747698,5.448128155312889,5.579937954499141,8.077719984352541,1.0442853680768234,3
123,5.676735244257358,4.536303879908445,6.341666220358372,6.178479288006582,3.9025701237742974,2
135,6.366789658217469,7.34689833426613,4.544118765471263,7.086599484495794,4.4988141174154865,3
89,5.536028883854994,8.702263038895872,9.687099977747973,7.894562223362833,4.55472764386198,2
129,6.670095323391459,8.277202932018172,6.735827031688276,8.49897158421792,4.72647034486192,3
117,9.130128381110506,8.898030998167211,7.863845556091635,7.511826297856379,9.235450016332983,1
155,9.96211257861654,6.928209739220033,4.615307565712465,5.260676559386239,6.403634164253782,3
164,7.138099984312166,4.166976138769745,6.852678943897951,8.555960993992436,3.809782081286033,3
19,8.595347545871899,8.420140220544152,8.310222327824562,6.9726340571531935,3.1734435335108717,3
99,5.518103919721187,8.56573997727256,7.730383234484569,7.0451892844605855,7.908376474357894,2
102,6.332967430899628,5.142677268710966,7.726245924326015,6.9854636727027195,3.8916251690185897,3
3,7.443652740400783,5.665194049004402,6.782297737215374,8.544329846831452,8.240271729734554,3
5,9.96055862054601,8.588994289374622,9.418476746975696,6.9349442819808385,1.853192244689698,3
185,6.458346353748869,6.290854989880639,8.987175212688987,4.036355052264494,8.185966647754203,3
84,9.461275981281013,9.517720066420159,4.7984437792356935,9.358838055722723,4.4659620753633575,3
111,9.80562012247282,7.184178700976734,7.304881134405643,7.829760701887802,5.323073637780613,3
116,7.027764224757414,9.015460612325366,4.488301363282341,8.03800970685315,9.256545519407036,3
16,9.356087116026146,9.291499868841122,7.331551936409333,6.346819777421738,5.26024882474184,3
186,5.061365127664093,4.563387627795519,4.720756508392837,9.212957782618084,3.203956592909824,2
81,7.123155729785311,6.415373790803925,7.637930525747988,8.21364650575686,9.176903336932767,3
170,9.289793523879457,7.500879639377748,8.364183500671032,8.51532466828138,2.737697127184857,3
198,6.1432464377325555,8.611079747753344,5.030076807952021,5.19321152372945,1.4550863708839072,3
191,8.603057873628071,4.52563817145781,4.096861845136988,9.375556673148624,9.969530432077415,1
143,5.546573580430751,9.215622244930692,7.109082439659457,6.824103410798599,9.295765632667573,2
116,7.027764224757414,5.040031436985138,8.988945914761509,9.210863044554351,4.022038262806865,3
138,8.129410475725908,6.860625538513239,4.302749506661251,6.1849399247787415,5.354584374996703,3
176,9.906808108199499,8.085547339995895,4.07879940022882,9.786609378532967,5.381588453492311,3
49,5.358528420763136,4.73893938285058,5.680552824973339,5.544740104225312,4.243436579902113,2
109,6.3894818449493265,8.473561280350062,7.161682004342988,7.856658609322821,7.821294082588283,3
141,8.441806201837279,9.826807914161744,6.489853900457021,6.858358945218891,7.161446094395535,1
80,7.614352003371384,8.057422414273146,8.911771101325044,7.723397339931344,3.670184990686583,3
9,7.705511149037614,8.547713494526278,5.371266849577555,7.800703852650903,8.711796314130929,3
73,8.637668421468131,6.5891428319539775,6.943806617160822,8.64105382144719,1.5604646401327456,3
30,7.199787423195821,6.182469199663555,7.224409465784643,9.89557659466203,1.4550337852576467,3
118,6.375157363911033,9.293299601135205,7.8387871135773155,6.699695722384304,5.364919854968338,3
86,5.510435263150245,8.675778821695353,8.106633737046558,7.56652494502108,6.552922821435255,2
58,7.7055046755701495,7.8996388353779565,9.256163048590548,5.664536040511994,5.853238102041923,3
77,9.78278904509287,4.995350578354844,6.07205958211865,7.362648424697836,8.11809618258723,1
184,9.245828025808322,8.513363365010655,4.889095685026616,9.228490715304899,5.403677163608248,3
82,9.068979548457182,4.758729172582873,6.631576542170256,4.83805916374773,3.2110392274001653,3
172,8.997647919627553,4.025313805270281,5.832716979989981,7.685976034070844,5.596130091904314,3
19,8.595347545871899,9.63912688340426,9.542976219129734,5.747692957628959,9.568502677993713,1
69,8.717191579518087,7.2852569692311215,9.099976953593808,9.239696378129974,2.3572231903029603,3
157,7.521769802984347,5.306008048713547,5.456313590171459,8.848045041669552,9.20120562165864,3
29,6.72431919506665,4.776883597762502,8.824022830841496,5.913128708669147,7.113637573796135,3
24,7.154055531664056,6.4106157365929075,6.981851866392888,9.305716235526804,1.9538723684006336,3
30,7.199787423195821,6.784257332720646,5.138857586828161,5.916234760494766,5.828142010591493,3
1,9.787212979203904,5.23217317787822,5.234194471336955,5.457197744030373,1.3388045353446232,3
186,5.061365127664093,4.593770674950306,5.192108819687496,8.71100078727104,9.814067953838322,2
165,6.080839371421514,7.031599008497008,7.325986530171168,7.758186857107435,5.386252879709051,3
134,7.361497716494816,4.548699807921935,7.608020922622059,8.463700170287972,5.8911411665536075,3
170,9.289793523879457,9.038727217828036,9.79198815246672,5.16708107949893,6.006103161934304,3
197,5.065045004526871,8.707352895791942,6.472681317285451,9.072659115175075,1.885807087922123,2
6,5.971433384032893,4.741168428945284,7.105304573679197,9.487736888968147,3.7081572900690603,2
50,8.513075817465358,9.114749516102865,6.35409189477676,5.033096751758787,5.02184946044642,3
47,9.878968344175936,5.876238053876662,5.676109103160998,9.810890876945862,9.227964573572317,1
67,8.837230164604852,6.5008163520767175,8.316473352382292,5.5308667127951345,6.890849697194172,3
125,9.543480814954474,9.152102505879636,4.6508354377558945,8.319116039527971,8.614145144410909,1
63,6.739804860421499,8.814602931499113,7.438898797350765,9.62382819861993,7.331524011202269,3
131,6.783551822346323,5.662048172736101,4.098762602269376,8.662496798128702,5.316985572900171,3
156,7.208806355264789,8.36195314920447,7.391659518437043,5.323211641530536,8.0944750190573,3
0,9.777418344772451,5.6815674406462,7.353041952559302,5.735752868731334,3.01408550946306,3
68,7.761228768767385,6.65163549231242,8.081847078947067,6.778882308249418,3.9584451039475606,3
159,7.445188753749811,8.323648817833023,5.853730500025357,5.391412594146775,8.183216931499842,3
172,8.997647919627553,5.488731409828786,9.605927225818231,5.577301596092262,1.1441994810184788,3
53,9.687633306363871,9.555930159385314,7.343743494320053,6.520563603628536,1.0521503424046674,3
127,5.177872785784958,4.195444250196857,7.172224887356647,6.217863486986538,1.434116314502609,2
30,7.199787423195821,5.601229953321667,6.297854030093914,6.2744303107053945,3.2648082919602266,3
111,9.80562012247282,8.587411355258977,7.476089025289902,7.5203530042278866,7.526759118855336,1
87,5.421131620337404,6.763286221203067,9.068304399997597,7.342013066174,9.848461983758826,2
40,5.825629158595894,9.562304632798313,5.821569431473488,5.74742125982964,4.531362498427826,2
80,7.614352003371384,5.456640200220805,6.68598754540963,4.659685623609899,8.827554116928194,3
192,6.529563339715336,4.321256335893561,7.630587557168086,5.675798559417807,7.596659305556341,3
133,6.258708798275734,4.311144622304452,8.212810552603006,4.193607467670961,5.002916705448495,3
141,8.441806201837279,9.179508456118256,7.329604059520509,7.564199784158677,9.764599494506355,1
91,7.120491355129971,8.628322303644723,9.261391314929845,9.57651043910562,6.044360649182035,3
191,8.603057873628071,9.298129782113502,8.129642550589672,8.314061547819689,7.95366042947862,1
34,7.015412542591401,9.179469377993886,4.999909312750919,4.6116874211170975,7.451320180382632,3
191,8.603057873628071,8.202198922763362,4.638531237293199,4.806565565729931,3.192848406383811,3
101,8.400102079500225,7.8637330220225525,7.845190098644187,4.743443841795762,1.6729198619928352,3
80,7.614352003371384,4.770774136027655,8.317393164097048,8.02498747928509,2.9543389065329646,3
173,5.163026931482154,9.895481736796658,8.42644714959961,4.477346916481638,7.797572415593292,2
186,5.061365127664093,8.604323090442097,9.616596839962433,4.329608412055467,7.665642525637056,2
34,7.015412542591401,4.439188370588528,5.948050650268622,7.13266118531219,2.502601908081113,3
80,7.614352003371384,9.59992109455573,8.31159322643786,6.539118044290282,7.9494112657533815,3
191,8.603057873628071,6.9757139220516855,7.360842453791573,9.193602373376766,3.0375393063151455,3
135,6.366789658217469,8.567788590315615,9.780451251464214,6.804838356533491,4.3048657169968685,3
198,6.1432464377325555,9.902065974559392,6.867713022484195,9.901718578186934,7.663368680057258,3
98,7.596557017299794,9.132414120758412,6.13709736734415,8.726514577208457,9.85289101740362,3
10,9.211645185032863,5.258716913021988,4.208399991348838,6.166658335454471,5.160720076900188,3
193,5.2887655777894205,6.155470803876854,8.356145255841174,9.504360120158886,2.9111864648449868,2
55,6.930256875651047,8.118231482988659,7.356863339472537,4.081453424449069,3.7869389803516635,3
85,6.074060506057028,5.349963480513837,5.971951325576753,6.320923664817567,5.7311803870100375,3
19,8.595347545871899,7.361013263862027,8.92510122838745,9.80757112461982,2.076463852573477,3
111,9.80562012247282,5.559818780507484,9.538033503975244,5.324113863709908,1.116326877222483,3
114,6.668692684187668,7.245582776991569,5.241398955238687,9.251736843988066,6.779243873383648,3
11,7.73632603580448,4.187126196943012,7.1531897627452015,9.180862134638659,2.2219626906272576,3
106,5.762137971030755,5.322200358541109,8.59964438152193,6.688911928526286,3.5182550259746392,2
186,5.061365127664093,6.852191289639987,8.089205195473443,9.266655304303255,2.518183351229606,2
90,7.5092955979848846,6.121760922860106,6.206896176331993,4.121386546795507,7.773727264411493,3
128,8.0024055865564,8.017487553306346,7.246232332345553,5.835520814169968,4.978368925255127,3
172,8.997647919627553,5.265469319538813,9.934299452777259,4.85415829394327,9.285904870596552,1
134,7.361497716494816,4.444579524287879,4.128424931686426,8.474116102586928,9.111508719158296,3
109,6.3894818449493265,4.995923240886826,9.264944134094907,8.197504342581741,2.1371270566117095,3
105,9.303903516638126,9.162530957273876,9.318288469737052,4.6182685418087015,1.8246785482850447,3
114,6.668692684187668,9.407338196750775,6.135087276565847,4.547976863045468,2.0777985090559055,3
140,6.712984950098588,7.834922264104216,5.461521271653145,6.461207237202805,7.476367302911975,3
73,8.637668421468131,5.95545316920871,6.474401546634255,7.039709027264739,6.185005629128233,3
167,8.73051685297563,7.9972894161786305,5.5700975281967064,5.665758512592368,8.830537250718017,1
142,8.979435422303828,5.244131950396868,7.811281830795964,4.341287741104804,3.4149800542321973,3
167,8.73051685297563,4.971622523558867,4.664941083296252,4.935902540488879,7.543629747822347,1
164,7.138099984312166,8.030131508602702,7.966305760518124,6.902434804508392,6.88573966363103,3
149,7.386394802942442,7.207625141571873,8.117297410949414,9.771700989110688,6.896172413980773,3
5,9.96055862054601,6.833034798251249,4.975285163104543,9.5258847292842,6.0320317925104945,3
106,5.762137971030755,9.787957430004393,5.4768670649788245,4.459727535345129,1.444043869434755,2
12,7.189200037734564,6.924961813276569,5.930108505004447,6.778546324228514,4.975300037109476,3
52,6.177960939668009,6.592572850602698,7.927211936296251,7.670100176619679,1.5810607355757829,3
5,9.96055862054601,9.348742731400009,8.97179282696513,8.940171205741324,4.806771467795266,3
54,6.513098283378771,9.89206434358153,5.351264060970804,6.137911725006681,7.2544676151375596,3
18,6.424184245198106,9.515464958234922,9.057579961780654,7.10371546365548,8.533817193892494,3
115,6.820012886411879,8.650388355320489,4.274117958603595,6.2008530905732355,6.874592878398815,3
125,9.543480814954474,8.166785475478516,7.379784131142769,5.946397204662481,8.371380299535167,1
197,5.065045004526871,4.23097881203019,4.652049952940391,9.683052266358612,5.716092413595328,2
58,7.7055046755701495,8.323659340259873,4.361543966911608,9.820287527094456,2.0508136829737165,3
110,6.925424588717922,4.00527366708046,4.771178905851457,6.918686363301179,4.552467363494193,3
51,6.075566518616974,5.835625889385432,4.606047367937839,9.110889699976667,3.005460841553166,3
52,6.177960939668009,8.521382938054824,8.097735314026774,6.332404094046542,1.614244525128545,3
29,6.72431919506665,4.403909663189043,4.40779155903373,9.526078745400808,1.5834840374885082,3
40,5.825629158595894,8.38947249439476,8.153149882648542,4.436543750691002,8.869249864761436,2
140,6.712984950098588,6.109486992211282,8.62827302446426,4.2149264675406775,5.940724644392634,3
19,8.595347545871899,6.648010918888376,8.310600457095674,7.6074509510474675,9.33400130939029,1
52,6.177960939668009,9.326420418974998,8.141076262204088,4.175968601264481,2.4656346722271176,3
18,6.424184245198106,6.727225810409774,8.702114297655374,8.653590932236586,7.537238813301356,3
110,6.925424588717922,6.9275863084383875,7.434115182010378,9.865430748562225,3.872678708699854,3
138,8.129410475725908,5.330561959061876,7.723564259941932,9.841582617351587,1.1699057485453597,3
178,5.178847649741599,9.397355137687988,9.120674143773654,5.232784375688576,6.486720720288202,2
66,7.654792772104553,6.175268428185071,6.108633925225719,4.766288293704537,8.518363227955906,3
82,9.068979548457182,8.08469215826116,8.01246490200303,9.585857826388212,3.9062501398811524,3
65,8.044078742561966,8.590419376239794,4.674730756329854,7.138550419748571,5.0391330688018385,3
34,7.015412542591401,7.877277023859942,6.762338648619537,7.401070621697254,2.8889177507787425,3
171,7.179313818651128,7.029975038367683,7.081314274739219,7.146608760181408,3.3868811655804345,3
0,9.777418344772451,8.989255468900417,5.489229641857262,8.408871578184053,6.841875572855724,3
103,7.065037509667446,4.222713987448415,4.334497579514769,9.82329561121773,6.7969382255572794,3
112,7.937974381112131,7.973628005853441,8.007538908758757,6.209343972030181,2.403502013344599,3
190,9.635531122973106,6.5134416366430195,7.1813000475726465,9.977882341361502,7.551174240987691,1
79,9.20592812448436,8.33957806419044,9.508413004875358,9.83489348046124,2.251050305883135,3
90,7.5092955979848846,6.0951322665286005,7.175737288069693,4.647511627517588,1.9418859745031096,3
66,7.654792772104553,4.148235778916248,8.84761916152135,5.06525890017688,9.338024010791266,3
197,5.065045004526871,9.58731205539226,7.26317147233272,5.756577207049107,5.784954081712145,2
145,6.652801108216075,6.627128927517116,4.533348527100088,7.80503203243332,3.078012153466005,3
35,6.145263379412153,8.368404783028495,6.7038554708920195,4.3191428600574415,9.489936436045983,3
195,8.431709261639735,4.294529272936384,6.339723300553015,4.9514306436457325,7.294273640241102,1
164,7.138099984312166,6.955937335891833,7.311043579598218,6.297679956595357,5.032805932178643,3
104,5.157925810344389,5.4668001464814715,5.019622167428937,6.100790921272863,3.4278037510278,2
24,7.154055531664056,5.613138377050417,5.066502067214678,4.260462147223688,4.293239552024912,3
95,6.271805100318124,7.477604543560732,4.17940027491433,4.714551785564364,5.6190544629352015,3
82,9.068979548457182,6.24772675297508,9.36635888322831,4.829824221731084,8.982968095986536,1
113,8.015168388769721,7.389586237541031,5.416634767474315,9.700534055517265,3.983628979685545,3
48,8.688393709843488,6.027681741787889,7.049837200717609,9.07726162453545,2.7945280389687532,3
189,6.171206606958627,7.584634331983072,9.711676831901634,8.204677997702863,9.33267035818011,3
140,6.712984950098588,9.691629814815476,7.026897428710888,8.748654213434378,9.652203305242526,3
76,8.810436270289317,4.120120329522555,9.116773280601578,7.552916807550915,5.09301241307204,3
58,7.7055046755701495,4.275744190633718,6.8581411892468855,8.877088086173677,8.185009612822224,3
185,6.458346353748869,5.7734547902923055,8.639058410445923,8.287708751174836,9.977812303451085,3
182,7.199720940427317,7.473703562587406,6.274322600247929,7.884929615500958,6.034512691550819,3
132,5.387755553572226,4.6725540500498015,5.472829648747418,4.938643693543932,4.677879881674956,2
126,7.045080348424406,8.261085418440835,6.720965912649821,5.731774163231282,7.933337141526184,3
119,8.834670559384456,7.98114706329508,4.4225485325662355,8.609781527175091,9.163461627963262,1
194,9.865442384060472,4.552579618495232,6.286038852304669,7.588179371421371,4.596391032050114,3
11,7.73632603580448,6.2576099414145,8.883579081586184,9.038097279540615,5.860755663116259,3
1,9.787212979203904,4.623035927462558,4.336737772071511,5.853255431987727,4.965814718824984,3
0,9.777418344772451,8.989915095061733,9.338222747625792,7.6442811610194195,6.67004821328378,3
106,5.762137971030755,7.684241698955832,4.863661659855549,9.94907067066362,8.424671380144027,2
182,7.199720940427317,7.0559393926668355,9.809359150237928,4.307725054903411,2.883245616884329,3
20,9.370516078283805,6.394676917442391,5.615583078091897,6.666479354132583,8.629623112635493,1
56,5.878938747012993,8.836952146366677,6.832315251175604,8.731495258576675,7.198695203485592,2
23,7.698928079306608,5.666924613265259,6.850529148136891,4.950239936200364,7.9197013363797355,3
132,5.387755553572226,5.968780885603626,9.644320843333254,5.612452882336347,6.091573611646826,2
136,8.828113911666295,7.38930546494761,8.197733213468887,7.29248420145082,8.16466425666383,1
102,6.332967430899628,5.652003037202336,7.393317630763162,6.030523401925643,7.553992652532462,3
88,8.86994828308831,8.893243991947376,7.286621868458056,6.930016484130561,8.698848918622492,1
65,8.044078742561966,5.228180214824616,6.331672508140817,6.371409764310974,6.816684883021298,3
51,6.075566518616974,7.668427175937049,4.699784960772528,6.906604141804124,9.676849320342143,3
174,7.931804579191857,7.1503490613529115,7.306253598293657,5.8763110647731205,5.29178042083876,3
54,6.513098283378771,9.62410761810114,8.280154248906252,4.342250786348624,6.399674596297701,3
91,7.120491355129971,8.818849253657802,6.865916204746041,8.595979171711555,2.506603494532945,3
194,9.865442384060472,4.699541158105745,9.17279051117187,5.444271354507471,2.293498860130175,3
118,6.375157363911033,5.027897138066395,5.6329902575761785,8.264555190821008,4.547847968004116,3
199,6.498710438386006,6.654790232451059,6.891270762572256,7.942528958097171,2.581697940833539,3
91,7.120491355129971,8.7845646970508,8.111423682317914,9.114749977442925,1.3966028775850496,3
193,5.2887655777894205,6.689933737368466,4.917463704089444,7.7596626849561,5.114316679201083,2
81,7.123155729785311,4.851149210489719,7.5497665056697825,9.912098772793307,4.370981829936066,3
143,5.546573580430751,5.4390435291203545,9.830458379055738,6.254297513939246,7.757435276793825,2
155,9.96211257861654,5.491419185271686,7.198483088005532,8.553400781519565,6.935637143001735,3
39,7.8403924068402695,7.134045803409219,4.6141850071552994,4.712456092023796,4.96013354220015,3
87,5.421131620337404,5.987885990356361,6.296994112737709,6.855588291125486,9.80662867414188,2
170,9.289793523879457,5.3631603633149245,8.973431201847678,5.53031123867377,4.259795485204982,3
109,6.3894818449493265,8.388727144444529,6.613242075204074,4.6538816332621,6.132979639854989,3
138,8.129410475725908,5.215541153304943,9.633244170919735,6.922938659019571,5.089890061135019,3
37,7.819731068380294,4.456018817068839,6.159520698001612,4.304278808337619,1.061148814884902,3
142,8.979435422303828,7.234530523694882,4.7410636621777495,4.68715566708055,3.9602587429978136,3
158,5.823378789517678,4.762964047407266,8.611109142732401,6.203288870974173,8.44384587805455,2
183,8.728111041466894,6.810721985693695,9.7580370530521,5.180403876195618,8.228607634221722,1
99,5.518103919721187,8.28856848921567,7.706756454059233,4.064039412758337,8.2594519816775,2
122,7.2602941274075325,9.907163981342311,6.627181602841774,7.8947866752230365,6.445949928160977,3
33,7.4399086081626296,5.417956270319529,6.972904225957187,4.113215518393918,7.024824519580953,3
110,6.925424588717922,7.749040446908972,5.031100847885098,8.897022399117327,6.15337803450435,3
153,9.39540707068661,9.885408897116879,6.596270757268206,4.392626796333169,3.5286803277788024,3
58,7.7055046755701495,9.809707828821185,7.699269019259118,7.388100185457858,3.8335801561687983,3
138,8.129410475725908,9.507337410787965,5.886526987918753,9.364386072795735,2.2971863622343514,3
154,5.548659557849839,6.690851158640767,9.31429756035115,4.129072670587389,9.447606074303808,2
133,6.258708798275734,8.655531457223727,5.292776175936814,5.998775246115604,4.335228622923968,3
172,8.997647919627553,7.355662514757881,7.577130176030246,6.930352336787795,6.020604204086213,3
134,7.361497716494816,7.650931277615955,8.978551843004213,7.9784743732434205,1.1891624996571135,3
185,6.458346353748869,4.465384549287867,5.629527115014037,6.410112223393556,4.788965041882566,3
11,7.73632603580448,4.918948721730284,4.472816398163156,7.669689028135584,6.021877194393427,3
15,6.841760984788225,6.635501307608521,7.489432392097726,6.722334891775622,1.5574603108538767,3
192,6.529563339715336,4.158679088465812,7.610106509820991,4.207592190843534,4.360853908810199,3
110,6.925424588717922,5.763328771881214,4.587614895640177,6.994933029248864,1.6763278503290202,3
155,9.96211257861654,5.134444200059649,7.626464888429078,8.228143009930983,3.572513198199155,3
185,6.458346353748869,8.881039627765952,9.074031045332298,4.708861544107949,9.185167870255562,3
188,6.121514538029192,4.211435992494122,8.613115799512894,8.43558422884926,8.502048714756617,3
156,7.208806355264789,4.821950289110001,6.673906761816961,6.195119275513763,6.972761262282683,3
73,8.637668421468131,5.112584160195054,8.39775829121522,8.720276524719335,6.339745175520461,3
145,6.652801108216075,4.075311215120155,7.025233050081176,5.371914123855593,6.88294397504672,3
37,7.819731068380294,5.552172770760101,8.611329676669406,4.636720524044831,2.6445403100252376,3
168,7.510111025824367,9.303415633832083,6.50640850017913,5.177201177664112,2.120556396960402,3
76,8.810436270289317,9.209228621057832,7.226378658427949,6.790599615328283,8.612875172130664,1
14,6.267339382876608,4.938551274193045,5.915017220311281,6.746347426454815,3.3942035151133507,3
127,5.177872785784958,7.6279974564242945,9.359708437956183,4.658104928840698,4.197828515260722,2
142,8.979435422303828,9.968489025987498,6.977246054419178,4.6637185103220755,6.835955588327845,3
125,9.543480814954474,5.936306862871763,8.738730537462658,4.248461316403585,3.4653977269070615,3
82,9.068979548457182,5.599455860009046,5.902582365080404,8.47527609430034,4.824808311668278,3
105,9.303903516638126,5.824057524385847,8.096418987184878,8.159443059318791,6.431830975072791,3
87,5.421131620337404,7.38834561834283,5.060345259159442,4.822553729373119,9.079637046985157,2
34,7.015412542591401,7.1648694556651265,4.787954098493336,5.907967666565239,2.5664023404230214,3
148,8.885898188246172,8.784222507650995,4.438132020745352,4.6017109264683995,3.8056530219347615,3
131,6.783551822346323,8.63361461983543,4.663219944395106,6.155611963561701,9.046521363995161,3
105,9.303903516638126,7.317446207239264,8.062742896720417,9.241876612507362,9.364531753288407,1
162,8.77868034013279,4.13613684113554,8.906936941808135,5.825894057248017,6.075504890397791,3
107,8.745456481713365,8.430219508922377,6.601725371437122,6.480790782932573,6.858168086421819,3
73,8.637668421468131,4.939878143333106,8.744049921186999,6.474268868588316,2.2382190472354573,3
144,7.071004501426242,8.841083175674301,7.528864645180267,4.415441401976392,2.2856723567929214,3
101,8.400102079500225,6.268243830594557,4.314814827596046,8.399899948527876,8.54293633887196,1
88,8.86994828308831,7.057477466028876,6.629475800813763,5.8696484606668315,6.222402027252425,3
107,8.745456481713365,4.973705840086299,9.454824182933418,8.684678888789168,9.06606758618165,1
75,9.320207338150581,6.069853355632607,7.053482571538055,7.731737315230205,2.4614198442968416,3
192,6.529563339715336,8.330538726407468,4.005119575352701,9.930369765361164,4.342930668320608,3
121,8.157822550020136,8.70127124082607,4.6540140425199485,7.034701092369532,6.278226555815887,3
156,7.208806355264789,8.298357804171836,4.186291327429721,9.879934866250837,4.6608152920743615,3
189,6.171206606958627,7.5081001167899855,9.746398210272483,4.821425630515478,9.636886771272257,3
99,5.518103919721187,7.842655980933196,4.461926584160969,5.496704548318649,2.1230017579345257,2
94,7.41889509745395,9.547919520496992,5.198797897129154,4.344103737531164,7.665486122051385,3
21,8.851582324214855,6.179809570867649,5.688616216485467,8.027769139262809,8.861348360302145,1
193,5.2887655777894205,4.8409360669652886,7.304532961263096,4.8147185207109295,9.51565399115578,2
149,7.386394802942442,4.368273229655194,9.919374257390658,9.949849294671052,4.042174317134025,3
83,9.37492609647757,4.542479457355446,7.280064486533284,5.120026122001198,9.028991253855137,1
89,5.536028883854994,6.317640393307723,5.70331222879804,4.108859759772799,1.4314596988406674,2
91,7.120491355129971,7.451663611538187,7.60071557586655,6.557265707603983,9.308001148451273,3
192,6.529563339715336,5.769068559826907,6.398413028025719,9.223600911182825,1.5939689796718104,3
155,9.96211257861654,7.230254073330976,9.835251949288933,9.452894277171382,8.62629525742641,1
154,5.548659557849839,8.549890909811277,8.917331832544221,4.736527596813639,9.268277136479345,2
121,8.157822550020136,9.5652100539859,8.890012356470038,6.139700417550641,4.816591261085604,3
99,5.518103919721187,5.895602464192589,6.057957803905219,6.241010180725522,8.565678660680767,2
135,6.366789658217469,9.458434942373847,6.881351800049887,8.25222315324375,8.359331653260409,3
76,8.810436270289317,6.436978040196779,6.100830804822564,8.18845805471182,2.7800622803289876,3
73,8.637668421468131,7.847235424548577,5.843099586928984,7.412231775414575,1.6728489959208628,3
63,6.739804860421499,5.206793024908569,4.223843329396759,8.398723232941826,5.253752370723025,3
4,7.755668506592267,9.472720770517856,5.165519635599719,9.785191606618696,1.6904070654411139,3
10,9.211645185032863,6.28784870770718,7.670888120075604,9.937858011811315,6.963844614683457,3
163,9.06322875008069,7.833579387319716,4.842596845064683,7.092792321772451,8.315427172370253,1
98,7.596557017299794,8.917601377105342,6.753562095868987,4.377960829118947,6.449019024000971,3
24,7.154055531664056,7.043575663726397,7.6319176175173915,8.724141658371364,5.836283484867755,3
69,8.717191579518087,5.973337700768448,4.804034877673153,6.720053630149677,4.35423620373933,3
173,5.163026931482154,7.090287851741133,7.211670579546599,9.58260228654492,1.7768267932750137,2
129,6.670095323391459,9.93151160024615,4.496594454238117,6.910721806912625,4.491181184619041,3
184,9.245828025808322,8.138206229674584,7.761390465416309,9.586540624581298,4.290366703431035,3
8,7.185195757873304,8.526054401979478,7.697115214702773,4.246312069059053,5.522410164074149,3
177,9.97189359234124,4.288755492542708,6.572954556682969,4.333855558418415,1.3989142447434832,3
82,9.068979548457182,5.042494110012843,8.341154284136971,5.260308444709611,5.43440886725421,3
110,6.925424588717922,8.38905979517655,7.6043164421975975,4.72558707651934,4.617210496725867,3
112,7.937974381112131,8.838043411521639,5.111110182959334,9.871841844187838,8.370367956100704,3
76,8.810436270289317,7.829358354702325,6.084130859105072,4.3865044044451675,1.9076778885145997,3
78,5.268288235252928,4.308145944135871,5.9087670618505275,6.412552143040699,1.4552310563250541,2
192,6.529563339715336,8.954718763132117,5.522941393783862,8.3585411572243,3.9528875139390793,3
60,9.094134577575858,5.972247437566801,6.009699422096789,6.963320550408293,5.838816413359523,3
11,7.73632603580448,7.5038156200324275,8.44553917339376,6.670172717202195,4.0892664137328145,3
50,8.513075817465358,5.000251264315168,4.334127896449827,7.985231145063704,4.204893422613714,3
176,9.906808108199499,6.199976844680872,8.597870163767551,7.751923914438219,6.955368609825596,3
88,8.86994828308831,8.802561667068444,8.202599772303262,9.526159804765832,7.1790145420219815,1
44,6.212218539862171,7.045542107665417,6.134000468655175,9.377928734002484,9.411622129679845,3
30,7.199787423195821,9.264269588932553,9.18230349216196,9.87446149018567,9.53271327356287,3
127,5.177872785784958,6.647399106397903,7.731319106780283,6.224339293807239,4.080096292593718,2
122,7.2602941274075325,6.927041653125338,7.1293524890656395,4.7822104033157675,1.691602607581807,3
137,8.07597658827894,7.453530202021729,5.526433001933071,8.455836119195064,1.8150734144938268,3
193,5.2887655777894205,8.45985300014164,8.139483053558545,4.233449745213342,7.980140363271634,2
53,9.687633306363871,4.6879381293252,4.138276901423491,4.391227440220339,9.773940370916177,1
126,7.045080348424406,9.684855697423021,9.628666572914485,5.349180279252409,6.806180864433058,3
198,6.1432464377325555,8.22286622666143,9.555790494973753,6.52464539749476,3.140670128856547,3
15,6.841760984788225,6.077780477826522,6.884456708622539,5.397699358515679,2.7876611547996566,3
93,7.405793470280351,5.717530200637072,8.040478438354043,5.037923493294937,6.249510760880227,3
103,7.065037509667446,7.316354542161626,8.209558724675848,7.497113763121492,9.233520795515986,3
149,7.386394802942442,4.044536425875238,6.804132285383647,4.849306498367616,1.004988789526656,3
130,8.74937705872006,7.463104872320191,7.6376881015070985,4.353911021790317,4.795012992355479,3
103,7.065037509667446,6.212815350043526,9.750608234327,9.348419767652691,4.926629683685724,3
0,9.777418344772451,9.910190971380096,8.47299778812958,8.124205692348601,5.188594276805537,3
186,5.061365127664093,5.680593115115718,7.394049628601136,7.9904669479204085,4.932104018643025,2
52,6.177960939668009,4.065256136567342,4.5344033103355965,6.100729742333394,3.2612200062033816,3
59,9.719435463797158,9.651003537296814,9.96779147030635,8.439591615940488,4.686962181146692,3
183,8.728111041466894,8.590404104001376,7.6574352026381,4.61707002882304,4.100885265043967,3
52,6.177960939668009,4.007865327075255,8.714282669623355,4.207320895863562,8.958030477820287,3
121,8.157822550020136,9.445674025967715,9.711291151446456,8.106636697609794,7.903990145454744,1
165,6.080839371421514,4.260642648005348,9.028232460900448,9.701142600231208,3.4168205093103325,3
132,5.387755553572226,8.265329206603688,4.127442962508563,5.043433190031427,3.120831418234597,2
77,9.78278904509287,4.802884228872962,8.81347287148024,9.571294299107414,9.640158811948687,1
184,9.245828025808322,6.104942949960086,7.674829565492072,9.26072132655464,1.365306416539199,3
154,5.548659557849839,9.672591539430655,7.9320121494832065,9.063640648697575,4.4896489037735865,2
47,9.878968344175936,7.6416670879370985,5.168026273392958,6.096865567940453,4.51317120590358,3
105,9.303903516638126,8.312078611749628,6.982831326578008,6.391351869043385,4.024936885349494,3
108,9.248031525285194,5.944942371442707,9.0123125460994,7.764602652991749,4.588220726007304,3
50,8.513075817465358,9.331914899466954,6.263201368047577,9.025771505875975,7.17005085615428,1
110,6.925424588717922,6.482677301580761,7.745790290630012,6.1482584869415415,9.318784363221305,3
94,7.41889509745395,9.596605011757546,9.7097653965733,6.469278854038716,7.113994146307864,3
137,8.07597658827894,8.209902042676866,8.416733727856883,5.4730210175553085,1.8141761566310879,3
152,7.998022693211064,7.5836277324020545,7.558912722326607,4.36454944748154,7.334525923723817,3
66,7.654792772104553,9.184362014728855,8.73542684298043,4.841042887858293,9.482601416674804,3
76,8.810436270289317,6.164652278065981,9.13741160318005,6.786328880276674,7.630719835045378,1
147,5.039725220460466,7.5732220616649,7.836841310154105,9.138847713022102,4.629221106404851,2
15,6.841760984788225,4.892850138555114,8.629210860017764,8.123606784408965,9.044296801413848,3
9,7.705511149037614,4.670399814106008,8.346888971703939,7.19226254849217,6.240283934515094,3
136,8.828113911666295,5.43527713085613,6.312839251444312,8.612249884734185,5.777109429119848,3
62,7.781935256474705,5.569518870623314,7.167296487649122,4.51133562361783,1.002352882397528,3
94,7.41889509745395,8.401645529196479,5.748925194587468,4.469208946945042,2.964494818940037,3
50,8.513075817465358,6.035060859394275,9.571964878028181,7.628681657127032,7.933634909371166,1
19,8.595347545871899,6.0627239017801156,5.823263031083994,6.489386804879771,9.596004392040925,1
5,9.96055862054601,8.982782356368896,4.673798149662473,5.082381395034149,2.1622649089639756,3
77,9.78278904509287,4.167446296768732,9.720554742815775,8.024098295621092,8.36476587714549,1
72,9.421023382389151,7.012575287762024,6.915232263510871,7.7161959885209015,4.752614515142129,3
195,8.431709261639735,7.950437471193111,6.768076229243398,4.123621883556373,8.305752331517349,1
42,7.5374678789965,9.012702327229128,8.869670433082714,9.316493081617647,4.748378303320689,3
68,7.761228768767385,8.33491457850836,6.10257887032042,9.48355295059463,2.669653249937615,3
158,5.823378789517678,6.700164335358114,5.2547882978355,8.749512752985304,4.95445774063789,2
94,7.41889509745395,9.777668643431008,5.971748216298856,8.548657290846803,2.1710798945914362,3
27,7.858317981207033,9.511793970315178,9.789282522921333,5.069159717509522,7.298520384440339,3
61,7.812851367460954,7.52674385850165,8.574223098346753,5.443658167541768,2.4528324076054853,3
178,5.178847649741599,4.20421734317928,4.329360643024482,8.08696802758927,1.8761594546838953,2
110,6.925424588717922,5.000143171603961,8.0008141141197,8.742732485667766,9.386274868986309,3
53,9.687633306363871,7.0488189345649275,4.208196084292489,8.865533445088683,8.303433586633432,1
163,9.06322875008069,7.218358776334632,6.890490828162006,4.453529020257396,3.815707495636806,3
35,6.145263379412153,5.436124083565244,7.237798095626787,5.803585706808942,1.6877603024707757,3
125,9.543480814954474,8.643546875164795,8.346369848075403,8.075028929415584,4.886426485618408,3
137,8.07597658827894,8.587330731430997,8.109179837606439,5.614700753603862,3.903057402390598,3
177,9.97189359234124,8.706288686590735,4.959800865671957,7.407936974568671,6.861254701405506,3
55,6.930256875651047,8.285895264645216,7.661308427500103,7.819230859689925,6.21144536548201,3
135,6.366789658217469,9.268877915199582,7.840341430980992,6.436429301340509,3.8888995889183384,3
51,6.075566518616974,8.991614966242134,5.505630096417972,5.804090601982673,8.792113239457734,3
81,7.123155729785311,9.03563975290864,6.418383358431745,8.483435225736105,6.391121028188998,3
72,9.421023382389151,7.843204165109013,8.667147081504659,6.011748605749255,7.4780556710159045,1
8,7.185195757873304,6.410561661048973,5.207075638150125,9.188152602965333,7.911275105288725,3
143,5.546573580430751,4.0253427355671825,9.532744124252616,4.327749858594242,4.507252741586491,2
127,5.177872785784958,5.343207398922861,5.125281110127766,8.972931050360678,7.221988506172339,2
62,7.781935256474705,6.022834958143354,8.071271977697933,7.971076147890109,9.819122304239626,3
63,6.739804860421499,5.79991915444607,8.757788155360425,4.659297812244278,5.972791511373106,3
102,6.332967430899628,9.013369804371418,6.528533460852012,8.442624475449513,2.264034699970095,3
98,7.596557017299794,9.071588298807544,4.108174364890113,7.243931687153184,8.488919966160054,3
48,8.688393709843488,4.642621764847065,7.6102133709165685,9.73995607885287,6.581898345382125,3
75,9.320207338150581,6.303736346039738,7.337398711303429,5.072516766139818,8.923550054615475,1
23,7.698928079306608,8.949631320641231,9.517620919272876,5.539472937668919,9.13055347228232,3
192,6.529563339715336,4.8686349986544615,8.72241000002879,6.248133866134381,6.906302827234584,3
170,9.289793523879457,6.934515324576597,8.042896826400725,8.53260486763729,7.882170132135918,1
5,9.96055862054601,5.369752931340481,4.630652088152095,9.496369846401063,4.363513918322188,3
62,7.781935256474705,7.594280259721206,7.875539152384047,6.969521944759453,7.831716842441521,3
127,5.177872785784958,9.368871734373279,7.214700164376186,6.7696674868366555,2.273896679169214,2
46,7.092361093851638,7.258969031256585,9.177409433088084,5.376481529650626,6.046328435808933,3
55,6.930256875651047,5.223196595368924,8.80031638548213,7.399923059936419,9.15241996357318,3
22,7.577113673932021,5.235697157935535,7.666281060877026,9.014496063911963,6.969353171444427,3
100,5.691655429584434,6.6264193485766185,6.537559211669361,8.33205428676154,6.946357253199536,2
124,8.611318444078583,8.193313087241101,6.116138982548674,7.665349653471307,8.412487635138383,1
20,9.370516078283805,7.35334867138223,5.725182777285359,6.476171381900343,7.426144988774063,1
179,9.187741239673478,9.964184489883426,4.900929720140392,6.951281565178252,5.286402554477511,3
46,7.092361093851638,9.852453224525156,9.560192872428907,5.139297935476366,2.39843256909921,3
195,8.431709261639735,6.182125544644159,5.435044407354354,4.596941128817909,1.075021879681916,3
34,7.015412542591401,9.589407185805563,5.6549511108025365,9.464723643592453,8.956926498070523,3
77,9.78278904509287,5.003648570560462,6.977981634399343,6.921887910193176,2.4131330399826347,3
96,5.754875822168611,6.520494454952936,7.221304566192143,6.518828981001379,3.8862581518775174,2
88,8.86994828308831,7.173749501125043,7.310779656976254,8.20138359545289,8.016084161259535,1
166,8.92213468805078,4.7638009601305775,8.873842076396187,7.891530593074212,5.073090140346759,3
191,8.603057873628071,4.728964876916657,4.580431057461824,5.373644383551613,6.7240245151321005,3
13,6.185702896409321,9.741563967324549,8.632317965638183,8.471208373195273,6.005801857002591,3
64,9.380453631149415,7.792577436024352,7.097742706894881,6.486598221329266,9.571219473120454,1
68,7.761228768767385,4.261403337830091,8.24070750494246,7.42304318404898,5.887939565874702,3
150,6.371730926310616,7.234513922958696,9.493490344920435,5.731778141661595,3.5135306260053674,3
142,8.979435422303828,8.885894958176937,4.851033510663008,6.389258466974685,5.52131598210068,3
130,8.74937705872006,6.801213949117262,5.712544721225027,9.005889435436234,4.20608807957171,3
195,8.431709261639735,5.889502948207438,4.437114948895905,7.8044497613903925,1.9779926153986038,3
143,5.546573580430751,4.2652369414367985,8.185227776195639,7.173355820900347,6.7753239719599465,2
198,6.1432464377325555,6.90049460757558,8.599338408818339,5.071717527594753,3.0389903418964628,3
70,9.594581845162619,4.4967140575233575,5.258878531149766,5.5911277428070765,4.526063711453065,3
15,6.841760984788225,9.334860151428192,7.724245453047053,5.503263684760547,9.613792869388107,3
8,7.185195757873304,6.886320375221603,7.570174801047607,9.938895578982159,8.776030624306031,3
59,9.719435463797158,8.23690770611726,7.9052589065077905,9.110518872809005,3.2840298028396,3
181,8.743465292321964,8.034839167138857,5.397920320006207,4.550568949814071,5.297501794047335,3
113,8.015168388769721,9.287077906975085,7.81075930735485,6.220320165882876,7.40738829236494,1
95,6.271805100318124,8.070646448117973,9.432773973318897,9.17294641304878,9.030330811616215,3
10,9.211645185032863,4.000702945972569,8.466945525756339,7.232730078145803,7.748622989573989,1
34,7.015412542591401,9.476922884721013,8.09554586553013,6.524334508187945,1.6428475026514249,3
189,6.171206606958627,6.5046264648571865,4.411221829860127,5.321809843452191,7.2198505021375246,3
53,9.687633306363871,6.519959031445248,9.42055311472535,9.528996239087357,3.8425696570553862,3
77,9.78278904509287,7.0034390370221935,7.516318923054556,5.071584317602257,7.248798417923037,1
11,7.73632603580448,9.424086381124255,8.362448745564697,7.605030321824722,5.133520293918046,3
112,7.937974381112131,7.5041868794810265,9.62309910542496,9.294457424052233,2.128747200443485,3
81,7.123155729785311,7.48823484821374,5.546439436061258,4.745499989115838,3.9449770368570016,3
60,9.094134577575858,7.846125514058384,4.883155489068228,7.460264703857371,9.974813511042555,1
88,8.86994828308831,5.407934274232649,5.2206137789648475,4.156773662609979,5.618451187203554,3
48,8.688393709843488,7.4059335458439755,5.131402608756934,5.314724936521879,7.801131256693875,1
61,7.812851367460954,7.420383492040779,4.677752829265686,8.001412023663582,6.69154731025852,3
174,7.931804579191857,7.4858320936996225,8.046382889137625,9.060974073987069,7.68827079466358,3
95,6.271805100318124,5.933600982097598,7.8904413574157495,5.757574662900565,8.580168405538622,3
79,9.20592812448436,9.433367779513166,4.9129129099535875,6.357881975374243,5.573029314412313,3
25,7.093797258853025,4.611468020415027,5.0709735625721315,8.824471905789228,6.385164929485715,3
87,5.421131620337404,9.308964977596517,9.18946508944146,5.774658400368894,9.185132648531894,2
111,9.80562012247282,4.199930343531607,4.061049510411545,5.802214804679134,9.609905417350557,1
195,8.431709261639735,8.562248192180109,5.354917421869385,6.1058077466578995,2.8573482512352926,3
168,7.510111025824367,5.785964463656524,8.722859512532338,7.463352114640099,7.8579127024845725,3
39,7.8403924068402695,5.158089029411395,5.162316545925034,8.5152342614434,6.251846867419265,3
144,7.071004501426242,8.049940537337083,8.881825691869945,4.567244519045637,1.3469558022442167,3
86,5.510435263150245,5.4223868126947865,6.414931458324919,5.459343498423477,4.801911236016169,2
151,6.919831463136601,4.224947290664968,5.253776720448335,6.9084358636317305,5.538534420968888,3
125,9.543480814954474,8.857371739841644,6.999234516620975,4.812960161739108,6.510538628072488,3
107,8.745456481713365,9.32567341392336,8.631412572817808,7.876700002222551,1.2200558183923378,3
178,5.178847649741599,9.778177409564115,6.308765204101654,6.402803448108324,6.588364428834588,2
81,7.123155729785311,4.478975407478185,7.117625611895795,7.874569601996624,7.390634251612227,3
79,9.20592812448436,9.337849159497,6.523252178371034,5.5181941604601645,3.6028179824674833,3
9,7.705511149037614,6.183098805853968,5.063164587147329,4.932866715032317,6.686208270484076,3
2,6.260302695003954,7.980897473404645,4.5510844677493205,6.718019781872085,3.5915265103269745,3
186,5.061365127664093,4.831078134572258,8.994490755133025,9.08900602102974,3.8989296669882734,2
12,7.189200037734564,9.033503773424552,4.129946323388733,8.080970883777352,2.4979244196828345,3
125,9.543480814954474,8.031343083580285,4.191377770470521,7.517405561430449,9.870915682805485,1
121,8.157822550020136,7.439999842909706,9.394791865165107,4.83786315496302,1.8945037630262833,3
173,5.163026931482154,7.097612181533824,7.304883251168319,4.577741245524885,4.140486526954983,2
183,8.728111041466894,9.412600306747002,4.063096094030754,5.741434043439144,5.87608684821722,3
54,6.513098283378771,4.234082176839316,9.889932199856842,9.130720846034258,2.5386064032069293,3
42,7.5374678789965,4.99612568662708,6.879728575589892,8.981980162059113,1.9529402775607054,3
92,6.775179108822218,6.674867914537091,9.158728944737634,9.893614429294544,3.608970810113545,3
149,7.386394802942442,9.107396842488962,8.859569466091509,4.310865668149445,6.6127212705358644,3
87,5.421131620337404,7.656221482448124,7.816199176527223,4.055427304962826,1.5526794932540096,2
149,7.386394802942442,8.06591789043666,7.256856887818159,4.217327325361382,3.719376341939552,3
24,7.154055531664056,7.483868820760502,8.926528349135527,4.310637860003634,4.4761128276418605,3
121,8.157822550020136,8.255649214950378,8.448302323497828,7.952702424877951,2.860772323284241,3
96,5.754875822168611,5.444243283680347,5.181003074914636,4.059350295995821,9.744704442786277,2
69,8.717191579518087,5.153248863709767,7.867491273771509,9.493474975108182,5.936787648405541,3
110,6.925424588717922,9.933201101079408,9.785292528362078,5.7778948409530635,6.644499968656797,3
170,9.289793523879457,7.456499450418218,4.1355894314766015,7.425593006424797,6.802731628088771,3
18,6.424184245198106,7.042500371557496,8.492894766847016,4.030234065057624,7.6587950533272,3
47,9.878968344175936,6.3062366261615255,6.61963278462996,6.407042116314057,7.676552774939918,1
112,7.937974381112131,9.93682295999432,6.310702155686235,4.8067274250939755,9.681184308658006,3
143,5.546573580430751,4.047560571537883,6.607833499436406,6.935757550066896,1.2095239859727736,2
96,5.754875822168611,7.999450242029752,7.565075922619956,7.2609479183360985,1.7116145711616069,2
181,8.743465292321964,9.851567978761818,8.044556222207676,5.150191833837831,6.08123226826868,3
186,5.061365127664093,4.3473592213877845,9.154520577474912,7.459553273429172,1.4944652857836198,2
6,5.971433384032893,9.851212506617717,7.28954061514249,7.073086616316399,8.48264673945591,2
165,6.080839371421514,8.434629728169927,9.402606122866718,5.259003130400055,9.51954505410573,3
91,7.120491355129971,9.679330861587339,4.213846033720548,9.080155674806491,3.1735866467837095,3
190,9.635531122973106,4.140862012768971,8.872690536555062,5.903286275110496,3.7076563905117834,3
50,8.513075817465358,5.99970740194776,5.272270821792698,7.462724558833147,7.584764723827735,1
101,8.400102079500225,5.059753064496382,4.5331687598815,6.308655523358059,3.004560407105868,3
18,6.424184245198106,5.072608849832191,7.796325833513077,8.982930658585431,2.1194494002368764,3
21,8.851582324214855,5.702863433412164,4.104458562118518,9.22438683341914,8.88238203587914,1
148,8.885898188246172,4.142358987811924,9.43060730069696,8.041086717091654,4.3807247104097495,3
72,9.421023382389151,5.228929163430598,4.065025283633077,8.596250968813688,3.0284028588255665,3
180,6.227527990095866,9.583785142280519,8.153869787310857,9.481210057618986,5.778742051176149,3
142,8.979435422303828,6.918897178099906,9.251657087839927,7.935798353772217,9.558865901810266,1
184,9.245828025808322,9.78950396426896,9.589401045839772,4.218367010376094,3.980519060433545,3
26,7.176743863352343,4.716467998060263,6.8160427551411,8.192289296982239,3.3083376165469973,3
31,7.1275822944366976,9.105129721919395,4.92696089544854,7.4015130533064575,6.014499075450715,3
181,8.743465292321964,9.907663527450966,6.631831106907882,5.121887293308787,3.8875994798603912,3
145,6.652801108216075,6.669382700899462,9.302000062346638,8.282923421875966,8.752676949795747,3
115,6.820012886411879,9.639671855049574,7.850589074108363,5.17821463761671,3.349942395135884,3
80,7.614352003371384,7.331256786896498,5.784470834003909,5.001972288452202,6.837579125297403,3
198,6.1432464377325555,4.421288614232792,6.257250245928448,7.44286290509774,9.80621372644824,3
191,8.603057873628071,9.318566974258886,4.541959785879292,7.713876872560801,6.838498517806514,3
163,9.06322875008069,6.5584545949490956,7.871926676094628,6.332337151522098,4.11261046473468,3
194,9.865442384060472,5.386319295832991,8.951186999534155,4.8656576065144375,1.613968632049015,3
127,5.177872785784958,4.758604793826879,8.277499704727136,6.7653460792513895,9.619693450980185,2
158,5.823378789517678,6.7040888269602785,9.909416690965756,8.169330641463201,9.288801691686277,2
34,7.015412542591401,4.184006522607819,5.016670731505831,9.158884815890524,1.5506460461802356,3
176,9.906808108199499,6.289032787719279,9.356001866574088,4.084828164040073,6.232205894516276,3
16,9.356087116026146,7.347551966471494,4.429795316007628,5.6336939038442555,4.443908894797824,3
71,6.65115017753236,8.194230086444183,9.211325872374905,4.6381628930369985,8.602222112127336,3
110,6.925424588717922,4.0949636004237835,5.047753471102814,5.464616439664077,9.267588833730509,3
140,6.712984950098588,7.9161548413555805,4.7238850210381145,5.940640575506322,8.958626432076667,3
196,8.553534508523576,9.911714768832507,4.992587435133139,6.751637148227265,5.64035293981761,3
161,5.8244389685826174,9.45210923898157,9.090568869588006,9.154666692316525,5.549810866323922,2
149,7.386394802942442,5.926035236142587,7.94798069234948,6.75618224316826,3.5272049688969713,3
141,8.441806201837279,9.186887100769177,5.081965919541496,8.806950247561575,3.8145870662167582,3
35,6.145263379412153,9.609036226899534,5.760507474451453,8.646827190391692,7.071478662783615,3
0,9.777418344772451,5.2126030958774345,5.208245780466961,7.823294744271921,1.224194636439864,3
194,9.865442384060472,9.559237038643506,4.56965860099324,4.116049603599015,5.989610326214896,3
79,9.20592812448436,6.571355282837851,7.55990213909152,9.085280615810575,5.222642643345636,3
99,5.518103919721187,7.350159537491139,4.129453740733748,7.050538442538743,9.797217619621982,2
7,9.300487360221428,5.045167656852085,6.987889457311316,8.912291673296439,1.2881441818138932,3
74,8.652845972151221,4.4950332195148475,6.671660716544805,8.457657383886795,9.59954977959993,1
68,7.761228768767385,7.282893532277849,4.011008489872463,5.580317171829483,5.511237127493462,3
181,8.743465292321964,4.626370471398904,9.429403753354284,7.10293231688294,6.470446217015545,3
33,7.4399086081626296,8.933340241622577,6.956331126079144,8.090386259006603,1.7432414234968354,3
167,8.73051685297563,9.432876263157908,6.8603792874746174,6.6463056476276785,2.7156089775262995,3
111,9.80562012247282,7.836214420579933,9.205072797546135,9.97501385097776,2.756451254578769,3
50,8.513075817465358,4.643247190973332,4.267057884423074,6.163757807876356,6.820743855001803,3
115,6.820012886411879,5.839984603720241,5.90618357207571,4.29565603707604,6.823874103540775,3
73,8.637668421468131,7.58269393269099,9.956307372607654,4.29943600305233,6.177335332289881,3
105,9.303903516638126,7.840755631131316,4.756908737320772,8.563836112944077,2.94088813174348,3
119,8.834670559384456,5.213034994857648,7.437704634305509,5.695317562263239,4.951619351823561,3
76,8.810436270289317,4.683031853104923,4.2713345369602,9.52265091624023,5.416985077148956,3
194,9.865442384060472,8.199047138462893,9.528170726856256,5.3466646945272025,1.5608871545134062,3
180,6.227527990095866,8.991003046420273,9.898365954990638,5.23370731408676,1.1544614756763958,3
96,5.754875822168611,8.336300163471865,8.71573870893457,4.947234350832042,3.0206226209587332,2
169,6.171483148995948,7.79237428616615,7.323800042427813,7.217523542621642,6.273295067184077,3
65,8.044078742561966,7.1851274405611685,4.765187733987997,8.868195433193565,1.9915496550572587,3
194,9.865442384060472,7.104885200668295,4.441095198670091,7.550373089292951,4.543875336889814,3
51,6.075566518616974,4.922647399880824,9.669868068746817,6.200627498818987,5.838294867714572,3
18,6.424184245198106,8.892986068797256,5.298840208488263,6.932844669815855,9.317787559206522,3
162,8.77868034013279,6.367268017007852,5.955842474659276,6.216655486704223,6.000297788146629,3
94,7.41889509745395,5.61973490030123,8.479723013197354,8.334978466770593,5.760428278657754,3
92,6.775179108822218,8.903791579147473,7.591446082879839,4.595427345746345,1.1529441178009359,3
48,8.688393709843488,4.010786843284685,5.318531414725583,6.515197615353863,4.860935889614243,3
39,7.8403924068402695,5.588016447128275,4.610298361367788,9.914097002103375,4.939689525268943,3
72,9.421023382389151,5.3113253671573055,5.301925423291424,7.879866565950207,7.621441179674203,1
34,7.015412542591401,5.076962454092323,6.909531806503641,8.404935558560156,2.998595705725348,3
37,7.819731068380294,5.31894735194867,9.391008600700495,8.354002832946119,1.3777740698679883,3
59,9.719435463797158,6.70341672060072,8.637436785812772,8.902609664028882,2.9526145505232853,3
122,7.2602941274075325,7.876069598763631,6.254758575346409,7.9816112128397,9.46153561771666,3
87,5.421131620337404,6.58892883056812,4.037552938821456,7.759720067287515,1.443651829949171,2
127,5.177872785784958,8.813415018443889,9.033493456624797,6.432538139003009,8.347209850805093,2
127,5.177872785784958,7.630047114777962,7.924090828017476,5.5772046968334825,3.2839591550170413,2
54,6.513098283378771,4.976127015970111,5.523671088703438,9.468732683164767,5.647873349125879,3
131,6.783551822346323,6.885480871569847,4.419175134810645,5.005115106515463,2.2907706194624193,3
82,9.068979548457182,4.61393873396064,5.789390244117767,5.739812319332282,2.4110768576747046,3
187,7.189524967658304,9.912296849747877,7.424205537003764,5.1762185777493865,8.059626621818726,3
3,7.443652740400783,6.636304006109221,9.599222113280879,7.169949170412945,5.17550498689781,3
85,6.074060506057028,9.143745069225542,6.2157649826446075,4.456177183231979,4.7697148446385205,3
156,7.208806355264789,8.593730273500409,9.51268947535955,8.840001485765463,5.038795242068986,3
89,5.536028883854994,6.508918745508672,9.731682760483755,4.07212252911809,8.207882335376503,2
52,6.177960939668009,4.118221251835077,5.269297068935128,4.435741907739883,2.336581312423817,3
171,7.179313818651128,7.91261055735128,9.180995059019281,7.446889646727341,3.1412891997144343,3
133,6.258708798275734,5.454767701979489,6.310775944792673,8.75139725985994,1.6981812976016797,3
159,7.445188753749811,8.067535115352506,8.048027482572365,8.98542323471446,2.315276544990645,3
66,7.654792772104553,8.220992442860576,4.673691364630803,5.183035794525566,5.221451469389913,3
195,8.431709261639735,9.50041573227596,8.667957276731398,5.52787852811026,2.3016756145123813,3
169,6.171483148995948,8.252295780884003,8.739958359868169,7.548057064373238,2.2456212536397517,3
114,6.668692684187668,4.017826926301738,7.649214651189924,7.07862883721708,4.515173988959585,3
6,5.971433384032893,6.453355512051692,5.165311046872619,8.981685873379018,5.9420772320632125,2
31,7.1275822944366976,8.15653049209897,4.072722740039428,7.519339907438433,6.22063530335426,3
168,7.510111025824367,7.272235854708308,6.303694968460127,4.765821260888259,9.789057683416129,3
178,5.178847649741599,7.294844716646722,5.07097127007125,6.011497216764512,6.133982653207633,2
55,6.930256875651047,9.442618738392737,9.182510641268895,4.263365873420157,9.172698246152462,3
168,7.510111025824367,5.048974388903016,5.373098637763169,5.447632966408773,4.93812221817657,3
99,5.518103919721187,7.190555771605789,6.029673484629597,7.7934722771257885,9.484786876344913,2
157,7.521769802984347,4.43977466052821,4.386502988653929,6.536490862510254,2.000653792801257,3
65,8.044078742561966,4.888763154257998,7.241291792192746,4.807107072045541,9.034048185070134,1
191,8.603057873628071,4.756184746121858,4.106562469293828,9.121657748691591,9.500496199292659,1
190,9.635531122973106,5.463034284114392,9.91033231967736,8.652832248876106,4.468365504691435,3
50,8.513075817465358,8.730655364393602,8.918175483842543,6.374288826602573,2.35987074995344,3
187,7.189524967658304,6.5816506424478725,7.9073371489846584,5.615649283366437,6.254178576316263,3
121,8.157822550020136,5.518686214901854,7.348503717528353,7.3313593001363575,3.871961062509744,3
36,7.134912483591247,9.598108315455626,6.870610719334829,8.176954893427801,1.5853197941066042,3
22,7.577113673932021,7.986926227117901,7.65789483868849,8.08070645478367,7.214186631256586,3
179,9.187741239673478,6.17710151724511,4.723039358969277,8.094440795827627,7.456559414978173,1
48,8.688393709843488,9.738377453379009,7.7173220091061685,8.582439005844224,4.257761037079023,3
156,7.208806355264789,9.417718290633331,7.131661875473404,5.159891679675821,7.112260322382462,3
131,6.783551822346323,6.234974794868183,6.332103517530822,5.651037003390644,4.565099208362957,3
31,7.1275822944366976,9.36543871528458,6.182669683308644,6.240606916291435,2.791718158168986,3
121,8.157822550020136,8.316167576545677,5.980389888500476,5.032664775888753,5.120281906847381,3
70,9.594581845162619,7.527148353921354,7.784100703838163,4.177821814510549,4.281313923542746,3
199,6.498710438386006,8.635110357780565,7.823052546202228,4.146597259047403,5.756105596641022,3
184,9.245828025808322,4.5623837195079044,6.993829986671854,6.105888454633041,6.748862159767859,3
99,5.518103919721187,9.225378498556106,8.604610059552538,4.488498947303999,5.921172647606667,2
123,5.676735244257358,4.956403941894604,6.625585390434571,6.937801129934939,4.239892446985113,2
70,9.594581845162619,6.599327133077052,6.017810021037063,5.905788061911988,3.075675476131844,3
168,7.510111025824367,8.954221395950334,6.902379077756695,8.709595260901434,4.729717092021546,3
57,9.958096763230438,9.598290157838111,5.603506439192735,9.2808842950204,1.618848643061101,3
159,7.445188753749811,5.09160750665228,9.16799472395525,7.677316686239585,3.362817454726153,3
164,7.138099984312166,6.992800156174587,4.6195563165187306,9.7730164916442,7.05759418349634,3
138,8.129410475725908,9.469680112483616,7.685063148440836,9.159362814880904,4.22317726583491,3
59,9.719435463797158,4.680327343388226,6.927760147016463,7.090775545003822,6.931996086883768,3
104,5.157925810344389,8.990185465890209,8.122635924802804,6.632956786482867,3.084307591862739,2
180,6.227527990095866,5.125104804349369,7.544001012480256,9.012077035406998,8.6902661248685,3
151,6.919831463136601,4.587049170821166,8.274433740153208,7.208608194777978,4.123332273209522,3
8,7.185195757873304,9.601099357959908,9.713359086326182,5.6646484923199205,6.8673834261878985,3
114,6.668692684187668,7.926946235160449,7.411762401805074,8.87914969869625,9.653842837151068,3
100,5.691655429584434,9.67953849717067,9.03911410576374,4.671473113875161,9.532342979982467,2
46,7.092361093851638,5.0353330777010346,5.330236165187355,7.780568086812378,3.113958933458318,3
181,8.743465292321964,9.80686185302362,5.37323064653129,4.3695864841689,5.296807939958791,3
145,6.652801108216075,8.856666337896398,4.955276144729623,7.896457867323427,3.1097806310363607,3
69,8.717191579518087,9.836446220350236,4.846077834024699,5.937420812042683,8.224301569538525,1
181,8.743465292321964,5.145893265806779,5.067313832895902,4.24701429837051,3.6930056891913865,3
12,7.189200037734564,6.482647149092624,4.67122947055377,8.37360326301589,9.195474497997962,3
95,6.271805100318124,7.1251621777745635,8.340594970648574,8.914370763220758,6.139487424364634,3
7,9.300487360221428,5.493094394869301,6.995801940641305,9.55059821076653,1.424187347094306,3
181,8.743465292321964,7.826300931771201,5.417739432655556,9.838032042780751,1.838902900362731,3
50,8.513075817465358,9.685764195792837,4.126076792409926,5.780756936390691,2.2266129027076795,3
85,6.074060506057028,5.993006728505575,9.809285719248324,7.9826753407181235,1.2878017156277368,3
82,9.068979548457182,9.934954207641447,5.909363656032043,5.993704049682566,3.5386212292149493,3
180,6.227527990095866,6.937881819264157,5.602942742536955,7.942420818449543,2.1761184285984174,3
7,9.300487360221428,8.814658302732013,6.193477053365659,4.3060074337922805,8.014940701346712,1
164,7.138099984312166,9.932085464250171,8.518392321165695,4.51916779342797,2.748115926554722,3
144,7.071004501426242,4.6772372470467865,5.682960142828135,6.202393682835914,9.977011905024233,3
71,6.65115017753236,6.672678090142414,4.183997289835549,6.29801839102353,5.2312672981444,3
166,8.92213468805078,4.951120140201527,5.665174614185885,8.081319466049399,4.917669343700493,3
153,9.39540707068661,9.676572130529143,5.776288607402801,8.202185920259659,7.471356965438428,1
20,9.370516078283805,9.363310483901934,8.263788763089362,5.494100761694359,8.652341101852532,1
130,8.74937705872006,6.617089005987731,8.27258016075795,4.419887281419072,3.5451483019335197,3
85,6.074060506057028,6.596417755238479,9.254868527103492,5.877394963052731,3.9167305778982597,3
169,6.171483148995948,7.557615965311224,6.930631746546633,8.708931651072174,8.965402077430667,3
13,6.185702896409321,7.08002216397665,5.209787882058528,5.38727942015643,3.0849602560642007,3
164,7.138099984312166,9.081169401642136,4.045537489482274,9.222791789899976,9.910561505208813,3
83,9.37492609647757,7.770676365494066,7.367150588186806,8.522300150474427,2.007237796984693,3
67,8.837230164604852,8.32959006252499,8.709085574816882,7.425413805767097,1.9073442298981855,3
132,5.387755553572226,9.67369934487077,9.978197840592355,6.757149791729539,8.01170717445979,2
198,6.1432464377325555,8.309034715877216,9.841647696225847,5.9040772222263165,8.47607124773591,3
18,6.424184245198106,8.929478266182059,8.193970667817714,4.340025197846824,2.8080545300903434,3
14,6.267339382876608,5.183412440288539,8.593095097216228,4.027254013991339,5.528402907214416,3
150,6.371730926310616,7.929120450595929,5.0939990739640155,7.303252149948041,8.790075127600515,3
70,9.594581845162619,9.910722643549096,9.157814976934613,4.4989032612549735,8.8142505799942,1
180,6.227527990095866,7.798846650676295,9.540000963216375,7.994062103264577,2.5648573189542185,3
2,6.260302695003954,6.213859141546964,8.983039147979088,9.495588690375282,7.9979926680697915,3
43,5.460138456422569,8.968604949649256,5.345409528285136,7.2829497015204,7.9661046687214165,2
188,6.121514538029192,4.5353412867487295,9.76894190543178,9.53877642595415,4.275233466979453,3
160,5.56879781308632,8.751299100938285,8.257330536205892,5.703277261354534,1.6985695203922946,2
99,5.518103919721187,5.355325249724578,9.411773123822616,5.438742134764741,3.3409352116229174,2
180,6.227527990095866,7.765832726447073,4.018237458099935,4.8521564175824405,4.888019075122885,3
170,9.289793523879457,9.050107096220275,9.757859706886205,4.039946987269715,5.131483236710521,3
170,9.289793523879457,6.657236648117507,5.166390694005524,9.077984472560622,7.299620796017451,1
120,7.820647147057283,7.138210073278498,7.774636426364333,6.355449167359688,1.6305951455510517,3
97,6.545569414435605,6.987305412783006,6.645124690512501,9.480617670500163,8.355399250861804,3
170,9.289793523879457,6.98466772481084,5.584789072567134,7.334862890989056,1.7205123740561108,3
56,5.878938747012993,9.549378364966426,7.141969494882197,6.517723080182239,7.14846195344408,2
145,6.652801108216075,9.509295364527176,5.544221537783775,4.020072605791826,5.230553179259376,3
1,9.787212979203904,9.596295149819401,4.496035664640407,8.893753563864607,8.775973726652492,1
129,6.670095323391459,8.293063010151087,7.645835572395978,9.714571566724661,1.4478578183338267,3
19,8.595347545871899,5.276941207686384,8.311485122134107,6.829923526765251,1.516465039718141,3
103,7.065037509667446,8.320603564203925,7.6942997475894215,8.184674880432786,8.080473016011144,3
21,8.851582324214855,7.006947715979292,9.057334604676624,6.9258769114557435,8.701129027784912,1
157,7.521769802984347,4.886721549161361,6.925150480673567,9.382752088746203,6.78274752271313,3
176,9.906808108199499,4.813762384808893,8.23886122098837,4.652535974816008,8.705644809728511,1
193,5.2887655777894205,9.014462459289831,4.687459022550837,6.377119995109458,2.3904701219529154,2
132,5.387755553572226,7.170035628220933,9.993540650090223,9.596098426877074,6.317087694641487,2
59,9.719435463797158,5.833698556872433,8.8814525045906,4.242840323351883,7.451046412236189,1
84,9.461275981281013,8.274366136499182,8.819090642906362,4.3388976258717475,1.416971096564446,3
110,6.925424588717922,4.240183502481667,5.150160874688293,5.14865968876005,6.149328879831518,3
50,8.513075817465358,8.582468733908003,7.721638752447321,5.557931778668647,7.028172854025768,1
175,7.336466630010693,7.141903578563284,4.492323662658068,4.840384525282742,2.0525941698536885,3
39,7.8403924068402695,7.306316907110039,6.287170247112332,4.7936201927978175,9.709054906302473,3
198,6.1432464377325555,9.470712655482707,7.5110928209699495,4.421080653192311,6.111444159324206,3
112,7.937974381112131,5.30706763709078,9.36954079247823,4.167724208286314,7.604138473495207,3
132,5.387755553572226,4.619873156198172,5.742250367785437,4.229208085152271,4.136926253626067,2
100,5.691655429584434,8.533410058256209,7.685390953489418,7.909451901822846,4.074600233279691,2
40,5.825629158595894,7.305816787919605,5.886598334784781,5.570613654318757,9.342102767342055,2
108,9.248031525285194,5.277866098219709,6.927131697475998,7.059532595597844,4.077559771035288,3
5,9.96055862054601,9.930196482611143,4.90884245653873,5.3412470331616095,3.85462790724082,3
140,6.712984950098588,9.047496329315369,5.407005834166851,8.11367864807914,7.5840832292923706,3
98,7.596557017299794,8.056956054547976,9.169223957955031,5.623926031862603,9.505156211246442,3
111,9.80562012247282,5.640309019916181,4.613625735618951,8.599998695635978,7.471883350491076,1
56,5.878938747012993,8.941491227573337,9.929352997751568,4.244066576296319,7.616857669191328,2
123,5.676735244257358,6.083403809707531,4.319699378661564,4.53236441553697,5.457168275475215,2
36,7.134912483591247,9.749471271559832,5.754042677677688,5.765409202777449,6.552586456408907,3
3,7.443652740400783,8.06006005748526,8.215425964381325,6.290283044248135,6.229907591145867,3
110,6.925424588717922,5.705904125730543,9.84641349648274,6.3269191281007515,1.4418763690262306,3
131,6.783551822346323,7.948666622908628,9.40832591314457,5.833933701696615,3.424785444034988,3
62,7.781935256474705,9.00408762639057,9.603413513991226,7.022777478213134,5.568501744821447,3
177,9.97189359234124,4.799856753963988,9.765583686322508,4.11596174438792,7.507851466002524,1
24,7.154055531664056,9.216228301208234,6.4008752906423965,6.510054261660824,4.878796413151437,3
12,7.189200037734564,9.772902979606705,4.664668698183925,7.240970673730352,1.9863020362706076,3
167,8.73051685297563,9.088461457981929,9.965878316922913,5.494514779950071,2.50506592014486,3
176,9.906808108199499,9.70133073153431,8.603590551927379,7.580587564702382,9.156790577321312,1
96,5.754875822168611,6.400401702632882,7.845112323582083,9.897844566436511,8.36072226277447,2
146,6.174235528111458,5.347331391210416,4.295273144629189,8.166823201184979,1.1244320031418562,3
70,9.594581845162619,4.33191773941643,4.414364232480723,5.862627836477156,9.22018703016321,1
57,9.958096763230438,9.100744274948017,8.975639790359178,4.182962498723091,6.725747245011689,3
46,7.092361093851638,4.919920141053337,4.444058729600678,5.596769748889672,6.328422676878849,3
5,9.96055862054601,5.146043949832392,7.1422380683548745,5.897968798778974,1.7248509073049845,3
69,8.717191579518087,5.2110358741419684,9.766892856610369,8.338599014024206,6.823978074199017,3
125,9.543480814954474,6.376685200710737,5.582627965834994,5.400907018471187,8.37429905612533,1
89,5.536028883854994,7.842637065043168,9.592057427319688,4.076943234417895,9.585443868829529,2
50,8.513075817465358,9.303174546702445,7.261673003636948,4.088903054659832,7.13648042931145,1
186,5.061365127664093,4.390915977533354,7.440837156963378,8.495061887750932,4.997097981522781,2
42,7.5374678789965,9.088112840933867,9.539082826053466,8.912437230946804,5.637938153243658,3
186,5.061365127664093,6.089391043058177,9.295885998446126,7.535940126062434,5.318648082292659,2
124,8.611318444078583,4.180957672731541,6.173296003333394,8.919427287983723,5.61359337867106,3
127,5.177872785784958,9.506436462612223,5.191883428232137,7.771180935971011,8.33956995561056,2
67,8.837230164604852,5.818007825632401,7.7510017133008,6.4229522788895155,9.635176577368922,1
147,5.039725220460466,9.223929213581474,9.99322764302371,8.946194629857706,3.6705498605462927,2
36,7.134912483591247,7.083315985836598,7.143078316565187,6.277271226888824,9.334040164119923,3
47,9.878968344175936,6.235137128786487,6.2162656129174,4.249924276792234,9.470887924023318,1
127,5.177872785784958,6.5000256703232,8.891696691693701,5.0046429502156835,5.02196448541848,2
47,9.878968344175936,5.010075648291436,6.762106382120269,7.746611191788844,4.069962614114216,3
97,6.545569414435605,7.427004146476455,7.23178659124116,7.599944574590456,7.467392503808782,3
12,7.189200037734564,7.719091131145235,7.946107917048025,9.229135400503424,7.413629780234025,3
13,6.185702896409321,9.854822298308484,4.255850217069092,6.727753693581805,9.5851629262583,3
0,9.777418344772451,8.386989745015205,6.727936906314587,8.216919829047956,6.47907363179448,3
32,7.849163171698539,4.250708280983217,7.002655026874663,7.34854325288221,1.5418892992573041,3
56,5.878938747012993,9.886793727283285,4.060100414153824,4.912375462076525,7.504360164128149,2
52,6.177960939668009,8.598133943462626,9.792007036387872,8.239944740877046,7.153494410448712,3
120,7.820647147057283,6.180255097145579,9.62933589823103,9.510157669906494,8.95524105072542,3
78,5.268288235252928,4.611681373453384,7.327846683872769,6.6460168240659145,3.7072148829604346,2
4,7.755668506592267,6.821915958696712,8.453436827562848,4.6928299601235715,8.911369042501383,3
3,7.443652740400783,6.5954561603066395,6.482819871700173,6.86304759781537,1.337305648921439,3
199,6.498710438386006,5.210245131290342,7.511026796447756,6.6068341686409955,9.231592147242115,3
129,6.670095323391459,7.6884753945604425,5.06175331418221,5.434066732909679,2.7026393022551582,3
137,8.07597658827894,9.949146625712844,8.479374479913465,7.764241549784455,5.921404626516917,3
161,5.8244389685826174,8.868325139013711,9.575525414767359,4.6088740922100175,7.185924487252278,2
130,8.74937705872006,7.493018952688562,6.244732283190013,9.749113552594872,6.154426297874682,3
31,7.1275822944366976,6.238975315275278,4.0576737982108595,5.746743323196063,7.743527674760642,3
27,7.858317981207033,5.21114804818928,9.284371358921756,6.253246130178846,1.1237893618051407,3
19,8.595347545871899,7.130161208467754,4.6833804177208105,9.999838153489454,8.299572397265177,1
8,7.185195757873304,8.478947925849203,5.05481211792869,6.633467342893746,8.865904304142356,3
103,7.065037509667446,5.493998897475897,4.348736546020474,7.699967638159103,8.884918859066037,3
190,9.635531122973106,9.011109867127733,5.739757086682439,6.850921978837162,2.829650159399202,3
97,6.545569414435605,4.732557127616447,7.967079089022016,6.104043203308969,9.70779594537563,3
148,8.885898188246172,6.339279590660026,9.477310443999128,8.511744275684318,3.762408935709647,3
34,7.015412542591401,7.997594984665146,9.574608244124473,8.956909278743925,8.71630541795779,3
4,7.755668506592267,4.251028100460994,8.768454869109753,4.295314846628142,8.037503469318727,3
14,6.267339382876608,4.403162433469538,8.987698912964191,9.49705433621996,9.961125617362013,3
91,7.120491355129971,5.079437350954069,7.706451772334123,4.0919581102990055,3.72018697144088,3
106,5.762137971030755,5.539503990697992,4.554898038927185,6.257320731640326,5.4980967872075,2
14,6.267339382876608,8.998641091649894,5.85105948470527,9.407606771490507,3.847516603192986,3
161,5.8244389685826174,6.36430086120369,4.35347804779452,6.805467453873506,3.6746075251408703,2
176,9.906808108199499,6.018615146738526,9.006973317294014,8.024059650987788,9.877112118947858,1
11,7.73632603580448,6.043412396367199,9.751711439746758,6.232236326967272,2.0583203206136504,3
155,9.96211257861654,6.647521258135827,6.155866650627628,6.736027982541923,6.182790373496275,3
137,8.07597658827894,5.503697858663958,5.862261850274059,8.669527454963623,6.784474549645006,3
151,6.919831463136601,6.064487857078566,4.931886895112829,5.276574989075616,9.533491621952864,3
43,5.460138456422569,8.240005553314834,9.689625533080473,5.160993564689527,7.26218907945408,2
198,6.1432464377325555,5.2866522113569205,9.719342107762108,5.542703276202491,1.7373186018641191,3
63,6.739804860421499,8.410090346655215,7.851330323914087,4.073973912169418,9.254441843536814,3
27,7.858317981207033,6.5476732159713364,7.180398504474301,6.746087521246911,9.13659875634014,3
168,7.510111025824367,5.745889321935847,9.541261397618724,4.952953250048175,4.646669384407058,3
77,9.78278904509287,7.775030920021514,6.283568017686763,6.329737029849921,8.576651651216118,1
2,6.260302695003954,6.894368688621088,4.353734689645465,6.379540924269824,3.3959450140270433,3
154,5.548659557849839,7.501450468014969,6.441732524550293,9.97801135662607,5.747852578042667,2
122,7.2602941274075325,5.116843158445938,5.821404025728594,8.412168480298906,6.816039602105407,3
150,6.371730926310616,8.774044313583033,9.030295863102097,6.405998214458112,3.2112005078606733,3
83,9.37492609647757,5.21157038225339,4.804221799190373,7.2052134901788145,4.836517183910605,3
103,7.065037509667446,9.433539359674441,5.915206703657231,4.304901825754802,5.325908988548602,3
75,9.320207338150581,9.723698802895377,4.421853710521886,8.925907819821076,3.901437131757114,3
67,8.837230164604852,5.637588012826073,9.381250058943683,7.016275320791613,6.869178005258922,3
30,7.199787423195821,8.06657958974205,9.07881729059864,8.55212041721994,3.7704577977831266,3
136,8.828113911666295,4.153777878124428,9.544498318984136,5.882850922635237,8.189471032572914,1
150,6.371730926310616,4.679980290063828,9.811857837338307,4.132312647519282,3.6251328454118106,3
146,6.174235528111458,9.220015232050216,9.962977331155166,9.007135046067596,5.91989524533197,3
86,5.510435263150245,8.024102593008198,9.371547835149418,7.480850729659432,4.759349936021989,2
15,6.841760984788225,8.988362922036254,4.927448274497994,6.624930932332472,1.804501035853297,3
61,7.812851367460954,6.675021919041777,5.999101157548875,7.548366561467283,8.796860765382366,3
99,5.518103919721187,6.566595206260678,9.06357971363673,8.668889571475443,3.7019114252030745,2
64,9.380453631149415,5.362686149880364,6.291332714542484,6.1058582883023105,5.3828654753248575,3
101,8.400102079500225,7.451947853951406,8.988788872053945,8.945088468875518,7.764538609557503,1
156,7.208806355264789,7.2621183335658435,4.462439263933933,5.917214611010895,8.10665008833,3
159,7.445188753749811,8.619319046739633,6.744925759748487,9.549348228477669,3.9581153087848224,3
164,7.138099984312166,9.954326998192766,9.206674470657745,9.660174897270588,3.1928777755135154,3
133,6.258708798275734,9.936827060847248,5.903263443412004,5.621558935255537,1.166585424217891,3
173,5.163026931482154,7.7274427645322055,4.468204251349846,9.828598518749647,5.137034870277291,2
186,5.061365127664093,4.329009728557741,8.987264618223946,6.946799706826351,3.041213536355039,2
127,5.177872785784958,8.748573053360087,7.075137188502373,7.546727808955582,4.076659157125057,2
145,6.652801108216075,4.067653199833109,7.5436239419270485,6.898939560250778,8.095896408421277,3
16,9.356087116026146,4.561634891153847,7.917222011865433,5.857759785959838,5.35956137194368,3
91,7.120491355129971,4.122686243067335,9.735242239253468,4.535003036680145,6.477603438092553,3
130,8.74937705872006,9.79437774527518,6.563996309232693,9.936242229266593,7.142738448013073,1
99,5.518103919721187,9.557976711447814,8.274349582557427,4.311784083485636,3.9344042747069228,2
186,5.061365127664093,7.4312114056321965,4.648003653752597,5.690856887607941,2.6039826785361053,2
48,8.688393709843488,5.660350829111916,5.17213275384288,6.289164517178348,7.608951799323688,1
61,7.812851367460954,4.459403639448402,4.9743817815556435,6.713923608261526,7.26101009646982,3
98,7.596557017299794,9.653164873176884,7.596329724816704,7.535639796151427,1.693397365167578,3
148,8.885898188246172,6.660507758838107,9.018157299659933,8.38572611282115,6.32417380786908,3
135,6.366789658217469,8.029304035062044,7.390992853295439,9.13751626406196,6.645360062821409,3
191,8.603057873628071,7.18567530094149,4.6042026698235565,4.616292167750489,9.341686313558155,1
127,5.177872785784958,8.366584818539394,8.65663311811468,6.740631232887829,6.295169794604566,2
32,7.849163171698539,8.354336967182277,8.96045778165153,5.482345885259548,5.4042873813081025,3
169,6.171483148995948,6.796606216496963,5.35993557768989,9.893123492919319,2.287608311366805,3
94,7.41889509745395,9.447598472477182,6.889124277205059,8.340231986749963,3.898140134244476,3
183,8.728111041466894,4.333293809127898,5.164070291985398,8.38103746876664,6.7322061875556285,3
44,6.212218539862171,5.951749048412518,7.156949879384993,8.398464788964285,7.500322886453711,3
121,8.157822550020136,7.976445276428825,9.247276268301993,4.918317071812908,9.71245747549771,1
102,6.332967430899628,9.511347776758665,4.702313079181435,4.219131321584278,9.578687402412573,3
29,6.72431919506665,8.733741486140476,8.940555733548727,7.24589843068388,8.788019635313686,3
17,7.405691900791038,4.41864684908133,5.272211742298425,4.857158055770126,7.796078153238887,3
1,9.787212979203904,9.314447405271745,7.938668991713479,6.8553935268932875,9.714206825980149,1
10,9.211645185032863,5.12270878429575,5.71912335835465,8.027979039262252,1.360147297684512,3
108,9.248031525285194,4.166709231264447,7.62288744351023,5.434428931581541,7.575388043126661,1
67,8.837230164604852,4.934592758043268,9.81717318301341,7.739451519068559,7.993763314579273,1
170,9.289793523879457,8.74712148067599,8.226791622843885,4.297139291852487,5.311214396665926,3
110,6.925424588717922,4.420763339648167,9.61539276022062,4.376220214133562,9.259199674416246,3
113,8.015168388769721,6.308490332259241,8.570967519311498,6.090437402217735,3.0392332863723195,3
155,9.96211257861654,4.235315885307951,4.703287246696771,8.757826990092465,8.410215658788468,1
139,9.379500562747698,4.902867051353707,5.126448240621007,8.934787435907594,9.329829002823429,1
187,7.189524967658304,5.576994050347088,6.149037905154515,4.302487207223168,8.741511580791986,3
127,5.177872785784958,6.946171464131902,7.483135585961499,7.570329929917144,4.391389811562255,2
66,7.654792772104553,5.468755339621903,7.511200088478487,7.416157129176586,5.007610231071259,3
117,9.130128381110506,5.78429849618929,5.525638758902465,4.000655529637099,5.297105253943569,3
172,8.997647919627553,9.654815024982367,7.818830767624047,9.260085523617471,6.646783371596761,3
161,5.8244389685826174,6.00198426345294,5.954161912689058,8.66711446852052,2.8990900307991794,2
132,5.387755553572226,9.793348729415234,4.639571490208428,8.926126719759665,8.698222729071405,2
166,8.92213468805078,7.565744734623899,8.78308437522194,5.32392407370543,3.5891492070381084,3
171,7.179313818651128,4.400189967660841,6.6482496247654765,5.991460976325385,8.19568178596965,3
157,7.521769802984347,8.104044401197072,5.513174042283962,6.996038447187905,2.207242409367339,3
45,6.901657526479581,8.505110708398169,4.054195383986874,9.82510504624362,7.167287919940662,3
22,7.577113673932021,6.593756241606693,7.193292012343527,7.322379801291228,5.001185651227289,3
113,8.015168388769721,8.973524696210006,8.918019213116366,7.411981549113429,8.53264343619638,1
120,7.820647147057283,5.6365075019877295,5.3751404244234955,9.761095254960114,9.733244932022961,3
39,7.8403924068402695,9.307570361617223,6.998590551107631,9.402237689212164,4.435522248861319,3
74,8.652845972151221,7.64865577791849,9.297297359461465,8.239294429245767,7.049197595313729,1
66,7.654792772104553,5.838246642566544,8.825598961353212,9.620283396080303,9.481503536744418,3
184,9.245828025808322,7.237225243915838,5.978046188401832,7.412188460230771,4.630883110297988,3
48,8.688393709843488,9.072893271101544,4.752319646708237,4.2775760707098645,2.4376790676843245,3
20,9.370516078283805,8.994899655475296,5.502099708287627,8.017864293206703,4.760283742703908,3
153,9.39540707068661,5.2457040906570915,6.141918205295088,5.903161328115877,4.16255320600134,3
8,7.185195757873304,9.444335794881638,9.723257081974513,7.322783290905205,1.9092991862496547,3
43,5.460138456422569,9.755801624895637,4.009679698874379,5.163535558655035,1.302531245873308,2
173,5.163026931482154,4.4488380110752965,4.866308533052325,6.181834278633172,7.763758886568047,2
98,7.596557017299794,4.631227532644382,4.53163255504751,9.418024094104775,9.452845892030416,3
183,8.728111041466894,5.949952790585241,6.229102375502301,4.334592376540202,8.910011312858817,1
162,8.77868034013279,6.903330907995377,8.644018264866844,4.752293383074353,1.1539614955874473,3
77,9.78278904509287,7.670522513271376,6.410667716203666,7.841308060209968,5.1150004617630165,3
108,9.248031525285194,5.029645380220104,7.11125491054982,5.246531325269273,6.897259400583568,3
127,5.177872785784958,9.435940981977037,6.539739599904987,6.638998885351683,9.022597120896387,2
101,8.400102079500225,6.712176179791511,5.163125311256305,7.501244121551141,2.8255410971657673,3
139,9.379500562747698,7.211006056490087,4.455134533813703,9.06624079944308,2.470899988338764,3
160,5.56879781308632,9.930165687990579,8.298314574166948,7.095770572476492,6.199896840609634,2
110,6.925424588717922,8.44953742656092,5.293566524841415,5.846920277190606,8.567734366233038,3
82,9.068979548457182,7.281370905360553,4.791600325009166,8.712722376921134,3.0986271315379748,3
195,8.431709261639735,7.559698140943587,9.500702744139751,8.14186242467403,5.215641467228852,3
164,7.138099984312166,9.125481254683923,7.784614668538651,9.071032874817845,3.355219342078066,3
72,9.421023382389151,9.323294993872615,9.600173949690568,7.79207046605733,4.940476604496886,3
123,5.676735244257358,5.070862103481496,6.866949014476404,6.93917265838771,1.8881934838228385,2
26,7.176743863352343,4.24288856808559,5.468779165686485,4.024696348839313,8.105949647724643,3
55,6.930256875651047,5.639959138347927,8.483337844152203,9.908868133352653,5.175781201211055,3
52,6.177960939668009,9.965754000379448,9.003116712099988,4.180760840423744,9.661942850226524,3
28,6.362776698210371,6.886540377114128,8.756247359593697,9.872153720276678,2.430193174108278,3
168,7.510111025824367,4.709307391234467,8.401943575029657,7.61654467152451,7.739682380043982,3
55,6.930256875651047,6.176052547615613,5.692946415739999,8.570187982579425,8.462526301282722,3
13,6.185702896409321,9.73120266589531,7.260320094711309,6.958985466544505,8.256649074408692,3
21,8.851582324214855,5.005271259465763,6.533199486213917,4.730210474199078,7.723141308167094,1
51,6.075566518616974,9.245407990679688,5.368278964301096,4.096282350600024,8.497335284778087,3
16,9.356087116026146,6.4972568678764,8.384362721985049,9.472590762246922,8.374452094877498,1
129,6.670095323391459,4.372027537670937,4.783345423270237,5.0856868123855135,2.4086915234697814,3
146,6.174235528111458,5.60072792232145,5.109195454811574,4.5541190000352,7.616065651839723,3
90,7.5092955979848846,8.322129167937241,9.79883355102859,8.495648927367473,9.7695079884156,3
15,6.841760984788225,5.152004347564178,4.019168826351309,5.491538626992984,9.654890344796504,3
133,6.258708798275734,8.375981558245886,7.935065171057809,6.858651509191647,8.304326238546503,3
26,7.176743863352343,9.38473646401259,8.323335661015648,4.890991182053327,2.6665384251691977,3
36,7.134912483591247,9.372026224432329,4.325108985588896,6.0462744663934895,5.9505062963993725,3
57,9.958096763230438,6.442316482162859,9.221116536314705,9.948310174659662,4.003435288343672,3
80,7.614352003371384,8.220232669735001,5.591751227082296,9.813498776318644,7.937635639416769,3
157,7.521769802984347,7.3047827506487,4.482082665331502,5.5844602839942095,9.432897901478638,3
199,6.498710438386006,9.81539671450407,6.157603152550541,8.852105768190869,7.146960978967716,3
128,8.0024055865564,9.923780497881474,8.983298333434727,7.166387229867684,1.07378656073519,3
100,5.691655429584434,4.272427136814675,9.989825136339865,5.946076161983455,4.4701242604785305,2
187,7.189524967658304,6.9554214989957215,5.877097957190193,8.062461848793339,7.445594283829987,3
113,8.015168388769721,4.1882767007388795,6.2701707377502025,5.796683384785719,4.45111377402266,3
93,7.405793470280351,4.626287843927415,9.73709203915686,4.059140134209554,1.1793387387994327,3
13,6.185702896409321,4.724704286089561,8.414489548584186,9.476579028215584,2.1691262353678944,3
98,7.596557017299794,8.451087042159635,8.230109237962962,7.3795224093908685,5.048003807858147,3
194,9.865442384060472,9.625611162754156,8.200085669557435,7.472382203968339,4.246084084695076,3
109,6.3894818449493265,4.416783553989062,5.491470390566574,7.5182418797939,6.996648983030395,3
145,6.652801108216075,4.490043245551482,6.342506068288049,4.958618636665789,2.8933350337170576,3
155,9.96211257861654,5.5263188047134095,6.09294576402902,7.5924176440797755,9.509979708105906,1
107,8.745456481713365,4.043799972184518,9.815775871418822,5.310625149014948,5.997254954447303,3
41,6.593123668910263,4.841230871279822,8.623589429009094,8.585647991727967,5.667005703303167,3
30,7.199787423195821,9.567491505680067,4.089066219103433,4.5022816989096395,6.62903078346501,3
79,9.20592812448436,8.371426108705478,5.937804428853724,9.410815327145695,4.051953904157412,3
164,7.138099984312166,9.339923487650415,4.206787718633197,8.865873063366429,6.96590674551918,3
93,7.405793470280351,8.737624757767792,8.051854583107948,4.113302383669753,1.4638197138963962,3
156,7.208806355264789,5.217176463252303,5.664546783037009,7.660660647422025,6.394410122500121,3
0,9.777418344772451,7.943735467648505,6.633620894761198,7.053296242983627,7.087366662546397,1
60,9.094134577575858,9.78570344046769,8.35952492754114,8.160927371096353,7.467411631814391,1
100,5.691655429584434,7.9477333880805965,9.624990086011461,9.859830995351519,1.2838263259211538,2
107,8.745456481713365,7.739913144515304,6.356245347379307,6.078536089335106,8.249718795634191,1
174,7.931804579191857,9.056674712570693,7.877179942649356,4.186076930641867,2.851917037378278,3
157,7.521769802984347,6.904722530802902,8.68212509748732,7.359685967674296,3.689557375840839,3
54,6.513098283378771,8.878499077417388,5.065783375268615,5.886711177498391,8.447804652743852,3
40,5.825629158595894,8.74633046480519,8.735776816574084,7.115105533053918,2.5197418909512037,2
1,9.787212979203904,6.726488945514448,6.835462668678044,6.76321582340269,5.281519384418768,3
173,5.163026931482154,8.77518729520409,8.359493100726867,4.74598259351023,2.780523316803147,2
35,6.145263379412153,4.651859311305124,6.210474660820445,5.391271021929947,8.53084195232033,3
37,7.819731068380294,6.269866170693564,9.265004341017203,7.2562926029592045,1.4582535243272166,3
10,9.211645185032863,5.030443444871252,9.403597036326827,4.788435969765324,6.47973831770363,3
30,7.199787423195821,7.072178513808203,6.16000162838548,8.392382862351553,9.447787891854858,3
46,7.092361093851638,4.185289678021549,9.256207348453923,5.2913618535211775,4.653468582340292,3
69,8.717191579518087,8.623427345082526,9.39612340678666,7.830188833682514,8.286928890256018,1
170,9.289793523879457,4.633650108553386,8.526924704227586,9.183150164084656,5.723710541095802,3
193,5.2887655777894205,9.22792534787822,8.745693462368475,9.308367035474504,6.817803740115288,2
57,9.958096763230438,8.511410322908425,4.842295695747277,8.104809537327352,7.067457933747088,1
185,6.458346353748869,7.314025130283964,6.807564573630271,9.635003779723402,7.165024645762205,3
51,6.075566518616974,9.795778621147724,6.128271524495339,7.078480765231252,2.2324948324426708,3
193,5.2887655777894205,9.277897318208604,8.229572128037006,6.870060163310233,9.212698987831434,2
58,7.7055046755701495,9.52700889296646,7.673917376131322,9.308430183198496,5.152243128712862,3
6,5.971433384032893,7.737751451632939,8.158759563084608,8.389681291819294,2.9289752190371807,2
4,7.755668506592267,8.365656498034664,4.520080450175169,5.184646044583603,3.6625863798263194,3
131,6.783551822346323,7.608204944005497,7.0561363545609055,6.098482718267052,7.440201797039827,3
30,7.199787423195821,9.225018701317945,9.922799025780002,9.053946859647695,9.720352904874327,3
135,6.366789658217469,6.206427910325996,8.799962438247189,4.195651748316395,9.266530549715991,3
131,6.783551822346323,6.3023616129584425,6.3906534951587295,7.761572649038245,7.210206616808469,3
5,9.96055862054601,7.587768208359044,4.835445989580856,6.748556721530075,1.708629929494133,3
104,5.157925810344389,5.333342644156572,4.172236395419512,6.138390988197095,3.694845522323471,2
13,6.185702896409321,4.969465592594761,4.080074488393734,5.637719481172128,9.814434008797015,3
150,6.371730926310616,9.717654773713514,7.109870393464831,8.629152737851449,4.504753460796994,3
29,6.72431919506665,6.2958814399130905,6.743134735407345,9.780509904264111,4.879910883436732,3
196,8.553534508523576,6.333944714672917,8.513991805239533,5.067030348500531,4.473009826821592,3
178,5.178847649741599,8.899251573260358,5.066784110810576,5.342964061770733,5.289455329167992,2
177,9.97189359234124,8.580740172728051,9.558592501260616,4.99390282747307,8.835622445735908,1
37,7.819731068380294,8.46648452471565,6.447064442588044,6.598858927985989,5.54597266028399,3
68,7.761228768767385,8.782214481395549,6.017800793477317,6.059523538001914,1.7127646520686524,3
48,8.688393709843488,4.2510652121104116,9.666357180199796,7.372718636966836,9.812651828166935,1
156,7.208806355264789,5.2978117227565615,4.9858668317584005,6.72203381927153,8.874784792509974,3
13,6.185702896409321,9.66085721750083,6.307024917177637,6.3981566510339185,7.340720618654474,3
184,9.245828025808322,7.32186888964652,4.10531114098093,4.957193826762858,1.2953219214968918,3
43,5.460138456422569,4.2486800044984845,4.985322046718389,4.102566142729456,2.4680996378928843,2
79,9.20592812448436,7.91793734247187,5.091727414898582,9.260631136867069,8.10240446440482,1
119,8.834670559384456,7.238878153503411,8.519571520519955,7.840735667259377,9.677843551153806,1
78,5.268288235252928,9.356396236788711,4.115064874797218,4.558042145092228,2.793092284223088,2
169,6.171483148995948,7.829219363111055,7.350441390337446,8.660129152190311,3.587802769653906,3
168,7.510111025824367,9.292813212873943,4.0585924461550675,6.928704196002837,4.775452286803894,3
154,5.548659557849839,9.759624132708897,5.33842097355908,4.214634918192081,6.687495905883465,2
52,6.177960939668009,8.699240850933752,6.638552332497015,8.427711764238026,3.2157383213025783,3
22,7.577113673932021,8.036055569997256,6.015408438943593,6.388015879621387,4.000396635083435,3
69,8.717191579518087,4.816072520754753,6.85018496579635,8.96929975100235,3.5238806935394544,3
37,7.819731068380294,8.266980214583729,8.148878219982954,5.362643655292023,5.485633959304184,3
111,9.80562012247282,7.28129853182564,7.625480691709168,7.430199408770969,9.409668817866999,1
101,8.400102079500225,4.886388255389074,8.268571962117981,6.785933991529959,1.654163299653983,3
60,9.094134577575858,4.670772071145963,4.758258359645896,5.363206077605415,7.187179711892852,1
78,5.268288235252928,5.301199064046255,7.764262495327416,8.27774802997154,4.339318174906156,2
186,5.061365127664093,4.690636782518777,5.286544243442136,8.587145914178905,3.9865811893039558,2
177,9.97189359234124,4.775886007121151,7.829703513303535,7.249815868394675,7.5762445625016435,1
157,7.521769802984347,5.118917643084777,5.39335067256021,6.761075016544014,4.211697702436239,3
125,9.543480814954474,9.49621526826768,5.917336389056164,7.79286985406203,3.7059184620053176,3
50,8.513075817465358,9.998291825488817,5.023702899136583,8.504746658003256,6.228799179343495,3
25,7.093797258853025,6.447095388850031,4.817508301015396,9.766682276448512,3.48539461975112,3
197,5.065045004526871,9.846405414548315,7.985502390452765,8.698941730973896,5.588059724030787,2
72,9.421023382389151,7.660894879259274,9.760119080169417,5.669298634023981,7.151580367591307,1
23,7.698928079306608,4.884524664319013,4.318079280179612,8.958736363332397,9.187884267802284,3
50,8.513075817465358,5.499429305117426,6.197852143603297,7.200318770758512,7.540189203257775,1
127,5.177872785784958,7.842099592194805,9.512161972176735,8.089141006457087,1.0279306286560774,2
126,7.045080348424406,8.462578491113025,9.00350723048793,7.250930630340148,3.450406634058832,3
46,7.092361093851638,4.0271722280299045,9.856348073308851,8.614846912678166,2.6335288304260973,3
104,5.157925810344389,9.670467115218653,6.535371052035325,6.314651472436751,3.1411919353082123,2
77,9.78278904509287,9.488532867171447,7.55459945836518,6.76245363728027,8.560754960768058,1
110,6.925424588717922,6.204177408307137,5.2815661696388005,9.702861084514879,2.1868678649813376,3
80,7.614352003371384,9.574869790107417,9.033682198980205,8.85319563246995,8.53295221276199,3
13,6.185702896409321,4.022940792062023,5.844043842702085,8.794089755897781,8.012070687005364,3
128,8.0024055865564,7.448096938564916,6.035588429564709,7.420772768294264,4.665516014925659,3
138,8.129410475725908,4.1005035415869315,5.233641818585724,4.056651960949753,7.35466356241208,1
111,9.80562012247282,5.506092354811943,4.124690105405146,8.438956838230496,2.351694211658556,3
1,9.787212979203904,4.68577541993797,7.112178217893195,4.469644232763626,2.129081675460648,3
176,9.906808108199499,8.579354418990295,4.906896496341833,5.916403597248683,3.0689090426661285,3
86,5.510435263150245,6.344148841506534,7.395717529730231,5.749912688470648,9.18662151318255,2
54,6.513098283378771,6.386691596368784,7.365420938305062,6.955187895697426,6.409306519238694,3
71,6.65115017753236,5.060799580446599,4.144533446713334,8.419388943261671,2.168789411621529,3
70,9.594581845162619,9.3348667486705,8.175269859175373,8.117841409866195,3.584251031470745,3
109,6.3894818449493265,8.876730131460656,5.547041063865513,5.70520475897507,8.479845537558194,3
144,7.071004501426242,5.6836320035449175,4.371827967553822,8.618212125803929,2.8870977400692452,3
54,6.513098283378771,6.630454792394685,7.1409312058952805,7.90222098103929,8.20864094200319,3
95,6.271805100318124,7.4196920813737135,4.749881012427304,5.662178501662486,3.837405309717526,3
39,7.8403924068402695,4.4812864395254355,7.849689742006839,8.945645843363321,9.221996396413637,3
2,6.260302695003954,6.284778853626774,4.611922313547469,4.495242294987542,7.948945263615833,3
104,5.157925810344389,5.930270784836145,9.22744550805428,8.563061895451415,8.454418205204892,2
91,7.120491355129971,9.614394633721016,9.38548254916439,9.956772996905636,3.7379270633607713,3
95,6.271805100318124,8.10286298253206,6.835091770702345,4.993692362246359,3.4475722111925973,3
83,9.37492609647757,9.784211199304181,6.023650052571717,5.565526710138286,4.5683724192219675,3
42,7.5374678789965,8.516174885665272,8.813484738482115,6.816873460458076,8.08262010658648,3
9,7.705511149037614,7.086963616343362,4.307737374091631,8.692097906749606,9.734524758240905,3
136,8.828113911666295,9.336429512489742,6.229809098671251,9.453007062906115,4.049343110297251,3
170,9.289793523879457,9.023285863391248,6.067438772777543,8.903126975603064,7.1974743336450455,1
194,9.865442384060472,4.467795259465868,8.460550599195045,9.79427942743521,1.4770752448965019,3
154,5.548659557849839,8.561821735074634,8.630393166044783,6.402543947012656,6.97811328017856,2
191,8.603057873628071,4.167973139788435,5.994857589250775,8.543402369622063,3.2731261854927753,3
89,5.536028883854994,9.367861667488775,7.980272543875622,7.418499684074006,8.09154309580733,2
176,9.906808108199499,7.57999263644015,7.316649651801896,6.618491366630641,7.020171282576134,1
29,6.72431919506665,5.161286117357164,9.417816338846666,5.124605128302375,3.924718807114782,3
19,8.595347545871899,7.586958864671665,5.104710686711581,5.879518486911657,1.2579091744942321,3
149,7.386394802942442,6.771155554457201,4.9888879533188355,8.947935028727093,4.0189075406758565,3
190,9.635531122973106,6.612905499981466,8.188850759559447,4.646316262844099,8.940060508851445,1
128,8.0024055865564,8.325184895833832,9.545683336972356,7.969600696757407,5.591002452838235,3
1,9.787212979203904,8.882219371080817,8.166244504072491,9.08808166888559,2.461968488046782,3
56,5.878938747012993,8.948377992834754,8.258743284674942,6.313030473583322,8.980046579065249,2
28,6.362776698210371,7.554397642702522,5.3681862258446325,4.916350324272767,7.609388297973048,3
22,7.577113673932021,9.224465765043622,5.713032474345344,8.759486325898447,8.398792887465245,3
11,7.73632603580448,4.891729798083643,8.903782803797618,6.177478845997485,8.657539349984944,3
6,5.971433384032893,8.351482246758906,9.51069363933263,6.428220472595735,7.57624379077107,2
96,5.754875822168611,8.104220027318098,8.433953426429305,4.012047606890491,9.72516369256265,2
159,7.445188753749811,5.974272195279406,4.629752186789377,7.665553745773451,8.948564326017985,3
84,9.461275981281013,6.713679810299801,9.094508096743276,5.33894200566687,6.941787414120893,3
96,5.754875822168611,6.114778821099923,4.788709116305698,8.413378459647507,7.2723855362059195,2
13,6.185702896409321,7.803082722951746,9.801677155365212,5.388971013843559,5.005735470424545,3
15,6.841760984788225,5.90198813051623,8.650156130358141,5.2203681415491925,4.751056682510837,3
72,9.421023382389151,9.801437091871364,6.916048815560236,6.183515735783243,9.465766141780964,1
165,6.080839371421514,5.77989155432947,4.002096656578643,6.6279799346138,7.354236201478891,3
53,9.687633306363871,9.714221626339771,4.7086966154858345,8.537057314626836,4.638293214635802,3
1,9.787212979203904,8.337720772951961,6.117148749316244,6.672235359515062,3.943832015556173,3
30,7.199787423195821,9.726172294911127,6.329015084686452,7.949170195009504,8.4497778197549,3
185,6.458346353748869,7.027888991344485,4.159236010055549,5.836738833043147,7.18540985259852,3
54,6.513098283378771,8.58784935950552,9.198796549558333,9.194269637774084,1.1836697136066103,3
83,9.37492609647757,6.428117297627922,6.757657065134625,5.403806807705028,7.0988383453367145,1
90,7.5092955979848846,9.333652273992065,5.943541963129214,9.584953851108313,4.678287532565729,3
136,8.828113911666295,7.5510781004611776,9.267389368482315,6.597164647866882,8.151218988705237,1
99,5.518103919721187,8.315414485930871,6.905187767318725,7.269926930151573,1.693615774159574,2
190,9.635531122973106,6.6139350227605815,5.006343223392446,5.302923439934731,2.4570163923311252,3
160,5.56879781308632,7.384243639994189,4.898275549448014,9.300310826788245,6.342557822628209,2
161,5.8244389685826174,6.319528563012646,4.965049158004271,4.670724838022648,6.840909354293787,2
183,8.728111041466894,7.455979829556462,7.636749016958949,8.94543786026154,8.125358133518343,1
31,7.1275822944366976,7.068265371789218,7.795709805790186,4.675242386413658,1.373228359843993,3
131,6.783551822346323,9.022978940577289,6.686375010014903,8.785066549307349,6.446546627108637,3
128,8.0024055865564,5.632595594762016,8.463074261584085,4.687425906031339,3.461116646941889,3
77,9.78278904509287,9.13689018112569,6.921208147632493,9.536426464480185,7.427881353728555,1
119,8.834670559384456,7.0586363987484555,9.205768238836463,7.759313915809571,7.1520109315033515,1
132,5.387755553572226,9.012491955260739,6.84233574114633,8.027623086244787,3.3019334401173546,2
57,9.958096763230438,7.352969448922021,4.2125030533114725,9.74563825267143,9.662609847045479,1
52,6.177960939668009,5.759789549101676,9.028035830383686,9.980440852414468,7.236970336422314,3
116,7.027764224757414,5.639010866180515,5.446582726549206,5.1984425969816215,4.831380447479889,3
194,9.865442384060472,4.464159989216809,4.782731936483261,6.846344017238853,7.159406144526353,1
83,9.37492609647757,9.089558024079732,5.85180230114821,8.66001789609488,7.567817462537018,1
181,8.743465292321964,6.454714434269675,8.786667195878744,4.82455897714522,2.230454392785162,3
103,7.065037509667446,7.663242235715377,7.342425682444867,4.086819659193675,3.7016712608138977,3
23,7.698928079306608,5.881590337377311,9.527659727035886,5.07757131369279,9.73412578742927,3
119,8.834670559384456,8.376972485188071,6.6055539787827025,5.963715804210857,4.098435067530508,3
20,9.370516078283805,6.076016808375302,4.234490799836956,7.070557074880851,2.1982854684280757,3
26,7.176743863352343,7.53295835244189,6.681436392451074,8.22699327578879,2.6867555052909493,3
139,9.379500562747698,5.627607452129601,8.48564113259909,5.209099616576491,7.779148535643717,1
125,9.543480814954474,8.355945853625323,7.409974691939672,9.280017073292221,6.3082531166473235,3
137,8.07597658827894,5.566151658505984,6.4800096282776,9.673054513101162,1.127206377783909,3
6,5.971433384032893,5.864936959500497,7.465332300093719,7.243824239300158,2.288171603441994,2
107,8.745456481713365,5.916512886917368,4.031102824673455,5.1202787246367585,8.41579688973301,1
179,9.187741239673478,6.003439166823068,5.826695247581255,4.480706179078502,4.221155755273669,3
187,7.189524967658304,6.788931610967653,8.335480934911235,8.641150972107294,7.294089103148707,3
187,7.189524967658304,4.903222715955499,5.200049547280578,9.160635393434344,7.648310495946648,3
82,9.068979548457182,6.948683139868115,9.542450899234709,8.348358055492849,2.8074756795229714,3
84,9.461275981281013,5.094621229375109,8.849078870401799,7.234904985230689,9.576410278070211,1
86,5.510435263150245,7.800777765541819,6.180361735071363,7.682853589309836,9.667376559440186,2
0,9.777418344772451,9.177474275918165,7.89052494892974,5.828241698541047,3.080289665775848,3
3,7.443652740400783,4.8156979921172045,5.635602668890169,9.048874485632744,7.361924185957077,3
25,7.093797258853025,7.143517797549671,4.299627896795262,7.645274821553394,1.3437391999842192,3
134,7.361497716494816,6.3312083197359215,9.190440245424984,6.906744452806674,5.633791236498145,3
14,6.267339382876608,8.64025996895807,7.54319612973668,6.218065457217036,8.355575104653067,3
40,5.825629158595894,4.5794912163409265,5.352591627565149,4.172572274047532,2.339026627648829,2
0,9.777418344772451,6.85181602956671,8.660974176621142,4.9326267786111835,6.200924269767755,3
107,8.745456481713365,9.93017902639544,9.32133826022925,6.813520880450258,7.565563440869723,1
31,7.1275822944366976,4.308120545781679,7.935759272638807,9.297808155541757,5.351216818955475,3
65,8.044078742561966,9.205142864290643,7.967847946084837,7.023356669993276,9.481569067695183,1
195,8.431709261639735,4.0864571745238765,4.508002767654079,9.694120621209578,6.830095710268084,3
80,7.614352003371384,6.7282908765109,9.123716465665744,7.8723397148063,3.387689243215272,3
138,8.129410475725908,4.771048105259966,5.048960784713463,9.9108468677617,9.072279830196521,1
164,7.138099984312166,4.027879427048577,7.830945058916685,5.940823699184174,2.5156358223456046,3
155,9.96211257861654,9.769333780678283,6.603832490801547,4.84089410485995,5.315264328816726,3
170,9.289793523879457,8.930830563019493,8.65380876775436,8.060571283809782,6.9738533814314145,3
110,6.925424588717922,7.542714585848186,7.588599238006413,7.055119516532368,8.250813088562047,3
145,6.652801108216075,4.236279216830508,5.022709253515018,9.397944497183522,6.650714957071148,3
14,6.267339382876608,5.73594835565434,8.654478155935765,6.424086799119328,1.8721874357256096,3
154,5.548659557849839,5.007828800775563,6.474692437941618,8.916213937156638,7.936311027053739,2
73,8.637668421468131,5.223580900359254,5.870579518332868,4.191785342965972,2.566968752007999,3
80,7.614352003371384,4.0616720248898766,4.587285558677766,5.647193457526084,8.828000835841213,3
74,8.652845972151221,6.618249956333482,7.577014860578008,8.948174479728719,5.483265057033884,3
68,7.761228768767385,5.221870096720357,6.57116817031034,9.377079488324963,5.919906233166906,3
153,9.39540707068661,9.816996705242177,5.625854395900622,7.603487923455487,3.999557578902425,3
48,8.688393709843488,7.497413182353974,8.049560614559326,9.343015441996666,4.368831031929938,3
147,5.039725220460466,7.725931647798625,5.4914748687812995,7.874155922542853,2.3469512213183576,2
62,7.781935256474705,4.419750752450803,7.586677031910606,9.247988380700745,4.233361024833764,3
95,6.271805100318124,6.860560309882812,7.025982918424516,8.032328579982583,5.2628465291927595,3
151,6.919831463136601,6.588833844274142,8.561076795172177,4.909934787905044,9.800519797380034,3
152,7.998022693211064,9.677266449782332,7.892484400985416,5.048875212127105,5.758568879060696,3
44,6.212218539862171,6.396386727159292,4.354517339530673,6.243492935766736,1.081121678048731,3
192,6.529563339715336,4.610254533826794,6.217466580918941,8.750948720703828,9.460186131608076,3
141,8.441806201837279,6.451183679682011,9.162786829753301,6.3884273156294045,5.956563169376128,3
109,6.3894818449493265,7.3955732059149915,8.659885375845418,5.624396861665933,2.9130293691623246,3
157,7.521769802984347,7.0416889990295095,4.384628111451281,6.643794847040455,6.787897209169038,3
83,9.37492609647757,9.249453350116251,4.0740800560047115,7.220254584438529,6.447273364703813,3
15,6.841760984788225,4.273956226654126,5.6641172682540475,6.75836978187705,3.8562177393224775,3
50,8.513075817465358,4.96998138004624,6.60823725045789,8.468603216416515,3.4815524528699333,3
15,6.841760984788225,5.4014773024970575,8.850718069054437,5.549498348423235,4.610801694539159,3
153,9.39540707068661,8.860461710633857,7.4659167779213504,6.929972869937021,4.215813124595403,3
19,8.595347545871899,4.965166141454706,9.130832155177723,5.0853312763289304,2.9135993857051714,3
66,7.654792772104553,7.251251323701892,5.080604387190747,4.7995334163569705,3.1263282240533785,3
89,5.536028883854994,5.596559965650964,7.2162775972347974,5.613765599916587,7.847142290804941,2
11,7.73632603580448,9.412364242375283,8.010627295859697,8.065093966304003,9.670060838655425,3
56,5.878938747012993,4.531598581584544,6.114478136442298,7.05067594946318,4.058974093920131,2
17,7.405691900791038,7.24716218681051,4.229200631245762,8.65537912959519,6.893944805642084,3
33,7.4399086081626296,4.8070038388977405,9.548421156006423,8.246043762210421,8.178588714988987,3
28,6.362776698210371,5.357497271765407,4.675001159508133,5.256268380856781,5.916735354121081,3
65,8.044078742561966,6.64572703259558,8.719189860570822,7.555515308739529,6.738799450291223,3
89,5.536028883854994,9.793543224668905,9.256460106930918,8.616574122195424,2.4011544915336778,2
104,5.157925810344389,6.653532947921825,7.826767821814666,6.550834336009291,5.505102864466164,2
183,8.728111041466894,5.815477341994313,4.566573215889337,9.532030701983231,9.799448991100988,1
14,6.267339382876608,9.259520748131685,9.434359328490514,6.866491572779745,2.7818257250338103,3
42,7.5374678789965,8.425197747304757,9.909363135844234,9.535180072782556,7.967905671107924,3
26,7.176743863352343,8.802487958966283,9.726494415558037,4.6714661739694705,4.267822261499688,3
98,7.596557017299794,8.712199434679288,6.620040774578783,7.466383309747245,4.310260186127407,3
15,6.841760984788225,5.874869962447489,7.037583633292462,7.422508247234289,3.3766578807291467,3
152,7.998022693211064,9.516592524952134,9.300574991578486,5.889951224326929,2.281485894213619,3
106,5.762137971030755,9.543172702253933,4.190167563973802,7.5716617785787745,5.7771560315703026,2
198,6.1432464377325555,4.387363154599779,6.238927895835878,9.247346975815073,5.2821760667155155,3
58,7.7055046755701495,5.908721357115745,6.070766223862009,7.616093899053304,7.915480481224184,3
50,8.513075817465358,4.566977741700677,4.55598405793673,7.39842382380125,6.404264009631636,3
63,6.739804860421499,4.224662082205773,9.783675545440232,6.53712066680876,9.216651971295914,3
151,6.919831463136601,8.997351158890599,8.904901075231535,9.085919912324403,7.348260353438412,3
87,5.421131620337404,8.988100065961547,5.518937646570327,6.853976527382404,2.626656853380773,2
66,7.654792772104553,5.193280243783567,7.919069813424558,5.869674133106708,6.435340035319447,3
132,5.387755553572226,7.908977011162357,9.986864800827533,7.205050559219215,1.672384707570251,2
70,9.594581845162619,6.879537037777775,9.671968341925169,9.823082011762313,7.858011132994792,1
72,9.421023382389151,5.869621202212061,7.344344423772373,9.254782593206464,7.58221079295103,1
107,8.745456481713365,5.304526358661169,8.974786947100599,5.795157034709295,9.963397541201195,1
123,5.676735244257358,6.828715956060337,5.814770748874709,9.17377987347438,4.3856402369365615,2
196,8.553534508523576,7.66860146312171,5.398855014238173,5.154239412303413,7.391266777227896,1
100,5.691655429584434,7.712449602377868,7.191903175709908,4.28334886570965,3.810994739984235,2
131,6.783551822346323,5.222850260684586,7.136767526738407,5.717271197122695,3.6454591936960234,3
135,6.366789658217469,6.298503151750417,5.329752740122556,8.257616671577507,8.192667494859847,3
181,8.743465292321964,4.8689462788919755,7.020462204673629,7.3597019123388945,7.013931973523308,1
142,8.979435422303828,5.583559586664959,6.078118602260483,7.315826831268873,9.531532970660269,1
55,6.930256875651047,9.572815020418233,9.58442379653414,9.35067209549611,3.039858161630036,3
74,8.652845972151221,8.59991982970779,7.584568620870504,6.409981440497233,6.571099321993874,3
166,8.92213468805078,9.355738759089377,9.504662266800505,4.43521038210543,5.3888706037910765,3
110,6.925424588717922,9.389264358277424,7.555620776064201,8.276671317940757,9.299397656346141,3
135,6.366789658217469,4.949697754578365,6.013314532819415,5.722490717886471,1.623955077695574,3
5,9.96055862054601,5.915320439271124,8.805576605929442,5.561254894556556,1.230450060354769,3
54,6.513098283378771,6.342517270292628,8.491512203981003,9.648797714323088,5.208475207498874,3
168,7.510111025824367,4.557230529510394,4.5662073054740695,9.566406753202932,8.45631841939761,3
142,8.979435422303828,8.791852244170848,6.657238782141375,4.3245197130513136,9.070003509780292,1
45,6.901657526479581,6.4392714607766806,4.915027333241438,7.161582731648313,6.413960385266526,3
66,7.654792772104553,8.32908568183879,6.590112179084975,6.56120994168111,4.267340226333544,3
111,9.80562012247282,8.571050457231937,5.020170728434108,8.233106100591879,4.700339638351235,3
1,9.787212979203904,7.326315535704179,7.214027695765477,7.43007797437914,9.68959757445631,1
19,8.595347545871899,6.582640763276301,7.237995909401806,7.842750202552728,5.548694647369127,3
117,9.130128381110506,7.902025317990581,9.370717721395925,8.38063235522715,4.207922304987763,3
172,8.997647919627553,9.722593320882588,4.949094141183161,6.271304140986169,1.7898405275729419,3
155,9.96211257861654,9.544500554326937,9.216071366625803,6.262963208200649,6.886552269619459,3
153,9.39540707068661,9.427235431031697,7.432546497888974,7.897112733445374,6.983525186837652,3
72,9.421023382389151,8.8840392893112,6.074511140634831,4.1780099002465745,1.5209430514079108,3
157,7.521769802984347,8.873707236955287,7.112048280063,4.80991494737517,7.544121152157876,3
132,5.387755553572226,7.45890552220994,5.197647008068829,5.931682473439737,8.492489342235835,2
52,6.177960939668009,6.4357359500741405,6.88508956576558,8.348623950473096,8.295752507126561,3
128,8.0024055865564,4.3332862726453385,8.86611709031649,7.812585943361218,2.4194345596913047,3
163,9.06322875008069,6.711596919570441,6.295737376686417,5.340654141591602,9.105528144368067,1
66,7.654792772104553,4.661171902047583,6.745494183163821,6.813625447408932,8.76969601820513,3
37,7.819731068380294,8.899107412617628,8.859449191915717,4.829153116498873,4.435358000953301,3
108,9.248031525285194,5.754043686894917,9.452537029553765,4.865637822559098,7.723455691963108,1
58,7.7055046755701495,6.181942364207623,4.340330331143292,6.968719976759813,7.187153035282868,3
164,7.138099984312166,8.901170519839507,6.012000879950392,4.452512150056027,4.330982074239988,3
15,6.841760984788225,5.250995941901903,4.2375588112506914,4.932680058442873,1.5806138162790775,3
183,8.728111041466894,4.098976791754104,8.194035741608172,9.853317912886018,3.086845759159016,3
86,5.510435263150245,8.234776910108195,4.818012067243009,9.210731525425365,2.4381486317088696,2
90,7.5092955979848846,9.590505249348244,4.732096171632243,8.439688384156122,7.6953542568875655,3
148,8.885898188246172,6.434271660276023,9.20435879625483,7.943262645142471,2.6724741528984626,3
87,5.421131620337404,8.666242289580488,5.679646047556366,8.541631875122864,1.9750010939834772,2
18,6.424184245198106,4.36977839492138,8.242412299319952,7.229996255201089,3.3257373639822725,3
79,9.20592812448436,7.620111680238569,7.111252240508124,9.009794870980542,3.187532166698562,3
74,8.652845972151221,7.34685383341916,6.426269913233827,9.895183965681454,5.795331054562689,3
29,6.72431919506665,9.160940642787352,4.442883498096109,6.994661176018808,7.078622457427086,3
35,6.145263379412153,4.6879586193582075,7.5651984861839745,6.635048288213817,3.8705427374147323,3
88,8.86994828308831,5.154850858417254,8.896741930980083,5.290269914550972,3.966078599607536,3
105,9.303903516638126,7.259656330595013,9.777470655625747,5.127812611113578,9.281350917601358,1
38,6.657864670871041,7.653981141767469,5.670428583405588,4.407656496366548,2.675053685737958,3
199,6.498710438386006,4.118135818852801,6.751341171463729,5.407308069016281,8.686814843126848,3
20,9.370516078283805,4.409531622311665,8.346648303298714,4.776876169826416,9.188744161852615,1
125,9.543480814954474,7.806113733881072,7.279028903819784,6.599697346990027,1.5837033552674198,3
41,6.593123668910263,7.746195370663955,5.809503623047957,6.115977646306494,9.53041013769868,3
1,9.787212979203904,7.028659360064102,5.0885479535483915,5.924709555992312,3.281423456995411,3
156,7.208806355264789,8.97946828522388,4.54211629504834,5.63350699011144,1.0473340307519736,3
107,8.745456481713365,8.385679932897684,9.731021582133978,4.469231169212446,6.417841419505207,3
132,5.387755553572226,4.795447985873777,6.272949964419546,6.908168499541672,7.510451420222405,2
155,9.96211257861654,8.59218605170879,4.287411154922047,5.041322707176059,9.755368464371022,1
49,5.358528420763136,8.925736302979578,7.653647612788389,9.160306236306281,5.0097332380441335,2
172,8.997647919627553,9.103018543222696,5.895557518058798,6.385906680884416,1.979020026137814,3
54,6.513098283378771,5.028928925081845,4.4965066475420326,6.845624323441566,7.813952878575151,3
74,8.652845972151221,5.755088541947791,5.078571516861627,6.740887889116857,6.806548850240901,3
159,7.445188753749811,4.400742910583273,8.14072386474838,4.85093698632352,4.8268026569885025,3
99,5.518103919721187,4.352144273480443,8.868845478812613,9.305490440094639,7.46422620444779,2
118,6.375157363911033,9.962700785518761,7.941581266529486,9.138576470192614,9.74712201961095,3
55,6.930256875651047,4.044484876446247,8.332715100967029,8.416005825300797,5.7374701130202,3
80,7.614352003371384,8.173709089780377,5.080779857470791,9.389967574129656,7.945876330131442,3
15,6.841760984788225,8.2266656230886,9.14102842183925,6.781941783662193,9.110340344619315,3
154,5.548659557849839,8.899758634307146,5.707098260803311,5.685758636010952,5.964617382734922,2
54,6.513098283378771,9.709238613136517,7.4912032560716195,7.505947016978926,8.809478035867482,3
18,6.424184245198106,4.065210826124732,4.007476494951293,6.5246364419834695,7.531524410220436,3
187,7.189524967658304,9.300616258100266,6.469544006994155,5.128816253318252,7.398375346916768,3
107,8.745456481713365,4.869626903836073,7.6439489909463605,5.63513116595019,5.774227957436074,3
105,9.303903516638126,4.366761079949626,9.373667509019219,9.57960729774454,4.544927942515262,3
177,9.97189359234124,9.465022850542395,8.392883080206694,4.3954609294056715,6.207888238849405,3
88,8.86994828308831,7.757160927985542,4.705044058356069,6.565761378710834,3.7485356676787527,3
171,7.179313818651128,7.929495769757294,8.359379786809603,4.769454509276622,5.713780572685922,3
105,9.303903516638126,4.997377882764521,7.095471294673897,4.206658888208908,9.786579042383577,1
23,7.698928079306608,5.5120215088112445,5.310654447238521,9.916558350705154,6.526430884870469,3
172,8.997647919627553,9.76160192538226,8.547272277180843,4.494461877852209,9.29514459248232,1
5,9.96055862054601,9.201152863344578,5.6830995434564695,7.885755386587567,7.1137796898859635,1
48,8.688393709843488,4.706514608721285,6.9190483223735635,5.690326440472148,9.097214133716585,1
32,7.849163171698539,4.027866862732729,9.24409260967736,7.420280026607149,9.782906981866962,3
134,7.361497716494816,9.44249640639699,8.339826111900734,5.417636291100144,9.50455400488831,3
16,9.356087116026146,8.840761114018584,9.957751951095712,4.3720818869544775,8.230398053087054,1
24,7.154055531664056,6.006349096976962,4.192562657678445,7.796180480063635,5.198146201681027,3
101,8.400102079500225,5.510085970508477,6.682601673781979,6.022722857879878,7.010867547296088,1
78,5.268288235252928,7.161313394586525,5.422667336258966,5.4236434147151105,6.640800489097325,2
193,5.2887655777894205,7.8123434128429325,6.036588335974808,4.87231546363795,6.151112808682019,2
158,5.823378789517678,7.94782020635233,6.163443974527351,6.6775503277350525,1.8276673629018068,2
65,8.044078742561966,5.443383830092876,7.663617215513257,4.9421642010386755,6.4573149945957296,3
97,6.545569414435605,5.1728149596104185,4.675323674837155,8.975922100554385,8.638756656755008,3
55,6.930256875651047,9.964869711815592,7.2688214347106666,5.766631033650191,7.465741412533344,3
139,9.379500562747698,7.10899395983882,5.759619570395817,6.806763341026821,2.6692322721710595,3
57,9.958096763230438,6.909832454581866,4.393729805164985,9.728196392976791,6.756479582705566,3
199,6.498710438386006,7.064099442826389,9.478198697183341,9.428100946436178,3.694520555267073,3
76,8.810436270289317,5.469143044408325,7.3642905208578835,6.808044648116685,4.527164969845442,3
177,9.97189359234124,8.521154512240791,7.973689820023573,6.027578782445482,9.747355773074512,1
144,7.071004501426242,5.13619450813927,6.493038491446681,4.337661674541396,3.401501090130832,3
159,7.445188753749811,7.681041828644034,5.415767769828664,7.9876611163224345,8.454560037315698,3
26,7.176743863352343,8.71805700372926,7.189320284980772,7.434041332991038,8.189895996749081,3
193,5.2887655777894205,6.918982102125836,7.778203780136747,6.727145897619798,7.503828033041337,2
75,9.320207338150581,7.027914208125726,6.934106669845977,8.6655289183319,2.424769812294837,3
94,7.41889509745395,6.475929732366455,4.842530587186127,4.326832126596615,2.1822144902424307,3
45,6.901657526479581,6.056606593897689,6.46847118633567,8.12799697711187,2.571353121603973,3
87,5.421131620337404,6.230427458841841,8.05058968458103,5.268515185579923,5.683202602722134,2
190,9.635531122973106,4.293748499485468,5.027969221570361,4.00921196682668,7.027094277853082,1
19,8.595347545871899,9.2591614481676,4.403357994349092,8.015131483578775,7.867719296828738,1
119,8.834670559384456,5.6958595668082035,9.798716016002253,5.968361466760478,7.345653896222505,1
2,6.260302695003954,5.553928302628233,8.464861384584085,9.6648498146185,1.8627463888609657,3
76,8.810436270289317,4.402433851459533,9.431581960760681,4.787819323720698,8.689646424238974,1
170,9.289793523879457,8.617767145260657,7.571241578574223,5.243594109000145,1.5203955328804557,3
56,5.878938747012993,6.720205866841928,7.124086393603844,4.846415205926711,2.0880144208283227,2
68,7.761228768767385,9.870932925704924,6.541136975279666,4.496692508082659,5.2160844295332405,3
128,8.0024055865564,6.741232438873202,9.125990853817864,8.621647057113599,3.8460550801111446,3
194,9.865442384060472,4.721163581686521,9.565449527213676,7.0927830189782215,5.996815406468123,3
92,6.775179108822218,5.169711098653946,4.225417517452872,6.767462272850873,3.5368998025302236,3
144,7.071004501426242,6.857810501527197,5.992358487198022,7.12212961763646,4.842399756166589,3
0,9.777418344772451,9.557529237683028,4.923136434831008,7.5936162535019225,9.029583095735916,1
128,8.0024055865564,8.500487965488205,8.513853606478243,8.465198294580741,9.0413310919048,1
22,7.577113673932021,8.204905016859888,8.226108570389936,6.052031586606635,6.459841960450437,3
2,6.260302695003954,9.62633514541147,4.187923542443454,8.638399072310278,9.89224803645464,3
106,5.762137971030755,9.088877924782972,7.714810576973555,8.034551712617784,5.241882976289625,2
61,7.812851367460954,8.011880657257082,8.269917917484952,7.8435455340520015,7.727940841481529,3
125,9.543480814954474,4.3581488657274345,7.910219667254441,4.442285096516882,4.211366028391368,3
40,5.825629158595894,8.881181201704289,9.210869150416647,7.34539888526732,8.808631271065085,2
105,9.303903516638126,4.707562259455943,5.388224947878482,9.230031710654291,7.938296236964786,1
164,7.138099984312166,6.607655873445722,4.927464581259324,9.669358582484815,1.0848396810541725,3
157,7.521769802984347,8.995117162136655,7.684151699067098,7.20386231401274,4.543792172975017,3
114,6.668692684187668,7.845261991226163,4.667534488376863,7.119747312768896,7.967630990808653,3
180,6.227527990095866,8.839350387241074,9.992348660871553,7.773827230175178,2.0570488317773776,3
9,7.705511149037614,9.173266834926412,9.042590647777995,4.632717849989801,1.1331140957577257,3
32,7.849163171698539,5.47665315420375,6.026963292565083,6.75821792414869,4.691817369947479,3
45,6.901657526479581,6.042887911674679,7.591322926051618,8.529838439621823,9.017149835610587,3
115,6.820012886411879,8.752619962926428,8.185583916127186,6.606906658508732,7.618484296549371,3
73,8.637668421468131,6.269489374132913,7.569748121492965,8.526702837475662,4.930965679411796,3
123,5.676735244257358,7.006856979717553,5.762392101674757,5.833888826748387,1.5384377636717237,2
45,6.901657526479581,7.310373255690863,7.994708403332863,5.526194283367551,8.88150390633741,3
170,9.289793523879457,9.945942583626488,4.919288279546877,9.763044080218739,8.971432820256265,1
6,5.971433384032893,7.648597735315421,6.129458083789679,9.986813494055212,9.075980224309198,2
198,6.1432464377325555,4.534775523019157,7.1504619182692295,5.590593470491783,7.499407895901451,3
28,6.362776698210371,8.61087439939072,8.143497318978234,8.033089888015583,2.744285180381595,3
94,7.41889509745395,9.401107353593689,6.2919037930984185,8.449909438200756,1.0914724343433306,3
15,6.841760984788225,5.3333687430164325,5.5356047679824325,4.224351451113037,6.352959775538351,3
40,5.825629158595894,7.947430835855522,9.345891306523553,4.86080257240652,6.210810542076123,2
95,6.271805100318124,8.767706423330331,8.20658644401821,5.138390200144832,8.718194697659948,3
142,8.979435422303828,7.715106794678529,7.6210661156081505,5.276688006456645,6.220035169796317,3
130,8.74937705872006,6.611894901136338,5.207102359936866,6.423652474020813,2.2994149533603334,3
19,8.595347545871899,6.921659496256624,6.938537133755277,6.670469188143839,6.335787468487307,3
122,7.2602941274075325,5.606251652182895,4.832116897116776,6.508595977396744,4.551724325714537,3
51,6.075566518616974,6.898994104666577,5.138346626409292,8.736517952121755,8.003373471799815,3
23,7.698928079306608,4.278206858508301,6.134138950394652,9.11320281338201,4.217934637180942,3
90,7.5092955979848846,9.960907518244612,6.102916073040895,5.267070765239013,7.460288274059728,3
41,6.593123668910263,8.731156114440406,9.881915348340913,7.9340085110038965,7.3180033293473805,3
182,7.199720940427317,7.042514173291684,7.506618838182476,5.769279413719431,4.804666446083933,3
54,6.513098283378771,8.528648147982661,9.521556442545988,7.976859588918565,2.8603811026875516,3
186,5.061365127664093,7.596918850922119,9.857938401522617,9.544968016555387,1.1878182692351191,2
24,7.154055531664056,5.682080981110473,7.060868556865225,6.129041375468062,3.7303427337150556,3
55,6.930256875651047,4.763587790633331,9.727508364169744,9.925878772148447,2.1720006270494796,3
88,8.86994828308831,5.0185341475519785,9.100254357581962,7.870958726385912,9.700877045143486,1
46,7.092361093851638,8.151740718289492,8.103295233869902,6.6297161919216885,1.491374429542775,3
69,8.717191579518087,9.51131796503255,5.237101217631991,5.015246543966503,3.24361364275431,3
127,5.177872785784958,7.879907874572971,8.357582729919475,5.995927400762595,9.3834025883047,2
164,7.138099984312166,5.272782194958476,9.42357616844576,9.8934335049487,4.553440985104972,3
101,8.400102079500225,5.916282561923273,9.399637534719997,8.45263976755793,8.887630354441438,1
184,9.245828025808322,7.669141772435557,8.681562130768459,6.922755942265744,1.006804715587589,3
28,6.362776698210371,4.9862876127265015,7.148910739499014,6.232497801975468,9.342200772551084,3
170,9.289793523879457,5.021561562850527,5.361096371170877,8.333794994321511,9.660274125602786,1
107,8.745456481713365,9.618102658788652,4.557555851555402,8.6212633193106,3.8305902709006103,3
119,8.834670559384456,5.776808231614195,5.953302885425458,7.32477013708016,9.164343672024152,1
137,8.07597658827894,6.952389208027995,8.621723476658643,4.134329126318479,4.701066306670423,3
60,9.094134577575858,9.099980791716975,6.036755244835035,4.740771033626274,5.588903026316431,3
10,9.211645185032863,6.800174436796379,5.62710298180277,8.030735774447589,6.408877864830805,3
96,5.754875822168611,7.881058424590795,8.286992916647437,4.567176746273907,3.5666975758086368,2
73,8.637668421468131,5.013909445817745,6.616247768315819,6.210447974197185,2.615465204286982,3
195,8.431709261639735,8.085551077544494,7.745328789871243,8.723294745714917,1.8636936600153196,3
23,7.698928079306608,4.193793283516862,8.143159027567616,9.24916562977086,7.347524957113838,3
142,8.979435422303828,8.588113416664239,4.82518988207064,7.157283947621431,4.669677041797216,3
25,7.093797258853025,6.840860727090522,8.292169617629224,8.626507513762167,7.138046451486898,3
130,8.74937705872006,6.5496811513603435,7.976347936456769,9.250814535213058,1.1835986452342981,3
132,5.387755553572226,6.812249622610864,7.194201941012309,8.439104008982198,9.699915526540304,2
194,9.865442384060472,6.662934754117478,8.655140786259494,9.260363269567465,9.612563229902815,1
3,7.443652740400783,7.895801627320338,9.07702367565184,7.546511248013243,3.137767151229202,3
43,5.460138456422569,9.78852466332695,7.493004611056905,6.796519494949236,4.937084043867812,2
75,9.320207338150581,4.248617766850332,6.498919629891865,5.016582302970793,8.417595030346275,1
154,5.548659557849839,7.914217690766336,5.3333410026602674,7.72941528268286,1.0081939630480654,2
44,6.212218539862171,4.360849456191994,9.889639211585807,4.3859673386496505,3.1855441848236072,3
73,8.637668421468131,4.7826796880889875,7.741616939971335,9.316476105675028,2.2450943572872752,3
144,7.071004501426242,7.663351090495716,4.075390548054065,9.362359713245361,5.586412817682237,3
54,6.513098283378771,4.358802476885331,5.061383927056004,5.349462280596814,9.662291123343378,3
32,7.849163171698539,6.688744236689998,9.103971546924623,7.613401849066186,4.083295274212509,3
177,9.97189359234124,5.081893832246278,7.552670280171089,4.3137582892352775,6.263035097294987,3
111,9.80562012247282,9.450312000556943,7.946288583245747,8.110314062695906,3.9954723559018723,3
42,7.5374678789965,6.264118851361113,4.584634921359207,8.090655987833596,2.7883716387815367,3
130,8.74937705872006,4.529997345780326,7.389650783467139,4.3355761076739645,1.5266209345105157,3
140,6.712984950098588,6.13573338288606,7.843968355095901,6.427941551791314,3.707051003820528,3
89,5.536028883854994,9.475656819570482,7.72032939379666,8.701794226259203,5.064354418549444,2
80,7.614352003371384,4.018912820482556,5.5886782698262705,7.93552645651938,6.90429823835541,3
180,6.227527990095866,9.221085146765391,8.871894157979137,7.319202363177033,4.139285886384033,3
180,6.227527990095866,7.037998094254535,9.035895891005485,6.748981739003312,5.137850602481295,3
30,7.199787423195821,8.442812126521925,8.249908857084467,5.948445359229251,2.049656454209523,3
93,7.405793470280351,4.1610248394334635,9.91742292184361,9.490061377626063,4.262671412289695,3
110,6.925424588717922,7.076614169907202,7.230528792442768,7.869906266998508,5.692222279316641,3
154,5.548659557849839,8.66955139386467,9.417985179969875,8.640591567333416,3.144470342365416,2
178,5.178847649741599,6.9650909405924235,7.8481800492141,8.600275004527365,4.463662557632303,2
114,6.668692684187668,4.755735457718212,5.496314389501299,5.038275044457142,9.917389283904141,3
83,9.37492609647757,9.828365657781287,5.746965571889452,6.1216963448425386,1.2959941106921304,3
44,6.212218539862171,4.464322761306328,4.689258918235775,7.399040591727349,3.5931623453806116,3
177,9.97189359234124,6.34281869761235,5.406644410317367,7.843642958268905,4.45328615935151,3
112,7.937974381112131,7.111659153408528,8.591282493031644,9.510658360258805,5.840121178556321,3
161,5.8244389685826174,4.426898544630758,8.178247218128547,7.888133859308189,1.8053276486835146,2
170,9.289793523879457,5.205562737862576,6.806328015633953,6.207536659240767,3.5480155505632918,3
170,9.289793523879457,4.9533837461526105,6.295401647945385,8.750224099747035,5.75585071406443,3
168,7.510111025824367,9.870396472419198,4.294557476321237,4.362325356110893,1.9418972023450687,3
156,7.208806355264789,9.575335304329966,9.2191219727289,5.440283463644727,3.871621378360689,3
29,6.72431919506665,5.252958933757849,8.506920061230577,4.451285084522734,6.653267401815168,3
66,7.654792772104553,4.35619061335033,8.041143824693295,6.374236285877376,2.702469548228124,3
61,7.812851367460954,4.0340270403712655,6.557609444955147,7.000586037679533,1.0911970512489746,3
57,9.958096763230438,6.257106497959767,8.034775982537376,7.427716625931623,1.276305694011308,3
189,6.171206606958627,4.7897859020310865,4.474697261324756,5.6414607809999895,9.72909074374196,3
171,7.179313818651128,8.0147671128506,6.849724334847361,9.630862044435457,4.621298555947074,3
141,8.441806201837279,6.437735179219625,7.88879152522996,7.121110231543139,7.033527059171474,1
124,8.611318444078583,5.447758108463399,5.0910515784163675,4.638938082049102,7.2111921086846795,1
133,6.258708798275734,6.371392824103978,4.296301494462136,8.007619584870302,5.321308642050415,3
21,8.851582324214855,7.297475341031038,4.801939711924996,8.278992149650177,4.96003607453235,3
101,8.400102079500225,5.597492412396748,9.003472925165244,5.348939926021325,5.241145982099528,3
110,6.925424588717922,9.837644316548786,5.988094443069597,8.47776151539577,2.9175642690471024,3
1,9.787212979203904,4.279853741625703,6.151023312720548,8.216873589386713,3.9759154856963645,3
174,7.931804579191857,7.278687173082137,7.492277366090199,9.417099246787693,3.6710454049621912,3
47,9.878968344175936,7.2432591446166565,7.931620463188818,8.43513037084916,3.4887519566284935,3
182,7.199720940427317,6.423584200487206,8.499120218486446,5.875877837305131,6.707689208906362,3
93,7.405793470280351,9.780646000448826,7.224189687241971,9.73657032950006,3.558706360084181,3
58,7.7055046755701495,9.212670446468987,5.646735637005928,9.822359005631775,9.980538602793091,3
162,8.77868034013279,9.196105969352931,9.479546874867596,5.891762050507298,3.214795316184354,3
192,6.529563339715336,6.195219039366766,5.347321071998326,4.7932947212454975,3.877676575058517,3
7,9.300487360221428,9.958305597692025,7.87890524608971,6.3294732470293065,5.240837295997137,3
102,6.332967430899628,6.3901761541653945,7.182556155643992,8.315143672169528,7.535621292508776,3
1,9.787212979203904,4.020527527340645,7.412999548345956,7.96295148348962,7.109286288860418,1
80,7.614352003371384,6.400809820964358,6.854326822087238,5.95237642449548,8.97455592399545,3
167,8.73051685297563,9.0713347994593,8.189459035044557,5.875838036860592,6.839685965559147,3
132,5.387755553572226,9.535215854551879,8.583410074197856,4.702922826254364,6.069024337073478,2
82,9.068979548457182,8.2203924002838,6.240027899987837,6.924788378828923,7.600983535919359,1
162,8.77868034013279,6.9054703196645395,6.503807649484369,6.560489052318507,5.8573632637848485,3
45,6.901657526479581,8.179767208150956,5.83451488561838,5.6996044813177145,6.859763741749916,3
196,8.553534508523576,9.196588108499867,5.246801584588265,8.23366062839295,2.8098360443797326,3
129,6.670095323391459,5.561133169375698,7.738530642725528,6.450368782731048,1.717719147725159,3
196,8.553534508523576,4.223814167808941,5.4786038471791025,8.871566669192493,9.454353856832604,1
140,6.712984950098588,8.110107259640875,8.8065960503587,9.75863746636498,7.860404829894709,3
61,7.812851367460954,7.917845133664325,7.297692687490545,5.2871907772684805,8.591454901782456,3
124,8.611318444078583,4.264560547933471,4.554276812979647,4.224484351317541,5.223165007393707,3
192,6.529563339715336,8.380033627052507,4.28614577837937,7.143937947755975,7.705609988883656,3
148,8.885898188246172,8.729141166979375,5.544165851002231,8.846850076942816,5.934260129594209,3
22,7.577113673932021,9.147278700106853,4.3241695911032325,4.6324715123090385,7.362580517739952,3
40,5.825629158595894,9.365989856671783,8.73519096548014,6.659916912617216,2.194456618010175,2
93,7.405793470280351,7.76936284218198,5.511400496483631,6.56989827161914,2.030599284419784,3
8,7.185195757873304,5.3766486631292,7.492614986276818,9.11951495875017,3.1877176654448585,3
197,5.065045004526871,7.169921295696654,6.231703559336502,5.158900770474434,8.920298353040765,2
56,5.878938747012993,9.852759375868091,8.343279371430143,9.144110429737974,9.050511653354201,2
135,6.366789658217469,9.921160748233952,9.64403803407057,8.252257516051717,9.133893354642527,3
183,8.728111041466894,5.81973329647257,7.880544413330768,8.492684000095707,2.877778306663818,3
77,9.78278904509287,8.167722836273459,8.528622034517829,7.758195270587119,8.187008030745588,1
93,7.405793470280351,9.979129066485227,4.831439204973144,8.213735454943073,5.860249874651794,3
179,9.187741239673478,9.129801325337457,4.768522927181907,8.238119148608495,6.726760478698817,3
148,8.885898188246172,9.489702035655391,8.64915222670373,6.656869652793402,8.569037164711736,1
18,6.424184245198106,9.533296013238013,4.715190614948694,7.02171489420216,1.6262068251275588,3
137,8.07597658827894,8.59907323803559,5.0698467015079,6.839530396230369,5.337133606526279,3
190,9.635531122973106,5.331839028233279,4.868813178092823,9.05451690284147,2.192850105496275,3
54,6.513098283378771,6.299850393416351,6.095465354228174,6.277191123642141,1.1770681799550573,3
164,7.138099984312166,4.13956406165512,9.329309385954176,8.614339830018075,1.7292027548883524,3
184,9.245828025808322,8.133851458544157,7.490544272531126,8.517731485349906,7.202101077414467,1
164,7.138099984312166,7.179881465550891,4.5811790560378665,4.188429443397529,7.635581770410854,3
180,6.227527990095866,6.403838102845601,7.634341976814913,6.788468605085542,6.754532082367676,3
150,6.371730926310616,7.916479242745025,6.310624320179352,7.56324075063146,7.0103266431725455,3
152,7.998022693211064,8.947415446409249,4.278399405159332,9.6970322156979,1.2067805868471886,3
105,9.303903516638126,7.671288439643919,9.51965934563771,9.156668099970165,6.917267877980993,3
113,8.015168388769721,9.732017528593161,6.170631444690152,4.983455880856213,5.230806661243425,3
86,5.510435263150245,4.965050838455476,9.655659094996809,7.628567703197208,7.4941201259829215,2
83,9.37492609647757,5.557202123687553,4.195378591653437,8.746945368022244,9.426367953648224,1
157,7.521769802984347,8.81002295702751,8.500992116758873,8.105967619486432,4.872079048676641,3
134,7.361497716494816,9.012244243749604,4.549922964256677,8.856767899217704,2.5083498609469053,3
27,7.858317981207033,9.844486323831784,6.665781391937867,5.896174311056165,3.12353044511923,3
142,8.979435422303828,7.968180534991927,8.702724682601469,6.627737201472823,9.681673535376966,1
35,6.145263379412153,4.321460368442164,8.321384385737538,8.750991542442083,2.400730102908201,3
147,5.039725220460466,7.539986284083032,5.299850807344318,7.540850678109687,8.962917602000202,2
107,8.745456481713365,9.70889784447943,4.792665767376535,4.945211447577483,4.519262678847681,3
1,9.787212979203904,9.254691847247557,7.52352230840878,6.036611296798785,7.5531765572764185,1
99,5.518103919721187,4.939685117706599,7.132631130228004,7.137457718364166,2.042101445354148,2
173,5.163026931482154,9.798390224175293,4.902758003938905,5.585665508994509,1.8531704960117925,2
163,9.06322875008069,8.876355348898024,9.858777063555271,4.361199281971363,6.739107347716509,3
165,6.080839371421514,6.4176685019739566,8.278229363112352,9.607194493588075,2.0096301034295934,3
51,6.075566518616974,8.567349685175738,5.039924472855662,6.431809035882592,3.1632284670850623,3
133,6.258708798275734,7.921764056275089,5.767123085119254,9.624697990902071,6.072641989586526,3
147,5.039725220460466,8.853830446011624,6.537346345304633,9.214454245509346,8.928373817215594,2
26,7.176743863352343,5.630074140797143,5.8243287545733935,5.433198971775515,1.2401956134429981,3
63,6.739804860421499,6.38687349500088,4.665123853726454,5.136888270467052,1.6810676391366006,3
34,7.015412542591401,6.685149798474816,8.774759673218703,6.242239648090079,3.9962589991982522,3
81,7.123155729785311,4.799094295542286,8.004360451844875,4.896380523070604,2.6457537193550325,3
160,5.56879781308632,6.964766823719948,6.045906303697105,7.096023115112628,3.363200850871816,2
178,5.178847649741599,6.084151185168308,6.809874768236231,5.464160347538765,6.773216320216614,2
170,9.289793523879457,6.013996161156737,8.768811646892063,4.943262117823439,3.729238594254834,3
90,7.5092955979848846,6.670029660577478,8.364036232323254,8.179159558593003,2.53771477788563,3
20,9.370516078283805,4.720921855172424,9.740199950305334,4.997794711503807,3.0920193171566694,3
91,7.120491355129971,6.528450960822001,5.0446875308821015,7.484584075758807,9.792319743035371,3
42,7.5374678789965,9.96111759827532,5.124402319819099,7.495737046391107,3.738926731880052,3
197,5.065045004526871,7.310601562359406,6.3401806794392925,7.243655912915896,5.655495189461208,2
56,5.878938747012993,8.195347929850127,5.797345990620313,6.7329675832270075,8.233240877337344,2
157,7.521769802984347,8.989054856981104,4.668000212292791,9.545457117775376,4.919571918284825,3
174,7.931804579191857,7.812929475539823,7.284735214339243,6.781379531405252,9.830798175066752,3
40,5.825629158595894,7.921189211164714,8.968250926340666,8.70530383836613,3.2722722984069708,2
72,9.421023382389151,9.026858927849704,8.669973175463367,9.784457718779063,2.2766539610587273,3
113,8.015168388769721,8.86613805920883,7.679843684082315,9.970452006858917,8.47198278466371,1
92,6.775179108822218,6.32586919028379,8.047872140706772,6.1819526984792645,8.013811934155749,3
100,5.691655429584434,4.939652085192945,7.851348415217823,4.1224834130704515,3.327238221817354,2
129,6.670095323391459,8.206064003806842,5.319800124161487,4.546958365387501,6.369201657075511,3
119,8.834670559384456,4.938356233984166,6.504166583094789,6.974426684879912,6.2015547420147366,3
62,7.781935256474705,4.523411237597879,6.357112182563403,8.833013157963395,6.539949411448573,3
63,6.739804860421499,5.937195642784416,7.089914100740449,7.678121060410368,1.304789707110194,3
84,9.461275981281013,5.972405376197294,4.382690574132873,5.461675371653865,3.2374382477366135,3
118,6.375157363911033,4.697431216251046,9.674911454375268,6.492065716601105,3.5893305000121125,3
4,7.755668506592267,5.069420916373535,6.990870819350701,8.04375159079637,1.8752891705497912,3
52,6.177960939668009,7.684004955073827,4.944668567517681,4.978329620125717,8.666289297841816,3
4,7.755668506592267,4.706279480521997,4.894236515560765,7.960855374925149,6.4533683306409575,3
62,7.781935256474705,8.286482601368728,6.254294066391143,6.629688954448987,2.6846480327899775,3
198,6.1432464377325555,9.925066757436314,6.29365722579859,6.867440824971098,3.6470299524483254,3
141,8.441806201837279,8.215151268596744,7.153418462345484,9.570276582661252,2.5667031154769435,3
117,9.130128381110506,8.476599242958805,5.265516485892915,4.8314384286877585,6.628603290805982,3
160,5.56879781308632,7.367914517710555,7.627825329324037,7.448628975553804,5.909144344753762,2
111,9.80562012247282,5.98820962309586,5.208461608442865,4.880077207848742,3.488247730148775,3
172,8.997647919627553,8.91113828443121,7.87410357603409,8.176296294020268,2.3366769880313303,3
49,5.358528420763136,6.53657885872528,7.7999288799833035,7.561024726026759,3.973732575178199,2
61,7.812851367460954,8.069255279787265,9.888556009916677,6.349437630839695,6.642099736129778,3
152,7.998022693211064,7.313461282715343,4.372699998046405,6.642457255855477,4.63182266717317,3
98,7.596557017299794,8.41210239715262,9.95811409748717,7.209886838184238,3.016429874754394,3
98,7.596557017299794,9.669990900010536,8.969592559615595,7.408481119811096,7.79697962039473,3
101,8.400102079500225,8.848444258487124,7.311541765711215,7.318169718267582,2.3202327660430937,3
149,7.386394802942442,6.671254647868489,5.650554467743883,7.447079268330151,8.644795042424759,3
146,6.174235528111458,9.425939578572782,7.646039790230089,7.987199293703028,1.3774666508124325,3
79,9.20592812448436,6.234341444127179,9.171240384123184,5.8610756238554895,8.543211069556065,1
16,9.356087116026146,4.257643309061859,5.984567395504563,7.851303355758931,1.911107076296798,3
95,6.271805100318124,6.333320869117436,8.995374353764804,6.939961005822567,4.8735480600942145,3
2,6.260302695003954,8.258935885793758,5.942277319573991,4.782228580844332,1.7681768396754685,3
7,9.300487360221428,6.507216221351016,6.541023773591906,5.3096425847709385,5.443471284479237,3
100,5.691655429584434,4.685386250240794,9.680689480152367,6.005699505671046,4.717020490778661,2
23,7.698928079306608,8.301558621865722,7.062832679469907,9.933100268618546,2.396026875036103,3
56,5.878938747012993,4.096488925808251,7.682167351329986,9.652015239256881,1.4891698303295744,2
51,6.075566518616974,7.11893251311078,6.785727797020169,9.237997151493637,1.267926699076738,3
171,7.179313818651128,6.7546602017756,9.234478818444328,4.045942000054592,8.606356723706025,3
150,6.371730926310616,4.615479509510758,9.11633731720517,4.653889806293933,8.257091028297268,3
58,7.7055046755701495,5.0371535412952175,9.618005120092036,8.541644965081806,2.3028793722185266,3
36,7.134912483591247,5.843133898810567,9.562753090155047,6.831828452937787,8.40372511777878,3
190,9.635531122973106,5.75287852950555,9.698240583727703,4.310996578415159,9.50363305554314,1
61,7.812851367460954,7.039501470044107,7.514457554462583,9.45942136878729,2.705477935998864,3
169,6.171483148995948,6.546613612301245,9.412003846618127,8.43792438008547,9.381865718575186,3
160,5.56879781308632,4.228121019225508,6.702915805922656,4.673047420255825,2.7778032709629015,2
178,5.178847649741599,8.19296976016618,5.5465664079380135,9.836819124584796,7.474198352647946,2
117,9.130128381110506,9.420049164755817,6.148166718601651,7.269442827643587,8.933781043998838,1
197,5.065045004526871,9.467128909890729,4.28866750469076,7.367133497804634,7.021392302898521,2
89,5.536028883854994,4.101182066732797,4.952292637132432,9.265424086229935,6.806904653415933,2
82,9.068979548457182,6.240823138500372,5.314275058604522,5.2703711631531185,4.598447405415705,3
91,7.120491355129971,9.412340975524007,7.668054214237441,9.549691968496804,6.652631122540163,3
122,7.2602941274075325,7.5275511337684975,8.564892469333923,9.721953782477913,3.2340341467350378,3
182,7.199720940427317,7.453427077717358,5.53777154486181,6.121063035147971,8.353458896224542,3
119,8.834670559384456,5.9142199773811175,5.369484679375012,4.883741129324955,2.098582906894332,3
15,6.841760984788225,9.06694272607235,7.962326844968443,4.363328881428016,3.34771938331714,3
146,6.174235528111458,5.829506032978527,4.32689714346384,9.528171434113428,2.8887016152554423,3
64,9.380453631149415,7.309189267800203,6.960577144220449,5.965772888051625,1.15249947556064,3
68,7.761228768767385,9.428863500835526,7.342118937574525,9.768489812928713,2.9601752283415745,3
3,7.443652740400783,5.686049563868266,8.405765643894881,7.756841413925197,1.8321737779921592,3
73,8.637668421468131,4.828484324101318,8.097891407080478,7.414373859126474,9.846771861728541,1
123,5.676735244257358,5.616932217953206,5.628417523374316,7.624672261705507,2.1260847166667642,2
126,7.045080348424406,8.844828401040829,9.859099117730244,6.785634584176396,6.208500912287013,3
59,9.719435463797158,6.254340643532528,9.9567995367254,8.374324928657252,6.749825797543993,3
46,7.092361093851638,8.582554283950573,8.110568538199779,9.331700999247982,8.843849946350474,3
131,6.783551822346323,7.962123907621731,6.980472730139733,9.48339343599899,7.808636985440568,3
63,6.739804860421499,8.094091636796389,9.155232407822098,8.786508209631219,6.136360147523079,3
24,7.154055531664056,8.261322954287941,8.299283006230581,5.830756191205482,1.9430672522997687,3
89,5.536028883854994,6.678965428740053,7.40811704320377,7.167189622105321,4.397672170296249,2
170,9.289793523879457,9.760038692783652,4.496741788907441,5.440596779786057,3.213106616754738,3
88,8.86994828308831,6.327859265004287,6.572605156380692,9.519441279779747,5.242754278492518,3
141,8.441806201837279,7.107044091960104,8.451869205970953,7.0919636687513075,2.6198285817082505,3
171,7.179313818651128,6.822970837157753,5.460669631705702,9.922484111452949,6.631539075620968,3
106,5.762137971030755,4.814323382180896,5.574383905640442,8.98261549670249,7.145772477800589,2
63,6.739804860421499,4.993837935958507,7.7635701636475405,8.7977796249458,2.0180972652643123,3
11,7.73632603580448,4.940197995831976,4.990788018275628,5.951153049201126,8.459591391520746,3
43,5.460138456422569,6.19520876261171,9.57933273199289,5.109251753789437,1.9771629001553805,2
52,6.177960939668009,8.98533355187806,9.511319763547263,6.451858701820601,3.499411091779778,3
177,9.97189359234124,4.525428796568108,8.24600310201454,9.416441295120126,3.8030461173312045,3
88,8.86994828308831,6.804034570784033,9.417454018559434,4.368287283562994,2.5034629565326902,3
152,7.998022693211064,9.262688825441476,9.726955262321377,5.641047783838168,5.3827096182271115,3
24,7.154055531664056,9.260704552894856,6.928334762131222,6.498533180393165,7.794748773112688,3
49,5.358528420763136,4.72483065715347,5.813069965603695,4.3486649750690844,4.479819300127136,2
66,7.654792772104553,5.028024414848202,4.779736861079819,8.95234365620777,9.889697639672274,3
31,7.1275822944366976,8.475526197190831,9.173840806784117,4.6601277906335055,8.804850250625154,3
86,5.510435263150245,9.59272201174824,7.10140186741086,5.520559115533904,7.658970683323155,2
153,9.39540707068661,5.920857992838042,7.03384125656196,4.356868223171647,9.76651222480104,1
98,7.596557017299794,5.566527161233435,5.209841124530763,4.800741472218493,6.429625539471468,3
58,7.7055046755701495,8.794405459700132,6.018607956398338,9.357159889224453,4.945597466469661,3
121,8.157822550020136,8.875483595031096,7.98432276292489,5.228525164604587,3.07380967345991,3
194,9.865442384060472,6.318971567340471,5.672935476522551,9.51859351859962,4.515984058249291,3
149,7.386394802942442,5.515613972741251,5.731712332319035,7.815227343411848,7.424729070708883,3
183,8.728111041466894,6.366445502924348,5.083917031476056,9.787243086568196,6.682727603697235,3
192,6.529563339715336,4.906063314977171,5.8248646418745675,5.14740835921383,7.872157745942123,3
18,6.424184245198106,9.926012211479865,7.663967177799707,8.460267668569902,6.58748018875959,3
39,7.8403924068402695,6.362424024373778,7.86757712488796,6.64795554300213,5.167972287087525,3
58,7.7055046755701495,4.824579686927982,5.954637940756199,9.792561917655625,8.375589013411254,3
12,7.189200037734564,9.25344073603468,8.242364708865088,6.893360307383848,8.127135118596119,3
41,6.593123668910263,5.172794196120156,4.796527662905496,5.688537665397855,1.1372872409704273,3
114,6.668692684187668,4.619993699853031,8.139978716525759,6.640495687969469,1.268297973149139,3
43,5.460138456422569,5.752735057587993,9.31910629896737,6.217868000481501,6.601040442803131,2
159,7.445188753749811,7.9138333078117755,4.953431212248847,7.830830408219413,2.185068555990692,3
144,7.071004501426242,9.646772116965284,4.017495031553547,6.339745211688222,3.285936293689556,3
19,8.595347545871899,7.017792811923448,7.782275707573639,4.713064900864794,1.8067240350291511,3
10,9.211645185032863,9.73518037945824,4.548717862518503,9.578509068888627,1.0118293583859188,3
181,8.743465292321964,6.128118314970582,4.101696632524906,4.9545670038590295,6.057759737721295,3
161,5.8244389685826174,6.592540291727268,9.771773315560118,7.441771244707978,7.249875078723855,2
10,9.211645185032863,8.713104684644456,5.534989704732919,8.323530702293912,5.686532137777461,3
180,6.227527990095866,7.118682939998954,7.188452938799921,5.634018099930634,5.900542523723355,3
63,6.739804860421499,7.385169274101997,6.937660132426636,7.501486327873014,6.956553506748851,3
137,8.07597658827894,5.782348421915028,5.1253267090140735,6.508774486336466,9.792401042104483,1
128,8.0024055865564,5.241048617170797,4.865663219089413,6.684426225502381,4.768288647539526,3
12,7.189200037734564,4.712792717380158,6.330401238510003,4.335616637710775,6.072940504059985,3
121,8.157822550020136,8.20355634947467,5.932070280336871,8.513129371313237,4.519311195790655,3
124,8.611318444078583,5.915025772895588,7.422342375129655,9.22879272569105,5.8210778219668375,3
67,8.837230164604852,4.99594556167921,4.55019628544965,5.200901573004574,6.837908867216439,3
85,6.074060506057028,5.3108277590247415,6.787740753934903,7.894189307368631,7.606096504473174,3
158,5.823378789517678,7.075851476565836,5.929221521515223,6.446891786541493,8.530965534833186,2
116,7.027764224757414,9.822124107010156,6.479118728408727,6.553490146343822,2.706084420377331,3
124,8.611318444078583,6.9209434463237836,6.844082793703487,4.937877191000343,8.869327159877264,1
42,7.5374678789965,4.46726016676475,5.97991362304376,5.07631413849807,1.8038861190574202,3
168,7.510111025824367,6.569723501664602,9.14933306529434,7.365544825059401,1.5407373049519946,3
102,6.332967430899628,5.320975780737427,7.462498730291608,4.53263146928648,2.6993187907024514,3
100,5.691655429584434,7.770657495082225,8.865411036476365,8.782105006017675,5.142333755668291,2
149,7.386394802942442,6.183354938046546,8.568238887850733,7.095001831962447,6.4058455604738676,3
31,7.1275822944366976,6.258212785365106,9.282836231934393,6.408083271904061,7.973809951613594,3
32,7.849163171698539,6.0094124365038475,8.11405796110418,4.769088235407847,1.9096238757202326,3
170,9.289793523879457,7.433981464279668,5.000207716501395,9.028032828670035,2.118405178467805,3
169,6.171483148995948,9.815417972699926,9.418709986001979,5.773101473071412,9.865203642418512,3
110,6.925424588717922,9.31092220132392,9.404003593547886,8.209233470646952,5.441100773304832,3
154,5.548659557849839,8.082039002127617,9.216140567727322,9.069116046544732,3.611991711700597,2
102,6.332967430899628,6.433392408979553,8.649056171387983,7.005986665425514,2.873762469632155,3
82,9.068979548457182,9.322541875231767,6.8029316366678065,6.061483737270104,9.848495432522208,1
74,8.652845972151221,6.15643714973412,9.928436782936886,9.2069164462683,4.790604791155321,3
84,9.461275981281013,8.782190168485554,6.6953230653610225,7.77473267138135,7.669114202789826,1
175,7.336466630010693,5.201624943471544,5.663647766018922,4.224243623609684,6.242937553321574,3
186,5.061365127664093,6.741006968945634,8.22290023866729,6.065599938027789,3.04647572893224,2
154,5.548659557849839,8.966003964341287,9.784768436287498,4.763370102451514,7.959668304891208,2
145,6.652801108216075,5.978508766008768,7.5825200152584715,4.626643765328164,5.766981974122326,3
20,9.370516078283805,7.54843265187465,6.2800178406225164,8.706361019973615,3.9191174661161994,3
83,9.37492609647757,8.066979540358798,4.946178854071208,5.686856290758465,7.334737506338847,1
50,8.513075817465358,8.957044398349819,7.4041628274055284,4.535409660525977,9.737614229424413,1
65,8.044078742561966,5.987692640499025,9.324801105429904,4.669028783657373,9.134605356664984,1
187,7.189524967658304,9.871062524373263,5.416988028399345,7.772389697521903,1.6400105479761797,3
49,5.358528420763136,4.417937829615788,7.110972898543913,6.817543742578607,5.2447589017936895,2
157,7.521769802984347,7.5265380830606,8.937096472136346,9.892932351235471,7.459196577152422,3
172,8.997647919627553,4.624743457629081,8.52341246778836,9.012157971085294,7.717147997403902,1
73,8.637668421468131,4.615064378520563,6.967380759176454,9.274490540545207,1.7448701095927674,3
18,6.424184245198106,8.916965598211616,8.148376859289947,7.460098649963178,1.5318070652589975,3
38,6.657864670871041,7.644558035657906,7.34487206411306,6.329442540494644,2.782032528566698,3
112,7.937974381112131,6.885000084718088,4.742674519461564,4.9096770453990235,5.359066906610514,3
16,9.356087116026146,7.269765717344045,8.151881732133562,9.483518748574546,9.165830951162887,1
32,7.849163171698539,6.557474002275611,6.974511163221691,5.097454550794939,1.1114598652784777,3
95,6.271805100318124,7.785656012718612,7.6528498917992165,8.989370774613947,1.518889681724799,3
85,6.074060506057028,4.295042406197361,5.927294675362188,4.289508069795915,3.7687527980118336,3
17,7.405691900791038,6.364817641055421,8.120047877584089,4.659058773940917,7.875134403280802,3
5,9.96055862054601,6.155755364674493,8.417210034066326,4.453916552646016,7.847291168011369,1
186,5.061365127664093,7.998374350989687,4.300425175132021,7.094290451979314,9.852601595093361,2
57,9.958096763230438,4.176606103211895,9.338658794122301,8.161758600684351,9.52253884710885,1
81,7.123155729785311,6.777365643613374,6.04412475024866,5.0985191094202635,6.361356591371271,3
198,6.1432464377325555,8.42464607650414,5.332590832404201,9.937117402455762,8.65552753088518,3
80,7.614352003371384,7.767516890984494,4.906400134906314,9.00907015127427,4.017391246471753,3
124,8.611318444078583,4.2851508803219485,5.508477340585529,5.261181157787988,8.09703456674363,1
25,7.093797258853025,7.918366776047452,4.957808549338432,6.8980976647233,5.277933203147807,3
29,6.72431919506665,9.526925974050727,8.346327025083857,4.508020673657736,9.511154615679912,3
30,7.199787423195821,5.389873545912186,7.005802034006747,5.657508037407856,2.4750122109655845,3
125,9.543480814954474,9.418182515192932,7.447137457871602,7.044069679863014,4.822981227088353,3
177,9.97189359234124,6.587271182621903,9.707048891569674,8.122059516316202,8.262052701829656,1
154,5.548659557849839,4.395261038054638,4.133012571068274,7.22948445547709,8.033776453700728,2
163,9.06322875008069,9.356124841389976,7.318097512955007,8.908722371407839,8.720796437989154,1
56,5.878938747012993,4.828433767306065,7.471040060210634,5.554790465008549,7.457668546454683,2
79,9.20592812448436,7.039090564386223,9.260996582236691,9.851622941738924,7.1692708193448516,1
79,9.20592812448436,6.68127541913709,8.027077143073988,4.953771123129431,7.144400410690281,1
14,6.267339382876608,7.821903262326535,8.05834567310946,7.123361724510429,3.8707547371583937,3
189,6.171206606958627,8.300187015217187,4.443473816510297,5.996634850535914,6.796945404181867,3
121,8.157822550020136,7.331079400896999,7.6568496887409285,9.423482840966722,4.955752717008509,3
41,6.593123668910263,8.716568637384125,8.784631891049997,8.635781516510047,5.265782197005375,3
169,6.171483148995948,7.722387941917924,8.727551714565566,5.052769417609522,3.4327495142253928,3
20,9.370516078283805,9.24609852394516,9.992742491040586,9.430766399864158,8.398711573924727,1
156,7.208806355264789,4.870418571231561,7.680137607599839,4.291549927354747,7.279446241907611,3
60,9.094134577575858,7.96722254890536,4.326146444979917,8.114894293883797,5.7324570018205145,3
71,6.65115017753236,5.230858640921666,7.26009345670975,9.026148630353681,6.391081132690822,3
198,6.1432464377325555,8.009078916824055,6.165659547389499,7.10742511860185,8.852772393272183,3
114,6.668692684187668,9.384862088645349,5.2002315738706,9.34401634780162,5.369029123751417,3
189,6.171206606958627,8.205429103216344,4.449837420122449,9.202330733990312,6.569089508919061,3
176,9.906808108199499,5.906957389287775,7.404346124567992,6.196725543769866,4.340327744571476,3
32,7.849163171698539,7.121864006270047,5.86537407089926,4.845926423071821,1.5475007278552009,3
102,6.332967430899628,9.030194391951259,6.935248677811482,5.129513053543345,4.6710211969704,3
3,7.443652740400783,8.84836715991781,9.235200221011706,7.502621451039841,8.392514801681923,3
167,8.73051685297563,4.268691966366212,4.402409461526579,6.404335705567367,4.660199737033603,3
39,7.8403924068402695,5.597676636860484,8.665387399010001,9.222375155660794,1.1954449166303862,3
120,7.820647147057283,4.134312463404676,4.533743975350861,8.023907849371824,2.0367869789987596,3
19,8.595347545871899,8.255172631084175,5.816878478996038,5.877056145127377,1.5162773696545695,3
191,8.603057873628071,6.039896173522106,9.683563043998205,6.986486673292877,6.427856548058905,3
183,8.728111041466894,7.780680065229269,5.35098795746411,6.599262506083491,2.7916530135561324,3
52,6.177960939668009,4.238251763315747,4.352492216444752,5.020687193444671,7.129543869810284,3
87,5.421131620337404,9.097093307166668,7.997754014203112,5.399273225410358,6.4173269120281144,2
119,8.834670559384456,9.70202954825403,6.241541436243427,8.11910974293855,9.167649312152626,1
79,9.20592812448436,6.695412716903931,8.503268424819446,7.07167818934783,5.698670842842976,3
48,8.688393709843488,4.966339315700887,9.72569828944826,7.346136042849991,3.0907750971294337,3
2,6.260302695003954,5.580351826541328,9.523971580462144,8.550634666186387,4.31620248773764,3
27,7.858317981207033,7.312264495816162,9.625898891542885,7.965498559092024,4.110256080352923,3
31,7.1275822944366976,4.0867585061426865,4.314558717539024,5.218185694587272,7.489956692173784,3
179,9.187741239673478,8.194921168487912,9.707462701651615,8.918302102367974,8.011973078202322,1
154,5.548659557849839,6.357487697441931,9.295212584884233,5.205805404893607,4.310368353540985,2
78,5.268288235252928,5.475441030345854,4.541008636792171,6.670287642263714,2.2611852260768632,2
27,7.858317981207033,9.477133878176826,6.279300605631177,5.10260909973404,1.2896692960089038,3
167,8.73051685297563,8.25357243202824,4.622816299268156,7.710718762116617,9.176838638665755,1
156,7.208806355264789,9.656581601906087,4.031242281472741,9.160346799675056,1.8381822486127564,3
77,9.78278904509287,6.988983852565999,4.008710359535034,7.2231476515019635,5.565425069426151,3
52,6.177960939668009,5.567444076534863,6.839404127139411,5.274430613658514,8.092382096693061,3
49,5.358528420763136,5.812287348140767,6.482538561994262,7.882560086989862,3.077993518553001,2
129,6.670095323391459,8.635710627606258,9.197277958389328,9.53222992255812,8.166466055163033,3
118,6.375157363911033,7.280623914013512,6.263875844591921,7.038919248127624,6.3719809773735765,3
74,8.652845972151221,9.358819886072048,6.315779972185886,6.747964285459686,6.348626517747175,3
102,6.332967430899628,4.039535662395675,7.152232899816911,5.411763005054652,5.573476172606349,3
80,7.614352003371384,8.698470754420121,6.417115011014775,4.978025157804981,2.327997570388527,3
118,6.375157363911033,8.887492084495062,9.34519444135579,4.517529996285314,6.228280465816246,3
195,8.431709261639735,7.225140351610364,6.6684379528786,5.207982865461846,5.047843382630458,3
145,6.652801108216075,6.096265906056118,4.003606749518693,6.3518573904000935,2.334663446770554,3
5,9.96055862054601,6.443380572447177,8.88352704892581,4.991193180217246,5.070507268601153,3
124,8.611318444078583,6.20467604194817,8.474168581821088,7.4552270968193906,3.9151910542078414,3
65,8.044078742561966,5.866892361404802,7.7065193532586855,9.096089809190342,8.202487510512842,1
146,6.174235528111458,6.304047551792129,4.31117637213489,8.952606566397014,5.265306852498292,3
62,7.781935256474705,9.294942236159024,8.618431200033395,8.719572556291626,9.298501731851152,3
81,7.123155729785311,5.715445817938861,8.065377543724377,8.503963336661359,2.084348667106198,3
198,6.1432464377325555,6.2428692486678425,6.799471950758947,5.981623707784937,9.99921934303239,3
27,7.858317981207033,4.1868017528452555,6.10451274709289,8.135802505535219,9.052293992865486,3
79,9.20592812448436,8.016835782464504,5.355595680438038,4.93334726597514,3.5500888474848464,3
11,7.73632603580448,4.181239646566531,6.581213376788614,7.911130771208501,5.089917615193807,3
32,7.849163171698539,4.527458690555391,9.852869424877348,7.883738772421486,9.566338689403022,3
170,9.289793523879457,8.430937451302407,6.230258018785587,9.417646255278964,5.202375049354492,3
114,6.668692684187668,5.3089270965358875,5.952055848899782,4.4637520024641955,4.144087792750486,3
3,7.443652740400783,9.660159384104197,9.043742829476429,4.9902046461229785,1.7342573526965297,3
21,8.851582324214855,5.693076988239564,6.0951948066767585,6.4469486692689895,5.6490420499189575,3
43,5.460138456422569,9.134988907567177,9.512213036680485,8.616681298129272,5.239615537828303,2
67,8.837230164604852,7.581795556332181,9.902302004049771,5.070176133198236,2.346314117740106,3
101,8.400102079500225,6.960982571348626,8.7798180582017,5.018737899090684,5.55996207547284,3
69,8.717191579518087,5.562317447056501,5.828278337101726,7.695888871837654,6.716773304034401,3
159,7.445188753749811,5.8539153947349165,4.25546245728949,4.959269224369113,3.625942127270053,3
25,7.093797258853025,7.294909784317327,6.213854276782413,9.045712997266639,8.599049350853935,3
196,8.553534508523576,6.147616087091593,5.156652888668173,5.864783179176321,6.401233651089277,3
57,9.958096763230438,7.8383285228713895,8.934514547900104,9.133658695276603,3.741366834951049,3
158,5.823378789517678,4.615099418317186,4.294930716446637,8.263669881219139,4.284171432370045,2
49,5.358528420763136,4.342610159462301,5.300299431391652,9.550343122122078,4.670192711385473,2
42,7.5374678789965,8.216627458500872,9.283353076058482,4.008674865074622,2.993797045794516,3
53,9.687633306363871,9.212396718891021,6.214052678052736,6.550870799710821,1.3292525819123087,3
89,5.536028883854994,5.679142125071791,7.568061203832707,4.157696255996799,9.905094952346937,2
92,6.775179108822218,4.349075367982643,4.113583940267581,8.522551361853933,7.949294912087314,3
23,7.698928079306608,8.583911768280846,9.929536415233299,4.74573016897053,7.448978268162932,3
85,6.074060506057028,8.359991063022278,6.445775970012957,4.879893402141423,7.06760991784112,3
38,6.657864670871041,6.06964888395147,5.156923652721218,9.975573788076836,4.605796295580802,3
122,7.2602941274075325,6.024812533446227,9.716903487044064,6.719503081270714,1.1735270823430466,3
0,9.777418344772451,4.552386666153718,7.374595723904532,9.842428198524672,4.402471112239535,3
131,6.783551822346323,9.669274116739668,6.535162560117882,7.127990605552758,6.530063366903836,3
194,9.865442384060472,6.966680255512869,7.753619649521273,7.522363524308768,7.360183503220721,1
100,5.691655429584434,8.719348075684398,6.563036853602682,4.032315165411049,9.44479029109758,2
175,7.336466630010693,6.533363152351249,6.497568858842031,6.298837610213022,2.1297914812012753,3
110,6.925424588717922,9.952193466417313,8.89849195247385,7.6438997912132,6.404080714019658,3
150,6.371730926310616,9.125638865584893,9.431891891678934,6.959868835800338,3.2942849915654895,3
32,7.849163171698539,6.033033040730096,5.3793627224710905,4.941978149235324,2.0713668067866715,3
130,8.74937705872006,6.368626557116936,7.270899207424386,8.931157156662026,3.2062564515623446,3
183,8.728111041466894,9.855030254897784,8.663272752152146,7.377274238266784,4.347308881384473,3
154,5.548659557849839,4.866237750539182,8.880254007672573,7.1844071874865,4.341987174650887,2
143,5.546573580430751,7.977465134341841,4.768948791866857,7.930447439887999,3.713533897988789,2
87,5.421131620337404,9.106408632931242,5.512987347703751,4.457497561834906,4.2315134617065215,2
108,9.248031525285194,4.081024163729637,6.6929036418307035,7.431993171227589,3.96783062342056,3
180,6.227527990095866,6.924511453745941,5.526913972887498,6.710182908405696,2.714890933322258,3
113,8.015168388769721,5.39404980424961,9.13838234031642,4.068510869873789,7.487036867415759,1
0,9.777418344772451,4.411115272840551,6.11156569300253,6.086048744143462,5.418417663562932,3
179,9.187741239673478,7.425416074172248,5.659708332722998,5.967885933730611,6.923306328068545,3
146,6.174235528111458,9.20102126534088,5.139685594263041,5.322588926530559,1.0955178950255635,3
84,9.461275981281013,4.846127538365981,5.457265901693949,8.368435275226755,6.75136389421709,3
25,7.093797258853025,9.446641401915603,9.950101951930572,4.9150210775917635,1.5164030508188293,3
176,9.906808108199499,9.307104209497734,9.05089843479361,8.856375220216169,4.320229674803126,3
64,9.380453631149415,6.526729674982257,9.5405482568326,6.300732159143459,9.112321940704563,1
91,7.120491355129971,7.675747211301447,7.238553396535579,7.543848596220017,5.677459448844374,3
141,8.441806201837279,8.740490463577093,9.448736333546881,8.604968655826735,6.361761625242447,3
141,8.441806201837279,7.0389640062533925,9.89902510279661,5.074991304159621,6.283078123384167,3
94,7.41889509745395,8.682151630334422,5.470281336184533,4.4465042357928,7.463166323560041,3
107,8.745456481713365,8.784216694131574,5.611050233783105,5.384828926067132,3.6109845366015523,3
62,7.781935256474705,8.739443790907814,6.28734680350969,8.544927326518888,6.636996816161491,3
116,7.027764224757414,8.302370261015962,6.251107669782307,8.410786691669554,5.453803815463316,3
58,7.7055046755701495,6.367129062448974,9.93177535906276,6.9933536454684315,5.243201565370027,3
9,7.705511149037614,9.070048774435612,7.888578572959378,6.149160567658775,5.0798093456694575,3
102,6.332967430899628,9.019229481213138,9.985007286928514,7.410081631802136,9.97699004193306,3
84,9.461275981281013,6.349957426407059,5.484699061049222,8.722316329953875,2.0898180638304664,3
22,7.577113673932021,6.2512026073966265,7.890324712943449,7.1989730640655365,9.520645077929922,3
8,7.185195757873304,6.509370256639026,9.492036534136966,8.01395837338361,7.678211120934832,3
120,7.820647147057283,9.13791351371522,5.86515559659497,6.688594743742781,3.411642722228122,3
133,6.258708798275734,9.589040199634454,7.824274384892472,6.149707933677575,8.258779114659895,3
156,7.208806355264789,7.855112236269966,5.475573894053701,5.54134572936211,5.462975886869822,3
128,8.0024055865564,4.586469390035818,4.07391218794074,6.555254942797532,8.172775416544557,1
112,7.937974381112131,5.230620062928116,7.7747110312242835,5.872376153833743,3.766814719060222,3
9,7.705511149037614,4.503318187320868,5.973303915048111,4.682053633322478,4.433640078412656,3
199,6.498710438386006,4.342108159249805,5.598828930322636,7.564705462243901,7.652686935205372,3
101,8.400102079500225,6.9051449522181425,7.05034147586707,5.305226789421993,5.845243798882052,3
199,6.498710438386006,9.726281543379178,8.698116683880151,4.577263779076624,5.098736751440646,3
119,8.834670559384456,7.3205205542568175,8.005003640017657,9.272326320378061,9.832958457772031,1
154,5.548659557849839,4.6954306972049595,9.197437408370785,8.316333067046974,3.6718008297914873,2
181,8.743465292321964,6.064390880558005,7.739697108973022,8.067041717468037,3.1273053421568084,3
31,7.1275822944366976,7.253142741089997,4.088590311406806,6.636296784602414,9.805812380740527,3
45,6.901657526479581,5.284603645311136,7.815471355356285,6.918862910546666,9.83115421805713,3
152,7.998022693211064,8.66865687166624,8.361073336924385,5.286270506633555,4.590054208205996,3
119,8.834670559384456,4.367509224644709,4.010829764572606,6.478020519153828,2.326627336984477,3
157,7.521769802984347,8.534771426178484,7.278201033185075,6.730456588246746,1.3417080815842182,3
147,5.039725220460466,4.768952458443415,5.641969076213613,5.008105032520116,8.022516943796017,2
157,7.521769802984347,6.796087955967874,7.674102126159005,4.988886303709282,6.000447636652067,3
29,6.72431919506665,7.931572365592447,5.9341633932109605,4.270324902148962,7.655433710521968,3
138,8.129410475725908,8.002899331452133,9.266842051838003,5.383739571001846,3.475145901502513,3
29,6.72431919506665,6.9280124391371825,6.448535525000297,4.743239528405839,7.361643957646925,3
116,7.027764224757414,4.417553528588855,9.903510717655978,6.150774817632452,9.119419536489467,3
60,9.094134577575858,6.827227419123103,4.587797706432724,5.178872948672113,9.753731911165026,1
166,8.92213468805078,9.177933257910027,4.6039872771923935,7.326452080909545,9.454865838445158,1
109,6.3894818449493265,7.259368955920246,4.833800711958248,9.318142254311027,1.7687899066893782,3
130,8.74937705872006,5.492862154697203,8.020965354874525,5.387726848337408,7.291061129173937,1
24,7.154055531664056,7.821581916632126,6.5081045799035415,9.41640636392859,5.989811766706685,3
66,7.654792772104553,7.6922725435093,8.866609202599799,8.131256907349258,9.216381407675467,3
97,6.545569414435605,6.734587173802219,9.300922365123462,6.785836737930741,8.296542666295199,3
45,6.901657526479581,9.781964722677351,7.86577685135468,7.685604353923524,4.6003829067042705,3
125,9.543480814954474,6.072944300423596,6.3609038748470486,7.034529868957926,7.32950934257229,1
71,6.65115017753236,5.474453351783216,7.670764498615956,5.567251854024763,2.3965111743872427,3
137,8.07597658827894,6.092917453651862,9.381581037268584,7.294552639060181,8.580413787443135,1
40,5.825629158595894,5.2036114786888,5.064296565271134,5.608214943530365,7.836253136621657,2
70,9.594581845162619,7.947259393452636,6.549771491355373,9.544438993269027,9.493441346390343,1
64,9.380453631149415,8.171973524419906,7.831846007642861,8.304517197136772,8.202174308560114,1
11,7.73632603580448,5.899914266372814,4.383513293930669,4.297836449465949,5.5628984085472295,3
69,8.717191579518087,8.311564669372595,8.51498308211578,4.405640064135791,6.752648040252251,3
46,7.092361093851638,9.390159385272025,4.489948109424937,6.743560733727551,5.225618945645555,3
22,7.577113673932021,8.255251344119992,4.30312325386151,8.866742810403444,8.637409964831665,3
72,9.421023382389151,6.753793135673525,8.031071461040193,7.038118382238046,9.983621210353,1
48,8.688393709843488,6.7471793201420605,6.950826158730978,7.942472979598307,2.79467635834778,3
13,6.185702896409321,9.607685177798505,5.3563531700099425,5.33647901217649,3.2911415543387523,3
64,9.380453631149415,9.972701195394407,5.77472129826519,4.663474451082287,4.6552143096881,3
109,6.3894818449493265,6.230037567910899,4.461108121419935,4.1791557862378905,9.033073249549847,3
84,9.461275981281013,6.987286239183797,5.818358462191694,6.319594294071997,3.7052068254906323,3
134,7.361497716494816,5.415781841264419,6.568299595039996,8.344983703197533,6.606834834887149,3
197,5.065045004526871,6.323865083120871,4.716652455066358,7.527591266956879,9.679988395265527,2
179,9.187741239673478,9.003671979846205,5.679032610155032,9.746003673464575,3.0639477652795577,3
86,5.510435263150245,7.16130745193351,4.993342829052999,5.097484720900021,4.2172929033635995,2
184,9.245828025808322,7.743431968913953,7.9643400016296475,8.204684133275666,4.990323209981614,3
119,8.834670559384456,9.097462556326072,9.605133359396225,9.42819768106307,8.753659708418198,1
198,6.1432464377325555,7.294853567113045,7.865486324589117,8.63560878012158,1.8677270514822344,3
135,6.366789658217469,5.288999258230623,7.7726870860081005,8.742573226976653,8.221253997980021,3
59,9.719435463797158,8.379435090485618,4.870619192049939,4.499092069118328,2.430924562445463,3
177,9.97189359234124,9.723029087630644,6.131511405201047,5.820151499314696,5.966400871216227,3
158,5.823378789517678,5.726305481311202,5.811872428503753,8.376500831777983,1.9276980770642598,2
62,7.781935256474705,5.239563504218282,7.965453660315932,6.425721546453502,5.23857679134179,3
74,8.652845972151221,5.663860535998731,9.386245059416446,4.4564000000557575,1.4969349136114198,3
170,9.289793523879457,6.184175252013491,7.494693535342759,4.169218042568434,5.983453835143937,3
167,8.73051685297563,6.971280084916005,9.331378691908686,6.066929140758129,8.213827085103187,1
84,9.461275981281013,8.539919268699336,7.238938196558759,7.200894511148769,6.918283590550685,3
99,5.518103919721187,5.98374653202726,9.075626098472007,6.303109801405133,3.1067332916956856,2
7,9.300487360221428,7.662974421655205,4.901354133898098,8.769968163361424,2.390131630452893,3
150,6.371730926310616,7.072817899676977,9.680757432180847,8.82124095394298,1.31489990982501,3
171,7.179313818651128,5.2428484336910985,9.808096522818822,9.091313274832313,9.8964283458428,3
178,5.178847649741599,6.1649200197251695,4.5272118362690295,6.709204564986136,4.165901715668317,2
111,9.80562012247282,4.18449488249043,7.640753348763484,8.054605587464394,9.565389785535498,1
86,5.510435263150245,7.282036693398806,7.769873129789286,7.037240855252853,5.599302474660611,2
67,8.837230164604852,8.094589089460527,7.944262264021187,4.88489507946625,6.864237286425533,3
9,7.705511149037614,4.346517441319579,8.134257128681247,9.400134369045665,2.749634835589804,3
74,8.652845972151221,6.476377657339411,7.676582049840924,6.549005809667983,7.28950423739602,1
20,9.370516078283805,8.399555043800989,5.072469681395135,8.98590838750475,2.145385847055535,3
25,7.093797258853025,4.4815741355190974,7.431422228756629,6.868045032659961,1.9470866066603163,3
44,6.212218539862171,4.684826709951868,7.768290949507353,6.955590912215154,9.867604945263789,3
172,8.997647919627553,9.776181702766696,8.423701544319645,5.261818769083433,6.909274624429235,3
51,6.075566518616974,5.36297596123166,5.520150567205533,7.901172696063993,7.007279878121821,3
33,7.4399086081626296,8.90185239124541,5.8779083495714355,8.352193884069598,4.952903403208662,3
66,7.654792772104553,7.031577056651113,5.547018127149352,6.750401682709889,2.749601847180183,3
2,6.260302695003954,9.295325790912674,9.202068632338204,9.047332641884935,5.253016749375813,3
66,7.654792772104553,6.680410823093469,9.680764255133205,5.903029283905081,1.3657556110741602,3
95,6.271805100318124,5.216523106581684,5.6963318347928436,4.930758557222928,5.7883084146744945,3
72,9.421023382389151,8.706084005895534,8.920085688050655,7.764665520306271,6.183291173922104,3
189,6.171206606958627,6.436734576748189,7.229514565686259,7.530387797893016,6.641223510582797,3
165,6.080839371421514,4.41365472304991,4.094725298860161,8.374855915523458,1.14913412452662,3
53,9.687633306363871,6.0777432749595315,5.009882759518229,7.210739374073281,7.7552101290487165,1
134,7.361497716494816,4.858959570584486,4.311047373130281,7.0089850507951255,1.0536463064920873,3
142,8.979435422303828,7.344016479865833,4.7171912655932395,5.1434182067260705,8.06561796296424,1
113,8.015168388769721,8.16881130351614,9.024520168438226,6.022842421334878,2.2432676437008197,3
119,8.834670559384456,9.723480593317621,7.202319512855211,4.589047704881306,1.2475753013236472,3
87,5.421131620337404,8.539803861079506,5.868612711132395,9.157912338828115,6.790099782152361,2
190,9.635531122973106,6.048665170787792,9.811171666649445,8.430861496347381,3.2203759443764888,3
58,7.7055046755701495,9.41979808307173,6.907126158169698,8.186790541811158,6.417995320420801,3
37,7.819731068380294,5.514699690601973,4.728362542196719,6.165309453752558,6.616768035785793,3
31,7.1275822944366976,6.410714083723125,6.828283103629429,8.748925654684331,4.794029433696786,3
163,9.06322875008069,7.322994108308229,5.999996906889584,9.91574068558241,8.791072280391202,1
27,7.858317981207033,6.130485993952648,5.4681141069480725,4.78445464297579,5.364453151276513,3
11,7.73632603580448,9.206477824795513,7.27085611012812,8.461543498102463,5.919842163047846,3
72,9.421023382389151,5.2379917852071625,9.760363807327199,6.979671970453723,3.201265228917999,3
96,5.754875822168611,4.519229334903141,4.527948173679476,7.523003864038763,1.3024720740492834,2
32,7.849163171698539,4.738680778903929,6.905826043997129,4.10877924611166,1.8280584069531467,3
52,6.177960939668009,9.157176498531047,6.395366068944843,4.987797113357043,2.257004335798168,3
108,9.248031525285194,4.224744661999866,5.347283025992903,7.353313752444947,7.833654540357943,1
2,6.260302695003954,4.1115221885424615,5.837465442935324,5.850235179521519,3.488124984786424,3
80,7.614352003371384,9.803680478616819,4.243209924904462,4.742239351083996,6.3175942752538585,3
134,7.361497716494816,5.478682666244415,8.185360150890144,8.227360131078608,5.537872175804352,3
181,8.743465292321964,9.083558359841291,7.882589931441657,9.756900119092247,8.559107545212276,1
1,9.787212979203904,9.070065883232717,8.292357023168567,8.405249056953405,6.273500192948326,3
90,7.5092955979848846,7.733780398778967,8.575674807542242,9.548091449896535,4.0624681538130405,3
172,8.997647919627553,6.685498889464891,4.190912809435351,5.012234803869113,4.06707351808488,3
71,6.65115017753236,8.990863897322523,7.836740819085679,4.714431651134019,8.207481974651113,3
8,7.185195757873304,9.732628151512058,8.997494020745986,9.59171692377684,4.727334535944302,3
153,9.39540707068661,8.30320700840153,6.686140412906614,8.060532014037387,6.856852532439631,3
187,7.189524967658304,5.280670291878538,6.511691574659188,6.7962624993613225,5.312785219665019,3
4,7.755668506592267,6.515503461505574,9.01707935931405,8.07177083452906,3.5786816057092565,3
67,8.837230164604852,4.071061469476763,4.867143656626327,6.196520577218612,4.20958308660521,3
56,5.878938747012993,4.059894861059196,9.351570763994419,5.31287307759655,6.669566432479018,2
51,6.075566518616974,9.90528014322593,8.268913393456913,6.529918686167487,6.78732928030778,3
78,5.268288235252928,9.559180213393557,7.0455322846895925,4.46676032142704,6.529653610725161,2
108,9.248031525285194,7.647817083426374,9.328696087872004,8.33004875488485,7.187494362130802,1
1,9.787212979203904,9.285588271760187,6.568861000422071,6.344371719752637,4.057386591904981,3
54,6.513098283378771,5.213442991046164,7.518309613573408,5.749924335171043,5.131713204669718,3
190,9.635531122973106,7.188844142628679,7.939030866870213,9.772588001145174,4.278344687996128,3
114,6.668692684187668,8.333285301157957,4.9852740434309535,5.224399881678045,3.4004746818448073,3
42,7.5374678789965,9.69443305642702,9.253186713044412,5.176471215493564,6.95612780421181,3
13,6.185702896409321,8.716826674570978,6.813306643352918,5.481054743829304,6.560639701733109,3
155,9.96211257861654,5.0778453179640755,9.864214624973092,8.467619371795886,3.2771065879275083,3
177,9.97189359234124,9.292586995385626,8.262628260766482,9.345348652542054,1.324781425665587,3
53,9.687633306363871,4.849014513970048,9.064117006029676,6.691228079657247,7.094472653006361,1
78,5.268288235252928,9.063472653762785,7.056887199753566,7.232472778792492,2.4457793356420914,2
74,8.652845972151221,9.21426308237558,4.726942005191047,6.643895586345431,4.453763014824043,3
21,8.851582324214855,7.3190059073438185,4.083712109631611,7.583422690767488,8.600365401345519,1
100,5.691655429584434,6.689630465512261,9.9770219925911,8.21139859185837,3.5992675044395837,2
10,9.211645185032863,6.722904785548447,7.3330566802785,6.532947939881938,3.2579716864725667,3
56,5.878938747012993,9.877107410008934,5.70830578380216,4.441351313872029,2.844313841136235,2
190,9.635531122973106,5.82222125921122,4.712283744903573,9.255387546087745,6.300608786542143,3
116,7.027764224757414,5.45988861436354,4.537904841518226,7.9054178683069445,2.3742675124286454,3
169,6.171483148995948,8.751455622311907,9.467596297137733,6.076300312418549,8.971126989435252,3
108,9.248031525285194,8.590038901620098,7.252253624100888,5.996620052577951,1.078799017611367,3
182,7.199720940427317,5.12905367429218,8.13245099744157,9.745978340848403,3.6054022488681707,3
120,7.820647147057283,9.499869441870027,4.52675273996571,9.740857045684574,7.019836731761773,3
44,6.212218539862171,4.549449525706323,4.2717593102001326,6.268894256173705,4.385640734542257,3
27,7.858317981207033,5.555642566203858,8.9505551184064,8.197421418897315,5.566963232760745,3
43,5.460138456422569,7.1258903209688675,5.262660881902669,7.257695119782568,6.395582165649837,2
44,6.212218539862171,5.7806995345427294,7.4066650751029,5.569487023318347,4.023724620613755,3
47,9.878968344175936,6.916862862535358,6.42903247250937,6.228402281754902,4.082182354985891,3
47,9.878968344175936,8.968055006801988,9.871738075241105,4.181310125797941,7.605511680340136,1
60,9.094134577575858,7.328546743458469,9.94602222740047,6.8160486544113805,7.86769752880158,1
181,8.743465292321964,9.549698774525618,5.155790820366926,4.006387587243319,5.686167194990712,3
37,7.819731068380294,6.776073898272545,8.89544918930928,8.210081606187291,2.560093887048893,3
127,5.177872785784958,5.97284177941461,9.636928275625879,8.62097955019553,4.1226120358929315,2
98,7.596557017299794,4.199757207877909,9.286581048402212,7.298994069173386,1.0108596000670635,3
23,7.698928079306608,6.664608979943186,8.188489526556484,7.708018831477514,4.171985816149182,3
99,5.518103919721187,7.156179823913155,8.502364024567395,7.454894987475313,1.8761176550832595,2
146,6.174235528111458,5.988919062832556,5.7316591146892915,9.24481948399275,4.806957012722305,3
187,7.189524967658304,7.353097152866845,8.273086527466264,9.078906596202824,9.816212301277377,3
21,8.851582324214855,4.0761126033326045,6.119866964816829,8.812795686217685,5.703048070272238,3
190,9.635531122973106,8.076191213492102,9.22322048535209,4.675166362920324,6.091163233955532,3
197,5.065045004526871,4.777648022669371,4.156063534731216,6.672535697675568,5.791605205814942,2
40,5.825629158595894,7.1941441555916805,5.4041276308576105,8.882537668597095,3.4979976484379307,2
97,6.545569414435605,7.348886641666308,6.799203522334932,5.026406684857415,4.789984225256778,3
126,7.045080348424406,5.103813505498038,5.508318756499927,5.964564865079206,7.241387376888019,3
162,8.77868034013279,4.5719683546393215,4.5970879935521705,8.666140612663867,1.9058614232804318,3
74,8.652845972151221,6.815285798368618,8.626041512774979,5.945458450988483,1.2537676663246689,3
60,9.094134577575858,8.733356750501668,6.987080447223889,9.696166637681056,2.3482241955056464,3
25,7.093797258853025,7.80479636269493,5.3312311864879,5.499737536290591,5.4954601615711995,3
56,5.878938747012993,7.666154704301635,6.2632415159421475,5.459037313874814,6.5625500954779215,2
14,6.267339382876608,6.449810833335307,6.619355677707694,4.884267227303432,9.022689232443451,3
99,5.518103919721187,8.61240626495055,7.94874589177487,7.019104411182241,7.659016473052352,2
148,8.885898188246172,8.19155042423734,9.924028287449783,9.402714905534115,3.7243150218464645,3
46,7.092361093851638,4.407827696613755,9.575416870852816,6.57680148994355,7.735502316900358,3
69,8.717191579518087,7.739076369927286,9.803102356023633,4.028130636687173,6.2618086399606545,3
94,7.41889509745395,6.895327982008888,7.962621230238649,7.757846756348062,7.433867759940389,3
130,8.74937705872006,4.625628942507918,6.55594770073025,7.0675533751999975,6.4355007263074135,3
149,7.386394802942442,6.9442680494594775,7.872046758575475,4.92532790369541,8.012154354891543,3
45,6.901657526479581,5.503219052358878,8.12829558534425,6.590666226267071,5.746156182344987,3
109,6.3894818449493265,8.864267095793535,5.963108657742125,4.843241552510846,6.945872106296386,3
196,8.553534508523576,8.677800675691156,4.060285422246835,5.772111067543072,9.407598961495632,1
86,5.510435263150245,8.302133196732102,5.229388706800481,8.816960713245976,3.107272564330935,2
50,8.513075817465358,8.380041483523168,8.146490298256335,9.169588090255907,7.31495546351763,1
29,6.72431919506665,9.032673498309375,4.989583479997141,4.635726308992358,4.203131559010124,3
35,6.145263379412153,7.277038805483935,7.356237169677787,8.70203898968848,3.593392883036671,3
193,5.2887655777894205,6.28247792699518,4.5030257716053965,5.386634518199196,9.926793129471958,2
82,9.068979548457182,9.517938477215937,8.543527210727744,6.7340106609745245,8.185568443139182,1
118,6.375157363911033,5.8232685149858465,5.723803726499605,8.098132858732049,7.959511959087635,3
15,6.841760984788225,7.659670444373229,4.867044021606377,8.723971691743982,7.259516330887806,3
105,9.303903516638126,7.588388057598361,5.761516254585554,9.469221702653545,4.372809919888663,3
91,7.120491355129971,5.528113520691452,4.404516260035667,9.711459122810371,3.1140212122359063,3
123,5.676735244257358,6.61808298143126,8.782028126006772,9.108699755077946,4.526738791257762,2
20,9.370516078283805,7.465703412333067,5.338659910936611,8.526019381243486,6.353956378242303,3
158,5.823378789517678,4.729474213052614,9.763279421791314,4.157588800222294,7.39640936633492,2
59,9.719435463797158,4.173918082792717,9.999776130593945,4.826064073225984,9.272485676695723,1
171,7.179313818651128,4.340756613003299,6.962593387483644,4.854412221545665,2.0566539171723566,3
127,5.177872785784958,4.340444460630818,5.582100303746868,4.529567210928439,1.1060585041484228,2
152,7.998022693211064,5.877450614622416,9.730584265517809,5.95773985660103,7.237030939970041,3
18,6.424184245198106,6.771381681079616,4.6769231423835,7.758830506937423,1.6772831336374932,3
144,7.071004501426242,8.048622173354351,7.580798250972854,8.10333642168457,7.18759451784085,3
171,7.179313818651128,5.933894770228027,6.404341018906076,7.20066029181454,4.553220763241519,3
120,7.820647147057283,5.046285558232325,7.922541344328867,8.371943381520106,6.865272017159309,3
147,5.039725220460466,6.650891633757799,5.944753045164442,5.511388318846491,2.698984813568818,2
196,8.553534508523576,5.471930677177133,6.022377578078062,6.286883099228207,5.495352913881959,3
103,7.065037509667446,4.470549709651905,4.325529638101466,8.61325339793789,7.610293689147505,3
191,8.603057873628071,4.377328613946777,9.096610137432654,6.08897631081542,6.208846306653023,3
174,7.931804579191857,9.72046233343682,9.458447065330217,4.785962087734447,5.970865963821939,3
194,9.865442384060472,6.872949065876802,7.566896382839955,5.611157842854328,7.272094426066225,1
159,7.445188753749811,8.734004704160402,8.239282433956635,7.80451203006521,8.968375125426896,3
181,8.743465292321964,9.209203515694323,6.871290113647911,6.343886889461642,3.2609763351804992,3
40,5.825629158595894,8.63989822780849,8.764893001253157,7.245863938091113,6.168739721400354,2
33,7.4399086081626296,9.915619670949324,4.624714600068278,8.472433955877435,7.422435768145607,3
121,8.157822550020136,6.819881032444957,6.635230357112017,7.526919154728072,7.344599464325371,1
49,5.358528420763136,4.441890065192652,8.433077591503825,6.600643007005954,5.206122531038607,2
56,5.878938747012993,8.854636342419298,4.9074443066495945,6.167280701654717,5.820833349859312,2
44,6.212218539862171,8.36980679421827,8.702572931334192,6.9469819837912565,8.122211784865094,3
106,5.762137971030755,4.322535011496003,9.270095768676985,6.080117640220171,7.278804735759773,2
141,8.441806201837279,6.102069360709167,6.036069031974842,9.287601495948762,5.9073617259082845,3
44,6.212218539862171,7.79786436496585,7.007426114626731,4.051834956999765,4.123078152558676,3
166,8.92213468805078,4.119030171864635,7.693267912294066,9.854183958778316,5.026682566188143,3
42,7.5374678789965,8.913122324706695,7.383190752076692,5.2895072250307305,9.513830402810026,3
31,7.1275822944366976,6.191928773159281,5.395058181581815,4.566698541426614,8.483761923183934,3
192,6.529563339715336,5.611000453915398,7.094502378745525,6.671136977325309,6.4570536704412005,3
2,6.260302695003954,7.932214191394136,9.776369821455354,4.739805675098879,7.474909315154086,3
32,7.849163171698539,8.228202446100056,4.350916332659815,7.09351184019388,4.345501436074175,3
9,7.705511149037614,4.143771557899413,6.183615196324196,7.444771224523987,5.719404512313328,3
192,6.529563339715336,8.978282505872455,4.765219819960319,6.960158692099644,7.501495067948878,3
121,8.157822550020136,5.023733174468827,7.570787233990473,4.769790941798463,3.6305371282816177,3
160,5.56879781308632,7.839176346849923,9.349135415159905,7.248503561296139,8.228550874329313,2
167,8.73051685297563,6.890255576172159,4.2462059345458485,6.635386745868988,7.165836969461361,1
144,7.071004501426242,4.924387616296571,6.194559950942869,9.100462816440425,8.929275532994549,3
176,9.906808108199499,5.014372895855656,9.924330772506979,4.421044332845496,9.354441025657843,1
89,5.536028883854994,7.312129240915587,8.013016390581084,9.098574397035815,1.7774271315915273,2
62,7.781935256474705,6.8773860552098105,5.56289934221249,6.4920391689537436,1.9949110367184202,3
99,5.518103919721187,5.810620131442785,6.197359680258721,8.963612401217672,3.9535856208697875,2
102,6.332967430899628,5.069629899629961,9.166038869706362,5.5110943460595045,4.423045708919397,3
31,7.1275822944366976,5.900755094548053,8.228061435978542,9.04340871915566,7.853387182037416,3
79,9.20592812448436,5.39004988357859,8.80723158321963,5.270866843727577,9.143706616559895,1
142,8.979435422303828,5.001407311928845,4.680421417604108,4.382774325305692,4.972057261828475,3
149,7.386394802942442,4.973829885098365,8.822267691768939,8.884025621312626,3.266364378034669,3
18,6.424184245198106,7.626539057374317,9.13396775984192,7.53572347833972,4.9996217280447075,3
46,7.092361093851638,6.499529830790536,9.31161919412621,5.432652095499073,4.349938699973022,3
6,5.971433384032893,6.013409000960545,6.862025929483186,9.006262322507855,2.5625568098927394,2
111,9.80562012247282,5.539151541732636,5.102693133219797,7.613735132212069,9.983949489555888,1
144,7.071004501426242,9.959743254301552,8.12937697949033,9.79271624465965,8.061987242955604,3
49,5.358528420763136,5.110171289820392,7.493714111068008,9.590701229247786,1.2567146034381986,2
147,5.039725220460466,4.0229984580706395,8.242747545948776,4.2823037386685865,7.335815228712341,2
158,5.823378789517678,5.785926252362255,5.030132616904067,8.425526635705811,8.794064379735023,2
52,6.177960939668009,6.829266800098884,8.850079398838162,7.843062594951449,1.6629835750844053,3
102,6.332967430899628,7.258263063746293,6.807757530924961,4.661486170439095,1.9111621954654923,3
69,8.717191579518087,8.156634879870033,5.749089609688846,8.663865147928485,1.8811650253286065,3
50,8.513075817465358,7.000364111351182,4.9332676467924585,6.073470525579729,4.370023964125509,3
13,6.185702896409321,5.419928661535333,5.838249340678642,9.923799038673561,7.647558550325094,3
157,7.521769802984347,7.596638434750922,9.405029273059778,9.312719224782585,3.0351269187285563,3
77,9.78278904509287,7.800591924166339,6.155980023916536,5.634819631474251,4.1454563672135265,3
72,9.421023382389151,7.032521630489452,5.177993122872963,6.15725977006373,5.854505771427508,3
118,6.375157363911033,5.177141061642052,8.520301622045436,5.8265933367606895,6.8122790149095716,3
170,9.289793523879457,7.6332434754958065,7.111910451056451,6.728920481963902,4.621093452195952,3
140,6.712984950098588,7.912942700020427,8.707722089458843,4.604024455968782,1.2730200988133324,3
88,8.86994828308831,9.80420970857462,8.87670915293301,4.306605509451664,3.338731958297166,3
76,8.810436270289317,4.867575934554947,6.123273534580232,5.157212628331396,2.9853113705559022,3
73,8.637668421468131,5.767519861028885,7.303947804692902,8.264349592487058,1.4584678735107293,3
106,5.762137971030755,8.382370229815542,8.720292940977881,9.06415796508626,6.229344130162474,2
39,7.8403924068402695,8.222314696333061,4.981252970694596,5.242731071635006,2.019247641462136,3
45,6.901657526479581,8.9901398639776,7.87128632387743,9.83703476160337,2.0456172202370837,3
18,6.424184245198106,7.411803524374543,8.574210530487896,7.913308000876988,8.636168018295006,3
38,6.657864670871041,6.4798822955751225,6.396203847235757,8.18568018867983,7.962444931487018,3
165,6.080839371421514,8.905006872742579,5.653486563006094,5.67021474591355,2.0021815159314063,3
117,9.130128381110506,4.659452192742293,7.156952923662438,6.210667402535197,2.565946252017343,3
45,6.901657526479581,4.764646474929721,9.053501436736713,5.706521683595303,6.2189138794772845,3
171,7.179313818651128,4.294393911013243,7.951277979041249,5.864392549350182,9.440107218898964,3
64,9.380453631149415,7.2449519687984,8.854145822840513,6.014335278368996,6.954751000354363,3
192,6.529563339715336,7.540558188446449,8.648809919637898,5.195692265083185,4.796499765747344,3
104,5.157925810344389,5.9081236936682755,6.962371099891151,5.606772389767929,5.296529585085609,2
59,9.719435463797158,8.798972819744503,8.43333267451068,9.619450548703066,1.2624694417661917,3
7,9.300487360221428,8.214371124574477,7.821710169916705,7.091939724251121,8.838698402073085,1
37,7.819731068380294,9.598131801212867,6.472010011412429,7.073347546072601,5.71925258163778,3
151,6.919831463136601,8.613884656706304,4.328505164823522,9.390635880115783,8.934459480795775,3
87,5.421131620337404,7.054727827564519,6.382539044612778,4.361781255982533,1.8567371995940811,2
71,6.65115017753236,5.968516864039374,8.348910831426661,9.462539734576719,1.0342873904008272,3
41,6.593123668910263,5.499671625684626,8.332339164031715,5.109482873633065,2.5907772850413657,3
58,7.7055046755701495,4.639644198973862,5.883068972397365,5.749531057601557,7.8143190944037615,3
99,5.518103919721187,4.822471672428699,8.376067395775626,8.603728915496204,4.36792578524697,2
0,9.777418344772451,6.972849434877019,4.953718339770749,6.228379694961461,5.384046414422759,3
130,8.74937705872006,6.0982603844666805,8.236017096836644,4.214833123248273,2.571836703134532,3
65,8.044078742561966,8.926051366552155,4.000970584474554,6.382594930914442,5.532858792268595,3
54,6.513098283378771,7.46102185291201,7.12959527627774,4.730564795915086,5.4259588998594905,3
83,9.37492609647757,4.705308018877854,4.133402582312589,6.535786140397497,7.325532760654959,1
32,7.849163171698539,7.858039890178637,8.982848406823866,7.3400277398477884,8.258965545035934,3
124,8.611318444078583,4.522539906672313,4.7498028598972,6.3935310876518106,3.822786023346403,3
63,6.739804860421499,8.708609787725878,9.977832400598938,4.292714666516388,4.425069306334552,3
76,8.810436270289317,6.181787805090183,5.971625102362328,5.1608390097923245,2.2156885477446355,3
88,8.86994828308831,5.237548940449434,9.294172142826477,5.957366134699479,9.364752319303449,1
1,9.787212979203904,7.070318279320409,6.730287116223427,9.804574142612909,8.267951701504167,1
139,9.379500562747698,4.212888202935795,8.81522508893104,5.371586832011846,9.83010836507263,1
152,7.998022693211064,4.737716031194537,5.294989994845287,7.133125281482452,9.97913627542443,3
16,9.356087116026146,6.940747631736144,5.97319703014828,6.919515712755744,4.200129816784438,3
80,7.614352003371384,8.348980645258143,4.8346163007739165,7.896527091644527,5.7525678927643895,3
2,6.260302695003954,7.154446276249623,4.033567771092652,6.00358254416604,1.7306168811839309,3
131,6.783551822346323,4.990955174172981,7.921277808475775,9.191005036284142,1.873223488660393,3
124,8.611318444078583,7.174743994847777,5.438235632768226,4.615179913969541,8.864700693401588,1
105,9.303903516638126,4.940342857960503,5.428897102123476,6.627959742768794,3.5922844997126346,3
173,5.163026931482154,8.886170691446559,9.24396093504264,6.2396719634139215,1.5817160457171309,2
112,7.937974381112131,7.174395713989433,9.325995006414733,8.21793667055239,3.0601356700503364,3
188,6.121514538029192,6.475556196412196,7.827884349420585,8.133341680818912,1.2964556596997945,3
59,9.719435463797158,4.560217301783435,9.609174698147267,9.828258280849713,2.7710145000133277,3
101,8.400102079500225,8.06585310635435,7.927995667236521,4.967236759526486,9.336400725870837,1
38,6.657864670871041,6.966133403285253,7.491374834828939,8.274405906408845,3.254027751079126,3
183,8.728111041466894,6.411504541304422,4.396932818014095,9.300343385895808,9.59236847446171,1
71,6.65115017753236,8.841490677502673,4.611947141713426,5.454189360636882,7.942362414738825,3
121,8.157822550020136,8.591424568490403,9.580366356259837,6.235075992726901,2.460413647971716,3
67,8.837230164604852,6.327311795298648,9.080118231630435,8.146261399587354,3.5704160129702665,3
75,9.320207338150581,9.361797675562709,6.924661893725374,8.228519657007705,3.081192941439653,3
151,6.919831463136601,9.378561458994566,8.174409462916538,6.3794937826021,2.707129195916428,3
109,6.3894818449493265,4.968150683360704,8.017667158440634,6.720880185013581,2.823003926966442,3
64,9.380453631149415,6.791665960070211,8.771619541676094,4.7996124360752646,4.095516462482557,3
22,7.577113673932021,7.948361930449046,9.134701550476942,9.136451988734638,4.965549925416639,3
19,8.595347545871899,8.893025125663044,9.725747774481093,7.278890934682048,8.71850372136231,1
34,7.015412542591401,8.395992806851218,9.829034522590387,5.113930808585027,4.065679309303305,3
129,6.670095323391459,8.351108872260177,9.07807663023593,6.7632353916343835,4.784478018206354,3
172,8.997647919627553,5.513445329252384,7.56618662724188,5.261687540356821,4.032545777155891,3
28,6.362776698210371,4.580623769229254,5.121196885189913,4.9488782679290555,4.660006275742825,3
112,7.937974381112131,7.75291556412122,9.51374091182948,7.532812901212223,7.58633458166841,3
32,7.849163171698539,8.507570245636456,9.142743735315257,4.487587996681684,3.107826668170243,3
188,6.121514538029192,5.850763722684299,5.656653122223237,4.280359741554173,8.500658399876444,3
165,6.080839371421514,8.448740535469263,7.039399751284833,8.829612488208488,2.7635556082219064,3
187,7.189524967658304,5.0656649739355775,7.034716787290199,9.704031444398247,1.6568617435254407,3
82,9.068979548457182,5.049149519259024,6.025537682659266,5.056263976983088,8.605463575098835,1
170,9.289793523879457,9.915092172534246,9.063714175208393,5.957449362116987,8.723083255252583,1
145,6.652801108216075,5.659388267721035,5.382977827039614,8.365421169571668,4.4511335832134495,3
56,5.878938747012993,7.161121759002966,9.046332256557806,9.55740346852783,4.863137865109859,2
93,7.405793470280351,5.1861752754648185,6.478819638737275,8.986848681315536,7.074631519686591,3
127,5.177872785784958,7.57901178928798,8.92293714337869,6.714829936475278,8.658649151863823,2
190,9.635531122973106,4.137356192945124,6.063164163380519,5.3045276961258265,7.117914802857073,1
132,5.387755553572226,4.5651697627437136,7.662641886409524,9.900554750260168,1.5603801009295268,2
134,7.361497716494816,8.019944121387658,8.44744426875455,9.617109569375163,2.191472087806768,3
115,6.820012886411879,9.831936177632702,9.2364462067335,7.346103048320239,8.2868948726248,3
110,6.925424588717922,4.976172349702517,8.779042965931545,7.712825195690231,8.802653432520799,3
140,6.712984950098588,7.921947667864972,5.1001781417236876,7.800817777394583,2.211603549197307,3
123,5.676735244257358,5.162884088521781,6.458632742655489,6.952940833786926,8.59935680039367,2
120,7.820647147057283,7.375463151734618,6.49621552990872,9.474429606292405,9.15769231429709,3
138,8.129410475725908,9.55189913468421,9.744077858572004,9.616058353960657,5.125870054943371,3
103,7.065037509667446,7.61547578121516,5.357982188187482,8.024771148489883,6.6721181113944965,3
103,7.065037509667446,5.2049206837101165,8.807738802974287,6.231128657702575,5.05488207079331,3
126,7.045080348424406,4.139333919062029,9.348793224315207,4.610580467108637,9.384280532723642,3
172,8.997647919627553,8.13019505684684,8.709772893445763,7.352430184928668,6.482196309831926,3
116,7.027764224757414,9.109806582420752,6.165673038069444,4.0999105231631,7.3379072339320555,3
89,5.536028883854994,8.942088150268635,4.347469997208032,8.35795298701131,8.240517795481097,2
160,5.56879781308632,6.014293482784592,5.303219380694673,5.787162541945242,7.486392213406528,2
158,5.823378789517678,9.034942109500022,5.199613587203219,5.531483264448809,9.637469763865509,2
172,8.997647919627553,8.73410252264907,7.808074256901586,9.133185984604099,4.423041953120083,3
32,7.849163171698539,4.370733713936772,8.742433672241258,9.355450520661677,5.473364082095082,3
39,7.8403924068402695,6.796887852781954,8.817951716545707,4.3001972459581514,4.149980323020245,3
164,7.138099984312166,5.821215916419133,4.156349686194457,6.144913521693109,1.6082155858820506,3
9,7.705511149037614,4.103483118486544,8.049664264444768,9.066839388786608,9.312990052283338,3
172,8.997647919627553,6.1771207818974965,4.2383764648864055,8.17303982020352,6.469165212022008,3
116,7.027764224757414,7.907905877556612,7.1995677550132875,6.65955299630453,2.3234350294964954,3
115,6.820012886411879,5.644765257508217,4.932656782161294,9.939225960773076,2.045931163459042,3
193,5.2887655777894205,8.357848869706807,4.8942954146068285,9.685453097238723,1.7503382536545562,2
175,7.336466630010693,8.786385628326844,4.810554353906177,8.464312184699207,8.059263713089571,3
113,8.015168388769721,9.961768554635716,7.093312593590554,8.056952329518271,2.70900298810275,3
185,6.458346353748869,6.542855834783238,6.760618316078963,8.79329223636052,7.188788568290418,3
155,9.96211257861654,8.870303453812074,6.649820119370371,6.0955119489906515,1.9379309910376974,3
171,7.179313818651128,9.996367362213043,6.225307032745259,4.8805837019281215,4.8050564504594035,3
58,7.7055046755701495,4.489919028851896,5.912728982284033,5.954580262358402,8.952779346490466,3
49,5.358528420763136,4.862055457894154,6.322148640774165,5.285214677575322,5.510808774304941,2
88,8.86994828308831,4.715301785403992,5.021832068514911,8.142390719745656,9.945597432437907,1
199,6.498710438386006,4.839468291654451,4.540851756580292,9.434926074821266,3.4980606891325023,3
167,8.73051685297563,8.772353408398331,8.172579159810066,7.240972891239747,7.293160125103877,1
58,7.7055046755701495,4.068276625788824,4.748120271372108,9.524807212801367,2.6045420862122812,3
180,6.227527990095866,8.911735836344727,6.277037237063091,9.911662464477116,9.797084918415663,3
128,8.0024055865564,9.989543088154818,6.960349475230318,7.79902615543595,1.694326920599234,3
176,9.906808108199499,4.573863124513475,7.694661384382429,6.836408203072184,3.884578691702511,3
51,6.075566518616974,7.693371019024019,4.012631631902228,9.301281261585695,7.220348824715408,3
188,6.121514538029192,4.807826113002015,5.229933095058113,6.465383261197431,3.6685605967924637,3
144,7.071004501426242,9.18155520893346,8.712291767687418,6.843641823924939,4.632610875340611,3
21,8.851582324214855,6.388716447755044,6.682609691584657,6.818154503092858,5.2525361531366315,3
124,8.611318444078583,9.214198977137698,6.385073591982317,8.806778104799395,2.7418223901455354,3
160,5.56879781308632,6.3001590534944425,8.937112986317517,4.124766745095866,5.561651156811324,2
18,6.424184245198106,4.498615185645505,8.755097307594884,7.555020504561654,4.9966479172584295,3
144,7.071004501426242,6.308350814195862,6.813450165383416,9.731669310922053,2.758555622443877,3
76,8.810436270289317,6.407523778897985,9.43590780922357,6.347725766224529,7.884761516891507,1
65,8.044078742561966,9.118209779238764,9.122486939965341,9.135710169767314,5.544213776635273,3
158,5.823378789517678,8.911020425424594,8.001387038918573,5.797412384116912,3.48432348619507,2
149,7.386394802942442,6.322273859094085,7.455386698462453,5.628751968199516,4.270249625366451,3
106,5.762137971030755,9.241177600558844,5.749503324057212,4.010215715050427,5.882649721047494,2
39,7.8403924068402695,5.1440232874243215,5.829661477948521,4.422731835704338,9.257487859073303,3
194,9.865442384060472,5.640051367981231,7.068617231839787,7.1636458829202025,9.81310669847281,1
81,7.123155729785311,5.481423670671591,7.376200143850239,7.541338366140492,8.324215661476128,3
97,6.545569414435605,5.1508563383296035,6.328324015472756,6.126055649502334,5.9547648346464115,3
3,7.443652740400783,9.908184327616498,7.28986935272284,7.711947969952332,7.018993963169566,3
62,7.781935256474705,5.521596473771204,4.823093717860831,8.805748212013956,9.763913588592356,3
31,7.1275822944366976,7.703472099618683,7.855467541881421,7.408369573732232,5.376955975801547,3
43,5.460138456422569,7.418288918838106,7.755591544820242,5.966651911946018,4.406225259554848,2
124,8.611318444078583,9.656687832874692,8.691223543507178,5.889977574472096,8.968098982260749,1
105,9.303903516638126,8.958829924847691,4.9650781425542885,6.870718970890734,3.2239728066186677,3
30,7.199787423195821,6.4218488978818575,8.509281337084705,4.995180225823835,8.896211414824755,3
158,5.823378789517678,7.6876228605087,5.036622438753685,8.737276665609965,1.2360764285681687,2
11,7.73632603580448,9.983903272382069,9.338888152552066,9.094714360919292,1.9670290693060895,3
148,8.885898188246172,9.883909741726919,6.611547677871146,4.637816297722807,2.296735873752544,3
114,6.668692684187668,8.30893585769315,5.089204391710312,5.811825462939349,7.148914803159814,3
185,6.458346353748869,6.974654043204053,6.99511473181742,6.238616407507996,9.621083383462697,3
152,7.998022693211064,6.41598917030186,5.993622454378652,9.683875649714178,5.561881280679078,3
64,9.380453631149415,9.591066239291587,7.116687972483836,7.909190008619764,6.779876426879496,3
173,5.163026931482154,9.613068671819935,8.032394988073648,5.337330798417339,8.55915428008186,2
28,6.362776698210371,7.970038931122959,9.65997805988801,9.591335199027647,2.2416113447546793,3
10,9.211645185032863,6.5442990317443135,7.269990373374943,7.769211185917292,3.7216500944442137,3
142,8.979435422303828,8.62423773339383,7.665322256802809,6.029382200198082,3.6474114311072103,3
62,7.781935256474705,5.359190183290212,9.370418392561785,8.140400305105198,9.241253317297604,3
71,6.65115017753236,8.618953828885056,6.597121432326572,8.517004740418162,8.526646715547066,3
173,5.163026931482154,6.966017944263228,6.315422883655356,9.24462207867414,6.991143400921183,2
83,9.37492609647757,6.742269119164704,5.273288136090703,8.961489884129737,4.012781194588286,3
190,9.635531122973106,7.14939580206063,9.859885694037153,4.084384191316076,5.529838277784857,3
11,7.73632603580448,4.025041241879087,6.009525851640799,4.538249112337195,3.95574829138081,3
2,6.260302695003954,8.466278343879296,9.249696556957586,6.754976765817819,7.398144421219331,3
188,6.121514538029192,5.498982215614073,8.970488294305678,9.199523582815651,6.345090866945787,3
167,8.73051685297563,4.059125510369788,5.198173410525865,8.995641648537486,8.135594582361595,1
10,9.211645185032863,8.893560493791526,6.387656619762914,8.237105290310264,7.763891770210828,1
55,6.930256875651047,5.8305045173852665,8.3293416661894,4.142668817073171,1.5451056554181677,3
2,6.260302695003954,6.294373123328763,6.249139270692816,9.934907070119824,9.689031987945867,3
186,5.061365127664093,7.2631574826338925,7.286390942762934,8.908080004858071,9.262184051039439,2
44,6.212218539862171,6.665685295949155,8.815581717212599,8.57110154429021,7.914297910028624,3
160,5.56879781308632,7.8349728389122495,8.105395397265344,9.693988794448304,5.3002929771936635,2
106,5.762137971030755,6.768056277010094,4.039282967513227,4.193062322834134,5.050616183851937,2
99,5.518103919721187,7.263749539367443,9.120223852275796,8.603001420323533,6.446071873559194,2
0,9.777418344772451,9.279301121913907,7.072726743503144,9.965681792192395,3.3271023019167147,3
25,7.093797258853025,5.630962833214623,9.13547977655684,9.837270276601503,7.127624240933072,3
40,5.825629158595894,4.296594122496195,7.006080712028081,4.573059883315606,7.777530148355431,2
36,7.134912483591247,7.879895720669467,6.436446198051554,8.540260975021134,8.305951004478164,3
44,6.212218539862171,6.603047957449143,9.689764844156556,6.590752715745481,6.446273225931003,3
9,7.705511149037614,6.076901156938881,8.105860482063331,7.009027541729893,3.0247450773874305,3
16,9.356087116026146,6.788119175000752,5.601875603922048,8.981461453454093,2.9685449423817447,3
173,5.163026931482154,4.303253464969062,8.335653603239962,6.560102283556411,8.02496420464912,2
111,9.80562012247282,5.840457226682316,8.419567656134872,9.565126762820015,8.33597762084118,1
128,8.0024055865564,9.958690826363329,5.975849763560868,5.485545480500928,8.925618325585981,1
152,7.998022693211064,7.687437810724099,7.621137613494515,5.247260773838565,7.750508636050521,3
87,5.421131620337404,6.904881864718623,5.4264219809055865,7.2581051267708006,3.5188807328722147,2
49,5.358528420763136,8.41941299768365,7.765382525128511,5.583702560104211,3.682150584979751,2
0,9.777418344772451,6.164721949770278,6.956152584863888,4.205015628793021,1.6308359452998564,3
189,6.171206606958627,6.06435738016761,9.067280472140537,8.639986776089266,3.199524583114146,3
199,6.498710438386006,5.804005208879186,6.005907710536956,7.390996774845691,4.882849703632881,3
173,5.163026931482154,8.899165102176582,7.603008512144342,9.56046574620431,8.38176836183661,2
83,9.37492609647757,9.987378164856263,5.471427126722747,4.356839536889805,2.4916655560206427,3
9,7.705511149037614,7.574222064584153,5.544414160195902,6.580749285487101,5.957388902502538,3
84,9.461275981281013,7.848581206707656,8.457829037907011,7.915291239794208,6.468600084855491,3
32,7.849163171698539,6.800999059423447,4.143551688568591,6.9754829457243,8.37840939570172,3
40,5.825629158595894,4.252899779160769,6.073977837053021,7.200843178689307,3.2634502766553357,2
53,9.687633306363871,9.767079039515869,7.978210156889028,7.252253966934457,2.690819208409065,3
199,6.498710438386006,4.133117130072405,6.99739907493006,9.54267203519974,4.526922934808656,3
60,9.094134577575858,4.389431188238799,4.606009395627895,6.66318378643053,6.535754532854849,3
87,5.421131620337404,7.241694667913366,9.959049906896734,8.006898848922622,3.517291825161065,2
117,9.130128381110506,7.579969485887388,9.201085246961489,5.486805113194866,1.976407890805201,3
81,7.123155729785311,4.691845919814506,9.120370609512078,8.042965469902407,3.269895566599073,3
135,6.366789658217469,8.775325052666698,4.726102410972747,5.456570557584397,1.1330080799134814,3
73,8.637668421468131,4.139693987591274,8.423129668416784,7.511265042316387,2.52142661997902,3
153,9.39540707068661,7.14028997038611,4.4966224452286925,8.11893390856303,1.8166966086944423,3
108,9.248031525285194,7.863268522515899,4.961193285852241,8.274495235170196,5.299148123412241,3
68,7.761228768767385,5.910017920283877,5.862944365752993,7.957295107816483,5.058597122238647,3
19,8.595347545871899,4.435363242802681,9.509929581472086,7.761064660892493,9.041405069893706,1
16,9.356087116026146,7.426407449502893,9.430362037652165,6.827876490679575,8.955971075184298,1
75,9.320207338150581,6.187391627935643,4.647488776933973,8.23659405717775,6.048783025451186,3
50,8.513075817465358,7.521844947916213,7.097560361037785,6.422424877858715,1.7381751736637872,3
101,8.400102079500225,4.685941378535792,6.7868659144249985,6.269801833878252,9.254999677207545,1
54,6.513098283378771,5.469439462144843,5.157738473982812,6.433841490000711,4.168686232739216,3
158,5.823378789517678,7.3808376466758165,9.504764624932722,4.884207042051653,2.8624845138556525,2
67,8.837230164604852,4.450442934934887,8.84704803272929,5.096037218418802,2.9562882833670576,3
65,8.044078742561966,6.930631914071505,5.188716453890877,9.942014683803114,6.726822806566644,3
134,7.361497716494816,8.505550835430633,5.236992374607395,5.463953994414313,9.326737995279233,3
190,9.635531122973106,8.667207404567963,7.683457211250715,8.841137954847426,9.614411457681555,1
182,7.199720940427317,5.775405441397238,9.023205110308488,4.466016294252909,2.0132705317172865,3
183,8.728111041466894,5.689837097419897,4.6340885498133995,8.72636816199321,7.637874593999938,1
14,6.267339382876608,7.4992185844373385,9.947249524838238,7.9814705186018315,9.051264831445241,3
58,7.7055046755701495,5.946611240175168,7.46101548862945,9.072657750599419,2.082622074495747,3
182,7.199720940427317,9.250864786836921,6.764393561346582,4.065182359916818,7.054999084025305,3
185,6.458346353748869,7.877355390192122,4.917060294753435,7.202332211124527,5.504600259717385,3
122,7.2602941274075325,4.408181163910967,4.727464474072953,6.99799047840648,8.443584308551316,3
72,9.421023382389151,6.7394312656638835,4.58281840290135,8.315518714326213,9.08339016795743,1
4,7.755668506592267,5.507871992257864,5.770734913756515,9.495466871546004,3.768985705012532,3
187,7.189524967658304,5.942933937141555,9.750451793044814,6.390331411174261,4.01259708256115,3
96,5.754875822168611,7.770668908679738,7.552082687388063,6.56364960724175,2.251602399643091,2
131,6.783551822346323,7.170327093542218,4.516842778526715,4.614612522539923,4.580937022812607,3
98,7.596557017299794,6.349374816041604,5.786893487883015,9.124116123496153,8.637545702498468,3
134,7.361497716494816,4.909834393864126,4.0267049180861525,6.602171718023003,4.923102498091502,3
116,7.027764224757414,4.779601872464021,7.185427989033964,5.5913543243096075,5.218692158247978,3
130,8.74937705872006,4.112300284852455,8.1624036297376,8.264011862423146,8.111474867688333,1
135,6.366789658217469,7.493118963745635,9.707445441149744,6.327722707585165,9.413137274289452,3
163,9.06322875008069,8.503127221855173,9.104519330601768,7.309337240082529,8.852305560818952,1
151,6.919831463136601,7.388584434109777,7.78961795079571,5.32120512473451,5.120494381515624,3
133,6.258708798275734,9.587527079422696,4.089149952553925,6.35242723625015,5.7856429562444625,3
30,7.199787423195821,4.8645470859332995,8.412710009097804,4.78177346291451,5.787430619089807,3
104,5.157925810344389,4.5470718405629205,8.216370479617034,8.286783402015931,4.326329744292579,2
51,6.075566518616974,4.223645317379035,8.885863197467001,4.4849534041018355,6.629472280127096,3
97,6.545569414435605,6.636209899946533,5.3075512671052145,4.325995117776232,3.7703431807517784,3
196,8.553534508523576,7.9540958285780725,4.424624318616803,4.475503373171316,9.9248640924165,1
10,9.211645185032863,8.40810705817835,4.885821274244252,9.016947960626624,4.554916467102127,3
116,7.027764224757414,8.017193700225457,5.0192786484347565,7.398994650834659,7.508326413627359,3
28,6.362776698210371,7.587242990924859,4.101337152373002,8.61587809202726,2.379870198699309,3
12,7.189200037734564,5.864838134196434,8.826017822966678,8.15938616596702,2.9060995041109643,3
115,6.820012886411879,5.268059528371198,7.041952924860095,5.958873799551045,1.283442337726234,3
199,6.498710438386006,4.873048551214685,4.972576648334655,6.768883529035122,7.907893200199798,3
96,5.754875822168611,4.793476571619174,9.96446331086644,6.000381191964661,8.515608878251207,2
174,7.931804579191857,6.806021000665865,6.268872900538135,6.143687059490015,6.537418513214751,3
41,6.593123668910263,6.604586700990535,9.51101577625386,5.61773942463101,6.207623797986876,3
77,9.78278904509287,9.933959013170043,5.489537652274803,7.7902993625409085,1.547045832036882,3
32,7.849163171698539,4.820933004732769,7.411322991817725,4.467048988304098,5.602211322560369,3
0,9.777418344772451,7.108373374759192,9.603552398608329,8.837339441781776,8.703473003856924,1
35,6.145263379412153,5.897460501400946,6.357999650946287,6.540722561844461,8.205130961509798,3
168,7.510111025824367,9.886198454627255,4.868502571850998,7.737693172242121,9.97047470453305,3
48,8.688393709843488,4.670916537823613,9.677432723296508,9.835612752930796,4.43778871406736,3
192,6.529563339715336,6.708125312075547,7.0683961549681396,7.19741230210482,7.514846158866283,3
20,9.370516078283805,8.045680679721038,8.779370428131218,9.335753715623202,8.303140132588567,1
127,5.177872785784958,9.040034892327553,5.412292198948708,4.584360623427832,7.400466875424484,2
199,6.498710438386006,4.297571547163686,8.7286234005842,7.363673385498201,8.463537060222102,3
170,9.289793523879457,6.419040228423981,9.985560028805383,6.090266622858046,8.460225679282495,1
101,8.400102079500225,7.330527743087413,9.802522558309722,5.297278369532226,8.142977887030536,1
11,7.73632603580448,8.340832323574084,5.144897677143033,4.20569782800521,2.655394278366939,3
32,7.849163171698539,7.362377513102482,4.0399500569213425,8.210641964101884,3.6054675004984817,3
161,5.8244389685826174,5.8452744949068185,8.11872397600872,6.011388824283235,2.7407766327004204,2
13,6.185702896409321,7.325743310006375,7.944725718056423,5.231071719638809,5.555182916960788,3
59,9.719435463797158,5.038724653172191,4.089238784177765,5.870801476951601,2.9125925599419844,3
86,5.510435263150245,6.680407082849985,4.244801340207452,9.419426907041025,3.409706991775807,2
114,6.668692684187668,7.126992133701211,5.485547656815605,5.918558132728258,6.611037324518297,3
88,8.86994828308831,9.119564516065502,8.098903757487001,6.040890047819021,4.427036705463424,3
82,9.068979548457182,8.49346284596057,8.514058157515805,5.947540476874721,8.662387698690477,1
97,6.545569414435605,8.753212801465441,6.018709327159115,8.357220582059945,5.109972419471403,3
175,7.336466630010693,4.709439819810698,8.25052803269519,5.318272060027227,5.648787708133064,3
36,7.134912483591247,8.121907981935266,5.286176898607402,4.711106139650889,8.608974488212707,3
114,6.668692684187668,6.443223772700955,5.225529615014926,8.167289269087608,1.7900673064165766,3
51,6.075566518616974,6.427560229049135,9.226725709301586,7.43122555921542,7.607683383325745,3
4,7.755668506592267,7.429698359932353,6.9376324155122955,5.433755144946432,8.729254188846777,3
