match_id,overs_remaining,wickets_down,current_run_rate,target_score,win_probability
6a7fa1bcd3a7ec788d633e5f,19,1,6,185,0
6a7fa1bcd3a7ec788d633e5f,18,1,5.5,185,0
6a7fa1bcd3a7ec788d633e5f,17,1,7.333333333333333,185,0
6a7fa1bcd3a7ec788d633e5f,16,1,7.75,185,0
6a7fa1bcd3a7ec788d633e5f,16,1,8,185,0
6a7fa1bcd3a7ec788d633e5f,15,2,8,185,0
6a7fa1bcd3a7ec788d633e5f,14,2,8,185,0
6a7fa1bcd3a7ec788d633e5f,13,2,7.428571428571429,185,0
6a7fa1bcd3a7ec788d633e5f,12,2,7.125,185,0
6a7fa1bcd3a7ec788d633e5f,11,3,7.222222222222222,185,0
6a7fa1bcd3a7ec788d633e5f,10,4,6.9,185,0
6a7fa1bcd3a7ec788d633e5f,9,4,7.636363636363637,185,0
6a7fa1bcd3a7ec788d633e5f,9,4,7.7272727272727275,185,0
6a7fa1bcd3a7ec788d633e5f,8,4,8.5,185,0
6a7fa1bcd3a7ec788d633e5f,7,4,8.538461538461538,185,0
6a7fa1bcd3a7ec788d633e5f,6,5,8.071428571428571,185,0
6a7fa1bcd3a7ec788d633e5f,6,5,8.142857142857142,185,0
6a7fa1bcd3a7ec788d633e5f,5,5,7.733333333333333,185,0
6a7fa1bcd3a7ec788d633e5f,4,5,7.75,185,0
6a7fa1bcd3a7ec788d633e5f,3,6,7.588235294117647,185,0
6a7fa1bcd3a7ec788d633e5f,2,6,8.166666666666666,185,0
6a7fa1bcd3a7ec788d633e5f,1,6,8.263157894736842,185,0
6a7fa1bcd3a7ec788d633e63,19,0,7,172,1
6a7fa1bcd3a7ec788d633e63,18,0,10,172,1
6a7fa1bcd3a7ec788d633e63,17,0,11.666666666666666,172,1
6a7fa1bcd3a7ec788d633e63,16,0,10.25,172,1
6a7fa1bcd3a7ec788d633e63,15,0,11,172,1
6a7fa1bcd3a7ec788d633e63,14,1,11,172,1
6a7fa1bcd3a7ec788d633e63,13,2,11,172,1
6a7fa1bcd3a7ec788d633e63,12,3,10.5,172,1
6a7fa1bcd3a7ec788d633e63,11,3,10.444444444444445,172,1
6a7fa1bcd3a7ec788d633e63,10,3,10.2,172,1
6a7fa1bcd3a7ec788d633e63,9,3,10.363636363636363,172,1
6a7fa1bcd3a7ec788d633e63,8,3,10.416666666666666,172,1
6a7fa1bcd3a7ec788d633e63,7,3,10.538461538461538,172,1
6a7fa1bcd3a7ec788d633e63,6,5,10.571428571428571,172,1
6a7fa1bcd3a7ec788d633e63,5,5,10.466666666666667,172,1
6a7fa1bcd3a7ec788d633e63,4,5,10.5,172,1
6a7fa1bcd3a7ec788d633e67,19,0,15,170,1
6a7fa1bcd3a7ec788d633e67,18,0,12,170,1
6a7fa1bcd3a7ec788d633e67,17,0,13,170,1
6a7fa1bcd3a7ec788d633e67,16,2,11,170,1
6a7fa1bcd3a7ec788d633e67,15,3,10,170,1
6a7fa1bcd3a7ec788d633e67,14,3,11,170,1
6a7fa1bcd3a7ec788d633e67,13,3,10.571428571428571,170,1
6a7fa1bcd3a7ec788d633e67,12,3,9.875,170,1
6a7fa1bcd3a7ec788d633e67,11,3,9.11111111111111,170,1
6a7fa1bcd3a7ec788d633e67,10,4,8.6,170,1
6a7fa1bcd3a7ec788d633e67,9,4,8.090909090909092,170,1
6a7fa1bcd3a7ec788d633e67,8,5,8.583333333333334,170,1
6a7fa1bcd3a7ec788d633e67,7,5,8.153846153846153,170,1
6a7fa1bcd3a7ec788d633e67,6,5,7.928571428571429,170,1
6a7fa1bcd3a7ec788d633e67,5,5,8,170,1
6a7fa1bcd3a7ec788d633e67,5,5,8.066666666666666,170,1
6a7fa1bcd3a7ec788d633e67,4,5,8.375,170,1
6a7fa1bcd3a7ec788d633e67,3,5,8.588235294117647,170,1
6a7fa1bcd3a7ec788d633e67,2,6,8.833333333333334,170,1
6a7fa1bcd3a7ec788d633e67,1,6,8.842105263157896,170,1
6a7fa1bcd3a7ec788d633e6b,19,0,15,150,1
6a7fa1bcd3a7ec788d633e6b,18,0,11.5,150,1
6a7fa1bcd3a7ec788d633e6b,17,1,10.666666666666666,150,1
6a7fa1bcd3a7ec788d633e6b,16,1,10,150,1
6a7fa1bcd3a7ec788d633e6b,15,1,10.8,150,1
6a7fa1bcd3a7ec788d633e6b,14,1,10.5,150,1
6a7fa1bcd3a7ec788d633e6b,14,1,10.666666666666666,150,1
6a7fa1bcd3a7ec788d633e6b,13,1,10.571428571428571,150,1
6a7fa1bcd3a7ec788d633e6b,12,1,10.25,150,1
6a7fa1bcd3a7ec788d633e6b,11,2,10,150,1
6a7fa1bcd3a7ec788d633e6b,10,3,9.9,150,1
6a7fa1bcd3a7ec788d633e6b,9,3,9.818181818181818,150,1
6a7fa1bcd3a7ec788d633e6b,9,3,9.909090909090908,150,1
6a7fa1bcd3a7ec788d633e6b,8,4,9.666666666666666,150,1
6a7fa1bcd3a7ec788d633e6b,7,4,9.692307692307692,150,1
6a7fa1bcd3a7ec788d633e6b,7,4,9.76923076923077,150,1
6a7fa1bcd3a7ec788d633e6b,6,4,9.571428571428571,150,1
6a7fa1bcd3a7ec788d633e6b,6,4,9.642857142857142,150,1
6a7fa1bcd3a7ec788d633e6b,5,4,9.8,150,1
6a7fa1bcd3a7ec788d633e6b,4,4,9.5,150,1
6a7fa1bcd3a7ec788d633e6f,19,0,3,149,1
6a7fa1bcd3a7ec788d633e6f,18,0,5.5,149,1
6a7fa1bcd3a7ec788d633e6f,17,1,6.666666666666667,149,1
6a7fa1bcd3a7ec788d633e6f,16,2,6,149,1
6a7fa1bcd3a7ec788d633e6f,15,2,5.8,149,1
6a7fa1bcd3a7ec788d633e6f,14,2,5.833333333333333,149,1
6a7fa1bcd3a7ec788d633e6f,13,2,6.857142857142857,149,1
6a7fa1bcd3a7ec788d633e6f,12,2,7.375,149,1
6a7fa1bcd3a7ec788d633e6f,11,2,8.222222222222221,149,1
6a7fa1bcd3a7ec788d633e6f,10,2,8.7,149,1
6a7fa1bcd3a7ec788d633e6f,9,2,8.545454545454545,149,1
6a7fa1bcd3a7ec788d633e6f,8,3,8.5,149,1
6a7fa1bcd3a7ec788d633e6f,7,3,8.153846153846153,149,1
6a7fa1bcd3a7ec788d633e6f,6,3,7.785714285714286,149,1
6a7fa1bcd3a7ec788d633e6f,5,3,7.8,149,1
6a7fa1bcd3a7ec788d633e6f,4,3,7.5625,149,1
6a7fa1bcd3a7ec788d633e6f,3,3,8.235294117647058,149,1
6a7fa1bcd3a7ec788d633e6f,2,4,8.333333333333334,149,1
6a7fa1bcd3a7ec788d633e73,19,0,3,199,0
6a7fa1bcd3a7ec788d633e73,18,2,6.5,199,0
6a7fa1bcd3a7ec788d633e73,17,2,5.666666666666667,199,0
6a7fa1bcd3a7ec788d633e73,16,2,6.25,199,0
6a7fa1bcd3a7ec788d633e73,15,4,6,199,0
6a7fa1bcd3a7ec788d633e73,14,4,5.5,199,0
6a7fa1bcd3a7ec788d633e73,13,4,6.714285714285714,199,0
6a7fa1bcd3a7ec788d633e73,12,5,6.75,199,0
6a7fa1bcd3a7ec788d633e73,11,5,6.333333333333333,199,0
6a7fa1bcd3a7ec788d633e73,10,5,6.8,199,0
6a7fa1bcd3a7ec788d633e73,9,5,6.7272727272727275,199,0
6a7fa1bcd3a7ec788d633e73,8,5,7.333333333333333,199,0
6a7fa1bcd3a7ec788d633e73,7,5,7.615384615384615,199,0
6a7fa1bcd3a7ec788d633e73,6,5,7.571428571428571,199,0
6a7fa1bcd3a7ec788d633e73,5,5,7.6,199,0
6a7fa1bcd3a7ec788d633e73,4,6,7.75,199,0
6a7fa1bcd3a7ec788d633e73,3,6,8.058823529411764,199,0
6a7fa1bcd3a7ec788d633e73,2,6,8.333333333333334,199,0
6a7fa1bcd3a7ec788d633e73,1,6,8.210526315789474,199,0
6a7fa1bcd3a7ec788d633e77,19,0,11,175,0
6a7fa1bcd3a7ec788d633e77,18,0,7,175,0
6a7fa1bcd3a7ec788d633e77,17,0,7.666666666666667,175,0
6a7fa1bcd3a7ec788d633e77,16,0,6.75,175,0
6a7fa1bcd3a7ec788d633e77,15,0,6.8,175,0
6a7fa1bcd3a7ec788d633e77,14,1,6.666666666666667,175,0
6a7fa1bcd3a7ec788d633e77,14,1,6.833333333333333,175,0
6a7fa1bcd3a7ec788d633e77,13,1,7.285714285714286,175,0
6a7fa1bcd3a7ec788d633e77,12,1,7.375,175,0
6a7fa1bcd3a7ec788d633e77,11,1,6.666666666666667,175,0
6a7fa1bcd3a7ec788d633e77,10,1,6.3,175,0
6a7fa1bcd3a7ec788d633e77,9,2,6.454545454545454,175,0
6a7fa1bcd3a7ec788d633e77,8,2,6.833333333333333,175,0
6a7fa1bcd3a7ec788d633e77,7,2,7.153846153846154,175,0
6a7fa1bcd3a7ec788d633e77,6,2,6.928571428571429,175,0
6a7fa1bcd3a7ec788d633e77,6,2,7,175,0
6a7fa1bcd3a7ec788d633e77,6,2,7.071428571428571,175,0
6a7fa1bcd3a7ec788d633e77,5,2,6.933333333333334,175,0
6a7fa1bcd3a7ec788d633e77,4,3,7.3125,175,0
6a7fa1bcd3a7ec788d633e77,3,3,7.294117647058823,175,0
6a7fa1bcd3a7ec788d633e77,2,3,7.222222222222222,175,0
6a7fa1bcd3a7ec788d633e77,1,3,7.2105263157894735,175,0
6a7fa1bcd3a7ec788d633e7b,19,0,7,133,1
6a7fa1bcd3a7ec788d633e7b,18,0,7,133,1
6a7fa1bcd3a7ec788d633e7b,17,0,9.666666666666666,133,1
6a7fa1bcd3a7ec788d633e7b,16,0,9.5,133,1
6a7fa1bcd3a7ec788d633e7b,15,0,11.2,133,1
6a7fa1bcd3a7ec788d633e7b,14,0,10.333333333333334,133,1
6a7fa1bcd3a7ec788d633e7b,13,1,11.428571428571429,133,1
6a7fa1bcd3a7ec788d633e7b,12,1,11.875,133,1
6a7fa1bcd3a7ec788d633e7b,11,1,11.777777777777779,133,1
6a7fa1bcd3a7ec788d633e7b,10,1,11,133,1
6a7fa1bcd3a7ec788d633e7b,9,2,10.636363636363637,133,1
6a7fa1bcd3a7ec788d633e7b,8,2,10.416666666666666,133,1
6a7fa1bcd3a7ec788d633e7b,7,2,10,133,1
6a7fa1bcd3a7ec788d633e7f,19,0,7,183,0
6a7fa1bcd3a7ec788d633e7f,18,0,7,183,0
6a7fa1bcd3a7ec788d633e7f,17,0,7,183,0
6a7fa1bcd3a7ec788d633e7f,16,0,6,183,0
6a7fa1bcd3a7ec788d633e7f,15,0,6.2,183,0
6a7fa1bcd3a7ec788d633e7f,14,0,6.833333333333333,183,0
6a7fa1bcd3a7ec788d633e7f,13,0,7.285714285714286,183,0
6a7fa1bcd3a7ec788d633e7f,12,0,8,183,0
6a7fa1bcd3a7ec788d633e7f,11,1,7.666666666666667,183,0
6a7fa1bcd3a7ec788d633e7f,10,2,7.5,183,0
6a7fa1bcd3a7ec788d633e7f,9,2,8.454545454545455,183,0
6a7fa1bcd3a7ec788d633e7f,8,2,8.416666666666666,183,0
6a7fa1bcd3a7ec788d633e7f,7,2,7.923076923076923,183,0
6a7fa1bcd3a7ec788d633e7f,6,3,7.857142857142857,183,0
6a7fa1bcd3a7ec788d633e7f,5,3,7.8,183,0
6a7fa1bcd3a7ec788d633e7f,4,3,7.75,183,0
6a7fa1bcd3a7ec788d633e7f,3,3,7.647058823529412,183,0
6a7fa1bcd3a7ec788d633e7f,2,3,7.722222222222222,183,0
6a7fa1bcd3a7ec788d633e7f,1,3,7.7894736842105265,183,0
6a7fa1bcd3a7ec788d633e83,19,0,1,190,0
6a7fa1bcd3a7ec788d633e83,18,1,5,190,0
6a7fa1bcd3a7ec788d633e83,17,1,4,190,0
6a7fa1bcd3a7ec788d633e83,16,2,6.75,190,0
6a7fa1bcd3a7ec788d633e83,15,2,8,190,0
6a7fa1bcd3a7ec788d633e83,15,2,8.2,190,0
6a7fa1bcd3a7ec788d633e83,14,2,9.166666666666666,190,0
6a7fa1bcd3a7ec788d633e83,13,2,9.428571428571429,190,0
6a7fa1bcd3a7ec788d633e83,13,2,9.571428571428571,190,0
6a7fa1bcd3a7ec788d633e83,13,2,9.714285714285714,190,0
6a7fa1bcd3a7ec788d633e83,12,3,9.375,190,0
6a7fa1bcd3a7ec788d633e83,11,3,8.777777777777779,190,0
6a7fa1bcd3a7ec788d633e83,10,3,8.5,190,0
6a7fa1bcd3a7ec788d633e83,9,3,9,190,0
6a7fa1bcd3a7ec788d633e83,8,4,8.416666666666666,190,0
6a7fa1bcd3a7ec788d633e83,7,4,8.384615384615385,190,0
6a7fa1bcd3a7ec788d633e83,6,5,9,190,0
6a7fa1bcd3a7ec788d633e83,5,5,9.2,190,0
6a7fa1bcd3a7ec788d633e83,4,7,9.125,190,0
6a7fa1bcd3a7ec788d633e83,3,7,8.705882352941176,190,0
6a7fa1bcd3a7ec788d633e83,3,7,8.764705882352942,190,0
6a7fa1bcd3a7ec788d633e83,2,7,8.944444444444445,190,0
6a7fa1bcd3a7ec788d633e83,1,7,9.263157894736842,190,0
6a7fa1bcd3a7ec788d633e87,19,0,4,157,1
6a7fa1bcd3a7ec788d633e87,18,0,6.5,157,1
6a7fa1bcd3a7ec788d633e87,18,0,8,157,1
6a7fa1bcd3a7ec788d633e87,17,0,8.333333333333334,157,1
6a7fa1bcd3a7ec788d633e87,16,0,10,157,1
6a7fa1bcd3a7ec788d633e87,15,2,9.8,157,1
6a7fa1bcd3a7ec788d633e87,14,2,8.666666666666666,157,1
6a7fa1bcd3a7ec788d633e87,13,2,8.714285714285714,157,1
6a7fa1bcd3a7ec788d633e87,12,2,8.5,157,1
6a7fa1bcd3a7ec788d633e87,11,3,8.11111111111111,157,1
6a7fa1bcd3a7ec788d633e87,10,3,7.6,157,1
6a7fa1bcd3a7ec788d633e87,9,3,7.909090909090909,157,1
6a7fa1bcd3a7ec788d633e87,8,3,8.916666666666666,157,1
6a7fa1bcd3a7ec788d633e87,7,4,8.384615384615385,157,1
6a7fa1bcd3a7ec788d633e87,6,4,8.428571428571429,157,1
6a7fa1bcd3a7ec788d633e87,6,4,8.5,157,1
6a7fa1bcd3a7ec788d633e87,5,4,8.666666666666666,157,1
6a7fa1bcd3a7ec788d633e87,4,4,8.4375,157,1
6a7fa1bcd3a7ec788d633e87,3,5,8.470588235294118,157,1
6a7fa1bcd3a7ec788d633e87,2,5,8.333333333333334,157,1
6a7fa1bcd3a7ec788d633e8b,19,1,7,208,0
6a7fa1bcd3a7ec788d633e8b,18,2,12.5,208,0
6a7fa1bcd3a7ec788d633e8b,17,2,11.333333333333334,208,0
6a7fa1bcd3a7ec788d633e8b,16,2,9.75,208,0
6a7fa1bcd3a7ec788d633e8b,15,2,9.2,208,0
6a7fa1bcd3a7ec788d633e8b,14,2,9.666666666666666,208,0
6a7fa1bcd3a7ec788d633e8b,13,2,9.857142857142858,208,0
6a7fa1bcd3a7ec788d633e8b,13,2,10,208,0
6a7fa1bcd3a7ec788d633e8b,12,2,10.25,208,0
6a7fa1bcd3a7ec788d633e8b,11,3,10.444444444444445,208,0
6a7fa1bcd3a7ec788d633e8b,10,3,10.5,208,0
6a7fa1bcd3a7ec788d633e8b,9,3,10.181818181818182,208,0
6a7fa1bcd3a7ec788d633e8b,8,3,10.25,208,0
6a7fa1bcd3a7ec788d633e8b,7,3,10.307692307692308,208,0
6a7fa1bcd3a7ec788d633e8b,6,3,10.5,208,0
6a7fa1bcd3a7ec788d633e8b,5,3,10,208,0
6a7fa1bcd3a7ec788d633e8b,4,3,9.5625,208,0
6a7fa1bcd3a7ec788d633e8b,3,3,9.882352941176471,208,0
6a7fa1bcd3a7ec788d633e8b,2,3,10.166666666666666,208,0
6a7fa1bcd3a7ec788d633e8b,1,3,9.947368421052632,208,0
6a7fa1bcd3a7ec788d633e8f,19,0,7,152,1
6a7fa1bcd3a7ec788d633e8f,18,0,6.5,152,1
6a7fa1bcd3a7ec788d633e8f,17,0,5.666666666666667,152,1
6a7fa1bcd3a7ec788d633e8f,16,0,6.5,152,1
6a7fa1bcd3a7ec788d633e8f,16,0,6.75,152,1
6a7fa1bcd3a7ec788d633e8f,15,0,6.4,152,1
6a7fa1bcd3a7ec788d633e8f,14,0,7,152,1
6a7fa1bcd3a7ec788d633e8f,13,0,7.571428571428571,152,1
6a7fa1bcd3a7ec788d633e8f,12,0,7.5,152,1
6a7fa1bcd3a7ec788d633e8f,11,0,7.888888888888889,152,1
6a7fa1bcd3a7ec788d633e8f,10,0,8.8,152,1
6a7fa1bcd3a7ec788d633e8f,9,1,8.727272727272727,152,1
6a7fa1bcd3a7ec788d633e8f,8,1,9,152,1
6a7fa1bcd3a7ec788d633e8f,7,1,8.615384615384615,152,1
6a7fa1bcd3a7ec788d633e8f,6,1,8.428571428571429,152,1
6a7fa1bcd3a7ec788d633e8f,5,2,8.8,152,1
6a7fa1bcd3a7ec788d633e8f,4,4,8.625,152,1
6a7fa1bcd3a7ec788d633e8f,3,4,8.529411764705882,152,1
6a7fa1bcd3a7ec788d633e8f,2,4,8.277777777777779,152,1
6a7fa1bcd3a7ec788d633e93,19,0,10,196,0
6a7fa1bcd3a7ec788d633e93,19,0,11,196,0
6a7fa1bcd3a7ec788d633e93,18,0,8.5,196,0
6a7fa1bcd3a7ec788d633e93,17,0,7.333333333333333,196,0
6a7fa1bcd3a7ec788d633e93,16,2,7.5,196,0
6a7fa1bcd3a7ec788d633e93,15,2,7,196,0
6a7fa1bcd3a7ec788d633e93,14,2,7.666666666666667,196,0
6a7fa1bcd3a7ec788d633e93,13,3,8.428571428571429,196,0
6a7fa1bcd3a7ec788d633e93,12,3,8.625,196,0
6a7fa1bcd3a7ec788d633e93,11,3,8.444444444444445,196,0
6a7fa1bcd3a7ec788d633e93,10,3,8.5,196,0
6a7fa1bcd3a7ec788d633e93,9,3,8.363636363636363,196,0
6a7fa1bcd3a7ec788d633e93,8,3,8.25,196,0
6a7fa1bcd3a7ec788d633e93,7,3,8.384615384615385,196,0
6a7fa1bcd3a7ec788d633e93,6,4,8.285714285714286,196,0
6a7fa1bcd3a7ec788d633e93,5,5,8.2,196,0
6a7fa1bcd3a7ec788d633e93,4,5,8,196,0
6a7fa1bcd3a7ec788d633e93,4,5,8.3125,196,0
6a7fa1bcd3a7ec788d633e93,3,5,8.470588235294118,196,0
6a7fa1bcd3a7ec788d633e93,2,5,8.166666666666666,196,0
6a7fa1bcd3a7ec788d633e93,2,5,8.222222222222221,196,0
6a7fa1bcd3a7ec788d633e93,1,5,8.105263157894736,196,0
6a7fa1bcd3a7ec788d633e93,1,5,8.157894736842104,196,0
6a7fa1bcd3a7ec788d633e97,19,0,8,191,1
6a7fa1bcd3a7ec788d633e97,18,0,5.5,191,1
6a7fa1bcd3a7ec788d633e97,17,0,7.333333333333333,191,1
6a7fa1bcd3a7ec788d633e97,16,0,7.75,191,1
6a7fa1bcd3a7ec788d633e97,15,1,7.2,191,1
6a7fa1bcd3a7ec788d633e97,15,1,7.4,191,1
6a7fa1bcd3a7ec788d633e97,14,1,7.5,191,1
6a7fa1bcd3a7ec788d633e97,13,1,7.857142857142857,191,1
6a7fa1bcd3a7ec788d633e97,12,1,8.125,191,1
6a7fa1bcd3a7ec788d633e97,11,2,8,191,1
6a7fa1bcd3a7ec788d633e97,11,2,8.11111111111111,191,1
6a7fa1bcd3a7ec788d633e97,10,3,8.3,191,1
6a7fa1bcd3a7ec788d633e97,9,4,9.181818181818182,191,1
6a7fa1bcd3a7ec788d633e97,8,4,9.583333333333334,191,1
6a7fa1bcd3a7ec788d633e97,7,4,10.076923076923077,191,1
6a7fa1bcd3a7ec788d633e97,6,4,9.642857142857142,191,1
6a7fa1bcd3a7ec788d633e97,5,5,9.866666666666667,191,1
6a7fa1bcd3a7ec788d633e97,4,5,10.0625,191,1
6a7fa1bcd3a7ec788d633e97,3,5,10.529411764705882,191,1
6a7fa1bcd3a7ec788d633e97,2,5,10.38888888888889,191,1
6a7fa1bcd3a7ec788d633e9b,19,0,13,190,0
6a7fa1bcd3a7ec788d633e9b,18,0,10,190,0
6a7fa1bcd3a7ec788d633e9b,17,0,8.333333333333334,190,0
6a7fa1bcd3a7ec788d633e9b,16,1,7.75,190,0
6a7fa1bcd3a7ec788d633e9b,15,2,6.8,190,0
6a7fa1bcd3a7ec788d633e9b,14,2,7.833333333333333,190,0
6a7fa1bcd3a7ec788d633e9b,13,2,7.714285714285714,190,0
6a7fa1bcd3a7ec788d633e9b,12,2,7.125,190,0
6a7fa1bcd3a7ec788d633e9b,11,2,7.222222222222222,190,0
6a7fa1bcd3a7ec788d633e9b,10,2,7.7,190,0
6a7fa1bcd3a7ec788d633e9b,9,2,7.818181818181818,190,0
6a7fa1bcd3a7ec788d633e9b,9,2,7.909090909090909,190,0
6a7fa1bcd3a7ec788d633e9b,8,3,7.666666666666667,190,0
6a7fa1bcd3a7ec788d633e9b,7,3,7.461538461538462,190,0
6a7fa1bcd3a7ec788d633e9b,7,3,7.538461538461538,190,0
6a7fa1bcd3a7ec788d633e9b,6,3,7.357142857142857,190,0
6a7fa1bcd3a7ec788d633e9b,5,3,7.733333333333333,190,0
6a7fa1bcd3a7ec788d633e9b,4,3,7.75,190,0
6a7fa1bcd3a7ec788d633e9b,3,4,7.823529411764706,190,0
6a7fa1bcd3a7ec788d633e9b,2,4,7.833333333333333,190,0
6a7fa1bcd3a7ec788d633e9b,1,4,8.368421052631579,190,0
6a7fa1bcd3a7ec788d633e9f,19,0,15,212,0
6a7fa1bcd3a7ec788d633e9f,18,0,11,212,0
6a7fa1bcd3a7ec788d633e9f,17,0,9,212,0
6a7fa1bcd3a7ec788d633e9f,16,0,9.75,212,0
6a7fa1bcd3a7ec788d633e9f,15,0,9.8,212,0
6a7fa1bcd3a7ec788d633e9f,14,0,11.166666666666666,212,0
6a7fa1bcd3a7ec788d633e9f,13,0,11.571428571428571,212,0
6a7fa1bcd3a7ec788d633e9f,12,0,10.625,212,0
6a7fa1bcd3a7ec788d633e9f,11,0,10.222222222222221,212,0
6a7fa1bcd3a7ec788d633e9f,10,1,9.7,212,0
6a7fa1bcd3a7ec788d633e9f,9,2,9.454545454545455,212,0
6a7fa1bcd3a7ec788d633e9f,8,2,9.333333333333334,212,0
6a7fa1bcd3a7ec788d633e9f,7,2,10.538461538461538,212,0
6a7fa1bcd3a7ec788d633e9f,6,3,10.214285714285714,212,0
6a7fa1bcd3a7ec788d633e9f,5,3,10.533333333333333,212,0
6a7fa1bcd3a7ec788d633e9f,4,3,10.0625,212,0
6a7fa1bcd3a7ec788d633e9f,3,3,9.647058823529411,212,0
6a7fa1bcd3a7ec788d633e9f,3,3,9.705882352941176,212,0
6a7fa1bcd3a7ec788d633e9f,2,3,9.88888888888889,212,0
6a7fa1bcd3a7ec788d633e9f,1,3,9.894736842105264,212,0
6a7fa1bcd3a7ec788d633ea3,19,0,12,167,0
6a7fa1bcd3a7ec788d633ea3,18,0,7,167,0
6a7fa1bcd3a7ec788d633ea3,17,0,6.333333333333333,167,0
6a7fa1bcd3a7ec788d633ea3,16,0,6.5,167,0
6a7fa1bcd3a7ec788d633ea3,15,0,7,167,0
6a7fa1bcd3a7ec788d633ea3,14,0,6.5,167,0
6a7fa1bcd3a7ec788d633ea3,13,1,6.285714285714286,167,0
6a7fa1bcd3a7ec788d633ea3,12,1,7.25,167,0
6a7fa1bcd3a7ec788d633ea3,11,1,8.444444444444445,167,0
6a7fa1bcd3a7ec788d633ea3,10,1,8.9,167,0
6a7fa1bcd3a7ec788d633ea3,9,3,8.363636363636363,167,0
6a7fa1bcd3a7ec788d633ea3,8,3,8.25,167,0
6a7fa1bcd3a7ec788d633ea3,7,3,8.153846153846153,167,0
6a7fa1bcd3a7ec788d633ea3,6,3,8.142857142857142,167,0
6a7fa1bcd3a7ec788d633ea3,5,4,7.933333333333334,167,0
6a7fa1bcd3a7ec788d633ea3,4,4,7.625,167,0
6a7fa1bcd3a7ec788d633ea3,3,4,7.294117647058823,167,0
6a7fa1bcd3a7ec788d633ea3,2,4,7.611111111111111,167,0
6a7fa1bcd3a7ec788d633ea3,1,4,7.631578947368421,167,0
6a7fa1bcd3a7ec788d633ea7,19,1,12,169,1
6a7fa1bcd3a7ec788d633ea7,18,1,12,169,1
6a7fa1bcd3a7ec788d633ea7,17,1,11.333333333333334,169,1
6a7fa1bcd3a7ec788d633ea7,17,1,11.666666666666666,169,1
6a7fa1bcd3a7ec788d633ea7,16,1,13,169,1
6a7fa1bcd3a7ec788d633ea7,15,1,13.2,169,1
6a7fa1bcd3a7ec788d633ea7,14,1,14.166666666666666,169,1
6a7fa1bcd3a7ec788d633ea7,14,1,14.333333333333334,169,1
6a7fa1bcd3a7ec788d633ea7,13,1,13.714285714285714,169,1
6a7fa1bcd3a7ec788d633ea7,12,1,12.625,169,1
6a7fa1bcd3a7ec788d633ea7,11,1,12.444444444444445,169,1
6a7fa1bcd3a7ec788d633ea7,10,1,11.6,169,1
6a7fa1bcd3a7ec788d633ea7,9,1,10.909090909090908,169,1
6a7fa1bcd3a7ec788d633ea7,8,2,11,169,1
6a7fa1bcd3a7ec788d633ea7,7,2,10.692307692307692,169,1
6a7fa1bcd3a7ec788d633ea7,6,3,10.071428571428571,169,1
6a7fa1bcd3a7ec788d633ea7,5,3,10.266666666666667,169,1
6a7fa1bcd3a7ec788d633ea7,4,3,10.125,169,1
6a7fa1bcd3a7ec788d633ea7,3,3,9.764705882352942,169,1
6a7fa1bcd3a7ec788d633eab,19,1,5,157,1
6a7fa1bcd3a7ec788d633eab,19,1,6,157,1
6a7fa1bcd3a7ec788d633eab,18,2,3.5,157,1
6a7fa1bcd3a7ec788d633eab,17,2,5.333333333333333,157,1
6a7fa1bcd3a7ec788d633eab,16,3,5.75,157,1
6a7fa1bcd3a7ec788d633eab,15,3,5.6,157,1
6a7fa1bcd3a7ec788d633eab,14,4,6,157,1
6a7fa1bcd3a7ec788d633eab,13,6,6.285714285714286,157,1
6a7fa1bcd3a7ec788d633eab,12,6,7.25,157,1
6a7fa1bcd3a7ec788d633eab,11,7,6.777777777777778,157,1
6a7fa1bcd3a7ec788d633eab,10,8,6.8,157,1
6a7fa1bcd3a7ec788d633eab,9,8,7.636363636363637,157,1
6a7fa1bcd3a7ec788d633eab,8,9,7.833333333333333,157,1
6a7fa1bcd3a7ec788d633eab,7,9,7.461538461538462,157,1
6a7fa1bcd3a7ec788d633eab,6,9,8,157,1
6a7fa1bcd3a7ec788d633eab,5,9,8.2,157,1
6a7fa1bcd3a7ec788d633eab,4,9,8.125,157,1
6a7fa1bcd3a7ec788d633eab,3,9,8.529411764705882,157,1
6a7fa1bcd3a7ec788d633eab,2,9,8.222222222222221,157,1
6a7fa1bcd3a7ec788d633eab,1,9,8.157894736842104,157,1
6a7fa1bcd3a7ec788d633eaf,19,0,14,178,1
6a7fa1bcd3a7ec788d633eaf,18,0,9.5,178,1
6a7fa1bcd3a7ec788d633eaf,17,1,7,178,1
6a7fa1bcd3a7ec788d633eaf,16,1,8.25,178,1
6a7fa1bcd3a7ec788d633eaf,15,1,9.6,178,1
6a7fa1bcd3a7ec788d633eaf,14,1,9.5,178,1
6a7fa1bcd3a7ec788d633eaf,13,1,9.142857142857142,178,1
6a7fa1bcd3a7ec788d633eaf,12,1,9,178,1
6a7fa1bcd3a7ec788d633eaf,12,1,9.125,178,1
6a7fa1bcd3a7ec788d633eaf,11,1,9,178,1
6a7fa1bcd3a7ec788d633eaf,10,1,9,178,1
6a7fa1bcd3a7ec788d633eaf,9,1,9.181818181818182,178,1
6a7fa1bcd3a7ec788d633eaf,8,2,9.25,178,1
6a7fa1bcd3a7ec788d633eaf,7,3,9.153846153846153,178,1
6a7fa1bcd3a7ec788d633eaf,6,3,9.214285714285714,178,1
6a7fa1bcd3a7ec788d633eaf,5,3,9.533333333333333,178,1
6a7fa1bcd3a7ec788d633eaf,4,3,9.4375,178,1
6a7fa1bcd3a7ec788d633eaf,3,3,9.470588235294118,178,1
6a7fa1bcd3a7ec788d633eaf,2,3,9.833333333333334,178,1
6a7fa1bcd3a7ec788d633eb3,19,0,3,190,0
6a7fa1bcd3a7ec788d633eb3,18,0,5.5,190,0
6a7fa1bcd3a7ec788d633eb3,17,1,5,190,0
6a7fa1bcd3a7ec788d633eb3,16,1,6.75,190,0
6a7fa1bcd3a7ec788d633eb3,15,1,7.4,190,0
6a7fa1bcd3a7ec788d633eb3,14,1,8.5,190,0
6a7fa1bcd3a7ec788d633eb3,13,1,8,190,0
6a7fa1bcd3a7ec788d633eb3,12,1,8.125,190,0
6a7fa1bcd3a7ec788d633eb3,11,1,8.444444444444445,190,0
6a7fa1bcd3a7ec788d633eb3,11,1,8.666666666666666,190,0
6a7fa1bcd3a7ec788d633eb3,10,1,8.3,190,0
6a7fa1bcd3a7ec788d633eb3,9,1,8.636363636363637,190,0
6a7fa1bcd3a7ec788d633eb3,8,1,9.333333333333334,190,0
6a7fa1bcd3a7ec788d633eb3,7,3,8.846153846153847,190,0
6a7fa1bcd3a7ec788d633eb3,6,3,8.5,190,0
6a7fa1bcd3a7ec788d633eb3,5,3,8.333333333333334,190,0
6a7fa1bcd3a7ec788d633eb3,4,3,8.5625,190,0
6a7fa1bcd3a7ec788d633eb3,3,3,8.647058823529411,190,0
6a7fa1bcd3a7ec788d633eb3,2,3,8.555555555555555,190,0
6a7fa1bcd3a7ec788d633eb3,1,3,8.736842105263158,190,0
6a7fa1bcd3a7ec788d633eb7,19,0,2,207,0
6a7fa1bcd3a7ec788d633eb7,18,0,7.5,207,0
6a7fa1bcd3a7ec788d633eb7,18,0,8,207,0
6a7fa1bcd3a7ec788d633eb7,17,0,9.666666666666666,207,0
6a7fa1bcd3a7ec788d633eb7,17,0,10.333333333333334,207,0
6a7fa1bcd3a7ec788d633eb7,16,1,8.75,207,0
6a7fa1bcd3a7ec788d633eb7,16,1,9,207,0
6a7fa1bcd3a7ec788d633eb7,15,2,8.4,207,0
6a7fa1bcd3a7ec788d633eb7,14,2,8,207,0
6a7fa1bcd3a7ec788d633eb7,13,3,8.571428571428571,207,0
6a7fa1bcd3a7ec788d633eb7,12,3,8.375,207,0
6a7fa1bcd3a7ec788d633eb7,11,3,8.11111111111111,207,0
6a7fa1bcd3a7ec788d633eb7,10,3,7.9,207,0
6a7fa1bcd3a7ec788d633eb7,9,3,7.909090909090909,207,0
6a7fa1bcd3a7ec788d633eb7,8,3,8.416666666666666,207,0
6a7fa1bcd3a7ec788d633eb7,7,4,7.846153846153846,207,0
6a7fa1bcd3a7ec788d633eb7,6,4,7.428571428571429,207,0
6a7fa1bcd3a7ec788d633eb7,5,6,7.2,207,0
6a7fa1bcd3a7ec788d633eb7,4,7,7.6875,207,0
6a7fa1bcd3a7ec788d633eb7,3,8,7.470588235294118,207,0
6a7fa1bcd3a7ec788d633eb7,2,8,7.333333333333333,207,0
6a7fa1bcd3a7ec788d633eb7,1,8,7.2631578947368425,207,0
6a7fa1bcd3a7ec788d633ebb,19,0,10,197,0
6a7fa1bcd3a7ec788d633ebb,18,0,13.5,197,0
6a7fa1bcd3a7ec788d633ebb,18,0,14,197,0
6a7fa1bcd3a7ec788d633ebb,17,0,12.333333333333334,197,0
6a7fa1bcd3a7ec788d633ebb,16,0,11,197,0
6a7fa1bcd3a7ec788d633ebb,15,0,10.4,197,0
6a7fa1bcd3a7ec788d633ebb,14,0,11.833333333333334,197,0
6a7fa1bcd3a7ec788d633ebb,13,0,12.285714285714286,197,0
6a7fa1bcd3a7ec788d633ebb,12,2,11.25,197,0
6a7fa1bcd3a7ec788d633ebb,11,4,10.222222222222221,197,0
6a7fa1bcd3a7ec788d633ebb,10,4,10.8,197,0
6a7fa1bcd3a7ec788d633ebb,9,4,10.636363636363637,197,0
6a7fa1bcd3a7ec788d633ebb,8,4,10.75,197,0
6a7fa1bcd3a7ec788d633ebb,7,4,10.76923076923077,197,0
6a7fa1bcd3a7ec788d633ebb,6,5,10.357142857142858,197,0
6a7fa1bcd3a7ec788d633ebb,5,5,10.066666666666666,197,0
6a7fa1bcd3a7ec788d633ebb,4,5,9.5,197,0
6a7fa1bcd3a7ec788d633ebb,3,5,9.352941176470589,197,0
6a7fa1bcd3a7ec788d633ebb,2,5,9.277777777777779,197,0
6a7fa1bcd3a7ec788d633ebb,1,5,9.157894736842104,197,0
6a7fa1bcd3a7ec788d633ebf,19,1,9,186,0
6a7fa1bcd3a7ec788d633ebf,18,1,9,186,0
6a7fa1bcd3a7ec788d633ebf,17,1,9.666666666666666,186,0
6a7fa1bcd3a7ec788d633ebf,16,1,8,186,0
6a7fa1bcd3a7ec788d633ebf,15,1,7.8,186,0
6a7fa1bcd3a7ec788d633ebf,14,2,8.333333333333334,186,0
6a7fa1bcd3a7ec788d633ebf,13,2,8.142857142857142,186,0
6a7fa1bcd3a7ec788d633ebf,12,3,8.25,186,0
6a7fa1bcd3a7ec788d633ebf,11,3,8.333333333333334,186,0
6a7fa1bcd3a7ec788d633ebf,10,3,7.9,186,0
6a7fa1bcd3a7ec788d633ebf,9,3,8.181818181818182,186,0
6a7fa1bcd3a7ec788d633ebf,8,3,8.416666666666666,186,0
6a7fa1bcd3a7ec788d633ebf,7,3,8.538461538461538,186,0
6a7fa1bcd3a7ec788d633ebf,6,4,9,186,0
6a7fa1bcd3a7ec788d633ebf,5,4,9.266666666666667,186,0
6a7fa1bcd3a7ec788d633ebf,4,4,9.4375,186,0
6a7fa1bcd3a7ec788d633ebf,3,4,9.235294117647058,186,0
6a7fa1bcd3a7ec788d633ebf,2,5,9.055555555555555,186,0
6a7fa1bcd3a7ec788d633ebf,1,6,9.052631578947368,186,0
6a7fa1bcd3a7ec788d633ec3,19,0,8,179,1
6a7fa1bcd3a7ec788d633ec3,18,0,10.5,179,1
6a7fa1bcd3a7ec788d633ec3,17,0,12,179,1
6a7fa1bcd3a7ec788d633ec3,16,0,11.75,179,1
6a7fa1bcd3a7ec788d633ec3,15,0,12,179,1
6a7fa1bcd3a7ec788d633ec3,14,1,11.666666666666666,179,1
6a7fa1bcd3a7ec788d633ec3,13,1,10.714285714285714,179,1
6a7fa1bcd3a7ec788d633ec3,12,1,9.875,179,1
6a7fa1bcd3a7ec788d633ec3,11,1,10.444444444444445,179,1
6a7fa1bcd3a7ec788d633ec3,10,1,9.8,179,1
6a7fa1bcd3a7ec788d633ec3,9,1,9.909090909090908,179,1
6a7fa1bcd3a7ec788d633ec3,8,1,9.666666666666666,179,1
6a7fa1bcd3a7ec788d633ec3,7,1,10.307692307692308,179,1
6a7fa1bcd3a7ec788d633ec3,6,1,10,179,1
6a7fa1bcd3a7ec788d633ec3,5,1,9.733333333333333,179,1
6a7fa1bcd3a7ec788d633ec3,4,2,10.1875,179,1
6a7fa1bcd3a7ec788d633ec3,3,2,10.176470588235293,179,1
6a7fa1bcd3a7ec788d633ec3,2,3,9.666666666666666,179,1
6a7fa1bcd3a7ec788d633ec3,2,3,9.722222222222221,179,1
6a7fa1bcd3a7ec788d633ec7,19,0,13,182,0
6a7fa1bcd3a7ec788d633ec7,18,1,7.5,182,0
6a7fa1bcd3a7ec788d633ec7,17,1,8,182,0
6a7fa1bcd3a7ec788d633ec7,16,1,8,182,0
6a7fa1bcd3a7ec788d633ec7,15,1,8.8,182,0
6a7fa1bcd3a7ec788d633ec7,14,2,7.666666666666667,182,0
6a7fa1bcd3a7ec788d633ec7,13,2,8.142857142857142,182,0
6a7fa1bcd3a7ec788d633ec7,12,2,8,182,0
6a7fa1bcd3a7ec788d633ec7,11,3,8.11111111111111,182,0
6a7fa1bcd3a7ec788d633ec7,10,4,8.3,182,0
6a7fa1bcd3a7ec788d633ec7,9,4,8.090909090909092,182,0
6a7fa1bcd3a7ec788d633ec7,8,4,7.75,182,0
6a7fa1bcd3a7ec788d633ec7,7,4,7.846153846153846,182,0
6a7fa1bcd3a7ec788d633ec7,6,4,7.642857142857143,182,0
6a7fa1bcd3a7ec788d633ec7,5,4,7.933333333333334,182,0
6a7fa1bcd3a7ec788d633ec7,4,4,8.25,182,0
6a7fa1bcd3a7ec788d633ec7,3,4,7.9411764705882355,182,0
6a7fa1bcd3a7ec788d633ec7,2,4,8.38888888888889,182,0
6a7fa1bcd3a7ec788d633ec7,1,4,8.368421052631579,182,0
6a7fa1bcd3a7ec788d633ecb,19,1,1,229,0
6a7fa1bcd3a7ec788d633ecb,18,1,3.5,229,0
6a7fa1bcd3a7ec788d633ecb,17,1,5,229,0
6a7fa1bcd3a7ec788d633ecb,16,1,4.75,229,0
6a7fa1bcd3a7ec788d633ecb,15,1,5.6,229,0
6a7fa1bcd3a7ec788d633ecb,14,1,6.333333333333333,229,0
6a7fa1bcd3a7ec788d633ecb,13,1,7,229,0
6a7fa1bcd3a7ec788d633ecb,12,2,7.25,229,0
6a7fa1bcd3a7ec788d633ecb,11,2,7,229,0
6a7fa1bcd3a7ec788d633ecb,10,3,6.9,229,0
6a7fa1bcd3a7ec788d633ecb,9,3,7,229,0
6a7fa1bcd3a7ec788d633ecb,8,4,7.25,229,0
6a7fa1bcd3a7ec788d633ecb,7,4,7.3076923076923075,229,0
6a7fa1bcd3a7ec788d633ecb,6,4,7.571428571428571,229,0
6a7fa1bcd3a7ec788d633ecb,5,4,7.333333333333333,229,0
6a7fa1bcd3a7ec788d633ecb,4,4,7.375,229,0
6a7fa1bcd3a7ec788d633ecb,3,4,7.470588235294118,229,0
6a7fa1bcd3a7ec788d633ecb,2,4,7.555555555555555,229,0
6a7fa1bcd3a7ec788d633ecb,1,5,8.157894736842104,229,0
6a7fa1bcd3a7ec788d633ecf,19,0,10,191,1
6a7fa1bcd3a7ec788d633ecf,18,0,8.5,191,1
6a7fa1bcd3a7ec788d633ecf,17,0,7,191,1
6a7fa1bcd3a7ec788d633ecf,16,1,7.75,191,1
6a7fa1bcd3a7ec788d633ecf,15,1,7.8,191,1
6a7fa1bcd3a7ec788d633ecf,14,1,8.5,191,1
6a7fa1bcd3a7ec788d633ecf,14,1,8.666666666666666,191,1
6a7fa1bcd3a7ec788d633ecf,13,2,9.571428571428571,191,1
6a7fa1bcd3a7ec788d633ecf,12,3,9.25,191,1
6a7fa1bcd3a7ec788d633ecf,11,3,8.88888888888889,191,1
6a7fa1bcd3a7ec788d633ecf,10,3,8.7,191,1
6a7fa1bcd3a7ec788d633ecf,9,3,8.272727272727273,191,1
6a7fa1bcd3a7ec788d633ecf,8,4,8.5,191,1
6a7fa1bcd3a7ec788d633ecf,7,4,9.23076923076923,191,1
6a7fa1bcd3a7ec788d633ecf,6,4,8.642857142857142,191,1
6a7fa1bcd3a7ec788d633ecf,5,4,8.733333333333333,191,1
6a7fa1bcd3a7ec788d633ecf,4,4,9.125,191,1
6a7fa1bcd3a7ec788d633ecf,3,4,9.176470588235293,191,1
6a7fa1bcd3a7ec788d633ecf,2,4,9.38888888888889,191,1
6a7fa1bcd3a7ec788d633ecf,1,4,9.473684210526315,191,1
6a7fa1bcd3a7ec788d633ed3,19,0,5,99,1
6a7fa1bcd3a7ec788d633ed3,18,0,10,99,1
6a7fa1bcd3a7ec788d633ed3,18,0,10.5,99,1
6a7fa1bcd3a7ec788d633ed3,17,1,7.333333333333333,99,1
6a7fa1bcd3a7ec788d633ed3,16,1,7.5,99,1
6a7fa1bcd3a7ec788d633ed3,15,1,10.2,99,1
6a7fa1bcd3a7ec788d633ed3,14,1,9.333333333333334,99,1
6a7fa1bcd3a7ec788d633ed3,13,2,8.714285714285714,99,1
6a7fa1bcd3a7ec788d633ed3,13,2,9.142857142857142,99,1
6a7fa1bcd3a7ec788d633ed3,12,3,8.75,99,1
6a7fa1bcd3a7ec788d633ed3,11,4,9.222222222222221,99,1
6a7fa1bcd3a7ec788d633ed3,10,4,8.8,99,1
6a7fa1bcd3a7ec788d633ed3,10,4,8.9,99,1
6a7fa1bcd3a7ec788d633ed3,9,4,8.636363636363637,99,1
6a7fa1bcd3a7ec788d633ed7,19,0,16,186,0
6a7fa1bcd3a7ec788d633ed7,18,1,13.5,186,0
6a7fa1bcd3a7ec788d633ed7,17,2,11.666666666666666,186,0
6a7fa1bcd3a7ec788d633ed7,16,2,9.75,186,0
6a7fa1bcd3a7ec788d633ed7,15,3,9.4,186,0
6a7fa1bcd3a7ec788d633ed7,14,3,9.833333333333334,186,0
6a7fa1bcd3a7ec788d633ed7,13,3,10.428571428571429,186,0
6a7fa1bcd3a7ec788d633ed7,12,3,10.75,186,0
6a7fa1bcd3a7ec788d633ed7,11,3,10.444444444444445,186,0
6a7fa1bcd3a7ec788d633ed7,10,3,10,186,0
6a7fa1bcd3a7ec788d633ed7,9,3,9.363636363636363,186,0
6a7fa1bcd3a7ec788d633ed7,8,3,10.25,186,0
6a7fa1bcd3a7ec788d633ed7,7,3,9.923076923076923,186,0
6a7fa1bcd3a7ec788d633ed7,6,3,10.214285714285714,186,0
6a7fa1bcd3a7ec788d633ed7,5,3,9.866666666666667,186,0
6a7fa1bcd3a7ec788d633ed7,4,3,9.375,186,0
6a7fa1bcd3a7ec788d633ed7,3,4,9.058823529411764,186,0
6a7fa1bcd3a7ec788d633ed7,2,4,8.944444444444445,186,0
6a7fa1bcd3a7ec788d633ed7,1,4,9,186,0
6a7fa1bcd3a7ec788d633edb,19,1,9,151,1
6a7fa1bcd3a7ec788d633edb,18,1,11,151,1
6a7fa1bcd3a7ec788d633edb,17,1,10.666666666666666,151,1
6a7fa1bcd3a7ec788d633edb,16,1,11.75,151,1
6a7fa1bcd3a7ec788d633edb,15,1,10.4,151,1
6a7fa1bcd3a7ec788d633edb,14,1,9.833333333333334,151,1
6a7fa1bcd3a7ec788d633edb,13,1,9.285714285714286,151,1
6a7fa1bcd3a7ec788d633edb,12,1,9.75,151,1
6a7fa1bcd3a7ec788d633edb,11,1,9,151,1
6a7fa1bcd3a7ec788d633edb,10,1,9.4,151,1
6a7fa1bcd3a7ec788d633edb,9,1,9,151,1
6a7fa1bcd3a7ec788d633edb,8,2,8.75,151,1
6a7fa1bcd3a7ec788d633edb,7,2,8.923076923076923,151,1
6a7fa1bcd3a7ec788d633edb,6,2,8.857142857142858,151,1
6a7fa1bcd3a7ec788d633edb,5,3,8.666666666666666,151,1
6a7fa1bcd3a7ec788d633edb,4,4,8.625,151,1
6a7fa1bcd3a7ec788d633edb,3,5,8.352941176470589,151,1
6a7fa1bcd3a7ec788d633edb,2,6,8.277777777777779,151,1
6a7fa1bcd3a7ec788d633edf,19,0,14,165,1
6a7fa1bcd3a7ec788d633edf,18,1,10,165,1
6a7fa1bcd3a7ec788d633edf,17,2,8,165,1
6a7fa1bcd3a7ec788d633edf,16,2,6.5,165,1
6a7fa1bcd3a7ec788d633edf,15,3,7.6,165,1
6a7fa1bcd3a7ec788d633edf,15,3,7.8,165,1
6a7fa1bcd3a7ec788d633edf,14,3,8.833333333333334,165,1
6a7fa1bcd3a7ec788d633edf,13,3,8.285714285714286,165,1
6a7fa1bcd3a7ec788d633edf,12,3,9.125,165,1
6a7fa1bcd3a7ec788d633edf,11,3,9.444444444444445,165,1
6a7fa1bcd3a7ec788d633edf,10,3,9,165,1
6a7fa1bcd3a7ec788d633edf,9,3,9.090909090909092,165,1
6a7fa1bcd3a7ec788d633edf,8,4,9.416666666666666,165,1
6a7fa1bcd3a7ec788d633edf,7,4,9.384615384615385,165,1
6a7fa1bcd3a7ec788d633edf,7,4,9.461538461538462,165,1
6a7fa1bcd3a7ec788d633edf,6,4,9.571428571428571,165,1
6a7fa1bcd3a7ec788d633edf,5,4,9.733333333333333,165,1
6a7fa1bcd3a7ec788d633edf,4,4,9.875,165,1
6a7fa1bcd3a7ec788d633ee3,19,0,7,173,1
6a7fa1bcd3a7ec788d633ee3,18,0,5,173,1
6a7fa1bcd3a7ec788d633ee3,18,0,5.5,173,1
6a7fa1bcd3a7ec788d633ee3,17,0,8,173,1
6a7fa1bcd3a7ec788d633ee3,16,0,8.5,173,1
6a7fa1bcd3a7ec788d633ee3,15,1,7.4,173,1
6a7fa1bcd3a7ec788d633ee3,14,1,7.833333333333333,173,1
6a7fa1bcd3a7ec788d633ee3,13,1,8.142857142857142,173,1
6a7fa1bcd3a7ec788d633ee3,12,1,9.5,173,1
6a7fa1bcd3a7ec788d633ee3,11,1,9.11111111111111,173,1
6a7fa1bcd3a7ec788d633ee3,10,1,8.6,173,1
6a7fa1bcd3a7ec788d633ee3,9,1,8.727272727272727,173,1
6a7fa1bcd3a7ec788d633ee3,8,1,8.833333333333334,173,1
6a7fa1bcd3a7ec788d633ee3,7,3,8.615384615384615,173,1
6a7fa1bcd3a7ec788d633ee3,6,3,9.214285714285714,173,1
6a7fa1bcd3a7ec788d633ee3,5,3,8.8,173,1
6a7fa1bcd3a7ec788d633ee3,4,3,8.75,173,1
6a7fa1bcd3a7ec788d633ee3,3,5,8.823529411764707,173,1
6a7fa1bcd3a7ec788d633ee3,2,5,9.333333333333334,173,1
6a7fa1bcd3a7ec788d633ee7,19,0,1,190,0
6a7fa1bcd3a7ec788d633ee7,18,0,2.5,190,0
6a7fa1bcd3a7ec788d633ee7,17,0,4.333333333333333,190,0
6a7fa1bcd3a7ec788d633ee7,16,0,4,190,0
6a7fa1bcd3a7ec788d633ee7,15,0,6.2,190,0
6a7fa1bcd3a7ec788d633ee7,14,0,7.333333333333333,190,0
6a7fa1bcd3a7ec788d633ee7,13,1,6.714285714285714,190,0
6a7fa1bcd3a7ec788d633ee7,12,1,6.75,190,0
6a7fa1bcd3a7ec788d633ee7,12,1,6.875,190,0
6a7fa1bcd3a7ec788d633ee7,11,1,6.888888888888889,190,0
6a7fa1bcd3a7ec788d633ee7,11,1,7,190,0
6a7fa1bcd3a7ec788d633ee7,10,1,6.5,190,0
6a7fa1bcd3a7ec788d633ee7,9,1,6.363636363636363,190,0
6a7fa1bcd3a7ec788d633ee7,8,1,6.75,190,0
6a7fa1bcd3a7ec788d633ee7,7,1,7.615384615384615,190,0
6a7fa1bcd3a7ec788d633ee7,6,2,7.642857142857143,190,0
6a7fa1bcd3a7ec788d633ee7,5,3,7.733333333333333,190,0
6a7fa1bcd3a7ec788d633ee7,4,3,7.875,190,0
6a7fa1bcd3a7ec788d633ee7,3,4,7.9411764705882355,190,0
6a7fa1bcd3a7ec788d633ee7,2,5,7.888888888888889,190,0
6a7fa1bcd3a7ec788d633ee7,1,5,8.157894736842104,190,0
6a7fa1bcd3a7ec788d633eeb,19,0,12,174,1
6a7fa1bcd3a7ec788d633eeb,18,0,13,174,1
6a7fa1bcd3a7ec788d633eeb,17,0,12.333333333333334,174,1
6a7fa1bcd3a7ec788d633eeb,16,0,10,174,1
6a7fa1bcd3a7ec788d633eeb,15,0,10.2,174,1
6a7fa1bcd3a7ec788d633eeb,14,0,10.166666666666666,174,1
6a7fa1bcd3a7ec788d633eeb,13,0,11,174,1
6a7fa1bcd3a7ec788d633eeb,12,1,11.5,174,1
6a7fa1bcd3a7ec788d633eeb,11,1,11.11111111111111,174,1
6a7fa1bcd3a7ec788d633eeb,10,1,10.6,174,1
6a7fa1bcd3a7ec788d633eeb,9,1,10.454545454545455,174,1
6a7fa1bcd3a7ec788d633eeb,8,2,9.916666666666666,174,1
6a7fa1bcd3a7ec788d633eeb,7,2,9.461538461538462,174,1
6a7fa1bcd3a7ec788d633eeb,6,2,10.071428571428571,174,1
6a7fa1bcd3a7ec788d633eeb,5,2,9.666666666666666,174,1
6a7fa1bcd3a7ec788d633eeb,4,3,9.3125,174,1
6a7fa1bcd3a7ec788d633eeb,3,3,9.117647058823529,174,1
6a7fa1bcd3a7ec788d633eeb,2,3,9.11111111111111,174,1
6a7fa1bcd3a7ec788d633eeb,1,3,8.947368421052632,174,1
6a7fa1bcd3a7ec788d633eef,19,0,6,159,1
6a7fa1bcd3a7ec788d633eef,19,0,7,159,1
6a7fa1bcd3a7ec788d633eef,18,0,7.5,159,1
6a7fa1bcd3a7ec788d633eef,17,0,9,159,1
6a7fa1bcd3a7ec788d633eef,16,0,8.75,159,1
6a7fa1bcd3a7ec788d633eef,15,0,9.6,159,1
6a7fa1bcd3a7ec788d633eef,14,0,9,159,1
6a7fa1bcd3a7ec788d633eef,13,1,9.142857142857142,159,1
6a7fa1bcd3a7ec788d633eef,12,1,9.75,159,1
6a7fa1bcd3a7ec788d633eef,11,1,9.11111111111111,159,1
6a7fa1bcd3a7ec788d633eef,11,1,9.222222222222221,159,1
6a7fa1bcd3a7ec788d633eef,10,1,8.9,159,1
6a7fa1bcd3a7ec788d633eef,9,1,9.818181818181818,159,1
6a7fa1bcd3a7ec788d633eef,8,2,9.666666666666666,159,1
6a7fa1bcd3a7ec788d633eef,7,2,9.461538461538462,159,1
6a7fa1bcd3a7ec788d633eef,6,2,9.214285714285714,159,1
6a7fa1bcd3a7ec788d633eef,5,3,9,159,1
6a7fa1bcd3a7ec788d633eef,4,4,8.9375,159,1
6a7fa1bcd3a7ec788d633eef,3,4,8.882352941176471,159,1
6a7fa1bcd3a7ec788d633ef3,19,0,6,173,1
6a7fa1bcd3a7ec788d633ef3,18,1,13,173,1
6a7fa1bcd3a7ec788d633ef3,18,1,13.5,173,1
6a7fa1bcd3a7ec788d633ef3,17,1,12.666666666666666,173,1
6a7fa1bcd3a7ec788d633ef3,16,2,12.5,173,1
6a7fa1bcd3a7ec788d633ef3,15,4,11.6,173,1
6a7fa1bcd3a7ec788d633ef3,14,4,11.666666666666666,173,1
6a7fa1bcd3a7ec788d633ef3,13,4,11.428571428571429,173,1
6a7fa1bcd3a7ec788d633ef3,12,4,10.625,173,1
6a7fa1bcd3a7ec788d633ef3,12,4,10.75,173,1
6a7fa1bcd3a7ec788d633ef3,11,4,10,173,1
6a7fa1bcd3a7ec788d633ef3,10,5,10.4,173,1
6a7fa1bcd3a7ec788d633ef3,9,5,10.363636363636363,173,1
6a7fa1bcd3a7ec788d633ef3,8,5,10,173,1
6a7fa1bcd3a7ec788d633ef3,7,7,9.615384615384615,173,1
6a7fa1bcd3a7ec788d633ef3,6,7,10,173,1
6a7fa1bcd3a7ec788d633ef3,6,7,10.071428571428571,173,1
6a7fa1bcd3a7ec788d633ef3,6,7,10.142857142857142,173,1
6a7fa1bcd3a7ec788d633ef3,5,7,10.933333333333334,173,1
6a7fa1bcd3a7ec788d633ef3,4,7,10.75,173,1
6a7fa1bcd3a7ec788d633ef7,19,2,11,163,1
6a7fa1bcd3a7ec788d633ef7,19,2,12,163,1
6a7fa1bcd3a7ec788d633ef7,18,2,11,163,1
6a7fa1bcd3a7ec788d633ef7,17,2,10.666666666666666,163,1
6a7fa1bcd3a7ec788d633ef7,16,3,9.5,163,1
6a7fa1bcd3a7ec788d633ef7,16,3,9.75,163,1
6a7fa1bcd3a7ec788d633ef7,15,3,8.8,163,1
6a7fa1bcd3a7ec788d633ef7,14,3,9.333333333333334,163,1
6a7fa1bcd3a7ec788d633ef7,13,3,9.285714285714286,163,1
6a7fa1bcd3a7ec788d633ef7,12,3,9.75,163,1
6a7fa1bcd3a7ec788d633ef7,11,3,9.666666666666666,163,1
6a7fa1bcd3a7ec788d633ef7,10,3,9.9,163,1
6a7fa1bcd3a7ec788d633ef7,9,3,9.727272727272727,163,1
6a7fa1bcd3a7ec788d633ef7,8,3,9.583333333333334,163,1
6a7fa1bcd3a7ec788d633ef7,7,3,10,163,1
6a7fa1bcd3a7ec788d633ef7,6,4,9.857142857142858,163,1
6a7fa1bcd3a7ec788d633ef7,5,4,9.933333333333334,163,1
6a7fa1bcd3a7ec788d633efb,19,1,3,189,1
6a7fa1bcd3a7ec788d633efb,18,2,3,189,1
6a7fa1bcd3a7ec788d633efb,18,2,3.5,189,1
6a7fa1bcd3a7ec788d633efb,17,2,8.333333333333334,189,1
6a7fa1bcd3a7ec788d633efb,16,2,11,189,1
6a7fa1bcd3a7ec788d633efb,15,2,10.4,189,1
6a7fa1bcd3a7ec788d633efb,14,2,10.5,189,1
6a7fa1bcd3a7ec788d633efb,14,2,10.666666666666666,189,1
6a7fa1bcd3a7ec788d633efb,13,3,10.714285714285714,189,1
6a7fa1bcd3a7ec788d633efb,12,3,11.375,189,1
6a7fa1bcd3a7ec788d633efb,11,3,11.222222222222221,189,1
6a7fa1bcd3a7ec788d633efb,10,3,10.8,189,1
6a7fa1bcd3a7ec788d633efb,9,4,10.545454545454545,189,1
6a7fa1bcd3a7ec788d633efb,8,4,10.416666666666666,189,1
6a7fa1bcd3a7ec788d633efb,7,4,10.076923076923077,189,1
6a7fa1bcd3a7ec788d633efb,6,4,10.428571428571429,189,1
6a7fa1bcd3a7ec788d633efb,5,4,10.533333333333333,189,1
6a7fa1bcd3a7ec788d633efb,4,5,10.875,189,1
6a7fa1bcd3a7ec788d633efb,3,5,10.588235294117647,189,1
6a7fa1bcd3a7ec788d633efb,2,6,10.222222222222221,189,1
6a7fa1bcd3a7ec788d633eff,19,0,4,208,0
6a7fa1bcd3a7ec788d633eff,18,0,6,208,0
6a7fa1bcd3a7ec788d633eff,17,0,8.333333333333334,208,0
6a7fa1bcd3a7ec788d633eff,16,0,10.25,208,0
6a7fa1bcd3a7ec788d633eff,15,0,9.8,208,0
6a7fa1bcd3a7ec788d633eff,14,0,9,208,0
6a7fa1bcd3a7ec788d633eff,13,0,8.857142857142858,208,0
6a7fa1bcd3a7ec788d633eff,12,0,9.125,208,0
6a7fa1bcd3a7ec788d633eff,11,0,9.444444444444445,208,0
6a7fa1bcd3a7ec788d633eff,10,0,9.3,208,0
6a7fa1bcd3a7ec788d633eff,9,0,9,208,0
6a7fa1bcd3a7ec788d633eff,8,1,8.5,208,0
6a7fa1bcd3a7ec788d633eff,7,1,8.076923076923077,208,0
6a7fa1bcd3a7ec788d633eff,6,1,8.285714285714286,208,0
6a7fa1bcd3a7ec788d633eff,5,2,8.066666666666666,208,0
6a7fa1bcd3a7ec788d633eff,4,2,7.8125,208,0
6a7fa1bcd3a7ec788d633eff,3,3,8.117647058823529,208,0
6a7fa1bcd3a7ec788d633eff,2,3,8.277777777777779,208,0
6a7fa1bcd3a7ec788d633eff,1,3,7.894736842105263,208,0
6a7fa1bcd3a7ec788d633f03,19,0,7,151,1
6a7fa1bcd3a7ec788d633f03,18,1,5.5,151,1
6a7fa1bcd3a7ec788d633f03,17,1,6.666666666666667,151,1
6a7fa1bcd3a7ec788d633f03,16,2,5.75,151,1
6a7fa1bcd3a7ec788d633f03,15,2,7,151,1
6a7fa1bcd3a7ec788d633f03,14,2,8,151,1
6a7fa1bcd3a7ec788d633f03,13,2,8.142857142857142,151,1
6a7fa1bcd3a7ec788d633f03,12,2,8.25,151,1
6a7fa1bcd3a7ec788d633f03,11,2,7.666666666666667,151,1
6a7fa1bcd3a7ec788d633f03,10,2,7.6,151,1
6a7fa1bcd3a7ec788d633f03,9,2,7.363636363636363,151,1
6a7fa1bcd3a7ec788d633f03,8,3,7.333333333333333,151,1
6a7fa1bcd3a7ec788d633f03,7,3,7,151,1
6a7fa1bcd3a7ec788d633f03,6,3,7.357142857142857,151,1
6a7fa1bcd3a7ec788d633f03,5,3,7.2,151,1
6a7fa1bcd3a7ec788d633f03,4,3,7.1875,151,1
6a7fa1bcd3a7ec788d633f03,3,3,7.529411764705882,151,1
6a7fa1bcd3a7ec788d633f03,2,3,7.333333333333333,151,1
6a7fa1bcd3a7ec788d633f03,1,3,7.368421052631579,151,1
6a7fa1bcd3a7ec788d633f03,1,3,7.421052631578948,151,1
6a7fa1bcd3a7ec788d633f07,19,0,5,196,0
6a7fa1bcd3a7ec788d633f07,18,0,7.5,196,0
6a7fa1bcd3a7ec788d633f07,17,0,6.666666666666667,196,0
6a7fa1bcd3a7ec788d633f07,16,0,7,196,0
6a7fa1bcd3a7ec788d633f07,15,0,9,196,0
6a7fa1bcd3a7ec788d633f07,15,0,9.2,196,0
6a7fa1bcd3a7ec788d633f07,14,0,9,196,0
6a7fa1bcd3a7ec788d633f07,13,1,8.142857142857142,196,0
6a7fa1bcd3a7ec788d633f07,12,1,7.625,196,0
6a7fa1bcd3a7ec788d633f07,11,1,8.88888888888889,196,0
6a7fa1bcd3a7ec788d633f07,10,2,8.6,196,0
6a7fa1bcd3a7ec788d633f07,9,2,9.181818181818182,196,0
6a7fa1bcd3a7ec788d633f07,8,2,9.25,196,0
6a7fa1bcd3a7ec788d633f07,7,2,9.153846153846153,196,0
6a7fa1bcd3a7ec788d633f07,6,2,8.714285714285714,196,0
6a7fa1bcd3a7ec788d633f07,5,3,8.6,196,0
6a7fa1bcd3a7ec788d633f07,4,3,8.1875,196,0
6a7fa1bcd3a7ec788d633f07,3,3,8.588235294117647,196,0
6a7fa1bcd3a7ec788d633f07,2,3,8.555555555555555,196,0
6a7fa1bcd3a7ec788d633f07,1,3,8.421052631578947,196,0
6a7fa1bcd3a7ec788d633f0b,19,0,16,178,0
6a7fa1bcd3a7ec788d633f0b,18,1,13.5,178,0
6a7fa1bcd3a7ec788d633f0b,17,1,11.666666666666666,178,0
6a7fa1bcd3a7ec788d633f0b,16,1,11.75,178,0
6a7fa1bcd3a7ec788d633f0b,15,2,11.2,178,0
6a7fa1bcd3a7ec788d633f0b,14,2,9.833333333333334,178,0
6a7fa1bcd3a7ec788d633f0b,13,2,10.285714285714286,178,0
6a7fa1bcd3a7ec788d633f0b,12,2,9.5,178,0
6a7fa1bcd3a7ec788d633f0b,11,2,8.666666666666666,178,0
6a7fa1bcd3a7ec788d633f0b,10,2,8.8,178,0
6a7fa1bcd3a7ec788d633f0b,10,2,8.9,178,0
6a7fa1bcd3a7ec788d633f0b,9,2,9,178,0
6a7fa1bcd3a7ec788d633f0b,8,2,8.666666666666666,178,0
6a7fa1bcd3a7ec788d633f0b,7,2,8.615384615384615,178,0
6a7fa1bcd3a7ec788d633f0b,6,2,8.857142857142858,178,0
6a7fa1bcd3a7ec788d633f0b,5,2,8.733333333333333,178,0
6a7fa1bcd3a7ec788d633f0b,4,4,8.625,178,0
6a7fa1bcd3a7ec788d633f0b,3,4,8.823529411764707,178,0
6a7fa1bcd3a7ec788d633f0b,2,4,8.5,178,0
6a7fa1bcd3a7ec788d633f0b,1,5,8.789473684210526,178,0
6a7fa1bcd3a7ec788d633f0f,19,1,11,165,1
6a7fa1bcd3a7ec788d633f0f,18,1,12,165,1
6a7fa1bcd3a7ec788d633f0f,17,2,11,165,1
6a7fa1bcd3a7ec788d633f0f,16,2,10.75,165,1
6a7fa1bcd3a7ec788d633f0f,15,2,10.4,165,1
6a7fa1bcd3a7ec788d633f0f,14,2,9.666666666666666,165,1
6a7fa1bcd3a7ec788d633f0f,13,2,9.571428571428571,165,1
6a7fa1bcd3a7ec788d633f0f,12,2,8.625,165,1
6a7fa1bcd3a7ec788d633f0f,11,2,8.666666666666666,165,1
6a7fa1bcd3a7ec788d633f0f,10,2,8.2,165,1
6a7fa1bcd3a7ec788d633f0f,9,2,7.7272727272727275,165,1
6a7fa1bcd3a7ec788d633f0f,8,2,7.583333333333333,165,1
6a7fa1bcd3a7ec788d633f0f,7,2,7.846153846153846,165,1
6a7fa1bcd3a7ec788d633f0f,7,2,7.923076923076923,165,1
6a7fa1bcd3a7ec788d633f0f,6,2,7.642857142857143,165,1
6a7fa1bcd3a7ec788d633f0f,5,2,7.666666666666667,165,1
6a7fa1bcd3a7ec788d633f0f,5,2,7.733333333333333,165,1
6a7fa1bcd3a7ec788d633f0f,5,2,7.8,165,1
6a7fa1bcd3a7ec788d633f0f,4,2,8.125,165,1
6a7fa1bcd3a7ec788d633f0f,3,2,8.470588235294118,165,1
6a7fa1bcd3a7ec788d633f0f,2,2,8.5,165,1
6a7fa1bcd3a7ec788d633f13,19,0,10,155,1
6a7fa1bcd3a7ec788d633f13,19,0,11,155,1
6a7fa1bcd3a7ec788d633f13,18,0,15.5,155,1
6a7fa1bcd3a7ec788d633f13,17,2,13.333333333333334,155,1
6a7fa1bcd3a7ec788d633f13,16,3,12.25,155,1
6a7fa1bcd3a7ec788d633f13,15,4,10.6,155,1
6a7fa1bcd3a7ec788d633f13,14,4,11.333333333333334,155,1
6a7fa1bcd3a7ec788d633f13,13,4,10.428571428571429,155,1
6a7fa1bcd3a7ec788d633f13,12,5,9.5,155,1
6a7fa1bcd3a7ec788d633f13,11,5,10.666666666666666,155,1
6a7fa1bcd3a7ec788d633f13,10,5,11.1,155,1
6a7fa1bcd3a7ec788d633f13,9,5,10.727272727272727,155,1
6a7fa1bcd3a7ec788d633f13,8,6,10.5,155,1
6a7fa1bcd3a7ec788d633f13,7,6,10.153846153846153,155,1
6a7fa1bcd3a7ec788d633f13,6,7,10,155,1
6a7fa1bcd3a7ec788d633f13,5,7,9.933333333333334,155,1
6a7fa1bcd3a7ec788d633f17,19,2,2,195,0
6a7fa1bcd3a7ec788d633f17,18,2,7.5,195,0
6a7fa1bcd3a7ec788d633f17,17,2,7,195,0
6a7fa1bcd3a7ec788d633f17,16,2,6.5,195,0
6a7fa1bcd3a7ec788d633f17,15,2,6.8,195,0
6a7fa1bcd3a7ec788d633f17,14,3,6.666666666666667,195,0
6a7fa1bcd3a7ec788d633f17,13,3,7,195,0
6a7fa1bcd3a7ec788d633f17,12,3,6.375,195,0
6a7fa1bcd3a7ec788d633f17,12,3,6.5,195,0
6a7fa1bcd3a7ec788d633f17,11,4,6.555555555555555,195,0
6a7fa1bcd3a7ec788d633f17,10,4,6.8,195,0
6a7fa1bcd3a7ec788d633f17,10,4,6.9,195,0
6a7fa1bcd3a7ec788d633f17,9,4,6.909090909090909,195,0
6a7fa1bcd3a7ec788d633f17,8,4,7.083333333333333,195,0
6a7fa1bcd3a7ec788d633f17,7,4,7.230769230769231,195,0
6a7fa1bcd3a7ec788d633f17,6,4,7.142857142857143,195,0
6a7fa1bcd3a7ec788d633f17,5,5,6.733333333333333,195,0
6a7fa1bcd3a7ec788d633f17,4,5,7.1875,195,0
6a7fa1bcd3a7ec788d633f17,3,5,7.294117647058823,195,0
6a7fa1bcd3a7ec788d633f17,2,6,7.611111111111111,195,0
6a7fa1bcd3a7ec788d633f17,1,6,7.526315789473684,195,0
6a7fa1bcd3a7ec788d633f1b,19,0,12,165,0
6a7fa1bcd3a7ec788d633f1b,18,1,6.5,165,0
6a7fa1bcd3a7ec788d633f1b,17,1,8.333333333333334,165,0
6a7fa1bcd3a7ec788d633f1b,16,1,9,165,0
6a7fa1bcd3a7ec788d633f1b,15,2,9,165,0
6a7fa1bcd3a7ec788d633f1b,14,2,9.666666666666666,165,0
6a7fa1bcd3a7ec788d633f1b,13,2,10.142857142857142,165,0
6a7fa1bcd3a7ec788d633f1b,12,3,9.875,165,0
6a7fa1bcd3a7ec788d633f1b,11,3,9.777777777777779,165,0
6a7fa1bcd3a7ec788d633f1b,10,3,9.2,165,0
6a7fa1bcd3a7ec788d633f1b,10,3,9.3,165,0
6a7fa1bcd3a7ec788d633f1b,9,3,9,165,0
6a7fa1bcd3a7ec788d633f1b,8,3,8.916666666666666,165,0
6a7fa1bcd3a7ec788d633f1b,7,3,8.846153846153847,165,0
6a7fa1bcd3a7ec788d633f1b,6,3,8.642857142857142,165,0
6a7fa1bcd3a7ec788d633f1b,5,3,8.333333333333334,165,0
6a7fa1bcd3a7ec788d633f1b,4,3,8.125,165,0
6a7fa1bcd3a7ec788d633f1b,3,4,8,165,0
6a7fa1bcd3a7ec788d633f1b,2,4,7.888888888888889,165,0
6a7fa1bcd3a7ec788d633f1b,1,4,8,165,0
6a7fa1bcd3a7ec788d633f1f,19,0,18,166,1
6a7fa1bcd3a7ec788d633f1f,18,0,17.5,166,1
6a7fa1bcd3a7ec788d633f1f,17,0,13.333333333333334,166,1
6a7fa1bcd3a7ec788d633f1f,16,0,12.25,166,1
6a7fa1bcd3a7ec788d633f1f,15,0,12.8,166,1
6a7fa1bcd3a7ec788d633f1f,14,0,12.833333333333334,166,1
6a7fa1bcd3a7ec788d633f1f,13,0,11.714285714285714,166,1
6a7fa1bcd3a7ec788d633f1f,12,0,11.875,166,1
6a7fa1bcd3a7ec788d633f1f,11,1,11.222222222222221,166,1
6a7fa1bcd3a7ec788d633f1f,10,1,11.8,166,1
6a7fa1bcd3a7ec788d633f1f,9,1,12.272727272727273,166,1
6a7fa1bcd3a7ec788d633f1f,8,1,12.416666666666666,166,1
6a7fa1bcd3a7ec788d633f1f,7,1,12.846153846153847,166,1
6a7fa1bcd3a7ec788d633f23,19,0,10,151,1
6a7fa1bcd3a7ec788d633f23,18,0,7,151,1
6a7fa1bcd3a7ec788d633f23,17,0,5.666666666666667,151,1
6a7fa1bcd3a7ec788d633f23,16,0,8,151,1
6a7fa1bcd3a7ec788d633f23,15,0,7.6,151,1
6a7fa1bcd3a7ec788d633f23,14,0,8.333333333333334,151,1
6a7fa1bcd3a7ec788d633f23,13,1,7.857142857142857,151,1
6a7fa1bcd3a7ec788d633f23,12,1,8,151,1
6a7fa1bcd3a7ec788d633f23,11,2,7.777777777777778,151,1
6a7fa1bcd3a7ec788d633f23,10,2,7.1,151,1
6a7fa1bcd3a7ec788d633f23,9,2,7.7272727272727275,151,1
6a7fa1bcd3a7ec788d633f23,8,3,7.583333333333333,151,1
6a7fa1bcd3a7ec788d633f23,7,4,7.461538461538462,151,1
6a7fa1bcd3a7ec788d633f23,6,4,7.285714285714286,151,1
6a7fa1bcd3a7ec788d633f23,5,4,7.533333333333333,151,1
6a7fa1bcd3a7ec788d633f23,4,5,8.0625,151,1
6a7fa1bcd3a7ec788d633f23,3,5,8.176470588235293,151,1
6a7fa1bcd3a7ec788d633f23,2,5,7.833333333333333,151,1
6a7fa1bcd3a7ec788d633f27,19,0,8,166,1
6a7fa1bcd3a7ec788d633f27,18,0,7,166,1
6a7fa1bcd3a7ec788d633f27,17,0,9.666666666666666,166,1
6a7fa1bcd3a7ec788d633f27,16,0,7.75,166,1
6a7fa1bcd3a7ec788d633f27,15,0,7.4,166,1
6a7fa1bcd3a7ec788d633f27,14,0,7.5,166,1
6a7fa1bcd3a7ec788d633f27,13,0,7.428571428571429,166,1
6a7fa1bcd3a7ec788d633f27,12,1,7.875,166,1
6a7fa1bcd3a7ec788d633f27,11,1,7.444444444444445,166,1
6a7fa1bcd3a7ec788d633f27,10,1,7.3,166,1
6a7fa1bcd3a7ec788d633f27,9,2,7.818181818181818,166,1
6a7fa1bcd3a7ec788d633f27,8,2,8.083333333333334,166,1
6a7fa1bcd3a7ec788d633f27,7,2,8.538461538461538,166,1
6a7fa1bcd3a7ec788d633f27,6,4,8.428571428571429,166,1
6a7fa1bcd3a7ec788d633f27,6,4,8.714285714285714,166,1
6a7fa1bcd3a7ec788d633f27,5,5,8.866666666666667,166,1
6a7fa1bcd3a7ec788d633f27,4,7,8.75,166,1
6a7fa1bcd3a7ec788d633f27,4,7,8.8125,166,1
6a7fa1bcd3a7ec788d633f27,3,7,8.764705882352942,166,1
6a7fa1bcd3a7ec788d633f27,2,7,8.88888888888889,166,1
6a7fa1bcd3a7ec788d633f2b,19,1,9,144,1
6a7fa1bcd3a7ec788d633f2b,18,1,9,144,1
6a7fa1bcd3a7ec788d633f2b,17,1,9.666666666666666,144,1
6a7fa1bcd3a7ec788d633f2b,16,1,9,144,1
6a7fa1bcd3a7ec788d633f2b,15,1,9.4,144,1
6a7fa1bcd3a7ec788d633f2b,14,1,9.166666666666666,144,1
6a7fa1bcd3a7ec788d633f2b,13,1,9.857142857142858,144,1
6a7fa1bcd3a7ec788d633f2b,12,2,10,144,1
6a7fa1bcd3a7ec788d633f2b,11,2,9.555555555555555,144,1
6a7fa1bcd3a7ec788d633f2b,10,2,10.2,144,1
6a7fa1bcd3a7ec788d633f2b,9,2,10,144,1
6a7fa1bcd3a7ec788d633f2b,8,2,9.666666666666666,144,1
6a7fa1bcd3a7ec788d633f2b,7,3,9.461538461538462,144,1
6a7fa1bcd3a7ec788d633f2b,6,3,9,144,1
6a7fa1bcd3a7ec788d633f2b,5,3,9.333333333333334,144,1
6a7fa1bcd3a7ec788d633f2f,19,0,14,183,0
6a7fa1bcd3a7ec788d633f2f,18,1,14,183,0
6a7fa1bcd3a7ec788d633f2f,17,1,11.666666666666666,183,0
6a7fa1bcd3a7ec788d633f2f,16,1,11.25,183,0
6a7fa1bcd3a7ec788d633f2f,15,1,11.6,183,0
6a7fa1bcd3a7ec788d633f2f,14,1,10.833333333333334,183,0
6a7fa1bcd3a7ec788d633f2f,13,1,10.428571428571429,183,0
6a7fa1bcd3a7ec788d633f2f,12,1,11.25,183,0
6a7fa1bcd3a7ec788d633f2f,11,1,11.555555555555555,183,0
6a7fa1bcd3a7ec788d633f2f,10,2,11.7,183,0
6a7fa1bcd3a7ec788d633f2f,9,2,11.272727272727273,183,0
6a7fa1bcd3a7ec788d633f2f,8,2,10.666666666666666,183,0
6a7fa1bcd3a7ec788d633f2f,7,2,10.76923076923077,183,0
6a7fa1bcd3a7ec788d633f2f,6,2,10.5,183,0
6a7fa1bcd3a7ec788d633f2f,5,2,10.2,183,0
6a7fa1bcd3a7ec788d633f2f,4,2,10.25,183,0
6a7fa1bcd3a7ec788d633f2f,3,3,10.058823529411764,183,0
6a7fa1bcd3a7ec788d633f2f,2,3,9.61111111111111,183,0
6a7fa1bcd3a7ec788d633f2f,1,3,9.157894736842104,183,0
6a7fa1bcd3a7ec788d633f33,19,0,8,171,0
6a7fa1bcd3a7ec788d633f33,18,1,4.5,171,0
6a7fa1bcd3a7ec788d633f33,17,1,6,171,0
6a7fa1bcd3a7ec788d633f33,16,1,6.5,171,0
6a7fa1bcd3a7ec788d633f33,15,1,6.2,171,0
6a7fa1bcd3a7ec788d633f33,14,1,6,171,0
6a7fa1bcd3a7ec788d633f33,13,2,6.571428571428571,171,0
6a7fa1bcd3a7ec788d633f33,12,3,6.75,171,0
6a7fa1bcd3a7ec788d633f33,11,3,7.888888888888889,171,0
6a7fa1bcd3a7ec788d633f33,10,4,8.4,171,0
6a7fa1bcd3a7ec788d633f33,9,4,8.090909090909092,171,0
6a7fa1bcd3a7ec788d633f33,8,4,7.833333333333333,171,0
6a7fa1bcd3a7ec788d633f33,7,4,8.153846153846153,171,0
6a7fa1bcd3a7ec788d633f33,6,4,7.928571428571429,171,0
6a7fa1bcd3a7ec788d633f33,5,4,7.933333333333334,171,0
6a7fa1bcd3a7ec788d633f33,4,5,7.8125,171,0
6a7fa1bcd3a7ec788d633f33,3,6,7.705882352941177,171,0
6a7fa1bcd3a7ec788d633f33,2,7,7.388888888888889,171,0
6a7fa1bcd3a7ec788d633f33,1,7,7.473684210526316,171,0
6a7fa1bcd3a7ec788d633f37,19,0,19,171,1
6a7fa1bcd3a7ec788d633f37,18,0,14.5,171,1
6a7fa1bcd3a7ec788d633f37,17,0,12.333333333333334,171,1
6a7fa1bcd3a7ec788d633f37,16,0,11.5,171,1
6a7fa1bcd3a7ec788d633f37,15,0,10.8,171,1
6a7fa1bcd3a7ec788d633f37,14,0,10.333333333333334,171,1
6a7fa1bcd3a7ec788d633f37,14,0,10.5,171,1
6a7fa1bcd3a7ec788d633f37,13,0,10.428571428571429,171,1
6a7fa1bcd3a7ec788d633f37,12,0,10.875,171,1
6a7fa1bcd3a7ec788d633f37,11,0,10.666666666666666,171,1
6a7fa1bcd3a7ec788d633f37,10,0,10.2,171,1
6a7fa1bcd3a7ec788d633f37,9,0,9.454545454545455,171,1
6a7fa1bcd3a7ec788d633f37,8,0,10.083333333333334,171,1
6a7fa1bcd3a7ec788d633f37,7,0,9.692307692307692,171,1
6a7fa1bcd3a7ec788d633f37,6,0,9.785714285714286,171,1
6a7fa1bcd3a7ec788d633f37,5,1,9.733333333333333,171,1
6a7fa1bcd3a7ec788d633f37,4,1,9.875,171,1
6a7fa1bcd3a7ec788d633f37,3,2,9.882352941176471,171,1
6a7fa1bcd3a7ec788d633f3b,19,0,8,161,0
6a7fa1bcd3a7ec788d633f3b,18,0,6.5,161,0
6a7fa1bcd3a7ec788d633f3b,17,0,6,161,0
6a7fa1bcd3a7ec788d633f3b,17,0,6.333333333333333,161,0
6a7fa1bcd3a7ec788d633f3b,16,0,6.5,161,0
6a7fa1bcd3a7ec788d633f3b,15,0,6.6,161,0
6a7fa1bcd3a7ec788d633f3b,14,0,7.833333333333333,161,0
6a7fa1bcd3a7ec788d633f3b,13,0,7.714285714285714,161,0
6a7fa1bcd3a7ec788d633f3b,12,0,7.125,161,0
6a7fa1bcd3a7ec788d633f3b,11,1,6.777777777777778,161,0
6a7fa1bcd3a7ec788d633f3b,10,1,7.1,161,0
6a7fa1bcd3a7ec788d633f3b,9,1,7,161,0
6a7fa1bcd3a7ec788d633f3b,8,1,7.416666666666667,161,0
6a7fa1bcd3a7ec788d633f3b,7,1,8.461538461538462,161,0
6a7fa1bcd3a7ec788d633f3b,6,1,8.285714285714286,161,0
6a7fa1bcd3a7ec788d633f3b,5,1,7.933333333333334,161,0
6a7fa1bcd3a7ec788d633f3b,4,1,7.625,161,0
6a7fa1bcd3a7ec788d633f3b,3,1,7.235294117647059,161,0
6a7fa1bcd3a7ec788d633f3b,2,2,7.333333333333333,161,0
6a7fa1bcd3a7ec788d633f3b,1,2,7.368421052631579,161,0
6a7fa1bcd3a7ec788d633f3f,19,0,5,228,0
6a7fa1bcd3a7ec788d633f3f,18,0,7.5,228,0
6a7fa1bcd3a7ec788d633f3f,17,0,11,228,0
6a7fa1bcd3a7ec788d633f3f,16,0,10,228,0
6a7fa1bcd3a7ec788d633f3f,15,0,10.4,228,0
6a7fa1bcd3a7ec788d633f3f,14,0,9.5,228,0
6a7fa1bcd3a7ec788d633f3f,13,1,8.571428571428571,228,0
6a7fa1bcd3a7ec788d633f3f,12,1,8.25,228,0
6a7fa1bcd3a7ec788d633f3f,11,1,7.777777777777778,228,0
6a7fa1bcd3a7ec788d633f3f,10,2,7.4,228,0
6a7fa1bcd3a7ec788d633f3f,9,3,7.090909090909091,228,0
6a7fa1bcd3a7ec788d633f3f,8,4,7.666666666666667,228,0
6a7fa1bcd3a7ec788d633f3f,7,4,7.923076923076923,228,0
6a7fa1bcd3a7ec788d633f3f,6,4,8.142857142857142,228,0
6a7fa1bcd3a7ec788d633f3f,5,6,8.066666666666666,228,0
6a7fa1bcd3a7ec788d633f3f,4,6,8.125,228,0
6a7fa1bcd3a7ec788d633f3f,3,6,8.411764705882353,228,0
6a7fa1bcd3a7ec788d633f3f,2,6,8.277777777777779,228,0
6a7fa1bcd3a7ec788d633f3f,2,6,8.5,228,0
6a7fa1bcd3a7ec788d633f3f,1,6,8.421052631578947,228,0
6a7fa1bcd3a7ec788d633f43,19,0,7,185,1
6a7fa1bcd3a7ec788d633f43,18,0,11.5,185,1
6a7fa1bcd3a7ec788d633f43,17,0,9.333333333333334,185,1
6a7fa1bcd3a7ec788d633f43,16,0,10.75,185,1
6a7fa1bcd3a7ec788d633f43,15,0,10.2,185,1
6a7fa1bcd3a7ec788d633f43,14,0,10,185,1
6a7fa1bcd3a7ec788d633f43,13,0,9.285714285714286,185,1
6a7fa1bcd3a7ec788d633f43,12,0,9.375,185,1
6a7fa1bcd3a7ec788d633f43,11,0,9.222222222222221,185,1
6a7fa1bcd3a7ec788d633f43,10,0,9.3,185,1
6a7fa1bcd3a7ec788d633f43,10,0,9.4,185,1
6a7fa1bcd3a7ec788d633f43,9,0,9.272727272727273,185,1
6a7fa1bcd3a7ec788d633f43,8,0,9.333333333333334,185,1
6a7fa1bcd3a7ec788d633f43,7,0,9.307692307692308,185,1
6a7fa1bcd3a7ec788d633f43,7,0,9.384615384615385,185,1
6a7fa1bcd3a7ec788d633f43,6,0,9.214285714285714,185,1
6a7fa1bcd3a7ec788d633f43,5,0,9.133333333333333,185,1
6a7fa1bcd3a7ec788d633f43,4,0,9.0625,185,1
6a7fa1bcd3a7ec788d633f43,3,0,9.058823529411764,185,1
6a7fa1bcd3a7ec788d633f43,2,0,9.055555555555555,185,1
6a7fa1bcd3a7ec788d633f43,1,0,9.473684210526315,185,1
6a7fa1bcd3a7ec788d633f47,19,1,3,171,0
6a7fa1bcd3a7ec788d633f47,18,1,6,171,0
6a7fa1bcd3a7ec788d633f47,17,1,6.333333333333333,171,0
6a7fa1bcd3a7ec788d633f47,16,1,8.5,171,0
6a7fa1bcd3a7ec788d633f47,15,1,9.2,171,0
6a7fa1bcd3a7ec788d633f47,14,1,8.5,171,0
6a7fa1bcd3a7ec788d633f47,13,3,7.857142857142857,171,0
6a7fa1bcd3a7ec788d633f47,12,3,7.875,171,0
6a7fa1bcd3a7ec788d633f47,11,3,8.11111111111111,171,0
6a7fa1bcd3a7ec788d633f47,10,3,7.6,171,0
6a7fa1bcd3a7ec788d633f47,9,3,7.363636363636363,171,0
6a7fa1bcd3a7ec788d633f47,8,3,7.25,171,0
6a7fa1bcd3a7ec788d633f47,7,3,8.23076923076923,171,0
6a7fa1bcd3a7ec788d633f47,6,4,8,171,0
6a7fa1bcd3a7ec788d633f47,5,4,7.666666666666667,171,0
6a7fa1bcd3a7ec788d633f47,4,4,7.5,171,0
6a7fa1bcd3a7ec788d633f47,3,4,7.647058823529412,171,0
6a7fa1bcd3a7ec788d633f47,3,4,7.823529411764706,171,0
6a7fa1bcd3a7ec788d633f47,2,4,8,171,0
6a7fa1bcd3a7ec788d633f47,1,4,8.263157894736842,171,0
6a7fa1bcd3a7ec788d633f4b,19,0,9,152,1
6a7fa1bcd3a7ec788d633f4b,18,0,12.5,152,1
6a7fa1bcd3a7ec788d633f4b,17,1,12,152,1
6a7fa1bcd3a7ec788d633f4b,16,1,10.75,152,1
6a7fa1bcd3a7ec788d633f4b,15,1,10.6,152,1
6a7fa1bcd3a7ec788d633f4b,14,1,10.5,152,1
6a7fa1bcd3a7ec788d633f4b,13,1,9.285714285714286,152,1
6a7fa1bcd3a7ec788d633f4b,12,1,8.75,152,1
6a7fa1bcd3a7ec788d633f4b,11,1,8.666666666666666,152,1
6a7fa1bcd3a7ec788d633f4b,10,1,8.6,152,1
6a7fa1bcd3a7ec788d633f4b,9,2,8.181818181818182,152,1
6a7fa1bcd3a7ec788d633f4b,8,2,8.166666666666666,152,1
6a7fa1bcd3a7ec788d633f4b,7,2,8.23076923076923,152,1
6a7fa1bcd3a7ec788d633f4b,6,2,7.928571428571429,152,1
6a7fa1bcd3a7ec788d633f4b,5,2,8,152,1
6a7fa1bcd3a7ec788d633f4b,4,2,8.0625,152,1
6a7fa1bcd3a7ec788d633f4b,3,2,7.764705882352941,152,1
6a7fa1bcd3a7ec788d633f4b,2,2,7.888888888888889,152,1
6a7fa1bcd3a7ec788d633f4f,19,0,5,155,1
6a7fa1bcd3a7ec788d633f4f,18,0,10.5,155,1
6a7fa1bcd3a7ec788d633f4f,17,0,11.333333333333334,155,1
6a7fa1bcd3a7ec788d633f4f,16,0,11,155,1
6a7fa1bcd3a7ec788d633f4f,15,0,9.2,155,1
6a7fa1bcd3a7ec788d633f4f,14,0,9.5,155,1
6a7fa1bcd3a7ec788d633f4f,13,0,10.285714285714286,155,1
6a7fa1bcd3a7ec788d633f4f,12,0,11.625,155,1
6a7fa1bcd3a7ec788d633f4f,11,0,11.333333333333334,155,1
6a7fa1bcd3a7ec788d633f4f,10,0,11.5,155,1
6a7fa1bcd3a7ec788d633f4f,9,1,10.727272727272727,155,1
6a7fa1bcd3a7ec788d633f4f,8,1,10.916666666666666,155,1
6a7fa1bcd3a7ec788d633f4f,7,1,10.461538461538462,155,1
6a7fa1bcd3a7ec788d633f4f,6,1,9.928571428571429,155,1
6a7fa1bcd3a7ec788d633f4f,5,1,9.933333333333334,155,1
6a7fa1bcd3a7ec788d633f53,19,1,4,179,1
6a7fa1bcd3a7ec788d633f53,18,1,5.5,179,1
6a7fa1bcd3a7ec788d633f53,17,1,10,179,1
6a7fa1bcd3a7ec788d633f53,16,1,10.25,179,1
6a7fa1bcd3a7ec788d633f53,15,1,11.4,179,1
6a7fa1bcd3a7ec788d633f53,14,1,10.5,179,1
6a7fa1bcd3a7ec788d633f53,14,1,10.666666666666666,179,1
6a7fa1bcd3a7ec788d633f53,13,1,10.857142857142858,179,1
6a7fa1bcd3a7ec788d633f53,12,2,10.125,179,1
6a7fa1bcd3a7ec788d633f53,11,2,9.666666666666666,179,1
6a7fa1bcd3a7ec788d633f53,10,2,9.6,179,1
6a7fa1bcd3a7ec788d633f53,9,2,9.181818181818182,179,1
6a7fa1bcd3a7ec788d633f53,8,3,9,179,1
6a7fa1bcd3a7ec788d633f53,7,3,8.923076923076923,179,1
6a7fa1bcd3a7ec788d633f53,6,3,8.785714285714286,179,1
6a7fa1bcd3a7ec788d633f53,5,3,9.266666666666667,179,1
6a7fa1bcd3a7ec788d633f53,4,3,9,179,1
6a7fa1bcd3a7ec788d633f53,3,3,8.705882352941176,179,1
6a7fa1bcd3a7ec788d633f53,2,4,8.833333333333334,179,1
6a7fa1bcd3a7ec788d633f53,1,5,8.894736842105264,179,1
6a7fa1bcd3a7ec788d633f57,19,0,7,177,0
6a7fa1bcd3a7ec788d633f57,18,0,8.5,177,0
6a7fa1bcd3a7ec788d633f57,17,0,8.666666666666666,177,0
6a7fa1bcd3a7ec788d633f57,16,1,7.75,177,0
6a7fa1bcd3a7ec788d633f57,15,2,7.2,177,0
6a7fa1bcd3a7ec788d633f57,14,2,7.666666666666667,177,0
6a7fa1bcd3a7ec788d633f57,13,3,7.285714285714286,177,0
6a7fa1bcd3a7ec788d633f57,12,4,7.5,177,0
6a7fa1bcd3a7ec788d633f57,11,4,7.777777777777778,177,0
6a7fa1bcd3a7ec788d633f57,10,5,8.4,177,0
6a7fa1bcd3a7ec788d633f57,9,5,8.363636363636363,177,0
6a7fa1bcd3a7ec788d633f57,9,5,8.454545454545455,177,0
6a7fa1bcd3a7ec788d633f57,8,5,8.583333333333334,177,0
6a7fa1bcd3a7ec788d633f57,7,6,9.153846153846153,177,0
6a7fa1bcd3a7ec788d633f57,6,6,9.785714285714286,177,0
6a7fa1bcd3a7ec788d633f57,5,6,9.466666666666667,177,0
6a7fa1bcd3a7ec788d633f57,4,7,9.0625,177,0
6a7fa1bcd3a7ec788d633f57,3,7,8.705882352941176,177,0
6a7fa1bcd3a7ec788d633f57,2,7,8.555555555555555,177,0
6a7fa1bcd3a7ec788d633f57,1,7,8.368421052631579,177,0
6a7fa1bcd3a7ec788d633f5b,19,0,9,192,0
6a7fa1bcd3a7ec788d633f5b,18,0,7,192,0
6a7fa1bcd3a7ec788d633f5b,17,0,6,192,0
6a7fa1bcd3a7ec788d633f5b,16,0,6.5,192,0
6a7fa1bcd3a7ec788d633f5b,15,0,6.2,192,0
6a7fa1bcd3a7ec788d633f5b,14,0,6.833333333333333,192,0
6a7fa1bcd3a7ec788d633f5b,13,0,6.285714285714286,192,0
6a7fa1bcd3a7ec788d633f5b,12,0,6.375,192,0
6a7fa1bcd3a7ec788d633f5b,11,0,6.333333333333333,192,0
6a7fa1bcd3a7ec788d633f5b,10,0,6.4,192,0
6a7fa1bcd3a7ec788d633f5b,9,0,6.636363636363637,192,0
6a7fa1bcd3a7ec788d633f5b,9,0,6.818181818181818,192,0
6a7fa1bcd3a7ec788d633f5b,8,0,7.416666666666667,192,0
6a7fa1bcd3a7ec788d633f5b,7,0,7.230769230769231,192,0
6a7fa1bcd3a7ec788d633f5b,6,2,7,192,0
6a7fa1bcd3a7ec788d633f5b,5,2,7.066666666666666,192,0
6a7fa1bcd3a7ec788d633f5b,4,2,7.375,192,0
6a7fa1bcd3a7ec788d633f5b,3,3,7.235294117647059,192,0
6a7fa1bcd3a7ec788d633f5b,3,3,7.294117647058823,192,0
6a7fa1bcd3a7ec788d633f5b,2,5,7.222222222222222,192,0
6a7fa1bcd3a7ec788d633f5b,1,5,7.157894736842105,192,0
6a7fa1bcd3a7ec788d633f5f,19,0,6,178,0
6a7fa1bcd3a7ec788d633f5f,18,0,8,178,0
6a7fa1bcd3a7ec788d633f5f,17,0,5.666666666666667,178,0
6a7fa1bcd3a7ec788d633f5f,16,0,6,178,0
6a7fa1bcd3a7ec788d633f5f,15,0,6,178,0
6a7fa1bcd3a7ec788d633f5f,14,0,6.333333333333333,178,0
6a7fa1bcd3a7ec788d633f5f,13,0,6.571428571428571,178,0
6a7fa1bcd3a7ec788d633f5f,12,0,6,178,0
6a7fa1bcd3a7ec788d633f5f,11,0,6.555555555555555,178,0
6a7fa1bcd3a7ec788d633f5f,10,0,6.9,178,0
6a7fa1bcd3a7ec788d633f5f,9,0,7.2727272727272725,178,0
6a7fa1bcd3a7ec788d633f5f,8,0,7.083333333333333,178,0
6a7fa1bcd3a7ec788d633f5f,7,0,6.846153846153846,178,0
6a7fa1bcd3a7ec788d633f5f,6,1,6.428571428571429,178,0
6a7fa1bcd3a7ec788d633f5f,5,1,6.466666666666667,178,0
6a7fa1bcd3a7ec788d633f5f,5,1,6.8,178,0
6a7fa1bcd3a7ec788d633f5f,4,1,6.875,178,0
6a7fa1bcd3a7ec788d633f5f,4,1,6.9375,178,0
6a7fa1bcd3a7ec788d633f5f,3,1,7,178,0
6a7fa1bcd3a7ec788d633f5f,2,1,6.944444444444445,178,0
6a7fa1bcd3a7ec788d633f5f,2,1,7,178,0
6a7fa1bcd3a7ec788d633f5f,1,1,7.2105263157894735,178,0
6a7fa1bcd3a7ec788d633f63,19,0,4,167,1
6a7fa1bcd3a7ec788d633f63,18,0,7,167,1
6a7fa1bcd3a7ec788d633f63,17,0,6.333333333333333,167,1
6a7fa1bcd3a7ec788d633f63,16,0,5.75,167,1
6a7fa1bcd3a7ec788d633f63,15,0,6.4,167,1
6a7fa1bcd3a7ec788d633f63,14,0,6.333333333333333,167,1
6a7fa1bcd3a7ec788d633f63,13,0,6.857142857142857,167,1
6a7fa1bcd3a7ec788d633f63,12,0,7.5,167,1
6a7fa1bcd3a7ec788d633f63,11,0,7.222222222222222,167,1
6a7fa1bcd3a7ec788d633f63,10,0,7.7,167,1
6a7fa1bcd3a7ec788d633f63,9,0,8.909090909090908,167,1
6a7fa1bcd3a7ec788d633f63,8,1,9,167,1
6a7fa1bcd3a7ec788d633f63,7,1,9.307692307692308,167,1
6a7fa1bcd3a7ec788d633f63,6,1,9.428571428571429,167,1
6a7fa1bcd3a7ec788d633f63,5,1,9.666666666666666,167,1
6a7fa1bcd3a7ec788d633f63,4,1,9.1875,167,1
6a7fa1bcd3a7ec788d633f63,3,2,9.117647058823529,167,1
6a7fa1bcd3a7ec788d633f63,2,3,9,167,1
6a7fa1bcd3a7ec788d633f67,19,0,16,167,1
6a7fa1bcd3a7ec788d633f67,18,0,12,167,1
6a7fa1bcd3a7ec788d633f67,17,0,14.666666666666666,167,1
6a7fa1bcd3a7ec788d633f67,16,0,12.25,167,1
6a7fa1bcd3a7ec788d633f67,15,0,12.4,167,1
6a7fa1bcd3a7ec788d633f67,14,0,11.5,167,1
6a7fa1bcd3a7ec788d633f67,13,0,12.285714285714286,167,1
6a7fa1bcd3a7ec788d633f67,12,0,12.5,167,1
6a7fa1bcd3a7ec788d633f67,11,1,11.333333333333334,167,1
6a7fa1bcd3a7ec788d633f67,10,1,11.3,167,1
6a7fa1bcd3a7ec788d633f67,9,1,11.363636363636363,167,1
6a7fa1bcd3a7ec788d633f67,8,2,10.916666666666666,167,1
6a7fa1bcd3a7ec788d633f67,7,2,10.615384615384615,167,1
6a7fa1bcd3a7ec788d633f67,6,2,10.214285714285714,167,1
6a7fa1bcd3a7ec788d633f67,5,3,10.333333333333334,167,1
6a7fa1bcd3a7ec788d633f67,4,3,10.1875,167,1
6a7fa1bcd3a7ec788d633f6b,19,0,3,189,0
6a7fa1bcd3a7ec788d633f6b,18,1,5,189,0
6a7fa1bcd3a7ec788d633f6b,17,1,7.333333333333333,189,0
6a7fa1bcd3a7ec788d633f6b,17,1,7.666666666666667,189,0
6a7fa1bcd3a7ec788d633f6b,16,2,9,189,0
6a7fa1bcd3a7ec788d633f6b,15,2,8.8,189,0
6a7fa1bcd3a7ec788d633f6b,14,2,10,189,0
6a7fa1bcd3a7ec788d633f6b,14,2,10.166666666666666,189,0
6a7fa1bcd3a7ec788d633f6b,13,2,9.571428571428571,189,0
6a7fa1bcd3a7ec788d633f6b,12,2,8.75,189,0
6a7fa1bcd3a7ec788d633f6b,11,2,8.11111111111111,189,0
6a7fa1bcd3a7ec788d633f6b,10,3,8,189,0
6a7fa1bcd3a7ec788d633f6b,9,3,7.636363636363637,189,0
6a7fa1bcd3a7ec788d633f6b,8,3,7.916666666666667,189,0
6a7fa1bcd3a7ec788d633f6b,7,3,8.23076923076923,189,0
6a7fa1bcd3a7ec788d633f6b,6,3,8.428571428571429,189,0
6a7fa1bcd3a7ec788d633f6b,5,3,8.133333333333333,189,0
6a7fa1bcd3a7ec788d633f6b,4,3,8.375,189,0
6a7fa1bcd3a7ec788d633f6b,3,3,8.764705882352942,189,0
6a7fa1bcd3a7ec788d633f6b,2,3,8.88888888888889,189,0
6a7fa1bcd3a7ec788d633f6b,1,4,8.842105263157896,189,0
6a7fa1bcd3a7ec788d633f6f,19,0,7,155,1
6a7fa1bcd3a7ec788d633f6f,18,1,7,155,1
6a7fa1bcd3a7ec788d633f6f,17,1,7.333333333333333,155,1
6a7fa1bcd3a7ec788d633f6f,16,1,6.25,155,1
6a7fa1bcd3a7ec788d633f6f,15,1,6,155,1
6a7fa1bcd3a7ec788d633f6f,14,1,7.166666666666667,155,1
6a7fa1bcd3a7ec788d633f6f,13,1,7.285714285714286,155,1
6a7fa1bcd3a7ec788d633f6f,12,1,8.375,155,1
6a7fa1bcd3a7ec788d633f6f,11,1,8.222222222222221,155,1
6a7fa1bcd3a7ec788d633f6f,10,1,8.4,155,1
6a7fa1bcd3a7ec788d633f6f,9,1,8.181818181818182,155,1
6a7fa1bcd3a7ec788d633f6f,8,1,8.666666666666666,155,1
6a7fa1bcd3a7ec788d633f6f,7,1,8.846153846153847,155,1
6a7fa1bcd3a7ec788d633f6f,6,1,8.928571428571429,155,1
6a7fa1bcd3a7ec788d633f6f,5,1,8.666666666666666,155,1
6a7fa1bcd3a7ec788d633f6f,4,1,8.5,155,1
6a7fa1bcd3a7ec788d633f6f,4,1,8.5625,155,1
6a7fa1bcd3a7ec788d633f6f,3,1,8.882352941176471,155,1
6a7fa1bcd3a7ec788d633f73,19,0,11,220,0
6a7fa1bcd3a7ec788d633f73,18,1,8,220,0
6a7fa1bcd3a7ec788d633f73,17,2,7.666666666666667,220,0
6a7fa1bcd3a7ec788d633f73,16,2,7.75,220,0
6a7fa1bcd3a7ec788d633f73,15,3,7.4,220,0
6a7fa1bcd3a7ec788d633f73,14,3,7.666666666666667,220,0
6a7fa1bcd3a7ec788d633f73,14,3,7.833333333333333,220,0
6a7fa1bcd3a7ec788d633f73,13,3,8.428571428571429,220,0
6a7fa1bcd3a7ec788d633f73,12,4,8.75,220,0
6a7fa1bcd3a7ec788d633f73,11,4,9.777777777777779,220,0
6a7fa1bcd3a7ec788d633f73,10,5,9.4,220,0
6a7fa1bcd3a7ec788d633f73,9,5,9.454545454545455,220,0
6a7fa1bcd3a7ec788d633f73,8,5,9.083333333333334,220,0
6a7fa1bcd3a7ec788d633f73,7,5,8.76923076923077,220,0
6a7fa1bcd3a7ec788d633f73,7,5,8.846153846153847,220,0
6a7fa1bcd3a7ec788d633f73,6,5,9.428571428571429,220,0
6a7fa1bcd3a7ec788d633f73,5,5,9.866666666666667,220,0
6a7fa1bcd3a7ec788d633f73,4,5,9.4375,220,0
6a7fa1bcd3a7ec788d633f73,4,5,9.5,220,0
6a7fa1bcd3a7ec788d633f73,3,6,9.176470588235293,220,0
6a7fa1bcd3a7ec788d633f73,2,6,8.88888888888889,220,0
6a7fa1bcd3a7ec788d633f73,1,6,8.789473684210526,220,0
6a7fa1bcd3a7ec788d633f77,19,0,6,199,0
6a7fa1bcd3a7ec788d633f77,18,0,8,199,0
6a7fa1bcd3a7ec788d633f77,17,0,5.333333333333333,199,0
6a7fa1bcd3a7ec788d633f77,16,0,6.5,199,0
6a7fa1bcd3a7ec788d633f77,16,0,6.75,199,0
6a7fa1bcd3a7ec788d633f77,15,0,6.6,199,0
6a7fa1bcd3a7ec788d633f77,14,0,6,199,0
6a7fa1bcd3a7ec788d633f77,13,0,7.428571428571429,199,0
6a7fa1bcd3a7ec788d633f77,12,0,7.625,199,0
6a7fa1bcd3a7ec788d633f77,11,0,8.222222222222221,199,0
6a7fa1bcd3a7ec788d633f77,11,0,8.333333333333334,199,0
6a7fa1bcd3a7ec788d633f77,10,0,8.2,199,0
6a7fa1bcd3a7ec788d633f77,9,0,7.818181818181818,199,0
6a7fa1bcd3a7ec788d633f77,8,0,7.75,199,0
6a7fa1bcd3a7ec788d633f77,7,0,7.230769230769231,199,0
6a7fa1bcd3a7ec788d633f77,6,1,7.357142857142857,199,0
6a7fa1bcd3a7ec788d633f77,5,2,7.266666666666667,199,0
6a7fa1bcd3a7ec788d633f77,4,3,7.3125,199,0
6a7fa1bcd3a7ec788d633f77,3,3,7.705882352941177,199,0
6a7fa1bcd3a7ec788d633f77,2,3,8,199,0
6a7fa1bcd3a7ec788d633f77,1,3,8,199,0
6a7fa1bcd3a7ec788d633f7b,19,1,6,176,1
6a7fa1bcd3a7ec788d633f7b,18,1,10.5,176,1
6a7fa1bcd3a7ec788d633f7b,17,2,13,176,1
6a7fa1bcd3a7ec788d633f7b,16,3,10,176,1
6a7fa1bcd3a7ec788d633f7b,15,3,10,176,1
6a7fa1bcd3a7ec788d633f7b,14,3,9.5,176,1
6a7fa1bcd3a7ec788d633f7b,13,3,9.857142857142858,176,1
6a7fa1bcd3a7ec788d633f7b,12,3,9.625,176,1
6a7fa1bcd3a7ec788d633f7b,11,3,9.88888888888889,176,1
6a7fa1bcd3a7ec788d633f7b,10,3,10,176,1
6a7fa1bcd3a7ec788d633f7b,9,3,9.818181818181818,176,1
6a7fa1bcd3a7ec788d633f7b,8,3,9.833333333333334,176,1
6a7fa1bcd3a7ec788d633f7b,7,3,9.76923076923077,176,1
6a7fa1bcd3a7ec788d633f7b,6,3,9.5,176,1
6a7fa1bcd3a7ec788d633f7b,5,3,9.733333333333333,176,1
6a7fa1bcd3a7ec788d633f7b,4,3,9.8125,176,1
6a7fa1bcd3a7ec788d633f7b,3,3,9.764705882352942,176,1
6a7fa1bcd3a7ec788d633f7f,19,0,3,148,1
6a7fa1bcd3a7ec788d633f7f,18,0,9.5,148,1
6a7fa1bcd3a7ec788d633f7f,17,2,8.666666666666666,148,1
6a7fa1bcd3a7ec788d633f7f,16,3,11,148,1
6a7fa1bcd3a7ec788d633f7f,16,3,11.25,148,1
6a7fa1bcd3a7ec788d633f7f,15,3,11,148,1
6a7fa1bcd3a7ec788d633f7f,14,4,11.666666666666666,148,1
6a7fa1bcd3a7ec788d633f7f,13,5,11.142857142857142,148,1
6a7fa1bcd3a7ec788d633f7f,12,5,10.5,148,1
6a7fa1bcd3a7ec788d633f7f,11,6,10.555555555555555,148,1
6a7fa1bcd3a7ec788d633f7f,10,7,10.1,148,1
6a7fa1bcd3a7ec788d633f7f,9,7,10,148,1
6a7fa1bcd3a7ec788d633f7f,8,7,9.416666666666666,148,1
6a7fa1bcd3a7ec788d633f7f,7,7,9.384615384615385,148,1
6a7fa1bcd3a7ec788d633f7f,6,7,9.357142857142858,148,1
6a7fa1bcd3a7ec788d633f7f,5,7,9.533333333333333,148,1
6a7fa1bcd3a7ec788d633f83,19,1,9,243,0
6a7fa1bcd3a7ec788d633f83,18,2,11.5,243,0
6a7fa1bcd3a7ec788d633f83,17,2,10.333333333333334,243,0
6a7fa1bcd3a7ec788d633f83,16,2,9.5,243,0
6a7fa1bcd3a7ec788d633f83,15,2,9.8,243,0
6a7fa1bcd3a7ec788d633f83,14,2,9.5,243,0
6a7fa1bcd3a7ec788d633f83,14,2,9.666666666666666,243,0
6a7fa1bcd3a7ec788d633f83,13,2,10,243,0
6a7fa1bcd3a7ec788d633f83,12,3,9.75,243,0
6a7fa1bcd3a7ec788d633f83,11,3,10.222222222222221,243,0
6a7fa1bcd3a7ec788d633f83,10,3,9.6,243,0
6a7fa1bcd3a7ec788d633f83,9,3,9.818181818181818,243,0
6a7fa1bcd3a7ec788d633f83,8,3,9.833333333333334,243,0
6a7fa1bcd3a7ec788d633f83,7,4,9.384615384615385,243,0
6a7fa1bcd3a7ec788d633f83,6,4,9.642857142857142,243,0
6a7fa1bcd3a7ec788d633f83,5,4,10.2,243,0
6a7fa1bcd3a7ec788d633f83,4,4,9.75,243,0
6a7fa1bcd3a7ec788d633f83,3,4,9.588235294117647,243,0
6a7fa1bcd3a7ec788d633f83,2,4,9.944444444444445,243,0
6a7fa1bcd3a7ec788d633f83,1,4,10.210526315789474,243,0
6a7fa1bcd3a7ec788d633f87,19,0,5,162,0
6a7fa1bcd3a7ec788d633f87,18,0,8.5,162,0
6a7fa1bcd3a7ec788d633f87,17,0,7,162,0
6a7fa1bcd3a7ec788d633f87,16,0,8,162,0
6a7fa1bcd3a7ec788d633f87,15,1,8.2,162,0
6a7fa1bcd3a7ec788d633f87,14,2,8.166666666666666,162,0
6a7fa1bcd3a7ec788d633f87,13,3,8,162,0
6a7fa1bcd3a7ec788d633f87,12,3,7.5,162,0
6a7fa1bcd3a7ec788d633f87,11,4,7.111111111111111,162,0
6a7fa1bcd3a7ec788d633f87,10,4,7.2,162,0
6a7fa1bcd3a7ec788d633f87,9,4,7,162,0
6a7fa1bcd3a7ec788d633f87,8,4,6.666666666666667,162,0
6a7fa1bcd3a7ec788d633f87,7,4,6.846153846153846,162,0
6a7fa1bcd3a7ec788d633f87,6,4,7.285714285714286,162,0
6a7fa1bcd3a7ec788d633f87,5,4,7.933333333333334,162,0
6a7fa1bcd3a7ec788d633f87,4,4,7.6875,162,0
6a7fa1bcd3a7ec788d633f87,3,4,7.705882352941177,162,0
6a7fa1bcd3a7ec788d633f87,3,4,7.764705882352941,162,0
6a7fa1bcd3a7ec788d633f87,2,6,7.555555555555555,162,0
6a7fa1bcd3a7ec788d633f87,1,7,7.7368421052631575,162,0
6a7fa1bcd3a7ec788d633f8b,19,1,9,208,0
6a7fa1bcd3a7ec788d633f8b,18,1,11,208,0
6a7fa1bcd3a7ec788d633f8b,17,1,12.666666666666666,208,0
6a7fa1bcd3a7ec788d633f8b,16,1,12.25,208,0
6a7fa1bcd3a7ec788d633f8b,15,2,10.8,208,0
6a7fa1bcd3a7ec788d633f8b,15,2,11,208,0
6a7fa1bcd3a7ec788d633f8b,15,2,11.2,208,0
6a7fa1bcd3a7ec788d633f8b,14,2,9.5,208,0
6a7fa1bcd3a7ec788d633f8b,13,2,9.857142857142858,208,0
6a7fa1bcd3a7ec788d633f8b,12,2,10.375,208,0
6a7fa1bcd3a7ec788d633f8b,11,4,10.555555555555555,208,0
6a7fa1bcd3a7ec788d633f8b,10,4,10.6,208,0
6a7fa1bcd3a7ec788d633f8b,9,4,10.727272727272727,208,0
6a7fa1bcd3a7ec788d633f8b,8,4,10.166666666666666,208,0
6a7fa1bcd3a7ec788d633f8b,7,4,10.076923076923077,208,0
6a7fa1bcd3a7ec788d633f8b,6,4,10.142857142857142,208,0
6a7fa1bcd3a7ec788d633f8b,5,5,9.6,208,0
6a7fa1bcd3a7ec788d633f8b,4,5,9.375,208,0
6a7fa1bcd3a7ec788d633f8b,3,5,9.470588235294118,208,0
6a7fa1bcd3a7ec788d633f8b,2,5,9.555555555555555,208,0
6a7fa1bcd3a7ec788d633f8b,1,6,9.421052631578947,208,0
6a7fa1bcd3a7ec788d633f8f,19,0,15,160,0
6a7fa1bcd3a7ec788d633f8f,18,1,11,160,0
6a7fa1bcd3a7ec788d633f8f,17,1,9,160,0
6a7fa1bcd3a7ec788d633f8f,16,1,7.75,160,0
6a7fa1bcd3a7ec788d633f8f,15,2,7.2,160,0
6a7fa1bcd3a7ec788d633f8f,14,4,7.5,160,0
6a7fa1bcd3a7ec788d633f8f,13,4,7.428571428571429,160,0
6a7fa1bcd3a7ec788d633f8f,12,4,6.625,160,0
6a7fa1bcd3a7ec788d633f8f,12,4,6.75,160,0
6a7fa1bcd3a7ec788d633f8f,11,4,6.777777777777778,160,0
6a7fa1bcd3a7ec788d633f8f,10,4,7.1,160,0
6a7fa1bcd3a7ec788d633f8f,10,4,7.2,160,0
6a7fa1bcd3a7ec788d633f8f,9,4,7.545454545454546,160,0
6a7fa1bcd3a7ec788d633f8f,8,5,7.5,160,0
6a7fa1bcd3a7ec788d633f8f,7,6,7.6923076923076925,160,0
6a7fa1bcd3a7ec788d633f8f,6,6,7.357142857142857,160,0
6a7fa1bcd3a7ec788d633f8f,5,7,7.333333333333333,160,0
6a7fa1bcd3a7ec788d633f8f,4,8,7,160,0
6a7fa1bcd3a7ec788d633f8f,3,8,7.117647058823529,160,0
6a7fa1bcd3a7ec788d633f8f,2,8,7,160,0
6a7fa1bcd3a7ec788d633f8f,1,8,7.368421052631579,160,0
6a7fa1bcd3a7ec788d633f93,19,0,13,177,0
6a7fa1bcd3a7ec788d633f93,18,0,12.5,177,0
6a7fa1bcd3a7ec788d633f93,17,1,9.666666666666666,177,0
6a7fa1bcd3a7ec788d633f93,16,1,9.25,177,0
6a7fa1bcd3a7ec788d633f93,15,1,8.2,177,0
6a7fa1bcd3a7ec788d633f93,14,2,8.333333333333334,177,0
6a7fa1bcd3a7ec788d633f93,13,3,8.285714285714286,177,0
6a7fa1bcd3a7ec788d633f93,12,3,8.625,177,0
6a7fa1bcd3a7ec788d633f93,11,4,8,177,0
6a7fa1bcd3a7ec788d633f93,10,5,8.1,177,0
6a7fa1bcd3a7ec788d633f93,9,5,7.7272727272727275,177,0
6a7fa1bcd3a7ec788d633f93,8,6,7.916666666666667,177,0
6a7fa1bcd3a7ec788d633f93,7,6,8.384615384615385,177,0
6a7fa1bcd3a7ec788d633f93,6,6,8.285714285714286,177,0
6a7fa1bcd3a7ec788d633f93,5,7,8,177,0
6a7fa1bcd3a7ec788d633f93,4,7,8.0625,177,0
6a7fa1bcd3a7ec788d633f93,3,7,8.470588235294118,177,0
6a7fa1bcd3a7ec788d633f93,2,8,8.38888888888889,177,0
6a7fa1bcd3a7ec788d633f93,1,9,8.263157894736842,177,0
6a7fa1bcd3a7ec788d633f97,19,0,14,191,0
6a7fa1bcd3a7ec788d633f97,18,0,11.5,191,0
6a7fa1bcd3a7ec788d633f97,17,1,10.333333333333334,191,0
6a7fa1bcd3a7ec788d633f97,17,1,10.666666666666666,191,0
6a7fa1bcd3a7ec788d633f97,16,1,10.5,191,0
6a7fa1bcd3a7ec788d633f97,15,1,9,191,0
6a7fa1bcd3a7ec788d633f97,14,1,9.166666666666666,191,0
6a7fa1bcd3a7ec788d633f97,13,1,8.428571428571429,191,0
6a7fa1bcd3a7ec788d633f97,12,2,8.25,191,0
6a7fa1bcd3a7ec788d633f97,11,2,7.888888888888889,191,0
6a7fa1bcd3a7ec788d633f97,10,2,8.2,191,0
6a7fa1bcd3a7ec788d633f97,9,2,8.363636363636363,191,0
6a7fa1bcd3a7ec788d633f97,8,2,8,191,0
6a7fa1bcd3a7ec788d633f97,7,2,7.461538461538462,191,0
6a7fa1bcd3a7ec788d633f97,7,2,7.538461538461538,191,0
6a7fa1bcd3a7ec788d633f97,7,2,7.615384615384615,191,0
6a7fa1bcd3a7ec788d633f97,6,2,7.571428571428571,191,0
6a7fa1bcd3a7ec788d633f97,5,2,7.733333333333333,191,0
6a7fa1bcd3a7ec788d633f97,4,3,8,191,0
6a7fa1bcd3a7ec788d633f97,3,3,7.764705882352941,191,0
6a7fa1bcd3a7ec788d633f97,2,3,7.611111111111111,191,0
6a7fa1bcd3a7ec788d633f97,1,3,7.578947368421052,191,0
6a7fa1bcd3a7ec788d633f9b,19,0,6,192,0
6a7fa1bcd3a7ec788d633f9b,18,0,6.5,192,0
6a7fa1bcd3a7ec788d633f9b,17,1,5.333333333333333,192,0
6a7fa1bcd3a7ec788d633f9b,16,1,6.25,192,0
6a7fa1bcd3a7ec788d633f9b,15,1,6.4,192,0
6a7fa1bcd3a7ec788d633f9b,14,2,6.333333333333333,192,0
6a7fa1bcd3a7ec788d633f9b,13,4,6.285714285714286,192,0
6a7fa1bcd3a7ec788d633f9b,12,4,5.875,192,0
6a7fa1bcd3a7ec788d633f9b,11,4,5.222222222222222,192,0
6a7fa1bcd3a7ec788d633f9b,10,4,5.4,192,0
6a7fa1bcd3a7ec788d633f9b,9,4,6,192,0
6a7fa1bcd3a7ec788d633f9b,8,5,6.333333333333333,192,0
6a7fa1bcd3a7ec788d633f9b,7,5,6.384615384615385,192,0
6a7fa1bcd3a7ec788d633f9b,6,5,6.5,192,0
6a7fa1bcd3a7ec788d633f9b,5,6,6.333333333333333,192,0
6a7fa1bcd3a7ec788d633f9b,4,7,6.5,192,0
6a7fa1bcd3a7ec788d633f9b,3,8,6.764705882352941,192,0
6a7fa1bcd3a7ec788d633f9b,2,8,7.277777777777778,192,0
6a7fa1bcd3a7ec788d633f9b,1,9,7.052631578947368,192,0
6a7fa1bcd3a7ec788d633f9f,19,0,5,172,1
6a7fa1bcd3a7ec788d633f9f,18,0,8,172,1
6a7fa1bcd3a7ec788d633f9f,17,0,9.333333333333334,172,1
6a7fa1bcd3a7ec788d633f9f,16,0,8,172,1
6a7fa1bcd3a7ec788d633f9f,16,0,8.25,172,1
6a7fa1bcd3a7ec788d633f9f,15,0,8.8,172,1
6a7fa1bcd3a7ec788d633f9f,14,0,9.333333333333334,172,1
6a7fa1bcd3a7ec788d633f9f,13,0,10,172,1
6a7fa1bcd3a7ec788d633f9f,12,1,9.375,172,1
6a7fa1bcd3a7ec788d633f9f,11,1,9.666666666666666,172,1
6a7fa1bcd3a7ec788d633f9f,10,2,10.1,172,1
6a7fa1bcd3a7ec788d633f9f,9,2,10.636363636363637,172,1
6a7fa1bcd3a7ec788d633f9f,8,2,11,172,1
6a7fa1bcd3a7ec788d633f9f,7,2,10.923076923076923,172,1
6a7fa1bcd3a7ec788d633f9f,6,2,11.5,172,1
6a7fa1bcd3a7ec788d633fa3,19,0,7,200,0
6a7fa1bcd3a7ec788d633fa3,18,1,6.5,200,0
6a7fa1bcd3a7ec788d633fa3,17,1,9,200,0
6a7fa1bcd3a7ec788d633fa3,16,1,9,200,0
6a7fa1bcd3a7ec788d633fa3,15,2,9.2,200,0
6a7fa1bcd3a7ec788d633fa3,14,2,9.833333333333334,200,0
6a7fa1bcd3a7ec788d633fa3,13,2,10.285714285714286,200,0
6a7fa1bcd3a7ec788d633fa3,12,3,9.75,200,0
6a7fa1bcd3a7ec788d633fa3,11,3,9.444444444444445,200,0
6a7fa1bcd3a7ec788d633fa3,10,3,8.7,200,0
6a7fa1bcd3a7ec788d633fa3,9,3,8.727272727272727,200,0
6a7fa1bcd3a7ec788d633fa3,8,3,8.916666666666666,200,0
6a7fa1bcd3a7ec788d633fa3,7,3,9,200,0
6a7fa1bcd3a7ec788d633fa3,6,3,9.214285714285714,200,0
6a7fa1bcd3a7ec788d633fa3,5,3,8.733333333333333,200,0
6a7fa1bcd3a7ec788d633fa3,4,4,8.3125,200,0
6a7fa1bcd3a7ec788d633fa3,3,4,7.9411764705882355,200,0
6a7fa1bcd3a7ec788d633fa3,2,4,8.166666666666666,200,0
6a7fa1bcd3a7ec788d633fa3,1,5,8.052631578947368,200,0
6a7fa1bcd3a7ec788d633fa7,19,0,8,169,1
6a7fa1bcd3a7ec788d633fa7,18,0,9,169,1
6a7fa1bcd3a7ec788d633fa7,17,0,11,169,1
6a7fa1bcd3a7ec788d633fa7,16,0,10,169,1
6a7fa1bcd3a7ec788d633fa7,15,0,9.6,169,1
6a7fa1bcd3a7ec788d633fa7,14,0,9.333333333333334,169,1
6a7fa1bcd3a7ec788d633fa7,14,0,9.833333333333334,169,1
6a7fa1bcd3a7ec788d633fa7,13,0,10.142857142857142,169,1
6a7fa1bcd3a7ec788d633fa7,12,1,11,169,1
6a7fa1bcd3a7ec788d633fa7,11,1,11.222222222222221,169,1
6a7fa1bcd3a7ec788d633fa7,10,1,11.1,169,1
6a7fa1bcd3a7ec788d633fa7,9,1,11.090909090909092,169,1
6a7fa1bcd3a7ec788d633fa7,8,1,10.75,169,1
6a7fa1bcd3a7ec788d633fa7,7,1,10.23076923076923,169,1
6a7fa1bcd3a7ec788d633fa7,6,2,10,169,1
6a7fa1bcd3a7ec788d633fa7,5,3,10.066666666666666,169,1
6a7fa1bcd3a7ec788d633fa7,4,3,10.375,169,1
6a7fa1bcd3a7ec788d633fab,19,0,10,171,1
6a7fa1bcd3a7ec788d633fab,18,0,11,171,1
6a7fa1bcd3a7ec788d633fab,17,1,10,171,1
6a7fa1bcd3a7ec788d633fab,16,1,9.5,171,1
6a7fa1bcd3a7ec788d633fab,15,1,10.2,171,1
6a7fa1bcd3a7ec788d633fab,14,1,9.666666666666666,171,1
6a7fa1bcd3a7ec788d633fab,13,2,8.571428571428571,171,1
6a7fa1bcd3a7ec788d633fab,12,3,8.25,171,1
6a7fa1bcd3a7ec788d633fab,11,3,10,171,1
6a7fa1bcd3a7ec788d633fab,10,4,9.7,171,1
6a7fa1bcd3a7ec788d633fab,9,4,9.636363636363637,171,1
6a7fa1bcd3a7ec788d633fab,8,4,9.416666666666666,171,1
6a7fa1bcd3a7ec788d633fab,7,5,9.384615384615385,171,1
6a7fa1bcd3a7ec788d633fab,6,5,9.785714285714286,171,1
6a7fa1bcd3a7ec788d633fab,5,5,9.466666666666667,171,1
6a7fa1bcd3a7ec788d633fab,4,5,9.625,171,1
6a7fa1bcd3a7ec788d633faf,19,0,13,166,1
6a7fa1bcd3a7ec788d633faf,18,0,11.5,166,1
6a7fa1bcd3a7ec788d633faf,17,0,9,166,1
6a7fa1bcd3a7ec788d633faf,16,0,7.75,166,1
6a7fa1bcd3a7ec788d633faf,15,0,8.2,166,1
6a7fa1bcd3a7ec788d633faf,15,0,8.4,166,1
6a7fa1bcd3a7ec788d633faf,14,0,7.833333333333333,166,1
6a7fa1bcd3a7ec788d633faf,13,0,7.571428571428571,166,1
6a7fa1bcd3a7ec788d633faf,12,2,7.25,166,1
6a7fa1bcd3a7ec788d633faf,11,3,7.777777777777778,166,1
6a7fa1bcd3a7ec788d633faf,10,3,7.6,166,1
6a7fa1bcd3a7ec788d633faf,9,3,8.272727272727273,166,1
6a7fa1bcd3a7ec788d633faf,8,3,8.75,166,1
6a7fa1bcd3a7ec788d633faf,7,4,9.23076923076923,166,1
6a7fa1bcd3a7ec788d633faf,6,5,8.928571428571429,166,1
6a7fa1bcd3a7ec788d633faf,5,6,8.4,166,1
6a7fa1bcd3a7ec788d633faf,4,6,8.4375,166,1
6a7fa1bcd3a7ec788d633faf,3,6,8.647058823529411,166,1
6a7fa1bcd3a7ec788d633faf,3,6,8.705882352941176,166,1
6a7fa1bcd3a7ec788d633faf,2,6,8.777777777777779,166,1
6a7fa1bcd3a7ec788d633faf,1,6,8.473684210526315,166,1
6a7fa1bcd3a7ec788d633fb3,19,0,12,150,1
6a7fa1bcd3a7ec788d633fb3,18,1,11,150,1
6a7fa1bcd3a7ec788d633fb3,17,1,10.333333333333334,150,1
6a7fa1bcd3a7ec788d633fb3,16,1,11,150,1
6a7fa1bcd3a7ec788d633fb3,15,2,9.8,150,1
6a7fa1bcd3a7ec788d633fb3,14,2,9.833333333333334,150,1
6a7fa1bcd3a7ec788d633fb3,13,2,9.857142857142858,150,1
6a7fa1bcd3a7ec788d633fb3,12,2,9.75,150,1
6a7fa1bcd3a7ec788d633fb3,11,2,9.555555555555555,150,1
6a7fa1bcd3a7ec788d633fb3,10,3,8.8,150,1
6a7fa1bcd3a7ec788d633fb3,9,4,8.545454545454545,150,1
6a7fa1bcd3a7ec788d633fb3,8,5,8,150,1
6a7fa1bcd3a7ec788d633fb3,7,5,8.076923076923077,150,1
6a7fa1bcd3a7ec788d633fb3,6,5,7.785714285714286,150,1
6a7fa1bcd3a7ec788d633fb3,5,5,7.733333333333333,150,1
6a7fa1bcd3a7ec788d633fb3,4,5,7.6875,150,1
6a7fa1bcd3a7ec788d633fb3,3,5,7.647058823529412,150,1
6a7fa1bcd3a7ec788d633fb3,2,5,7.444444444444445,150,1
6a7fa1bcd3a7ec788d633fb3,2,5,7.5,150,1
6a7fa1bcd3a7ec788d633fb3,1,5,7.631578947368421,150,1
6a7fa1bcd3a7ec788d633fb7,19,0,11,134,0
6a7fa1bcd3a7ec788d633fb7,18,0,8,134,0
6a7fa1bcd3a7ec788d633fb7,17,0,9.333333333333334,134,0
6a7fa1bcd3a7ec788d633fb7,16,0,8.75,134,0
6a7fa1bcd3a7ec788d633fb7,15,0,8.2,134,0
6a7fa1bcd3a7ec788d633fb7,14,0,8,134,0
6a7fa1bcd3a7ec788d633fb7,13,1,7.857142857142857,134,0
6a7fa1bcd3a7ec788d633fb7,13,1,8,134,0
6a7fa1bcd3a7ec788d633fb7,13,1,8.142857142857142,134,0
6a7fa1bcd3a7ec788d633fb7,12,1,8.25,134,0
6a7fa1bcd3a7ec788d633fb7,11,2,7.777777777777778,134,0
6a7fa1bcd3a7ec788d633fb7,10,2,7.5,134,0
6a7fa1bcd3a7ec788d633fb7,9,3,6.909090909090909,134,0
6a7fa1bcd3a7ec788d633fb7,8,3,6.666666666666667,134,0
6a7fa1bcd3a7ec788d633fb7,7,3,6.923076923076923,134,0
6a7fa1bcd3a7ec788d633fb7,6,3,6.785714285714286,134,0
6a7fa1bcd3a7ec788d633fb7,5,3,7.333333333333333,134,0
6a7fa1bcd3a7ec788d633fb7,5,3,7.4,134,0
6a7fa1bcd3a7ec788d633fb7,4,3,7.25,134,0
6a7fa1bcd3a7ec788d633fb7,3,6,7.0588235294117645,134,0
6a7fa1bcd3a7ec788d633fb7,2,8,6.777777777777778,134,0
6a7fa1bcd3a7ec788d633fb7,1,9,6.7368421052631575,134,0
6a7fa1bcd3a7ec788d633fbb,19,0,6,187,0
6a7fa1bcd3a7ec788d633fbb,18,1,7,187,0
6a7fa1bcd3a7ec788d633fbb,17,2,7,187,0
6a7fa1bcd3a7ec788d633fbb,16,2,7.5,187,0
6a7fa1bcd3a7ec788d633fbb,15,3,7.6,187,0
6a7fa1bcd3a7ec788d633fbb,14,4,7.666666666666667,187,0
6a7fa1bcd3a7ec788d633fbb,13,5,8.428571428571429,187,0
6a7fa1bcd3a7ec788d633fbb,12,6,7.625,187,0
6a7fa1bcd3a7ec788d633fbb,11,7,8.333333333333334,187,0
6a7fa1bcd3a7ec788d633fbb,10,7,8.2,187,0
6a7fa1bcd3a7ec788d633fbb,9,7,8.272727272727273,187,0
6a7fa1bcd3a7ec788d633fbb,8,7,8,187,0
6a7fa1bcd3a7ec788d633fbb,7,8,7.615384615384615,187,0
6a7fa1bcd3a7ec788d633fbb,6,8,7.642857142857143,187,0
6a7fa1bcd3a7ec788d633fbb,5,9,7.733333333333333,187,0
6a7fa1bcd3a7ec788d633fbf,19,0,8,179,1
6a7fa1bcd3a7ec788d633fbf,18,0,6,179,1
6a7fa1bcd3a7ec788d633fbf,17,0,8.333333333333334,179,1
6a7fa1bcd3a7ec788d633fbf,16,0,8,179,1
6a7fa1bcd3a7ec788d633fbf,15,0,7.8,179,1
6a7fa1bcd3a7ec788d633fbf,14,1,9.166666666666666,179,1
6a7fa1bcd3a7ec788d633fbf,13,1,8.571428571428571,179,1
6a7fa1bcd3a7ec788d633fbf,12,1,8.375,179,1
6a7fa1bcd3a7ec788d633fbf,11,1,7.888888888888889,179,1
6a7fa1bcd3a7ec788d633fbf,10,1,8.6,179,1
6a7fa1bcd3a7ec788d633fbf,9,1,8.181818181818182,179,1
6a7fa1bcd3a7ec788d633fbf,8,1,8.5,179,1
6a7fa1bcd3a7ec788d633fbf,7,1,8.307692307692308,179,1
6a7fa1bcd3a7ec788d633fbf,6,2,8.714285714285714,179,1
6a7fa1bcd3a7ec788d633fbf,5,3,8.466666666666667,179,1
6a7fa1bcd3a7ec788d633fbf,4,3,8.6875,179,1
6a7fa1bcd3a7ec788d633fbf,3,3,8.705882352941176,179,1
6a7fa1bcd3a7ec788d633fbf,2,3,8.5,179,1
6a7fa1bcd3a7ec788d633fbf,1,3,8.789473684210526,179,1
6a7fa1bcd3a7ec788d633fbf,1,3,8.842105263157896,179,1
6a7fa1bcd3a7ec788d633fc3,19,0,6,167,0
6a7fa1bcd3a7ec788d633fc3,18,0,7,167,0
6a7fa1bcd3a7ec788d633fc3,17,0,7.666666666666667,167,0
6a7fa1bcd3a7ec788d633fc3,16,0,6.75,167,0
6a7fa1bcd3a7ec788d633fc3,15,0,7,167,0
6a7fa1bcd3a7ec788d633fc3,14,1,7.333333333333333,167,0
6a7fa1bcd3a7ec788d633fc3,13,1,8.857142857142858,167,0
6a7fa1bcd3a7ec788d633fc3,12,2,7.875,167,0
6a7fa1bcd3a7ec788d633fc3,11,2,8.333333333333334,167,0
6a7fa1bcd3a7ec788d633fc3,10,2,7.8,167,0
6a7fa1bcd3a7ec788d633fc3,10,2,7.9,167,0
6a7fa1bcd3a7ec788d633fc3,9,2,8,167,0
6a7fa1bcd3a7ec788d633fc3,8,2,7.75,167,0
6a7fa1bcd3a7ec788d633fc3,7,2,7.6923076923076925,167,0
6a7fa1bcd3a7ec788d633fc3,7,2,7.923076923076923,167,0
6a7fa1bcd3a7ec788d633fc3,6,2,7.428571428571429,167,0
6a7fa1bcd3a7ec788d633fc3,5,2,7.2,167,0
6a7fa1bcd3a7ec788d633fc3,5,2,7.266666666666667,167,0
6a7fa1bcd3a7ec788d633fc3,4,2,6.9375,167,0
6a7fa1bcd3a7ec788d633fc3,3,2,6.647058823529412,167,0
6a7fa1bcd3a7ec788d633fc3,2,2,7,167,0
6a7fa1bcd3a7ec788d633fc3,1,3,6.894736842105263,167,0
6a7fa1bcd3a7ec788d633fc7,19,1,4,203,0
6a7fa1bcd3a7ec788d633fc7,18,1,6,203,0
6a7fa1bcd3a7ec788d633fc7,17,1,5,203,0
6a7fa1bcd3a7ec788d633fc7,16,1,7,203,0
6a7fa1bcd3a7ec788d633fc7,15,1,7,203,0
6a7fa1bcd3a7ec788d633fc7,14,1,8.166666666666666,203,0
6a7fa1bcd3a7ec788d633fc7,13,2,8.571428571428571,203,0
6a7fa1bcd3a7ec788d633fc7,12,3,7.75,203,0
6a7fa1bcd3a7ec788d633fc7,11,4,8.222222222222221,203,0
6a7fa1bcd3a7ec788d633fc7,10,5,8.2,203,0
6a7fa1bcd3a7ec788d633fc7,9,6,8,203,0
6a7fa1bcd3a7ec788d633fc7,8,7,7.583333333333333,203,0
6a7fa1bcd3a7ec788d633fc7,7,7,8.615384615384615,203,0
6a7fa1bcd3a7ec788d633fc7,6,7,8.5,203,0
6a7fa1bcd3a7ec788d633fc7,5,8,8.066666666666666,203,0
6a7fa1bcd3a7ec788d633fc7,4,8,8.125,203,0
6a7fa1bcd3a7ec788d633fc7,3,8,8.411764705882353,203,0
6a7fa1bcd3a7ec788d633fc7,2,8,8.444444444444445,203,0
6a7fa1bcd3a7ec788d633fc7,1,8,8.421052631578947,203,0
6a7fa1bcd3a7ec788d633fcb,19,0,17,203,0
6a7fa1bcd3a7ec788d633fcb,18,1,10,203,0
6a7fa1bcd3a7ec788d633fcb,17,1,12,203,0
6a7fa1bcd3a7ec788d633fcb,16,2,10.25,203,0
6a7fa1bcd3a7ec788d633fcb,15,2,9.4,203,0
6a7fa1bcd3a7ec788d633fcb,14,2,9.666666666666666,203,0
6a7fa1bcd3a7ec788d633fcb,13,2,8.428571428571429,203,0
6a7fa1bcd3a7ec788d633fcb,12,2,8.375,203,0
6a7fa1bcd3a7ec788d633fcb,11,3,7.888888888888889,203,0
6a7fa1bcd3a7ec788d633fcb,10,3,8.1,203,0
6a7fa1bcd3a7ec788d633fcb,9,4,7.7272727272727275,203,0
6a7fa1bcd3a7ec788d633fcb,8,4,7.833333333333333,203,0
6a7fa1bcd3a7ec788d633fcb,7,4,7.6923076923076925,203,0
6a7fa1bcd3a7ec788d633fcb,6,4,8.071428571428571,203,0
6a7fa1bcd3a7ec788d633fcb,5,4,7.733333333333333,203,0
6a7fa1bcd3a7ec788d633fcb,4,5,7.875,203,0
6a7fa1bcd3a7ec788d633fcb,3,5,7.705882352941177,203,0
6a7fa1bcd3a7ec788d633fcb,2,5,7.722222222222222,203,0
6a7fa1bcd3a7ec788d633fcb,1,5,7.894736842105263,203,0
6a7fa1bcd3a7ec788d633fcf,19,0,13,171,0
6a7fa1bcd3a7ec788d633fcf,18,1,8.5,171,0
6a7fa1bcd3a7ec788d633fcf,17,1,8.666666666666666,171,0
6a7fa1bcd3a7ec788d633fcf,16,1,7.5,171,0
6a7fa1bcd3a7ec788d633fcf,15,1,7.2,171,0
6a7fa1bcd3a7ec788d633fcf,14,1,6.666666666666667,171,0
6a7fa1bcd3a7ec788d633fcf,13,1,6.571428571428571,171,0
6a7fa1bcd3a7ec788d633fcf,12,1,6.25,171,0
6a7fa1bcd3a7ec788d633fcf,11,1,6.666666666666667,171,0
6a7fa1bcd3a7ec788d633fcf,10,3,6.3,171,0
6a7fa1bcd3a7ec788d633fcf,9,3,6.818181818181818,171,0
6a7fa1bcd3a7ec788d633fcf,8,3,7.083333333333333,171,0
6a7fa1bcd3a7ec788d633fcf,7,3,8,171,0
6a7fa1bcd3a7ec788d633fcf,6,3,8.357142857142858,171,0
6a7fa1bcd3a7ec788d633fcf,5,3,8.266666666666667,171,0
6a7fa1bcd3a7ec788d633fcf,4,4,8,171,0
6a7fa1bcd3a7ec788d633fcf,3,4,8,171,0
6a7fa1bcd3a7ec788d633fcf,2,4,8.277777777777779,171,0
6a7fa1bcd3a7ec788d633fcf,1,4,8.157894736842104,171,0
6a7fa1bcd3a7ec788d633fd3,19,0,4,163,1
6a7fa1bcd3a7ec788d633fd3,18,0,6.5,163,1
6a7fa1bcd3a7ec788d633fd3,17,1,7,163,1
6a7fa1bcd3a7ec788d633fd3,16,1,7.25,163,1
6a7fa1bcd3a7ec788d633fd3,15,1,7.8,163,1
6a7fa1bcd3a7ec788d633fd3,14,1,7.5,163,1
6a7fa1bcd3a7ec788d633fd3,13,3,7.428571428571429,163,1
6a7fa1bcd3a7ec788d633fd3,12,3,8.375,163,1
6a7fa1bcd3a7ec788d633fd3,11,3,8.222222222222221,163,1
6a7fa1bcd3a7ec788d633fd3,10,3,9,163,1
6a7fa1bcd3a7ec788d633fd3,9,4,8.818181818181818,163,1
6a7fa1bcd3a7ec788d633fd3,8,4,9.5,163,1
6a7fa1bcd3a7ec788d633fd3,7,4,9.538461538461538,163,1
6a7fa1bcd3a7ec788d633fd3,6,4,9.642857142857142,163,1
6a7fa1bcd3a7ec788d633fd3,5,4,9.733333333333333,163,1
6a7fa1bcd3a7ec788d633fd3,4,4,9.875,163,1
6a7fa1bcd3a7ec788d633fd7,19,0,14,166,0
6a7fa1bcd3a7ec788d633fd7,18,0,14,166,0
6a7fa1bcd3a7ec788d633fd7,17,0,10.666666666666666,166,0
6a7fa1bcd3a7ec788d633fd7,16,0,11.25,166,0
6a7fa1bcd3a7ec788d633fd7,16,0,11.5,166,0
6a7fa1bcd3a7ec788d633fd7,15,1,10.8,166,0
6a7fa1bcd3a7ec788d633fd7,14,1,10.166666666666666,166,0
6a7fa1bcd3a7ec788d633fd7,13,2,10.142857142857142,166,0
6a7fa1bcd3a7ec788d633fd7,13,2,10.571428571428571,166,0
6a7fa1bcd3a7ec788d633fd7,12,2,10.625,166,0
6a7fa1bcd3a7ec788d633fd7,11,2,9.666666666666666,166,0
6a7fa1bcd3a7ec788d633fd7,10,2,8.9,166,0
6a7fa1bcd3a7ec788d633fd7,9,2,8.909090909090908,166,0
6a7fa1bcd3a7ec788d633fd7,8,3,8.333333333333334,166,0
6a7fa1bcd3a7ec788d633fd7,7,3,8.23076923076923,166,0
6a7fa1bcd3a7ec788d633fd7,6,3,8.428571428571429,166,0
6a7fa1bcd3a7ec788d633fd7,5,3,8.466666666666667,166,0
6a7fa1bcd3a7ec788d633fd7,4,3,8.1875,166,0
6a7fa1bcd3a7ec788d633fd7,3,3,8.117647058823529,166,0
6a7fa1bcd3a7ec788d633fd7,2,3,8.055555555555555,166,0
6a7fa1bcd3a7ec788d633fd7,1,3,8.157894736842104,166,0
6a7fa1bcd3a7ec788d633fdb,19,0,19,172,0
6a7fa1bcd3a7ec788d633fdb,18,2,12.5,172,0
6a7fa1bcd3a7ec788d633fdb,17,2,11,172,0
6a7fa1bcd3a7ec788d633fdb,16,2,9.75,172,0
6a7fa1bcd3a7ec788d633fdb,15,2,11,172,0
6a7fa1bcd3a7ec788d633fdb,14,3,9.833333333333334,172,0
6a7fa1bcd3a7ec788d633fdb,13,3,8.857142857142858,172,0
6a7fa1bcd3a7ec788d633fdb,12,3,9.125,172,0
6a7fa1bcd3a7ec788d633fdb,11,4,9.11111111111111,172,0
6a7fa1bcd3a7ec788d633fdb,10,5,8.8,172,0
6a7fa1bcd3a7ec788d633fdb,9,5,8.454545454545455,172,0
6a7fa1bcd3a7ec788d633fdb,8,5,8.583333333333334,172,0
6a7fa1bcd3a7ec788d633fdb,7,5,8.23076923076923,172,0
6a7fa1bcd3a7ec788d633fdb,6,5,8.642857142857142,172,0
6a7fa1bcd3a7ec788d633fdb,5,6,8.733333333333333,172,0
6a7fa1bcd3a7ec788d633fdb,4,7,8.4375,172,0
6a7fa1bcd3a7ec788d633fdb,3,7,8.588235294117647,172,0
6a7fa1bcd3a7ec788d633fdb,3,7,8.647058823529411,172,0
6a7fa1bcd3a7ec788d633fdb,2,7,8.5,172,0
6a7fa1bcd3a7ec788d633fdb,1,8,8.157894736842104,172,0
6a7fa1bcd3a7ec788d633fdf,19,0,2,183,0
6a7fa1bcd3a7ec788d633fdf,18,0,4,183,0
6a7fa1bcd3a7ec788d633fdf,17,0,7,183,0
6a7fa1bcd3a7ec788d633fdf,16,0,6,183,0
6a7fa1bcd3a7ec788d633fdf,15,0,8,183,0
6a7fa1bcd3a7ec788d633fdf,14,0,7.666666666666667,183,0
6a7fa1bcd3a7ec788d633fdf,13,2,7,183,0
6a7fa1bcd3a7ec788d633fdf,12,2,7.125,183,0
6a7fa1bcd3a7ec788d633fdf,11,2,7.333333333333333,183,0
6a7fa1bcd3a7ec788d633fdf,10,3,7.9,183,0
6a7fa1bcd3a7ec788d633fdf,9,3,8,183,0
6a7fa1bcd3a7ec788d633fdf,8,3,7.583333333333333,183,0
6a7fa1bcd3a7ec788d633fdf,7,3,7.230769230769231,183,0
6a7fa1bcd3a7ec788d633fdf,6,4,6.928571428571429,183,0
6a7fa1bcd3a7ec788d633fdf,5,4,7.6,183,0
6a7fa1bcd3a7ec788d633fdf,4,5,7.75,183,0
6a7fa1bcd3a7ec788d633fdf,3,5,8.058823529411764,183,0
6a7fa1bcd3a7ec788d633fdf,2,5,8.11111111111111,183,0
6a7fa1bcd3a7ec788d633fdf,1,5,8.31578947368421,183,0
6a7fa1bcd3a7ec788d633fe3,19,1,4,194,0
6a7fa1bcd3a7ec788d633fe3,18,1,13,194,0
6a7fa1bcd3a7ec788d633fe3,17,1,12,194,0
6a7fa1bcd3a7ec788d633fe3,16,1,10.5,194,0
6a7fa1bcd3a7ec788d633fe3,15,1,10,194,0
6a7fa1bcd3a7ec788d633fe3,14,1,9.5,194,0
6a7fa1bcd3a7ec788d633fe3,13,1,10.571428571428571,194,0
6a7fa1bcd3a7ec788d633fe3,12,1,9.75,194,0
6a7fa1bcd3a7ec788d633fe3,11,1,10,194,0
6a7fa1bcd3a7ec788d633fe3,10,1,10,194,0
6a7fa1bcd3a7ec788d633fe3,9,1,9.818181818181818,194,0
6a7fa1bcd3a7ec788d633fe3,8,1,9.333333333333334,194,0
6a7fa1bcd3a7ec788d633fe3,7,2,8.846153846153847,194,0
6a7fa1bcd3a7ec788d633fe3,6,2,8.928571428571429,194,0
6a7fa1bcd3a7ec788d633fe3,5,2,8.4,194,0
6a7fa1bcd3a7ec788d633fe3,4,2,8.375,194,0
6a7fa1bcd3a7ec788d633fe3,3,2,8.235294117647058,194,0
6a7fa1bcd3a7ec788d633fe3,2,3,8.222222222222221,194,0
6a7fa1bcd3a7ec788d633fe3,1,3,7.894736842105263,194,0
6a7fa1bcd3a7ec788d633fe7,19,0,12,197,0
6a7fa1bcd3a7ec788d633fe7,18,0,13.5,197,0
6a7fa1bcd3a7ec788d633fe7,17,0,11.666666666666666,197,0
6a7fa1bcd3a7ec788d633fe7,16,0,10.5,197,0
6a7fa1bcd3a7ec788d633fe7,15,0,10.2,197,0
6a7fa1bcd3a7ec788d633fe7,14,1,9.833333333333334,197,0
6a7fa1bcd3a7ec788d633fe7,13,2,11.142857142857142,197,0
6a7fa1bcd3a7ec788d633fe7,12,2,10.75,197,0
6a7fa1bcd3a7ec788d633fe7,11,3,10.666666666666666,197,0
6a7fa1bcd3a7ec788d633fe7,10,4,10.5,197,0
6a7fa1bcd3a7ec788d633fe7,9,4,10.727272727272727,197,0
6a7fa1bcd3a7ec788d633fe7,8,5,10.25,197,0
6a7fa1bcd3a7ec788d633fe7,7,6,10.615384615384615,197,0
6a7fa1bcd3a7ec788d633fe7,6,6,10.142857142857142,197,0
6a7fa1bcd3a7ec788d633fe7,5,7,10.2,197,0
6a7fa1bcd3a7ec788d633fe7,5,7,10.266666666666667,197,0
6a7fa1bcd3a7ec788d633fe7,4,7,10.1875,197,0
6a7fa1bcd3a7ec788d633fe7,3,7,10.117647058823529,197,0
6a7fa1bcd3a7ec788d633fe7,2,7,9.777777777777779,197,0
6a7fa1bcd3a7ec788d633fe7,1,7,9.736842105263158,197,0
6a7fa1bcd3a7ec788d633feb,19,0,19,172,1
6a7fa1bcd3a7ec788d633feb,18,1,15,172,1
6a7fa1bcd3a7ec788d633feb,17,1,12,172,1
6a7fa1bcd3a7ec788d633feb,16,1,10.75,172,1
6a7fa1bcd3a7ec788d633feb,15,1,9.4,172,1
6a7fa1bcd3a7ec788d633feb,14,1,9.666666666666666,172,1
6a7fa1bcd3a7ec788d633feb,13,1,9.285714285714286,172,1
6a7fa1bcd3a7ec788d633feb,12,1,9.625,172,1
6a7fa1bcd3a7ec788d633feb,11,2,9,172,1
6a7fa1bcd3a7ec788d633feb,10,2,8.9,172,1
6a7fa1bcd3a7ec788d633feb,9,2,8.636363636363637,172,1
6a7fa1bcd3a7ec788d633feb,8,2,8.833333333333334,172,1
6a7fa1bcd3a7ec788d633feb,7,2,9.307692307692308,172,1
6a7fa1bcd3a7ec788d633feb,6,2,9.214285714285714,172,1
6a7fa1bcd3a7ec788d633feb,5,2,9.4,172,1
6a7fa1bcd3a7ec788d633feb,4,2,9.5625,172,1
6a7fa1bcd3a7ec788d633feb,3,2,9.529411764705882,172,1
6a7fa1bcd3a7ec788d633feb,2,3,9.61111111111111,172,1
6a7fa1bcd3a7ec788d633fef,19,1,18,202,0
6a7fa1bcd3a7ec788d633fef,18,2,13,202,0
6a7fa1bcd3a7ec788d633fef,18,2,14,202,0
6a7fa1bcd3a7ec788d633fef,17,2,11.666666666666666,202,0
6a7fa1bcd3a7ec788d633fef,16,3,10,202,0
6a7fa1bcd3a7ec788d633fef,15,3,8.2,202,0
6a7fa1bcd3a7ec788d633fef,14,3,7.5,202,0
6a7fa1bcd3a7ec788d633fef,13,3,7.714285714285714,202,0
6a7fa1bcd3a7ec788d633fef,12,3,7.875,202,0
6a7fa1bcd3a7ec788d633fef,11,3,8.333333333333334,202,0
6a7fa1bcd3a7ec788d633fef,10,3,8,202,0
6a7fa1bcd3a7ec788d633fef,9,3,7.545454545454546,202,0
6a7fa1bcd3a7ec788d633fef,8,4,7.916666666666667,202,0
6a7fa1bcd3a7ec788d633fef,7,5,8.153846153846153,202,0
6a7fa1bcd3a7ec788d633fef,6,5,7.642857142857143,202,0
6a7fa1bcd3a7ec788d633fef,5,5,7.666666666666667,202,0
6a7fa1bcd3a7ec788d633fef,4,5,7.6875,202,0
6a7fa1bcd3a7ec788d633fef,3,5,7.647058823529412,202,0
6a7fa1bcd3a7ec788d633fef,2,5,7.833333333333333,202,0
6a7fa1bcd3a7ec788d633fef,1,5,7.631578947368421,202,0
6a7fa1bcd3a7ec788d633ff3,19,0,3,157,0
6a7fa1bcd3a7ec788d633ff3,18,0,5,157,0
6a7fa1bcd3a7ec788d633ff3,17,1,6.666666666666667,157,0
6a7fa1bcd3a7ec788d633ff3,16,2,8.25,157,0
6a7fa1bcd3a7ec788d633ff3,15,2,7.4,157,0
6a7fa1bcd3a7ec788d633ff3,14,2,6.833333333333333,157,0
6a7fa1bcd3a7ec788d633ff3,13,2,7.571428571428571,157,0
6a7fa1bcd3a7ec788d633ff3,12,2,7.875,157,0
6a7fa1bcd3a7ec788d633ff3,12,2,8,157,0
6a7fa1bcd3a7ec788d633ff3,11,2,7.666666666666667,157,0
6a7fa1bcd3a7ec788d633ff3,10,2,7.3,157,0
6a7fa1bcd3a7ec788d633ff3,9,2,7.181818181818182,157,0
6a7fa1bcd3a7ec788d633ff3,8,2,7.833333333333333,157,0
6a7fa1bcd3a7ec788d633ff3,7,2,7.384615384615385,157,0
6a7fa1bcd3a7ec788d633ff3,6,2,7.285714285714286,157,0
6a7fa1bcd3a7ec788d633ff3,5,2,7.666666666666667,157,0
6a7fa1bcd3a7ec788d633ff3,4,2,7.5,157,0
6a7fa1bcd3a7ec788d633ff3,3,3,7.0588235294117645,157,0
6a7fa1bcd3a7ec788d633ff3,2,3,7.277777777777778,157,0
6a7fa1bcd3a7ec788d633ff3,1,3,7.157894736842105,157,0
6a7fa1bcd3a7ec788d633ff7,19,1,9,161,1
6a7fa1bcd3a7ec788d633ff7,18,2,8.5,161,1
6a7fa1bcd3a7ec788d633ff7,17,2,8.333333333333334,161,1
6a7fa1bcd3a7ec788d633ff7,16,2,9,161,1
6a7fa1bcd3a7ec788d633ff7,15,3,8,161,1
6a7fa1bcd3a7ec788d633ff7,14,4,8,161,1
6a7fa1bcd3a7ec788d633ff7,13,5,8.571428571428571,161,1
6a7fa1bcd3a7ec788d633ff7,12,6,9.375,161,1
6a7fa1bcd3a7ec788d633ff7,11,6,8.88888888888889,161,1
6a7fa1bcd3a7ec788d633ff7,10,7,9.2,161,1
6a7fa1bcd3a7ec788d633ff7,9,7,8.727272727272727,161,1
6a7fa1bcd3a7ec788d633ff7,8,7,8.833333333333334,161,1
6a7fa1bcd3a7ec788d633ff7,7,7,8.307692307692308,161,1
6a7fa1bcd3a7ec788d633ff7,6,7,8.142857142857142,161,1
6a7fa1bcd3a7ec788d633ff7,5,7,8.266666666666667,161,1
6a7fa1bcd3a7ec788d633ff7,4,7,8.3125,161,1
6a7fa1bcd3a7ec788d633ff7,3,7,8.117647058823529,161,1
6a7fa1bcd3a7ec788d633ff7,2,7,8.666666666666666,161,1
6a7fa1bcd3a7ec788d633ff7,1,8,8.421052631578947,161,1
6a7fa1bcd3a7ec788d633ffb,19,0,3,158,0
6a7fa1bcd3a7ec788d633ffb,18,0,3,158,0
6a7fa1bcd3a7ec788d633ffb,17,0,4.666666666666667,158,0
6a7fa1bcd3a7ec788d633ffb,16,0,4.25,158,0
6a7fa1bcd3a7ec788d633ffb,15,0,5.6,158,0
6a7fa1bcd3a7ec788d633ffb,14,0,6.166666666666667,158,0
6a7fa1bcd3a7ec788d633ffb,13,0,6.428571428571429,158,0
6a7fa1bcd3a7ec788d633ffb,12,0,6,158,0
6a7fa1bcd3a7ec788d633ffb,11,0,6.666666666666667,158,0
6a7fa1bcd3a7ec788d633ffb,10,1,6.8,158,0
6a7fa1bcd3a7ec788d633ffb,9,1,7,158,0
6a7fa1bcd3a7ec788d633ffb,8,3,7.25,158,0
6a7fa1bcd3a7ec788d633ffb,7,3,7.3076923076923075,158,0
6a7fa1bcd3a7ec788d633ffb,6,3,7.357142857142857,158,0
6a7fa1bcd3a7ec788d633ffb,5,3,7.266666666666667,158,0
6a7fa1bcd3a7ec788d633ffb,4,3,7.125,158,0
6a7fa1bcd3a7ec788d633ffb,3,3,6.9411764705882355,158,0
6a7fa1bcd3a7ec788d633ffb,2,3,7.166666666666667,158,0
6a7fa1bcd3a7ec788d633ffb,1,3,7.315789473684211,158,0
6a7fa1bcd3a7ec788d633fff,19,1,7,188,0
6a7fa1bcd3a7ec788d633fff,18,1,7.5,188,0
6a7fa1bcd3a7ec788d633fff,17,1,7.666666666666667,188,0
6a7fa1bcd3a7ec788d633fff,16,1,8,188,0
6a7fa1bcd3a7ec788d633fff,15,1,7,188,0
6a7fa1bcd3a7ec788d633fff,14,1,8.5,188,0
6a7fa1bcd3a7ec788d633fff,13,1,8.857142857142858,188,0
6a7fa1bcd3a7ec788d633fff,12,2,8.375,188,0
6a7fa1bcd3a7ec788d633fff,11,2,8.444444444444445,188,0
6a7fa1bcd3a7ec788d633fff,10,2,8.2,188,0
6a7fa1bcd3a7ec788d633fff,10,2,8.3,188,0
6a7fa1bcd3a7ec788d633fff,9,2,7.909090909090909,188,0
6a7fa1bcd3a7ec788d633fff,8,2,8.083333333333334,188,0
6a7fa1bcd3a7ec788d633fff,7,3,8,188,0
6a7fa1bcd3a7ec788d633fff,6,4,8.214285714285714,188,0
6a7fa1bcd3a7ec788d633fff,5,4,7.866666666666666,188,0
6a7fa1bcd3a7ec788d633fff,4,4,8,188,0
6a7fa1bcd3a7ec788d633fff,3,4,7.9411764705882355,188,0
6a7fa1bcd3a7ec788d633fff,3,4,8.117647058823529,188,0
6a7fa1bcd3a7ec788d633fff,2,4,8.833333333333334,188,0
6a7fa1bcd3a7ec788d633fff,1,4,8.947368421052632,188,0
6a7fa1bcd3a7ec788d634003,19,1,4,136,1
6a7fa1bcd3a7ec788d634003,18,1,3,136,1
6a7fa1bcd3a7ec788d634003,17,1,4.333333333333333,136,1
6a7fa1bcd3a7ec788d634003,16,2,3.5,136,1
6a7fa1bcd3a7ec788d634003,15,3,5,136,1
6a7fa1bcd3a7ec788d634003,14,3,4.833333333333333,136,1
6a7fa1bcd3a7ec788d634003,13,3,5,136,1
6a7fa1bcd3a7ec788d634003,12,3,5.5,136,1
6a7fa1bcd3a7ec788d634003,11,5,6.222222222222222,136,1
6a7fa1bcd3a7ec788d634003,10,5,6,136,1
6a7fa1bcd3a7ec788d634003,9,5,6.909090909090909,136,1
6a7fa1bcd3a7ec788d634003,8,5,6.833333333333333,136,1
6a7fa1bcd3a7ec788d634003,7,5,7.230769230769231,136,1
6a7fa1bcd3a7ec788d634003,6,5,7.214285714285714,136,1
6a7fa1bcd3a7ec788d634003,5,5,7.4,136,1
6a7fa1bcd3a7ec788d634003,4,5,7.25,136,1
6a7fa1bcd3a7ec788d634003,3,5,7.0588235294117645,136,1
6a7fa1bcd3a7ec788d634003,2,5,7.055555555555555,136,1
6a7fa1bcd3a7ec788d634003,1,5,7.2105263157894735,136,1
6a7fa1bcd3a7ec788d634007,19,0,9,209,0
6a7fa1bcd3a7ec788d634007,18,0,8,209,0
6a7fa1bcd3a7ec788d634007,17,0,11.666666666666666,209,0
6a7fa1bcd3a7ec788d634007,16,1,9.25,209,0
6a7fa1bcd3a7ec788d634007,15,1,10.6,209,0
6a7fa1bcd3a7ec788d634007,14,1,10.333333333333334,209,0
6a7fa1bcd3a7ec788d634007,13,1,10.428571428571429,209,0
6a7fa1bcd3a7ec788d634007,12,3,10.75,209,0
6a7fa1bcd3a7ec788d634007,11,3,10.88888888888889,209,0
6a7fa1bcd3a7ec788d634007,10,3,10.3,209,0
6a7fa1bcd3a7ec788d634007,9,4,10.545454545454545,209,0
6a7fa1bcd3a7ec788d634007,8,4,10.083333333333334,209,0
6a7fa1bcd3a7ec788d634007,7,5,9.76923076923077,209,0
6a7fa1bcd3a7ec788d634007,6,6,9.571428571428571,209,0
6a7fa1bcd3a7ec788d634007,5,7,9.4,209,0
6a7fa1bcd3a7ec788d634007,4,7,9,209,0
6a7fa1bcd3a7ec788d634007,3,7,9.176470588235293,209,0
6a7fa1bcd3a7ec788d634007,2,7,9.222222222222221,209,0
6a7fa1bcd3a7ec788d634007,1,7,9.210526315789474,209,0
6a7fa1bcd3a7ec788d63400b,19,0,17,175,1
6a7fa1bcd3a7ec788d63400b,18,0,15.5,175,1
6a7fa1bcd3a7ec788d63400b,17,0,13.333333333333334,175,1
6a7fa1bcd3a7ec788d63400b,16,0,12.75,175,1
6a7fa1bcd3a7ec788d63400b,15,0,14.4,175,1
6a7fa1bcd3a7ec788d63400b,14,0,13,175,1
6a7fa1bcd3a7ec788d63400b,13,1,12.714285714285714,175,1
6a7fa1bcd3a7ec788d63400b,12,1,11.5,175,1
6a7fa1bcd3a7ec788d63400b,11,1,11,175,1
6a7fa1bcd3a7ec788d63400b,10,1,10.8,175,1
6a7fa1bcd3a7ec788d63400b,9,1,11.727272727272727,175,1
6a7fa1bcd3a7ec788d63400b,8,1,10.916666666666666,175,1
6a7fa1bcd3a7ec788d63400b,7,3,10.846153846153847,175,1
6a7fa1bcd3a7ec788d63400b,6,3,10.714285714285714,175,1
6a7fa1bcd3a7ec788d63400b,5,3,10.2,175,1
6a7fa1bcd3a7ec788d63400b,4,4,9.8125,175,1
6a7fa1bcd3a7ec788d63400b,3,4,9.823529411764707,175,1
6a7fa1bcd3a7ec788d63400b,2,5,9.333333333333334,175,1
6a7fa1bcd3a7ec788d63400b,1,5,9.157894736842104,175,1
6a7fa1bcd3a7ec788d63400f,19,0,8,206,0
6a7fa1bcd3a7ec788d63400f,18,0,8.5,206,0
6a7fa1bcd3a7ec788d63400f,17,0,10,206,0
6a7fa1bcd3a7ec788d63400f,16,0,11.5,206,0
6a7fa1bcd3a7ec788d63400f,15,0,10.6,206,0
6a7fa1bcd3a7ec788d63400f,14,1,9.333333333333334,206,0
6a7fa1bcd3a7ec788d63400f,13,1,9.285714285714286,206,0
6a7fa1bcd3a7ec788d63400f,12,1,8.75,206,0
6a7fa1bcd3a7ec788d63400f,12,1,8.875,206,0
6a7fa1bcd3a7ec788d63400f,11,2,8.444444444444445,206,0
6a7fa1bcd3a7ec788d63400f,10,2,8.5,206,0
6a7fa1bcd3a7ec788d63400f,9,2,8.727272727272727,206,0
6a7fa1bcd3a7ec788d63400f,8,3,8.25,206,0
6a7fa1bcd3a7ec788d63400f,7,3,8.23076923076923,206,0
6a7fa1bcd3a7ec788d63400f,6,3,8.214285714285714,206,0
6a7fa1bcd3a7ec788d63400f,5,3,8.733333333333333,206,0
6a7fa1bcd3a7ec788d63400f,4,3,8.6875,206,0
6a7fa1bcd3a7ec788d63400f,3,4,8.705882352941176,206,0
6a7fa1bcd3a7ec788d63400f,2,5,8.444444444444445,206,0
6a7fa1bcd3a7ec788d63400f,1,5,8.263157894736842,206,0
6a7fa1bcd3a7ec788d634013,19,0,12,178,1
6a7fa1bcd3a7ec788d634013,18,1,10,178,1
6a7fa1bcd3a7ec788d634013,17,1,10.666666666666666,178,1
6a7fa1bcd3a7ec788d634013,16,1,10.25,178,1
6a7fa1bcd3a7ec788d634013,16,1,10.5,178,1
6a7fa1bcd3a7ec788d634013,15,1,9.4,178,1
6a7fa1bcd3a7ec788d634013,14,1,10.666666666666666,178,1
6a7fa1bcd3a7ec788d634013,13,1,10.142857142857142,178,1
6a7fa1bcd3a7ec788d634013,12,1,9.5,178,1
6a7fa1bcd3a7ec788d634013,11,2,9,178,1
6a7fa1bcd3a7ec788d634013,10,2,8.8,178,1
6a7fa1bcd3a7ec788d634013,9,2,9,178,1
6a7fa1bcd3a7ec788d634013,8,2,9.333333333333334,178,1
6a7fa1bcd3a7ec788d634013,7,2,10,178,1
6a7fa1bcd3a7ec788d634013,6,2,10.071428571428571,178,1
6a7fa1bcd3a7ec788d634013,5,3,10.333333333333334,178,1
6a7fa1bcd3a7ec788d634013,4,5,10.0625,178,1
6a7fa1bcd3a7ec788d634013,3,5,10.411764705882353,178,1
6a7fa1bcd3a7ec788d634017,19,0,15,211,0
6a7fa1bcd3a7ec788d634017,18,0,9.5,211,0
6a7fa1bcd3a7ec788d634017,17,0,10,211,0
6a7fa1bcd3a7ec788d634017,16,0,8.25,211,0
6a7fa1bcd3a7ec788d634017,15,0,6.8,211,0
6a7fa1bcd3a7ec788d634017,14,0,6.5,211,0
6a7fa1bcd3a7ec788d634017,14,0,6.666666666666667,211,0
6a7fa1bcd3a7ec788d634017,13,0,7.428571428571429,211,0
6a7fa1bcd3a7ec788d634017,12,0,6.625,211,0
6a7fa1bcd3a7ec788d634017,11,0,7.666666666666667,211,0
6a7fa1bcd3a7ec788d634017,10,0,8.6,211,0
6a7fa1bcd3a7ec788d634017,9,0,8.636363636363637,211,0
6a7fa1bcd3a7ec788d634017,8,0,8.25,211,0
6a7fa1bcd3a7ec788d634017,7,1,8.384615384615385,211,0
6a7fa1bcd3a7ec788d634017,6,3,8,211,0
6a7fa1bcd3a7ec788d634017,5,4,8.2,211,0
6a7fa1bcd3a7ec788d634017,4,4,8.3125,211,0
6a7fa1bcd3a7ec788d634017,3,4,8.352941176470589,211,0
6a7fa1bcd3a7ec788d634017,2,4,8.38888888888889,211,0
6a7fa1bcd3a7ec788d634017,1,5,8.31578947368421,211,0
6a7fa1bcd3a7ec788d63401b,19,0,7,193,1
6a7fa1bcd3a7ec788d63401b,18,0,15,193,1
6a7fa1bcd3a7ec788d63401b,17,0,13.333333333333334,193,1
6a7fa1bcd3a7ec788d63401b,16,0,11.75,193,1
6a7fa1bcd3a7ec788d63401b,15,0,12.6,193,1
6a7fa1bcd3a7ec788d63401b,14,0,12.5,193,1
6a7fa1bcd3a7ec788d63401b,13,1,12.428571428571429,193,1
6a7fa1bcd3a7ec788d63401b,12,1,11.375,193,1
6a7fa1bcd3a7ec788d63401b,11,1,11.333333333333334,193,1
6a7fa1bcd3a7ec788d63401b,10,3,11.1,193,1
6a7fa1bcd3a7ec788d63401b,9,3,11.363636363636363,193,1
6a7fa1bcd3a7ec788d63401b,8,3,10.833333333333334,193,1
6a7fa1bcd3a7ec788d63401b,7,3,10.692307692307692,193,1
6a7fa1bcd3a7ec788d63401b,6,4,10.142857142857142,193,1
6a7fa1bcd3a7ec788d63401b,5,5,10.333333333333334,193,1
6a7fa1bcd3a7ec788d63401b,4,5,10.375,193,1
6a7fa1bcd3a7ec788d63401b,3,5,10.117647058823529,193,1
6a7fa1bcd3a7ec788d63401b,2,5,10.055555555555555,193,1
6a7fa1bcd3a7ec788d63401b,1,5,10.052631578947368,193,1
6a7fa1bcd3a7ec788d63401f,19,1,4,187,1
6a7fa1bcd3a7ec788d63401f,18,2,4.5,187,1
6a7fa1bcd3a7ec788d63401f,18,2,5,187,1
6a7fa1bcd3a7ec788d63401f,17,2,9.666666666666666,187,1
6a7fa1bcd3a7ec788d63401f,17,2,10,187,1
6a7fa1bcd3a7ec788d63401f,16,2,8.5,187,1
6a7fa1bcd3a7ec788d63401f,15,3,9.2,187,1
6a7fa1bcd3a7ec788d63401f,14,3,9.5,187,1
6a7fa1bcd3a7ec788d63401f,13,3,8.857142857142858,187,1
6a7fa1bcd3a7ec788d63401f,12,4,9.375,187,1
6a7fa1bcd3a7ec788d63401f,12,4,9.5,187,1
6a7fa1bcd3a7ec788d63401f,11,4,10,187,1
6a7fa1bcd3a7ec788d63401f,10,4,10.5,187,1
6a7fa1bcd3a7ec788d63401f,9,4,9.727272727272727,187,1
6a7fa1bcd3a7ec788d63401f,8,4,9.666666666666666,187,1
6a7fa1bcd3a7ec788d63401f,7,5,9.76923076923077,187,1
6a7fa1bcd3a7ec788d63401f,6,5,10,187,1
6a7fa1bcd3a7ec788d63401f,5,6,9.666666666666666,187,1
6a7fa1bcd3a7ec788d63401f,4,6,9.6875,187,1
6a7fa1bcd3a7ec788d63401f,3,6,9.705882352941176,187,1
6a7fa1bcd3a7ec788d63401f,2,6,9.722222222222221,187,1
6a7fa1bcd3a7ec788d63401f,1,6,9.368421052631579,187,1
6a7fa1bcd3a7ec788d634023,19,1,4,172,1
6a7fa1bcd3a7ec788d634023,18,3,2,172,1
6a7fa1bcd3a7ec788d634023,17,3,3.6666666666666665,172,1
6a7fa1bcd3a7ec788d634023,16,4,4.5,172,1
6a7fa1bcd3a7ec788d634023,15,4,5.4,172,1
6a7fa1bcd3a7ec788d634023,14,5,7.333333333333333,172,1
6a7fa1bcd3a7ec788d634023,13,6,7.285714285714286,172,1
6a7fa1bcd3a7ec788d634023,12,6,8,172,1
6a7fa1bcd3a7ec788d634023,11,6,7.555555555555555,172,1
6a7fa1bcd3a7ec788d634023,10,6,7.8,172,1
6a7fa1bcd3a7ec788d634023,9,6,8.272727272727273,172,1
6a7fa1bcd3a7ec788d634023,8,6,8.5,172,1
6a7fa1bcd3a7ec788d634023,7,6,8.076923076923077,172,1
6a7fa1bcd3a7ec788d634023,6,6,8.071428571428571,172,1
6a7fa1bcd3a7ec788d634023,5,6,8.333333333333334,172,1
6a7fa1bcd3a7ec788d634023,4,6,9.0625,172,1
6a7fa1bcd3a7ec788d634023,3,6,8.941176470588236,172,1
6a7fa1bcd3a7ec788d634023,2,7,8.833333333333334,172,1
6a7fa1bcd3a7ec788d634023,1,7,9.105263157894736,172,1
6a7fa1bcd3a7ec788d634027,19,0,26,210,1
6a7fa1bcd3a7ec788d634027,18,0,19,210,1
6a7fa1bcd3a7ec788d634027,17,1,16.333333333333332,210,1
6a7fa1bcd3a7ec788d634027,16,1,15.5,210,1
6a7fa1bcd3a7ec788d634027,15,1,13.8,210,1
6a7fa1bcd3a7ec788d634027,14,1,13.166666666666666,210,1
6a7fa1bcd3a7ec788d634027,13,1,12,210,1
6a7fa1bcd3a7ec788d634027,12,1,11.375,210,1
6a7fa1bcd3a7ec788d634027,11,1,11.666666666666666,210,1
6a7fa1bcd3a7ec788d634027,10,1,11.3,210,1
6a7fa1bcd3a7ec788d634027,9,1,11.545454545454545,210,1
6a7fa1bcd3a7ec788d634027,8,2,11.166666666666666,210,1
6a7fa1bcd3a7ec788d634027,7,2,12.153846153846153,210,1
6a7fa1bcd3a7ec788d634027,6,3,12.142857142857142,210,1
6a7fa1bcd3a7ec788d634027,5,3,12.266666666666667,210,1
6a7fa1bcd3a7ec788d634027,4,3,12.375,210,1
6a7fa1bcd3a7ec788d63402b,19,0,4,153,1
6a7fa1bcd3a7ec788d63402b,18,1,6.5,153,1
6a7fa1bcd3a7ec788d63402b,18,1,7,153,1
6a7fa1bcd3a7ec788d63402b,17,2,9.666666666666666,153,1
6a7fa1bcd3a7ec788d63402b,16,2,9.25,153,1
6a7fa1bcd3a7ec788d63402b,15,2,9.2,153,1
6a7fa1bcd3a7ec788d63402b,14,2,10.166666666666666,153,1
6a7fa1bcd3a7ec788d63402b,13,2,9.714285714285714,153,1
6a7fa1bcd3a7ec788d63402b,12,2,9.5,153,1
6a7fa1bcd3a7ec788d63402b,11,2,9.333333333333334,153,1
6a7fa1bcd3a7ec788d63402b,10,3,8.7,153,1
6a7fa1bcd3a7ec788d63402b,9,3,9.363636363636363,153,1
6a7fa1bcd3a7ec788d63402b,8,3,10.333333333333334,153,1
6a7fa1bcd3a7ec788d63402b,7,3,10.846153846153847,153,1
6a7fa1bcd3a7ec788d63402b,6,3,10.357142857142858,153,1
6a7fa1bcd3a7ec788d63402b,5,3,9.866666666666667,153,1
6a7fa1bcd3a7ec788d63402f,19,0,5,189,1
6a7fa1bcd3a7ec788d63402f,18,0,6.5,189,1
6a7fa1bcd3a7ec788d63402f,17,1,6,189,1
6a7fa1bcd3a7ec788d63402f,16,1,7.5,189,1
6a7fa1bcd3a7ec788d63402f,15,2,6.8,189,1
6a7fa1bcd3a7ec788d63402f,14,2,6.5,189,1
6a7fa1bcd3a7ec788d63402f,13,2,7.285714285714286,189,1
6a7fa1bcd3a7ec788d63402f,12,2,7.75,189,1
6a7fa1bcd3a7ec788d63402f,11,2,8.222222222222221,189,1
6a7fa1bcd3a7ec788d63402f,10,2,9,189,1
6a7fa1bcd3a7ec788d63402f,9,3,8.727272727272727,189,1
6a7fa1bcd3a7ec788d63402f,8,3,8.416666666666666,189,1
6a7fa1bcd3a7ec788d63402f,7,3,8.76923076923077,189,1
6a7fa1bcd3a7ec788d63402f,7,3,9,189,1
6a7fa1bcd3a7ec788d63402f,6,3,9.428571428571429,189,1
6a7fa1bcd3a7ec788d63402f,5,3,9.333333333333334,189,1
6a7fa1bcd3a7ec788d63402f,4,3,9.5625,189,1
6a7fa1bcd3a7ec788d63402f,3,3,9.647058823529411,189,1
6a7fa1bcd3a7ec788d63402f,2,3,9.944444444444445,189,1
6a7fa1bcd3a7ec788d63402f,1,3,9.842105263157896,189,1
6a7fa1bcd3a7ec788d634033,19,0,6,162,1
6a7fa1bcd3a7ec788d634033,18,0,5,162,1
6a7fa1bcd3a7ec788d634033,17,0,8,162,1
6a7fa1bcd3a7ec788d634033,16,1,9,162,1
6a7fa1bcd3a7ec788d634033,16,1,9.25,162,1
6a7fa1bcd3a7ec788d634033,15,1,8.4,162,1
6a7fa1bcd3a7ec788d634033,15,1,8.6,162,1
6a7fa1bcd3a7ec788d634033,14,2,8.5,162,1
6a7fa1bcd3a7ec788d634033,13,2,8.571428571428571,162,1
6a7fa1bcd3a7ec788d634033,13,2,8.714285714285714,162,1
6a7fa1bcd3a7ec788d634033,12,3,8.75,162,1
6a7fa1bcd3a7ec788d634033,11,4,9,162,1
6a7fa1bcd3a7ec788d634033,10,4,9.6,162,1
6a7fa1bcd3a7ec788d634033,9,4,8.909090909090908,162,1
6a7fa1bcd3a7ec788d634033,8,6,8.583333333333334,162,1
6a7fa1bcd3a7ec788d634033,7,6,8.461538461538462,162,1
6a7fa1bcd3a7ec788d634033,6,6,8.928571428571429,162,1
6a7fa1bcd3a7ec788d634033,5,7,8.8,162,1
6a7fa1bcd3a7ec788d634033,4,9,9,162,1
6a7fa1bcd3a7ec788d634033,3,9,9,162,1
6a7fa1bcd3a7ec788d634037,19,0,9,186,0
6a7fa1bcd3a7ec788d634037,18,0,12.5,186,0
6a7fa1bcd3a7ec788d634037,18,0,13,186,0
6a7fa1bcd3a7ec788d634037,17,0,10,186,0
6a7fa1bcd3a7ec788d634037,16,1,7.75,186,0
6a7fa1bcd3a7ec788d634037,15,1,8.2,186,0
6a7fa1bcd3a7ec788d634037,14,1,9.333333333333334,186,0
6a7fa1bcd3a7ec788d634037,13,1,8.571428571428571,186,0
6a7fa1bcd3a7ec788d634037,12,2,7.875,186,0
6a7fa1bcd3a7ec788d634037,11,2,8.11111111111111,186,0
6a7fa1bcd3a7ec788d634037,10,5,7.6,186,0
6a7fa1bcd3a7ec788d634037,9,6,7.7272727272727275,186,0
6a7fa1bcd3a7ec788d634037,8,8,8.166666666666666,186,0
6a7fa1bcd3a7ec788d634037,7,8,8.846153846153847,186,0
6a7fa1bcd3a7ec788d634037,6,8,8.428571428571429,186,0
6a7fa1bcd3a7ec788d634037,5,8,8.666666666666666,186,0
6a7fa1bcd3a7ec788d634037,4,8,9.375,186,0
6a7fa1bcd3a7ec788d634037,3,8,9.823529411764707,186,0
6a7fa1bcd3a7ec788d634037,2,8,9.444444444444445,186,0
6a7fa1bcd3a7ec788d634037,2,8,9.61111111111111,186,0
6a7fa1bcd3a7ec788d634037,1,8,9.263157894736842,186,0
6a7fa1bcd3a7ec788d63403b,19,0,16,164,1
6a7fa1bcd3a7ec788d63403b,18,2,12,164,1
6a7fa1bcd3a7ec788d63403b,17,2,10.333333333333334,164,1
6a7fa1bcd3a7ec788d63403b,16,2,11.5,164,1
6a7fa1bcd3a7ec788d63403b,15,2,10.2,164,1
6a7fa1bcd3a7ec788d63403b,14,2,10,164,1
6a7fa1bcd3a7ec788d63403b,13,2,9.571428571428571,164,1
6a7fa1bcd3a7ec788d63403b,12,2,9.875,164,1
6a7fa1bcd3a7ec788d63403b,11,2,9.777777777777779,164,1
6a7fa1bcd3a7ec788d63403b,10,2,9.7,164,1
6a7fa1bcd3a7ec788d63403b,9,2,10.454545454545455,164,1
6a7fa1bcd3a7ec788d63403b,8,2,10.416666666666666,164,1
6a7fa1bcd3a7ec788d63403b,7,3,10.153846153846153,164,1
6a7fa1bcd3a7ec788d63403b,6,3,9.571428571428571,164,1
6a7fa1bcd3a7ec788d63403b,5,3,9,164,1
6a7fa1bcd3a7ec788d63403b,4,3,9,164,1
6a7fa1bcd3a7ec788d63403b,3,3,8.882352941176471,164,1
6a7fa1bcd3a7ec788d63403b,2,3,8.666666666666666,164,1
6a7fa1bcd3a7ec788d63403b,1,3,8.789473684210526,164,1
6a7fa1bcd3a7ec788d63403f,19,0,9,180,1
6a7fa1bcd3a7ec788d63403f,18,0,6,180,1
6a7fa1bcd3a7ec788d63403f,17,0,10,180,1
6a7fa1bcd3a7ec788d63403f,16,0,9.5,180,1
6a7fa1bcd3a7ec788d63403f,15,0,9.8,180,1
6a7fa1bcd3a7ec788d63403f,14,0,10.833333333333334,180,1
6a7fa1bcd3a7ec788d63403f,13,1,10,180,1
6a7fa1bcd3a7ec788d63403f,12,1,10.125,180,1
6a7fa1bcd3a7ec788d63403f,11,1,11,180,1
6a7fa1bcd3a7ec788d63403f,11,1,11.333333333333334,180,1
6a7fa1bcd3a7ec788d63403f,10,1,11,180,1
6a7fa1bcd3a7ec788d63403f,9,2,10.636363636363637,180,1
6a7fa1bcd3a7ec788d63403f,8,2,10.583333333333334,180,1
6a7fa1bcd3a7ec788d63403f,7,3,10.076923076923077,180,1
6a7fa1bcd3a7ec788d63403f,6,3,10.5,180,1
6a7fa1bcd3a7ec788d63403f,5,3,10.2,180,1
6a7fa1bcd3a7ec788d63403f,5,3,10.266666666666667,180,1
6a7fa1bcd3a7ec788d63403f,4,3,10,180,1
6a7fa1bcd3a7ec788d63403f,3,4,9.647058823529411,180,1
6a7fa1bcd3a7ec788d63403f,2,4,9.333333333333334,180,1
6a7fa1bcd3a7ec788d63403f,1,4,9.210526315789474,180,1
6a7fa1bcd3a7ec788d634043,19,0,15,138,1
6a7fa1bcd3a7ec788d634043,18,0,10.5,138,1
6a7fa1bcd3a7ec788d634043,17,0,10.666666666666666,138,1
6a7fa1bcd3a7ec788d634043,16,0,9.75,138,1
6a7fa1bcd3a7ec788d634043,15,0,9.6,138,1
6a7fa1bcd3a7ec788d634043,14,0,9.333333333333334,138,1
6a7fa1bcd3a7ec788d634043,13,1,9.714285714285714,138,1
6a7fa1bcd3a7ec788d634043,12,1,9.625,138,1
6a7fa1bcd3a7ec788d634043,11,2,9.88888888888889,138,1
6a7fa1bcd3a7ec788d634043,10,2,10.4,138,1
6a7fa1bcd3a7ec788d634043,9,2,10.272727272727273,138,1
6a7fa1bcd3a7ec788d634043,8,2,10.25,138,1
6a7fa1bcd3a7ec788d634043,7,2,9.923076923076923,138,1
6a7fa1bcd3a7ec788d634047,19,0,8,170,1
6a7fa1bcd3a7ec788d634047,18,0,9.5,170,1
6a7fa1bcd3a7ec788d634047,18,0,10,170,1
6a7fa1bcd3a7ec788d634047,18,0,10.5,170,1
6a7fa1bcd3a7ec788d634047,17,0,9.666666666666666,170,1
6a7fa1bcd3a7ec788d634047,16,0,9.5,170,1
6a7fa1bcd3a7ec788d634047,15,0,9.6,170,1
6a7fa1bcd3a7ec788d634047,15,0,10.6,170,1
6a7fa1bcd3a7ec788d634047,14,0,11.166666666666666,170,1
6a7fa1bcd3a7ec788d634047,13,1,11.285714285714286,170,1
6a7fa1bcd3a7ec788d634047,13,1,11.428571428571429,170,1
6a7fa1bcd3a7ec788d634047,12,1,11.375,170,1
6a7fa1bcd3a7ec788d634047,11,2,10.222222222222221,170,1
6a7fa1bcd3a7ec788d634047,10,2,9.7,170,1
6a7fa1bcd3a7ec788d634047,9,2,9.272727272727273,170,1
6a7fa1bcd3a7ec788d634047,8,2,9.25,170,1
6a7fa1bcd3a7ec788d634047,7,2,9.538461538461538,170,1
6a7fa1bcd3a7ec788d634047,6,2,9.785714285714286,170,1
6a7fa1bcd3a7ec788d634047,5,2,9.6,170,1
6a7fa1bcd3a7ec788d634047,4,2,9.3125,170,1
6a7fa1bcd3a7ec788d634047,3,2,9.235294117647058,170,1
6a7fa1bcd3a7ec788d63404b,19,0,7,164,0
6a7fa1bcd3a7ec788d63404b,18,0,8.5,164,0
6a7fa1bcd3a7ec788d63404b,17,0,7.333333333333333,164,0
6a7fa1bcd3a7ec788d63404b,16,0,6.25,164,0
6a7fa1bcd3a7ec788d63404b,15,0,6.6,164,0
6a7fa1bcd3a7ec788d63404b,14,0,6.166666666666667,164,0
6a7fa1bcd3a7ec788d63404b,13,0,6,164,0
6a7fa1bcd3a7ec788d63404b,12,0,7,164,0
6a7fa1bcd3a7ec788d63404b,11,0,6.555555555555555,164,0
6a7fa1bcd3a7ec788d63404b,10,0,6.7,164,0
6a7fa1bcd3a7ec788d63404b,9,0,6.545454545454546,164,0
6a7fa1bcd3a7ec788d63404b,9,0,6.636363636363637,164,0
6a7fa1bcd3a7ec788d63404b,8,0,7.166666666666667,164,0
6a7fa1bcd3a7ec788d63404b,7,0,6.846153846153846,164,0
6a7fa1bcd3a7ec788d63404b,6,0,7.071428571428571,164,0
6a7fa1bcd3a7ec788d63404b,5,0,6.8,164,0
6a7fa1bcd3a7ec788d63404b,4,0,6.625,164,0
6a7fa1bcd3a7ec788d63404b,3,1,6.529411764705882,164,0
6a7fa1bcd3a7ec788d63404b,2,2,6.277777777777778,164,0
6a7fa1bcd3a7ec788d63404b,1,3,6.526315789473684,164,0
6a7fa1bcd3a7ec788d63404f,19,0,6,176,1
6a7fa1bcd3a7ec788d63404f,18,1,7.5,176,1
6a7fa1bcd3a7ec788d63404f,17,1,7.666666666666667,176,1
6a7fa1bcd3a7ec788d63404f,16,1,8.25,176,1
6a7fa1bcd3a7ec788d63404f,15,1,10.4,176,1
6a7fa1bcd3a7ec788d63404f,14,1,10,176,1
6a7fa1bcd3a7ec788d63404f,13,1,10.142857142857142,176,1
6a7fa1bcd3a7ec788d63404f,13,1,10.285714285714286,176,1
6a7fa1bcd3a7ec788d63404f,12,1,9.375,176,1
6a7fa1bcd3a7ec788d63404f,11,1,9.88888888888889,176,1
6a7fa1bcd3a7ec788d63404f,10,2,10,176,1
6a7fa1bcd3a7ec788d63404f,9,2,10.363636363636363,176,1
6a7fa1bcd3a7ec788d63404f,8,3,10.416666666666666,176,1
6a7fa1bcd3a7ec788d63404f,7,4,9.76923076923077,176,1
6a7fa1bcd3a7ec788d63404f,6,5,10.214285714285714,176,1
6a7fa1bcd3a7ec788d63404f,5,5,10.066666666666666,176,1
6a7fa1bcd3a7ec788d63404f,5,5,10.133333333333333,176,1
6a7fa1bcd3a7ec788d63404f,4,5,10.0625,176,1
6a7fa1bcd3a7ec788d63404f,3,5,10,176,1
6a7fa1bcd3a7ec788d634053,19,1,5,167,1
6a7fa1bcd3a7ec788d634053,18,1,9.5,167,1
6a7fa1bcd3a7ec788d634053,17,2,9,167,1
6a7fa1bcd3a7ec788d634053,16,3,11,167,1
6a7fa1bcd3a7ec788d634053,15,4,10,167,1
6a7fa1bcd3a7ec788d634053,14,4,10.166666666666666,167,1
6a7fa1bcd3a7ec788d634053,13,5,9.714285714285714,167,1
6a7fa1bcd3a7ec788d634053,12,5,9.25,167,1
6a7fa1bcd3a7ec788d634053,11,5,9.11111111111111,167,1
6a7fa1bcd3a7ec788d634053,10,5,8.8,167,1
6a7fa1bcd3a7ec788d634053,9,5,8.454545454545455,167,1
6a7fa1bcd3a7ec788d634053,8,6,8.166666666666666,167,1
6a7fa1bcd3a7ec788d634053,7,6,8.692307692307692,167,1
6a7fa1bcd3a7ec788d634053,6,6,9.285714285714286,167,1
6a7fa1bcd3a7ec788d634053,5,6,9.4,167,1
6a7fa1bcd3a7ec788d634053,4,6,9.8125,167,1
6a7fa1bcd3a7ec788d634053,4,6,9.875,167,1
6a7fa1bcd3a7ec788d634057,19,0,11,179,0
6a7fa1bcd3a7ec788d634057,18,0,10.5,179,0
6a7fa1bcd3a7ec788d634057,17,0,10.666666666666666,179,0
6a7fa1bcd3a7ec788d634057,16,1,9.75,179,0
6a7fa1bcd3a7ec788d634057,15,1,9.4,179,0
6a7fa1bcd3a7ec788d634057,14,1,10.166666666666666,179,0
6a7fa1bcd3a7ec788d634057,13,1,10,179,0
6a7fa1bcd3a7ec788d634057,12,1,9.25,179,0
6a7fa1bcd3a7ec788d634057,11,1,8.777777777777779,179,0
6a7fa1bcd3a7ec788d634057,10,1,8.5,179,0
6a7fa1bcd3a7ec788d634057,9,2,8.636363636363637,179,0
6a7fa1bcd3a7ec788d634057,8,2,8.25,179,0
6a7fa1bcd3a7ec788d634057,8,2,8.333333333333334,179,0
6a7fa1bcd3a7ec788d634057,7,2,8.153846153846153,179,0
6a7fa1bcd3a7ec788d634057,6,2,8.357142857142858,179,0
6a7fa1bcd3a7ec788d634057,5,2,8.8,179,0
6a7fa1bcd3a7ec788d634057,4,2,8.6875,179,0
6a7fa1bcd3a7ec788d634057,3,2,8.529411764705882,179,0
6a7fa1bcd3a7ec788d634057,2,2,8.222222222222221,179,0
6a7fa1bcd3a7ec788d634057,1,2,8.210526315789474,179,0
6a7fa1bcd3a7ec788d63405b,19,0,3,164,0
6a7fa1bcd3a7ec788d63405b,18,0,7.5,164,0
6a7fa1bcd3a7ec788d63405b,17,1,7,164,0
6a7fa1bcd3a7ec788d63405b,16,1,6.5,164,0
6a7fa1bcd3a7ec788d63405b,15,1,6.4,164,0
6a7fa1bcd3a7ec788d63405b,14,1,7,164,0
6a7fa1bcd3a7ec788d63405b,13,1,6.714285714285714,164,0
6a7fa1bcd3a7ec788d63405b,12,1,6.5,164,0
6a7fa1bcd3a7ec788d63405b,11,1,6.444444444444445,164,0
6a7fa1bcd3a7ec788d63405b,10,1,6.1,164,0
6a7fa1bcd3a7ec788d63405b,9,1,6,164,0
6a7fa1bcd3a7ec788d63405b,8,1,6.333333333333333,164,0
6a7fa1bcd3a7ec788d63405b,7,1,6.153846153846154,164,0
6a7fa1bcd3a7ec788d63405b,6,1,6.214285714285714,164,0
6a7fa1bcd3a7ec788d63405b,5,1,6.533333333333333,164,0
6a7fa1bcd3a7ec788d63405b,4,1,6.9375,164,0
6a7fa1bcd3a7ec788d63405b,3,1,7.117647058823529,164,0
6a7fa1bcd3a7ec788d63405b,2,1,7.166666666666667,164,0
6a7fa1bcd3a7ec788d63405b,1,1,7.421052631578948,164,0
6a7fa1bcd3a7ec788d63405f,19,0,17,170,0
6a7fa1bcd3a7ec788d63405f,18,0,13,170,0
6a7fa1bcd3a7ec788d63405f,17,0,9.333333333333334,170,0
6a7fa1bcd3a7ec788d63405f,16,0,9.75,170,0
6a7fa1bcd3a7ec788d63405f,15,0,9.4,170,0
6a7fa1bcd3a7ec788d63405f,14,0,8.166666666666666,170,0
6a7fa1bcd3a7ec788d63405f,13,0,7.714285714285714,170,0
6a7fa1bcd3a7ec788d63405f,12,1,7.25,170,0
6a7fa1bcd3a7ec788d63405f,11,1,7.666666666666667,170,0
6a7fa1bcd3a7ec788d63405f,10,1,7.7,170,0
6a7fa1bcd3a7ec788d63405f,9,1,7.545454545454546,170,0
6a7fa1bcd3a7ec788d63405f,8,1,7.25,170,0
6a7fa1bcd3a7ec788d63405f,7,1,7.615384615384615,170,0
6a7fa1bcd3a7ec788d63405f,6,1,7.714285714285714,170,0
6a7fa1bcd3a7ec788d63405f,5,1,8,170,0
6a7fa1bcd3a7ec788d63405f,5,1,8.066666666666666,170,0
6a7fa1bcd3a7ec788d63405f,4,1,8.125,170,0
6a7fa1bcd3a7ec788d63405f,3,1,8.117647058823529,170,0
6a7fa1bcd3a7ec788d63405f,2,1,8.166666666666666,170,0
6a7fa1bcd3a7ec788d63405f,1,1,7.894736842105263,170,0
6a7fa1bcd3a7ec788d634063,19,1,3,184,1
6a7fa1bcd3a7ec788d634063,18,1,12,184,1
6a7fa1bcd3a7ec788d634063,17,1,9.666666666666666,184,1
6a7fa1bcd3a7ec788d634063,16,1,10,184,1
6a7fa1bcd3a7ec788d634063,15,1,11.6,184,1
6a7fa1bcd3a7ec788d634063,14,1,11.166666666666666,184,1
6a7fa1bcd3a7ec788d634063,13,1,10.857142857142858,184,1
6a7fa1bcd3a7ec788d634063,12,1,10.125,184,1
6a7fa1bcd3a7ec788d634063,11,1,10.666666666666666,184,1
6a7fa1bcd3a7ec788d634063,10,1,10.2,184,1
6a7fa1bcd3a7ec788d634063,9,1,10.545454545454545,184,1
6a7fa1bcd3a7ec788d634063,8,1,10.75,184,1
6a7fa1bcd3a7ec788d634063,7,1,11.076923076923077,184,1
6a7fa1bcd3a7ec788d634063,6,1,10.714285714285714,184,1
6a7fa1bcd3a7ec788d634063,6,1,10.785714285714286,184,1
6a7fa1bcd3a7ec788d634063,5,2,10.866666666666667,184,1
6a7fa1bcd3a7ec788d634063,4,2,10.75,184,1
6a7fa1bcd3a7ec788d634063,3,2,10.941176470588236,184,1
6a7fa1bcd3a7ec788d634067,19,0,11,178,1
6a7fa1bcd3a7ec788d634067,18,0,6.5,178,1
6a7fa1bcd3a7ec788d634067,17,0,7.333333333333333,178,1
6a7fa1bcd3a7ec788d634067,16,0,8.75,178,1
6a7fa1bcd3a7ec788d634067,15,0,7.8,178,1
6a7fa1bcd3a7ec788d634067,14,0,7.333333333333333,178,1
6a7fa1bcd3a7ec788d634067,13,0,7.571428571428571,178,1
6a7fa1bcd3a7ec788d634067,13,0,7.714285714285714,178,1
6a7fa1bcd3a7ec788d634067,12,0,7.75,178,1
6a7fa1bcd3a7ec788d634067,11,0,8.333333333333334,178,1
6a7fa1bcd3a7ec788d634067,10,2,7.7,178,1
6a7fa1bcd3a7ec788d634067,9,3,8.181818181818182,178,1
6a7fa1bcd3a7ec788d634067,8,3,8.666666666666666,178,1
6a7fa1bcd3a7ec788d634067,7,3,8.692307692307692,178,1
6a7fa1bcd3a7ec788d634067,6,3,8.928571428571429,178,1
6a7fa1bcd3a7ec788d634067,6,3,9,178,1
6a7fa1bcd3a7ec788d634067,5,3,8.866666666666667,178,1
6a7fa1bcd3a7ec788d634067,4,3,8.8125,178,1
6a7fa1bcd3a7ec788d634067,3,3,9.058823529411764,178,1
6a7fa1bcd3a7ec788d634067,2,3,8.944444444444445,178,1
6a7fa1bcd3a7ec788d634067,1,3,8.736842105263158,178,1
6a7fa1bcd3a7ec788d63406b,19,1,2,166,0
6a7fa1bcd3a7ec788d63406b,18,1,4.5,166,0
6a7fa1bcd3a7ec788d63406b,17,1,6.333333333333333,166,0
6a7fa1bcd3a7ec788d63406b,16,2,6.75,166,0
6a7fa1bcd3a7ec788d63406b,15,2,7.4,166,0
6a7fa1bcd3a7ec788d63406b,14,3,6.666666666666667,166,0
6a7fa1bcd3a7ec788d63406b,13,3,6.285714285714286,166,0
6a7fa1bcd3a7ec788d63406b,12,4,6.625,166,0
6a7fa1bcd3a7ec788d63406b,11,4,6.777777777777778,166,0
6a7fa1bcd3a7ec788d63406b,10,4,7.7,166,0
6a7fa1bcd3a7ec788d63406b,9,4,7.7272727272727275,166,0
6a7fa1bcd3a7ec788d63406b,8,5,7.333333333333333,166,0
6a7fa1bcd3a7ec788d63406b,7,5,7.3076923076923075,166,0
6a7fa1bcd3a7ec788d63406b,6,5,7.785714285714286,166,0
6a7fa1bcd3a7ec788d63406b,5,6,7.933333333333334,166,0
6a7fa1bcd3a7ec788d63406b,4,6,8.0625,166,0
6a7fa1bcd3a7ec788d63406b,3,6,7.9411764705882355,166,0
6a7fa1bcd3a7ec788d63406b,2,7,7.555555555555555,166,0
6a7fa1bcd3a7ec788d63406b,1,8,7.421052631578948,166,0
6a7fa1bcd3a7ec788d63406f,19,0,10,184,0
6a7fa1bcd3a7ec788d63406f,18,0,9,184,0
6a7fa1bcd3a7ec788d63406f,17,0,8.333333333333334,184,0
6a7fa1bcd3a7ec788d63406f,16,0,9.75,184,0
6a7fa1bcd3a7ec788d63406f,15,0,8,184,0
6a7fa1bcd3a7ec788d63406f,14,0,8.666666666666666,184,0
6a7fa1bcd3a7ec788d63406f,13,0,9,184,0
6a7fa1bcd3a7ec788d63406f,12,0,9.25,184,0
6a7fa1bcd3a7ec788d63406f,11,0,8.555555555555555,184,0
6a7fa1bcd3a7ec788d63406f,10,0,8.5,184,0
6a7fa1bcd3a7ec788d63406f,9,0,8.727272727272727,184,0
6a7fa1bcd3a7ec788d63406f,8,0,8.25,184,0
6a7fa1bcd3a7ec788d63406f,7,0,8.153846153846153,184,0
6a7fa1bcd3a7ec788d63406f,6,0,7.928571428571429,184,0
6a7fa1bcd3a7ec788d63406f,5,1,7.866666666666666,184,0
6a7fa1bcd3a7ec788d63406f,4,1,7.8125,184,0
6a7fa1bcd3a7ec788d63406f,3,1,8.294117647058824,184,0
6a7fa1bcd3a7ec788d63406f,2,1,8.333333333333334,184,0
6a7fa1bcd3a7ec788d63406f,1,2,8.368421052631579,184,0
6a7fa1bcd3a7ec788d634073,19,0,3,180,1
6a7fa1bcd3a7ec788d634073,18,0,8.5,180,1
6a7fa1bcd3a7ec788d634073,17,0,8.666666666666666,180,1
6a7fa1bcd3a7ec788d634073,16,0,9.25,180,1
6a7fa1bcd3a7ec788d634073,15,0,10.2,180,1
6a7fa1bcd3a7ec788d634073,15,0,10.4,180,1
6a7fa1bcd3a7ec788d634073,14,0,10.833333333333334,180,1
6a7fa1bcd3a7ec788d634073,13,0,11.714285714285714,180,1
6a7fa1bcd3a7ec788d634073,12,0,12,180,1
6a7fa1bcd3a7ec788d634073,11,0,12.11111111111111,180,1
6a7fa1bcd3a7ec788d634073,10,0,11.4,180,1
6a7fa1bcd3a7ec788d634073,9,0,11.090909090909092,180,1
6a7fa1bcd3a7ec788d634073,8,1,11.25,180,1
6a7fa1bcd3a7ec788d634073,7,2,11.692307692307692,180,1
6a7fa1bcd3a7ec788d634073,6,2,11.142857142857142,180,1
6a7fa1bcd3a7ec788d634073,5,3,11.533333333333333,180,1
6a7fa1bcd3a7ec788d634077,19,0,10,199,0
6a7fa1bcd3a7ec788d634077,18,0,12.5,199,0
6a7fa1bcd3a7ec788d634077,17,1,10.666666666666666,199,0
6a7fa1bcd3a7ec788d634077,16,1,8.75,199,0
6a7fa1bcd3a7ec788d634077,15,2,9,199,0
6a7fa1bcd3a7ec788d634077,14,3,8.166666666666666,199,0
6a7fa1bcd3a7ec788d634077,14,3,8.333333333333334,199,0
6a7fa1bcd3a7ec788d634077,13,3,8.142857142857142,199,0
6a7fa1bcd3a7ec788d634077,12,3,8.375,199,0
6a7fa1bcd3a7ec788d634077,11,4,8.222222222222221,199,0
6a7fa1bcd3a7ec788d634077,10,4,8.4,199,0
6a7fa1bcd3a7ec788d634077,9,4,8.090909090909092,199,0
6a7fa1bcd3a7ec788d634077,8,4,8.583333333333334,199,0
6a7fa1bcd3a7ec788d634077,7,4,8.615384615384615,199,0
6a7fa1bcd3a7ec788d634077,6,4,9.285714285714286,199,0
6a7fa1bcd3a7ec788d634077,5,4,9.2,199,0
6a7fa1bcd3a7ec788d634077,4,4,9,199,0
6a7fa1bcd3a7ec788d634077,3,5,9.058823529411764,199,0
6a7fa1bcd3a7ec788d634077,2,5,8.777777777777779,199,0
6a7fa1bcd3a7ec788d634077,1,5,8.68421052631579,199,0
6a7fa1bcd3a7ec788d63407b,19,0,13,191,0
6a7fa1bcd3a7ec788d63407b,18,1,12.5,191,0
6a7fa1bcd3a7ec788d63407b,17,1,12.333333333333334,191,0
6a7fa1bcd3a7ec788d63407b,16,1,11,191,0
6a7fa1bcd3a7ec788d63407b,15,1,10.4,191,0
6a7fa1bcd3a7ec788d63407b,14,1,10.166666666666666,191,0
6a7fa1bcd3a7ec788d63407b,13,2,9.142857142857142,191,0
6a7fa1bcd3a7ec788d63407b,12,4,9.25,191,0
6a7fa1bcd3a7ec788d63407b,11,4,9.222222222222221,191,0
6a7fa1bcd3a7ec788d63407b,10,4,9.4,191,0
6a7fa1bcd3a7ec788d63407b,9,4,9.363636363636363,191,0
6a7fa1bcd3a7ec788d63407b,8,4,9.333333333333334,191,0
6a7fa1bcd3a7ec788d63407b,7,4,9.538461538461538,191,0
6a7fa1bcd3a7ec788d63407b,6,4,9.285714285714286,191,0
6a7fa1bcd3a7ec788d63407b,5,4,9.2,191,0
6a7fa1bcd3a7ec788d63407b,4,4,9,191,0
6a7fa1bcd3a7ec788d63407b,3,4,8.705882352941176,191,0
6a7fa1bcd3a7ec788d63407b,2,5,8.555555555555555,191,0
6a7fa1bcd3a7ec788d63407b,1,5,8.578947368421053,191,0
6a7fa1bcd3a7ec788d63407f,19,0,6,175,1
6a7fa1bcd3a7ec788d63407f,18,0,7.5,175,1
6a7fa1bcd3a7ec788d63407f,17,0,10.333333333333334,175,1
6a7fa1bcd3a7ec788d63407f,16,1,9,175,1
6a7fa1bcd3a7ec788d63407f,15,1,9.6,175,1
6a7fa1bcd3a7ec788d63407f,14,1,8.833333333333334,175,1
6a7fa1bcd3a7ec788d63407f,13,2,8.428571428571429,175,1
6a7fa1bcd3a7ec788d63407f,13,2,8.571428571428571,175,1
6a7fa1bcd3a7ec788d63407f,12,2,8.5,175,1
6a7fa1bcd3a7ec788d63407f,11,2,8.11111111111111,175,1
6a7fa1bcd3a7ec788d63407f,10,2,7.5,175,1
6a7fa1bcd3a7ec788d63407f,9,2,8.181818181818182,175,1
6a7fa1bcd3a7ec788d63407f,8,2,8.666666666666666,175,1
6a7fa1bcd3a7ec788d63407f,7,2,8.307692307692308,175,1
6a7fa1bcd3a7ec788d63407f,6,2,7.857142857142857,175,1
6a7fa1bcd3a7ec788d63407f,5,3,7.733333333333333,175,1
6a7fa1bcd3a7ec788d63407f,4,3,8.0625,175,1
6a7fa1bcd3a7ec788d63407f,3,3,8.411764705882353,175,1
6a7fa1bcd3a7ec788d63407f,2,3,8.555555555555555,175,1
6a7fa1bcd3a7ec788d63407f,2,3,8.61111111111111,175,1
6a7fa1bcd3a7ec788d63407f,1,3,8.578947368421053,175,1
6a7fa1bcd3a7ec788d634083,19,0,12,186,1
6a7fa1bcd3a7ec788d634083,18,0,10.5,186,1
6a7fa1bcd3a7ec788d634083,17,0,9.333333333333334,186,1
6a7fa1bcd3a7ec788d634083,16,0,9.5,186,1
6a7fa1bcd3a7ec788d634083,15,0,9.6,186,1
6a7fa1bcd3a7ec788d634083,14,0,10,186,1
6a7fa1bcd3a7ec788d634083,13,0,9.428571428571429,186,1
6a7fa1bcd3a7ec788d634083,12,0,9.875,186,1
6a7fa1bcd3a7ec788d634083,11,0,9.444444444444445,186,1
6a7fa1bcd3a7ec788d634083,10,0,10.1,186,1
6a7fa1bcd3a7ec788d634083,9,0,9.727272727272727,186,1
6a7fa1bcd3a7ec788d634083,8,1,10.166666666666666,186,1
6a7fa1bcd3a7ec788d634083,7,1,10,186,1
6a7fa1bcd3a7ec788d634083,6,1,10.071428571428571,186,1
6a7fa1bcd3a7ec788d634083,5,1,10,186,1
6a7fa1bcd3a7ec788d634083,4,1,10.1875,186,1
6a7fa1bcd3a7ec788d634083,3,1,10.235294117647058,186,1
6a7fa1bcd3a7ec788d634083,2,1,9.88888888888889,186,1
6a7fa1bcd3a7ec788d634083,1,2,9.421052631578947,186,1
6a7fa1bcd3a7ec788d634087,19,0,4,176,0
6a7fa1bcd3a7ec788d634087,18,0,5,176,0
6a7fa1bcd3a7ec788d634087,17,0,6.333333333333333,176,0
6a7fa1bcd3a7ec788d634087,16,0,6.75,176,0
6a7fa1bcd3a7ec788d634087,15,0,7.4,176,0
6a7fa1bcd3a7ec788d634087,15,0,7.6,176,0
6a7fa1bcd3a7ec788d634087,14,0,7.5,176,0
6a7fa1bcd3a7ec788d634087,13,0,7.571428571428571,176,0
6a7fa1bcd3a7ec788d634087,12,0,7,176,0
6a7fa1bcd3a7ec788d634087,11,0,7.222222222222222,176,0
6a7fa1bcd3a7ec788d634087,10,1,7.5,176,0
6a7fa1bcd3a7ec788d634087,9,1,7.090909090909091,176,0
6a7fa1bcd3a7ec788d634087,8,2,7.75,176,0
6a7fa1bcd3a7ec788d634087,7,2,7.461538461538462,176,0
6a7fa1bcd3a7ec788d634087,6,2,8,176,0
6a7fa1bcd3a7ec788d634087,5,2,7.533333333333333,176,0
6a7fa1bcd3a7ec788d634087,4,2,7.875,176,0
6a7fa1bcd3a7ec788d634087,3,2,7.764705882352941,176,0
6a7fa1bcd3a7ec788d634087,2,4,7.666666666666667,176,0
6a7fa1bcd3a7ec788d634087,1,4,7.526315789473684,176,0
6a7fa1bcd3a7ec788d63408b,19,0,3,186,0
6a7fa1bcd3a7ec788d63408b,18,0,3,186,0
6a7fa1bcd3a7ec788d63408b,17,1,4,186,0
6a7fa1bcd3a7ec788d63408b,16,1,3.75,186,0
6a7fa1bcd3a7ec788d63408b,15,2,4.2,186,0
6a7fa1bcd3a7ec788d63408b,14,3,4.333333333333333,186,0
6a7fa1bcd3a7ec788d63408b,13,3,5.142857142857143,186,0
6a7fa1bcd3a7ec788d63408b,12,3,5.25,186,0
6a7fa1bcd3a7ec788d63408b,11,3,5.222222222222222,186,0
6a7fa1bcd3a7ec788d63408b,10,3,5.2,186,0
6a7fa1bcd3a7ec788d63408b,9,3,6.090909090909091,186,0
6a7fa1bcd3a7ec788d63408b,8,3,6.166666666666667,186,0
6a7fa1bcd3a7ec788d63408b,7,3,6.230769230769231,186,0
6a7fa1bcd3a7ec788d63408b,6,3,6.571428571428571,186,0
6a7fa1bcd3a7ec788d63408b,5,3,6.933333333333334,186,0
6a7fa1bcd3a7ec788d63408b,4,3,6.8125,186,0
6a7fa1bcd3a7ec788d63408b,3,3,6.764705882352941,186,0
6a7fa1bcd3a7ec788d63408b,2,4,6.611111111111111,186,0
6a7fa1bcd3a7ec788d63408b,1,4,6.473684210526316,186,0
6a7fa1bcd3a7ec788d63408b,1,4,6.526315789473684,186,0
6a7fa1bcd3a7ec788d63408f,19,0,12,154,1
6a7fa1bcd3a7ec788d63408f,18,0,8,154,1
6a7fa1bcd3a7ec788d63408f,17,1,8,154,1
6a7fa1bcd3a7ec788d63408f,16,1,8.25,154,1
6a7fa1bcd3a7ec788d63408f,15,1,8.8,154,1
6a7fa1bcd3a7ec788d63408f,14,1,8.833333333333334,154,1
6a7fa1bcd3a7ec788d63408f,13,1,8.714285714285714,154,1
6a7fa1bcd3a7ec788d63408f,12,1,9.375,154,1
6a7fa1bcd3a7ec788d63408f,11,1,9.666666666666666,154,1
6a7fa1bcd3a7ec788d63408f,10,1,8.9,154,1
6a7fa1bcd3a7ec788d63408f,9,2,8.454545454545455,154,1
6a7fa1bcd3a7ec788d63408f,8,3,9.083333333333334,154,1
6a7fa1bcd3a7ec788d63408f,7,4,8.846153846153847,154,1
6a7fa1bcd3a7ec788d63408f,6,4,8.642857142857142,154,1
6a7fa1bcd3a7ec788d63408f,5,4,8.933333333333334,154,1
6a7fa1bcd3a7ec788d63408f,4,4,9.375,154,1
6a7fa1bcd3a7ec788d63408f,4,4,9.6875,154,1
6a7fa1bcd3a7ec788d634093,19,1,6,209,0
6a7fa1bcd3a7ec788d634093,18,1,12,209,0
6a7fa1bcd3a7ec788d634093,17,1,9.666666666666666,209,0
6a7fa1bcd3a7ec788d634093,16,1,9.25,209,0
6a7fa1bcd3a7ec788d634093,15,2,8.4,209,0
6a7fa1bcd3a7ec788d634093,14,4,7.666666666666667,209,0
6a7fa1bcd3a7ec788d634093,13,5,8.714285714285714,209,0
6a7fa1bcd3a7ec788d634093,12,5,9.25,209,0
6a7fa1bcd3a7ec788d634093,11,5,9.333333333333334,209,0
6a7fa1bcd3a7ec788d634093,10,5,9.3,209,0
6a7fa1bcd3a7ec788d634093,9,5,9,209,0
6a7fa1bcd3a7ec788d634093,8,5,9.333333333333334,209,0
6a7fa1bcd3a7ec788d634093,7,5,9,209,0
6a7fa1bcd3a7ec788d634093,6,6,8.714285714285714,209,0
6a7fa1bcd3a7ec788d634093,5,8,8.666666666666666,209,0
6a7fa1bcd3a7ec788d634093,4,9,9.125,209,0
6a7fa1bcd3a7ec788d634093,3,9,9.117647058823529,209,0
6a7fa1bcd3a7ec788d634093,2,9,8.722222222222221,209,0
6a7fa1bcd3a7ec788d634093,1,9,9.210526315789474,209,0
6a7fa1bcd3a7ec788d634097,19,0,15,164,1
6a7fa1bcd3a7ec788d634097,18,0,11,164,1
6a7fa1bcd3a7ec788d634097,17,2,9.333333333333334,164,1
6a7fa1bcd3a7ec788d634097,16,2,9.25,164,1
6a7fa1bcd3a7ec788d634097,16,2,9.5,164,1
6a7fa1bcd3a7ec788d634097,15,2,9.2,164,1
6a7fa1bcd3a7ec788d634097,14,2,11.166666666666666,164,1
6a7fa1bcd3a7ec788d634097,14,2,11.333333333333334,164,1
6a7fa1bcd3a7ec788d634097,13,2,11,164,1
6a7fa1bcd3a7ec788d634097,12,2,10.375,164,1
6a7fa1bcd3a7ec788d634097,12,2,11,164,1
6a7fa1bcd3a7ec788d634097,12,2,11.125,164,1
6a7fa1bcd3a7ec788d634097,11,3,11,164,1
6a7fa1bcd3a7ec788d634097,10,3,10.8,164,1
6a7fa1bcd3a7ec788d634097,9,3,10.363636363636363,164,1
6a7fa1bcd3a7ec788d634097,8,3,10.5,164,1
6a7fa1bcd3a7ec788d634097,8,3,10.583333333333334,164,1
6a7fa1bcd3a7ec788d634097,8,3,10.666666666666666,164,1
6a7fa1bcd3a7ec788d634097,7,5,10.461538461538462,164,1
6a7fa1bcd3a7ec788d634097,6,5,10.071428571428571,164,1
6a7fa1bcd3a7ec788d634097,5,6,10.533333333333333,164,1
6a7fa1bcd3a7ec788d634097,5,6,10.6,164,1
6a7fa1bcd3a7ec788d63409b,19,0,13,170,0
6a7fa1bcd3a7ec788d63409b,18,1,10,170,0
6a7fa1bcd3a7ec788d63409b,17,1,11,170,0
6a7fa1bcd3a7ec788d63409b,16,1,11.25,170,0
6a7fa1bcd3a7ec788d63409b,15,3,9.4,170,0
6a7fa1bcd3a7ec788d63409b,14,4,8.666666666666666,170,0
6a7fa1bcd3a7ec788d63409b,13,4,8.285714285714286,170,0
6a7fa1bcd3a7ec788d63409b,12,4,8,170,0
6a7fa1bcd3a7ec788d63409b,11,4,9.11111111111111,170,0
6a7fa1bcd3a7ec788d63409b,10,4,9.3,170,0
6a7fa1bcd3a7ec788d63409b,9,4,8.727272727272727,170,0
6a7fa1bcd3a7ec788d63409b,8,4,8.25,170,0
6a7fa1bcd3a7ec788d63409b,7,4,7.846153846153846,170,0
6a7fa1bcd3a7ec788d63409b,6,5,7.642857142857143,170,0
6a7fa1bcd3a7ec788d63409b,5,5,7.466666666666667,170,0
6a7fa1bcd3a7ec788d63409b,4,6,7.25,170,0
6a7fa1bcd3a7ec788d63409b,3,6,7.470588235294118,170,0
6a7fa1bcd3a7ec788d63409b,2,6,7.722222222222222,170,0
6a7fa1bcd3a7ec788d63409b,1,6,7.894736842105263,170,0
6a7fa1bcd3a7ec788d63409f,19,0,10,183,0
6a7fa1bcd3a7ec788d63409f,18,1,9,183,0
6a7fa1bcd3a7ec788d63409f,17,1,10,183,0
6a7fa1bcd3a7ec788d63409f,16,1,9.25,183,0
6a7fa1bcd3a7ec788d63409f,15,1,8.6,183,0
6a7fa1bcd3a7ec788d63409f,14,1,8.333333333333334,183,0
6a7fa1bcd3a7ec788d63409f,13,1,8.142857142857142,183,0
6a7fa1bcd3a7ec788d63409f,12,1,8.25,183,0
6a7fa1bcd3a7ec788d63409f,11,2,8,183,0
6a7fa1bcd3a7ec788d63409f,10,2,8.6,183,0
6a7fa1bcd3a7ec788d63409f,9,2,8,183,0
6a7fa1bcd3a7ec788d63409f,8,2,8.083333333333334,183,0
6a7fa1bcd3a7ec788d63409f,7,2,7.923076923076923,183,0
6a7fa1bcd3a7ec788d63409f,6,2,8.142857142857142,183,0
6a7fa1bcd3a7ec788d63409f,5,2,8.666666666666666,183,0
6a7fa1bcd3a7ec788d63409f,4,3,8.375,183,0
6a7fa1bcd3a7ec788d63409f,3,3,8.588235294117647,183,0
6a7fa1bcd3a7ec788d63409f,2,4,8.88888888888889,183,0
6a7fa1bcd3a7ec788d63409f,1,4,8.736842105263158,183,0
6a7fa1bcd3a7ec788d6340a3,19,0,5,151,1
6a7fa1bcd3a7ec788d6340a3,18,0,6,151,1
6a7fa1bcd3a7ec788d6340a3,17,1,5.333333333333333,151,1
6a7fa1bcd3a7ec788d6340a3,16,2,4.5,151,1
6a7fa1bcd3a7ec788d6340a3,15,2,5.2,151,1
6a7fa1bcd3a7ec788d6340a3,14,2,5.833333333333333,151,1
6a7fa1bcd3a7ec788d6340a3,13,2,6.285714285714286,151,1
6a7fa1bcd3a7ec788d6340a3,12,2,6.125,151,1
6a7fa1bcd3a7ec788d6340a3,11,2,6.555555555555555,151,1
6a7fa1bcd3a7ec788d6340a3,11,2,7,151,1
6a7fa1bcd3a7ec788d6340a3,10,2,7.7,151,1
6a7fa1bcd3a7ec788d6340a3,9,2,8.272727272727273,151,1
6a7fa1bcd3a7ec788d6340a3,8,3,9,151,1
6a7fa1bcd3a7ec788d6340a3,7,4,8.692307692307692,151,1
6a7fa1bcd3a7ec788d6340a3,6,4,8.642857142857142,151,1
6a7fa1bcd3a7ec788d6340a3,5,6,8.8,151,1
6a7fa1bcd3a7ec788d6340a3,4,6,8.5,151,1
6a7fa1bcd3a7ec788d6340a3,4,6,8.5625,151,1
6a7fa1bcd3a7ec788d6340a3,3,6,8.294117647058824,151,1
6a7fa1bcd3a7ec788d6340a3,2,6,8.055555555555555,151,1
6a7fa1bcd3a7ec788d6340a7,19,0,3,170,1
6a7fa1bcd3a7ec788d6340a7,18,0,5,170,1
6a7fa1bcd3a7ec788d6340a7,17,1,6.666666666666667,170,1
6a7fa1bcd3a7ec788d6340a7,16,1,9.25,170,1
6a7fa1bcd3a7ec788d6340a7,15,1,8.6,170,1
6a7fa1bcd3a7ec788d6340a7,14,2,8.333333333333334,170,1
6a7fa1bcd3a7ec788d6340a7,14,2,8.5,170,1
6a7fa1bcd3a7ec788d6340a7,13,2,8.285714285714286,170,1
6a7fa1bcd3a7ec788d6340a7,12,2,8.625,170,1
6a7fa1bcd3a7ec788d6340a7,11,2,8,170,1
6a7fa1bcd3a7ec788d6340a7,10,2,9.1,170,1
6a7fa1bcd3a7ec788d6340a7,9,3,8.727272727272727,170,1
6a7fa1bcd3a7ec788d6340a7,8,3,8.333333333333334,170,1
6a7fa1bcd3a7ec788d6340a7,7,3,9.153846153846153,170,1
6a7fa1bcd3a7ec788d6340a7,6,3,8.857142857142858,170,1
6a7fa1bcd3a7ec788d6340a7,5,4,9,170,1
6a7fa1bcd3a7ec788d6340a7,5,4,9.066666666666666,170,1
6a7fa1bcd3a7ec788d6340a7,4,4,9,170,1
6a7fa1bcd3a7ec788d6340a7,3,4,9.294117647058824,170,1
6a7fa1bcd3a7ec788d6340a7,2,5,9.11111111111111,170,1
6a7fa1bcd3a7ec788d6340a7,2,5,9.222222222222221,170,1
6a7fa1bcd3a7ec788d6340ab,19,0,11,226,0
6a7fa1bcd3a7ec788d6340ab,18,0,9.5,226,0
6a7fa1bcd3a7ec788d6340ab,17,1,8.333333333333334,226,0
6a7fa1bcd3a7ec788d6340ab,16,2,8.5,226,0
6a7fa1bcd3a7ec788d6340ab,15,2,8.6,226,0
6a7fa1bcd3a7ec788d6340ab,14,3,8.166666666666666,226,0
6a7fa1bcd3a7ec788d6340ab,13,3,7.571428571428571,226,0
6a7fa1bcd3a7ec788d6340ab,12,3,8.375,226,0
6a7fa1bcd3a7ec788d6340ab,11,3,8,226,0
6a7fa1bcd3a7ec788d6340ab,10,3,8.5,226,0
6a7fa1bcd3a7ec788d6340ab,9,3,8.090909090909092,226,0
6a7fa1bcd3a7ec788d6340ab,8,3,8.083333333333334,226,0
6a7fa1bcd3a7ec788d6340ab,7,4,7.769230769230769,226,0
6a7fa1bcd3a7ec788d6340ab,6,4,7.928571428571429,226,0
6a7fa1bcd3a7ec788d6340ab,5,5,7.8,226,0
6a7fa1bcd3a7ec788d6340ab,4,6,7.875,226,0
6a7fa1bcd3a7ec788d6340ab,3,6,8,226,0
6a7fa1bcd3a7ec788d6340ab,2,6,8.222222222222221,226,0
6a7fa1bcd3a7ec788d6340ab,1,6,8.68421052631579,226,0
6a7fa1bcd3a7ec788d6340af,19,0,17,167,0
6a7fa1bcd3a7ec788d6340af,18,1,15,167,0
6a7fa1bcd3a7ec788d6340af,17,1,13.333333333333334,167,0
6a7fa1bcd3a7ec788d6340af,16,1,11.25,167,0
6a7fa1bcd3a7ec788d6340af,15,1,9.6,167,0
6a7fa1bcd3a7ec788d6340af,14,1,10.5,167,0
6a7fa1bcd3a7ec788d6340af,13,1,9.428571428571429,167,0
6a7fa1bcd3a7ec788d6340af,12,2,9.375,167,0
6a7fa1bcd3a7ec788d6340af,11,2,9.88888888888889,167,0
6a7fa1bcd3a7ec788d6340af,10,2,9.2,167,0
6a7fa1bcd3a7ec788d6340af,9,2,8.454545454545455,167,0
6a7fa1bcd3a7ec788d6340af,8,2,8.333333333333334,167,0
6a7fa1bcd3a7ec788d6340af,7,2,8.076923076923077,167,0
6a7fa1bcd3a7ec788d6340af,6,3,8,167,0
6a7fa1bcd3a7ec788d6340af,5,3,7.866666666666666,167,0
6a7fa1bcd3a7ec788d6340af,4,3,7.5625,167,0
6a7fa1bcd3a7ec788d6340af,3,5,7.294117647058823,167,0
6a7fa1bcd3a7ec788d6340af,2,5,7.611111111111111,167,0
6a7fa1bcd3a7ec788d6340af,1,6,7.684210526315789,167,0
6a7fa1bcd3a7ec788d6340b3,19,0,2,172,0
6a7fa1bcd3a7ec788d6340b3,18,1,8,172,0
6a7fa1bcd3a7ec788d6340b3,17,1,9,172,0
6a7fa1bcd3a7ec788d6340b3,16,2,9.25,172,0
6a7fa1bcd3a7ec788d6340b3,15,2,8.2,172,0
6a7fa1bcd3a7ec788d6340b3,14,2,7.833333333333333,172,0
6a7fa1bcd3a7ec788d6340b3,13,3,6.714285714285714,172,0
6a7fa1bcd3a7ec788d6340b3,12,3,6.625,172,0
6a7fa1bcd3a7ec788d6340b3,11,4,6.444444444444445,172,0
6a7fa1bcd3a7ec788d6340b3,10,4,7,172,0
6a7fa1bcd3a7ec788d6340b3,9,4,6.818181818181818,172,0
6a7fa1bcd3a7ec788d6340b3,8,4,7.666666666666667,172,0
6a7fa1bcd3a7ec788d6340b3,7,5,7.615384615384615,172,0
6a7fa1bcd3a7ec788d6340b3,6,5,7.071428571428571,172,0
6a7fa1bcd3a7ec788d6340b3,5,6,7.266666666666667,172,0
6a7fa1bcd3a7ec788d6340b3,4,7,7.0625,172,0
6a7fa1bcd3a7ec788d6340b3,3,7,6.9411764705882355,172,0
6a7fa1bcd3a7ec788d6340b3,2,7,6.833333333333333,172,0
6a7fa1bcd3a7ec788d6340b3,1,7,7,172,0
6a7fa1bcd3a7ec788d6340b7,19,0,2,192,0
6a7fa1bcd3a7ec788d6340b7,18,0,7,192,0
6a7fa1bcd3a7ec788d6340b7,17,0,7.666666666666667,192,0
6a7fa1bcd3a7ec788d6340b7,17,0,8,192,0
6a7fa1bcd3a7ec788d6340b7,16,0,7.25,192,0
6a7fa1bcd3a7ec788d6340b7,15,1,7.2,192,0
6a7fa1bcd3a7ec788d6340b7,14,1,8,192,0
6a7fa1bcd3a7ec788d6340b7,13,1,7.142857142857143,192,0
6a7fa1bcd3a7ec788d6340b7,12,1,7.125,192,0
6a7fa1bcd3a7ec788d6340b7,12,1,7.25,192,0
6a7fa1bcd3a7ec788d6340b7,11,1,7.666666666666667,192,0
6a7fa1bcd3a7ec788d6340b7,10,1,7.1,192,0
6a7fa1bcd3a7ec788d6340b7,9,1,6.7272727272727275,192,0
6a7fa1bcd3a7ec788d6340b7,8,1,7.25,192,0
6a7fa1bcd3a7ec788d6340b7,7,1,7.461538461538462,192,0
6a7fa1bcd3a7ec788d6340b7,6,2,7.214285714285714,192,0
6a7fa1bcd3a7ec788d6340b7,5,2,7.2,192,0
6a7fa1bcd3a7ec788d6340b7,4,2,7.4375,192,0
6a7fa1bcd3a7ec788d6340b7,4,2,7.5,192,0
6a7fa1bcd3a7ec788d6340b7,3,2,7.529411764705882,192,0
6a7fa1bcd3a7ec788d6340b7,2,2,7.833333333333333,192,0
6a7fa1bcd3a7ec788d6340b7,1,2,7.947368421052632,192,0
6a7fa1bcd3a7ec788d6340bb,19,1,16,210,0
6a7fa1bcd3a7ec788d6340bb,18,1,10.5,210,0
6a7fa1bcd3a7ec788d6340bb,17,1,8.666666666666666,210,0
6a7fa1bcd3a7ec788d6340bb,16,1,7.5,210,0
6a7fa1bcd3a7ec788d6340bb,15,2,8,210,0
6a7fa1bcd3a7ec788d6340bb,14,2,8,210,0
6a7fa1bcd3a7ec788d6340bb,13,2,7.142857142857143,210,0
6a7fa1bcd3a7ec788d6340bb,13,2,7.285714285714286,210,0
6a7fa1bcd3a7ec788d6340bb,12,2,7,210,0
6a7fa1bcd3a7ec788d6340bb,11,2,7.111111111111111,210,0
6a7fa1bcd3a7ec788d6340bb,10,2,7.1,210,0
6a7fa1bcd3a7ec788d6340bb,9,2,6.818181818181818,210,0
6a7fa1bcd3a7ec788d6340bb,8,2,6.916666666666667,210,0
6a7fa1bcd3a7ec788d6340bb,7,4,6.538461538461538,210,0
6a7fa1bcd3a7ec788d6340bb,6,4,6.571428571428571,210,0
6a7fa1bcd3a7ec788d6340bb,5,4,6.533333333333333,210,0
6a7fa1bcd3a7ec788d6340bb,4,5,6.6875,210,0
6a7fa1bcd3a7ec788d6340bb,3,5,6.9411764705882355,210,0
6a7fa1bcd3a7ec788d6340bb,2,5,6.777777777777778,210,0
6a7fa1bcd3a7ec788d6340bb,1,5,6.578947368421052,210,0
6a7fa1bcd3a7ec788d6340bf,19,0,11,168,1
6a7fa1bcd3a7ec788d6340bf,18,0,10,168,1
6a7fa1bcd3a7ec788d6340bf,17,1,9.333333333333334,168,1
6a7fa1bcd3a7ec788d6340bf,16,1,8.75,168,1
6a7fa1bcd3a7ec788d6340bf,15,1,10.4,168,1
6a7fa1bcd3a7ec788d6340bf,14,2,9.833333333333334,168,1
6a7fa1bcd3a7ec788d6340bf,13,2,10.142857142857142,168,1
6a7fa1bcd3a7ec788d6340bf,12,3,9.875,168,1
6a7fa1bcd3a7ec788d6340bf,11,3,9.88888888888889,168,1
6a7fa1bcd3a7ec788d6340bf,10,3,10,168,1
6a7fa1bcd3a7ec788d6340bf,9,3,9.545454545454545,168,1
6a7fa1bcd3a7ec788d6340bf,8,3,9.166666666666666,168,1
6a7fa1bcd3a7ec788d6340bf,7,3,9.23076923076923,168,1
6a7fa1bcd3a7ec788d6340bf,7,3,9.461538461538462,168,1
6a7fa1bcd3a7ec788d6340bf,6,3,9.714285714285714,168,1
6a7fa1bcd3a7ec788d6340bf,5,3,9.533333333333333,168,1
6a7fa1bcd3a7ec788d6340bf,4,4,9.3125,168,1
6a7fa1bcd3a7ec788d6340bf,3,4,9.352941176470589,168,1
6a7fa1bcd3a7ec788d6340bf,2,5,8.88888888888889,168,1
6a7fa1bcd3a7ec788d6340bf,1,5,8.68421052631579,168,1
6a7fa1bcd3a7ec788d6340c3,19,0,1,171,1
6a7fa1bcd3a7ec788d6340c3,18,0,4.5,171,1
6a7fa1bcd3a7ec788d6340c3,17,0,5,171,1
6a7fa1bcd3a7ec788d6340c3,16,0,6,171,1
6a7fa1bcd3a7ec788d6340c3,15,0,7.4,171,1
6a7fa1bcd3a7ec788d6340c3,14,0,8.333333333333334,171,1
6a7fa1bcd3a7ec788d6340c3,13,0,9,171,1
6a7fa1bcd3a7ec788d6340c3,12,0,9.625,171,1
6a7fa1bcd3a7ec788d6340c3,12,0,9.875,171,1
6a7fa1bcd3a7ec788d6340c3,11,0,9.666666666666666,171,1
6a7fa1bcd3a7ec788d6340c3,10,1,8.9,171,1
6a7fa1bcd3a7ec788d6340c3,9,1,9.636363636363637,171,1
6a7fa1bcd3a7ec788d6340c3,8,1,9.916666666666666,171,1
6a7fa1bcd3a7ec788d6340c3,7,2,10,171,1
6a7fa1bcd3a7ec788d6340c3,6,3,9.642857142857142,171,1
6a7fa1bcd3a7ec788d6340c3,5,4,9.333333333333334,171,1
6a7fa1bcd3a7ec788d6340c3,4,5,9.25,171,1
6a7fa1bcd3a7ec788d6340c3,4,5,9.3125,171,1
6a7fa1bcd3a7ec788d6340c3,3,5,9.882352941176471,171,1
6a7fa1bcd3a7ec788d6340c7,19,0,5,178,1
6a7fa1bcd3a7ec788d6340c7,18,0,11,178,1
6a7fa1bcd3a7ec788d6340c7,17,0,8.666666666666666,178,1
6a7fa1bcd3a7ec788d6340c7,16,0,7.5,178,1
6a7fa1bcd3a7ec788d6340c7,15,0,7.2,178,1
6a7fa1bcd3a7ec788d6340c7,14,0,9.333333333333334,178,1
6a7fa1bcd3a7ec788d6340c7,13,0,9.857142857142858,178,1
6a7fa1bcd3a7ec788d6340c7,12,1,10.125,178,1
6a7fa1bcd3a7ec788d6340c7,11,1,9.666666666666666,178,1
6a7fa1bcd3a7ec788d6340c7,10,1,9.3,178,1
6a7fa1bcd3a7ec788d6340c7,9,1,9.181818181818182,178,1
6a7fa1bcd3a7ec788d6340c7,8,1,8.916666666666666,178,1
6a7fa1bcd3a7ec788d6340c7,7,2,9.153846153846153,178,1
6a7fa1bcd3a7ec788d6340c7,6,2,9.214285714285714,178,1
6a7fa1bcd3a7ec788d6340c7,5,2,9.266666666666667,178,1
6a7fa1bcd3a7ec788d6340c7,4,2,8.9375,178,1
6a7fa1bcd3a7ec788d6340c7,3,3,8.882352941176471,178,1
6a7fa1bcd3a7ec788d6340c7,2,3,8.555555555555555,178,1
6a7fa1bcd3a7ec788d6340c7,1,5,8.368421052631579,178,1
6a7fa1bcd3a7ec788d6340cb,19,0,18,153,1
6a7fa1bcd3a7ec788d6340cb,18,0,14,153,1
6a7fa1bcd3a7ec788d6340cb,17,1,10.666666666666666,153,1
6a7fa1bcd3a7ec788d6340cb,16,1,10.5,153,1
6a7fa1bcd3a7ec788d6340cb,15,1,9.2,153,1
6a7fa1bcd3a7ec788d6340cb,14,1,8.333333333333334,153,1
6a7fa1bcd3a7ec788d6340cb,13,1,8.428571428571429,153,1
6a7fa1bcd3a7ec788d6340cb,12,1,10.125,153,1
6a7fa1bcd3a7ec788d6340cb,11,1,10,153,1
6a7fa1bcd3a7ec788d6340cb,10,1,9.3,153,1
6a7fa1bcd3a7ec788d6340cb,9,1,9.090909090909092,153,1
6a7fa1bcd3a7ec788d6340cb,8,1,8.666666666666666,153,1
6a7fa1bcd3a7ec788d6340cb,7,2,8.615384615384615,153,1
6a7fa1bcd3a7ec788d6340cb,6,3,8.5,153,1
6a7fa1bcd3a7ec788d6340cb,5,3,8.666666666666666,153,1
6a7fa1bcd3a7ec788d6340cb,4,3,8.6875,153,1
6a7fa1bcd3a7ec788d6340cb,3,3,9.058823529411764,153,1
6a7fa1bcd3a7ec788d6340cf,19,0,7,184,1
6a7fa1bcd3a7ec788d6340cf,18,1,7,184,1
6a7fa1bcd3a7ec788d6340cf,17,1,9.333333333333334,184,1
6a7fa1bcd3a7ec788d6340cf,16,2,8.75,184,1
6a7fa1bcd3a7ec788d6340cf,15,3,9.4,184,1
6a7fa1bcd3a7ec788d6340cf,14,3,9.833333333333334,184,1
6a7fa1bcd3a7ec788d6340cf,13,3,9,184,1
6a7fa1bcd3a7ec788d6340cf,12,3,8.25,184,1
6a7fa1bcd3a7ec788d6340cf,11,3,8,184,1
6a7fa1bcd3a7ec788d6340cf,10,3,8.9,184,1
6a7fa1bcd3a7ec788d6340cf,10,3,9.2,184,1
6a7fa1bcd3a7ec788d6340cf,9,3,9.636363636363637,184,1
6a7fa1bcd3a7ec788d6340cf,8,3,9.333333333333334,184,1
6a7fa1bcd3a7ec788d6340cf,7,3,9.461538461538462,184,1
6a7fa1bcd3a7ec788d6340cf,6,3,9.5,184,1
6a7fa1bcd3a7ec788d6340cf,5,3,9.533333333333333,184,1
6a7fa1bcd3a7ec788d6340cf,4,3,9.1875,184,1
6a7fa1bcd3a7ec788d6340cf,3,4,9.058823529411764,184,1
6a7fa1bcd3a7ec788d6340cf,2,4,8.777777777777779,184,1
6a7fa1bcd3a7ec788d6340cf,1,4,9.157894736842104,184,1
6a7fa1bcd3a7ec788d6340d3,19,0,8,200,0
6a7fa1bcd3a7ec788d6340d3,18,0,9,200,0
6a7fa1bcd3a7ec788d6340d3,17,1,7.333333333333333,200,0
6a7fa1bcd3a7ec788d6340d3,16,2,7.25,200,0
6a7fa1bcd3a7ec788d6340d3,15,2,6.8,200,0
6a7fa1bcd3a7ec788d6340d3,14,3,8.5,200,0
6a7fa1bcd3a7ec788d6340d3,13,3,8.857142857142858,200,0
6a7fa1bcd3a7ec788d6340d3,12,3,9.125,200,0
6a7fa1bcd3a7ec788d6340d3,11,4,8.555555555555555,200,0
6a7fa1bcd3a7ec788d6340d3,10,5,8.4,200,0
6a7fa1bcd3a7ec788d6340d3,9,6,8.363636363636363,200,0
6a7fa1bcd3a7ec788d6340d3,8,6,8.25,200,0
6a7fa1bcd3a7ec788d6340d3,7,6,8.615384615384615,200,0
6a7fa1bcd3a7ec788d6340d3,6,6,9.214285714285714,200,0
6a7fa1bcd3a7ec788d6340d3,5,8,9.133333333333333,200,0
6a7fa1bcd3a7ec788d6340d3,4,8,9,200,0
6a7fa1bcd3a7ec788d6340d3,3,9,8.588235294117647,200,0
6a7fa1bcd3a7ec788d6340d3,2,9,8.333333333333334,200,0
6a7fa1bcd3a7ec788d6340d3,1,9,8.526315789473685,200,0
6a7fa1bcd3a7ec788d6340d7,19,0,14,160,1
6a7fa1bcd3a7ec788d6340d7,18,0,11.5,160,1
6a7fa1bcd3a7ec788d6340d7,17,0,10.666666666666666,160,1
6a7fa1bcd3a7ec788d6340d7,16,1,10,160,1
6a7fa1bcd3a7ec788d6340d7,15,1,8.8,160,1
6a7fa1bcd3a7ec788d6340d7,14,1,8.666666666666666,160,1
6a7fa1bcd3a7ec788d6340d7,13,1,8.714285714285714,160,1
6a7fa1bcd3a7ec788d6340d7,12,1,9.25,160,1
6a7fa1bcd3a7ec788d6340d7,11,1,8.88888888888889,160,1
6a7fa1bcd3a7ec788d6340d7,11,1,9,160,1
6a7fa1bcd3a7ec788d6340d7,10,1,8.9,160,1
6a7fa1bcd3a7ec788d6340d7,9,1,8.545454545454545,160,1
6a7fa1bcd3a7ec788d6340d7,8,1,8,160,1
6a7fa1bcd3a7ec788d6340d7,7,2,7.615384615384615,160,1
6a7fa1bcd3a7ec788d6340d7,6,2,7.571428571428571,160,1
6a7fa1bcd3a7ec788d6340d7,5,2,7.333333333333333,160,1
6a7fa1bcd3a7ec788d6340d7,4,2,7.8125,160,1
6a7fa1bcd3a7ec788d6340d7,3,2,7.9411764705882355,160,1
6a7fa1bcd3a7ec788d6340d7,2,2,8,160,1
6a7fa1bcd3a7ec788d6340d7,1,2,8,160,1
6a7fa1bcd3a7ec788d6340db,19,0,16,186,0
6a7fa1bcd3a7ec788d6340db,18,0,11,186,0
6a7fa1bcd3a7ec788d6340db,17,0,14.333333333333334,186,0
6a7fa1bcd3a7ec788d6340db,16,0,11.75,186,0
6a7fa1bcd3a7ec788d6340db,15,1,10.4,186,0
6a7fa1bcd3a7ec788d6340db,14,1,9,186,0
6a7fa1bcd3a7ec788d6340db,13,1,8.428571428571429,186,0
6a7fa1bcd3a7ec788d6340db,12,1,8.875,186,0
6a7fa1bcd3a7ec788d6340db,11,1,9.11111111111111,186,0
6a7fa1bcd3a7ec788d6340db,10,3,8.7,186,0
6a7fa1bcd3a7ec788d6340db,9,3,8.909090909090908,186,0
6a7fa1bcd3a7ec788d6340db,8,3,8.833333333333334,186,0
6a7fa1bcd3a7ec788d6340db,8,3,9.25,186,0
6a7fa1bcd3a7ec788d6340db,8,3,9.333333333333334,186,0
6a7fa1bcd3a7ec788d6340db,7,3,8.923076923076923,186,0
6a7fa1bcd3a7ec788d6340db,6,4,8.857142857142858,186,0
6a7fa1bcd3a7ec788d6340db,5,4,8.866666666666667,186,0
6a7fa1bcd3a7ec788d6340db,4,4,8.75,186,0
6a7fa1bcd3a7ec788d6340db,3,4,8.588235294117647,186,0
6a7fa1bcd3a7ec788d6340db,2,5,8.5,186,0
6a7fa1bcd3a7ec788d6340db,1,5,8.421052631578947,186,0
6a7fa1bcd3a7ec788d6340df,19,1,8,191,0
6a7fa1bcd3a7ec788d6340df,18,2,7.5,191,0
6a7fa1bcd3a7ec788d6340df,17,2,7.333333333333333,191,0
6a7fa1bcd3a7ec788d6340df,16,2,6.25,191,0
6a7fa1bcd3a7ec788d6340df,15,2,6.2,191,0
6a7fa1bcd3a7ec788d6340df,14,2,6.333333333333333,191,0
6a7fa1bcd3a7ec788d6340df,13,2,6.714285714285714,191,0
6a7fa1bcd3a7ec788d6340df,12,2,6.5,191,0
6a7fa1bcd3a7ec788d6340df,11,2,7.444444444444445,191,0
6a7fa1bcd3a7ec788d6340df,10,2,7.2,191,0
6a7fa1bcd3a7ec788d6340df,9,2,7.181818181818182,191,0
6a7fa1bcd3a7ec788d6340df,8,2,7.583333333333333,191,0
6a7fa1bcd3a7ec788d6340df,7,2,7.769230769230769,191,0
6a7fa1bcd3a7ec788d6340df,6,2,7.571428571428571,191,0
6a7fa1bcd3a7ec788d6340df,5,2,7.733333333333333,191,0
6a7fa1bcd3a7ec788d6340df,4,2,8.3125,191,0
6a7fa1bcd3a7ec788d6340df,3,4,8.117647058823529,191,0
6a7fa1bcd3a7ec788d6340df,2,4,8.5,191,0
6a7fa1bcd3a7ec788d6340df,1,4,8.421052631578947,191,0
6a7fa1bcd3a7ec788d6340e3,19,0,8,200,0
6a7fa1bcd3a7ec788d6340e3,18,0,10.5,200,0
6a7fa1bcd3a7ec788d6340e3,17,0,12.666666666666666,200,0
6a7fa1bcd3a7ec788d6340e3,16,1,12,200,0
6a7fa1bcd3a7ec788d6340e3,15,1,10.8,200,0
6a7fa1bcd3a7ec788d6340e3,14,1,10,200,0
6a7fa1bcd3a7ec788d6340e3,13,1,9.714285714285714,200,0
6a7fa1bcd3a7ec788d6340e3,12,1,9.75,200,0
6a7fa1bcd3a7ec788d6340e3,11,1,9.444444444444445,200,0
6a7fa1bcd3a7ec788d6340e3,10,1,9.8,200,0
6a7fa1bcd3a7ec788d6340e3,9,1,9.818181818181818,200,0
6a7fa1bcd3a7ec788d6340e3,8,1,10.166666666666666,200,0
6a7fa1bcd3a7ec788d6340e3,7,1,9.923076923076923,200,0
6a7fa1bcd3a7ec788d6340e3,6,2,10,200,0
6a7fa1bcd3a7ec788d6340e3,5,2,10,200,0
6a7fa1bcd3a7ec788d6340e3,5,2,10.066666666666666,200,0
6a7fa1bcd3a7ec788d6340e3,4,2,9.6875,200,0
6a7fa1bcd3a7ec788d6340e3,3,2,9.764705882352942,200,0
6a7fa1bcd3a7ec788d6340e3,2,3,9.833333333333334,200,0
6a7fa1bcd3a7ec788d6340e3,1,3,9.631578947368421,200,0
6a7fa1bcd3a7ec788d6340e7,19,1,7,175,0
6a7fa1bcd3a7ec788d6340e7,18,1,6.5,175,0
6a7fa1bcd3a7ec788d6340e7,17,1,6.666666666666667,175,0
6a7fa1bcd3a7ec788d6340e7,16,1,7.5,175,0
6a7fa1bcd3a7ec788d6340e7,15,1,10.4,175,0
6a7fa1bcd3a7ec788d6340e7,14,2,9.5,175,0
6a7fa1bcd3a7ec788d6340e7,13,2,9.571428571428571,175,0
6a7fa1bcd3a7ec788d6340e7,12,2,9.625,175,0
6a7fa1bcd3a7ec788d6340e7,11,2,9.444444444444445,175,0
6a7fa1bcd3a7ec788d6340e7,10,3,9,175,0
6a7fa1bcd3a7ec788d6340e7,9,4,9.090909090909092,175,0
6a7fa1bcd3a7ec788d6340e7,8,4,8.833333333333334,175,0
6a7fa1bcd3a7ec788d6340e7,7,4,8.692307692307692,175,0
6a7fa1bcd3a7ec788d6340e7,6,4,8.571428571428571,175,0
6a7fa1bcd3a7ec788d6340e7,5,4,8.866666666666667,175,0
6a7fa1bcd3a7ec788d6340e7,4,4,8.625,175,0
6a7fa1bcd3a7ec788d6340e7,3,4,8.470588235294118,175,0
6a7fa1bcd3a7ec788d6340e7,2,4,8.277777777777779,175,0
6a7fa1bcd3a7ec788d6340e7,1,4,8.368421052631579,175,0
6a7fa1bcd3a7ec788d6340eb,19,1,6,174,1
6a7fa1bcd3a7ec788d6340eb,18,1,8,174,1
6a7fa1bcd3a7ec788d6340eb,17,1,10,174,1
6a7fa1bcd3a7ec788d6340eb,16,1,12.5,174,1
6a7fa1bcd3a7ec788d6340eb,15,2,11.6,174,1
6a7fa1bcd3a7ec788d6340eb,14,2,10.166666666666666,174,1
6a7fa1bcd3a7ec788d6340eb,13,2,10.285714285714286,174,1
6a7fa1bcd3a7ec788d6340eb,12,2,10,174,1
6a7fa1bcd3a7ec788d6340eb,11,3,9.666666666666666,174,1
6a7fa1bcd3a7ec788d6340eb,10,3,9.6,174,1
6a7fa1bcd3a7ec788d6340eb,9,3,10.272727272727273,174,1
6a7fa1bcd3a7ec788d6340eb,9,3,10.727272727272727,174,1
6a7fa1bcd3a7ec788d6340eb,8,4,10.416666666666666,174,1
6a7fa1bcd3a7ec788d6340eb,7,4,10.23076923076923,174,1
6a7fa1bcd3a7ec788d6340eb,6,5,9.785714285714286,174,1
6a7fa1bcd3a7ec788d6340eb,5,5,9.533333333333333,174,1
6a7fa1bcd3a7ec788d6340eb,4,5,9.375,174,1
6a7fa1bcd3a7ec788d6340eb,3,5,9,174,1
6a7fa1bcd3a7ec788d6340eb,2,5,9.333333333333334,174,1
6a7fa1bcd3a7ec788d6340ef,19,0,12,191,0
6a7fa1bcd3a7ec788d6340ef,18,0,7,191,0
6a7fa1bcd3a7ec788d6340ef,17,0,8,191,0
6a7fa1bcd3a7ec788d6340ef,16,0,8.5,191,0
6a7fa1bcd3a7ec788d6340ef,15,0,8.2,191,0
6a7fa1bcd3a7ec788d6340ef,14,0,8.5,191,0
6a7fa1bcd3a7ec788d6340ef,13,1,7.857142857142857,191,0
6a7fa1bcd3a7ec788d6340ef,12,3,7.375,191,0
6a7fa1bcd3a7ec788d6340ef,11,3,7,191,0
6a7fa1bcd3a7ec788d6340ef,10,3,7.4,191,0
6a7fa1bcd3a7ec788d6340ef,9,3,7.636363636363637,191,0
6a7fa1bcd3a7ec788d6340ef,8,3,7.833333333333333,191,0
6a7fa1bcd3a7ec788d6340ef,7,3,7.461538461538462,191,0
6a7fa1bcd3a7ec788d6340ef,6,3,7.714285714285714,191,0
6a7fa1bcd3a7ec788d6340ef,5,3,8.6,191,0
6a7fa1bcd3a7ec788d6340ef,4,4,8.5625,191,0
6a7fa1bcd3a7ec788d6340ef,3,4,8.529411764705882,191,0
6a7fa1bcd3a7ec788d6340ef,2,4,8.61111111111111,191,0
6a7fa1bcd3a7ec788d6340ef,1,4,8.578947368421053,191,0
6a7fa1bcd3a7ec788d6340f3,19,0,10,161,1
6a7fa1bcd3a7ec788d6340f3,18,0,11,161,1
6a7fa1bcd3a7ec788d6340f3,17,1,9,161,1
6a7fa1bcd3a7ec788d6340f3,16,1,8.75,161,1
6a7fa1bcd3a7ec788d6340f3,15,1,9.2,161,1
6a7fa1bcd3a7ec788d6340f3,14,1,9.833333333333334,161,1
6a7fa1bcd3a7ec788d6340f3,13,1,9.428571428571429,161,1
6a7fa1bcd3a7ec788d6340f3,12,2,9.875,161,1
6a7fa1bcd3a7ec788d6340f3,11,2,9.333333333333334,161,1
6a7fa1bcd3a7ec788d6340f3,10,2,9.2,161,1
6a7fa1bcd3a7ec788d6340f3,10,2,9.3,161,1
6a7fa1bcd3a7ec788d6340f3,10,2,9.4,161,1
6a7fa1bcd3a7ec788d6340f3,9,2,9.272727272727273,161,1
6a7fa1bcd3a7ec788d6340f3,8,2,8.916666666666666,161,1
6a7fa1bcd3a7ec788d6340f3,7,2,8.384615384615385,161,1
6a7fa1bcd3a7ec788d6340f3,6,2,8.071428571428571,161,1
6a7fa1bcd3a7ec788d6340f3,5,2,8,161,1
6a7fa1bcd3a7ec788d6340f3,4,2,8.0625,161,1
6a7fa1bcd3a7ec788d6340f3,3,2,7.823529411764706,161,1
6a7fa1bcd3a7ec788d6340f3,2,2,7.777777777777778,161,1
6a7fa1bcd3a7ec788d6340f3,1,2,8.052631578947368,161,1
6a7fa1bcd3a7ec788d6340f7,19,0,5,147,1
6a7fa1bcd3a7ec788d6340f7,18,0,7.5,147,1
6a7fa1bcd3a7ec788d6340f7,18,0,8,147,1
6a7fa1bcd3a7ec788d6340f7,17,0,9,147,1
6a7fa1bcd3a7ec788d6340f7,16,0,9,147,1
6a7fa1bcd3a7ec788d6340f7,15,0,9.4,147,1
6a7fa1bcd3a7ec788d6340f7,15,0,9.6,147,1
6a7fa1bcd3a7ec788d6340f7,14,0,10.5,147,1
6a7fa1bcd3a7ec788d6340f7,13,0,10.142857142857142,147,1
6a7fa1bcd3a7ec788d6340f7,12,0,10.625,147,1
6a7fa1bcd3a7ec788d6340f7,12,0,10.75,147,1
6a7fa1bcd3a7ec788d6340f7,11,1,11.11111111111111,147,1
6a7fa1bcd3a7ec788d6340f7,10,2,10.9,147,1
6a7fa1bcd3a7ec788d6340f7,9,2,11.272727272727273,147,1
6a7fa1bcd3a7ec788d6340f7,8,2,11.416666666666666,147,1
6a7fa1bcd3a7ec788d6340fb,19,0,7,168,1
6a7fa1bcd3a7ec788d6340fb,18,0,7.5,168,1
6a7fa1bcd3a7ec788d6340fb,17,0,9.333333333333334,168,1
6a7fa1bcd3a7ec788d6340fb,16,2,9.5,168,1
6a7fa1bcd3a7ec788d6340fb,15,3,12,168,1
6a7fa1bcd3a7ec788d6340fb,14,3,10.5,168,1
6a7fa1bcd3a7ec788d6340fb,13,3,10.571428571428571,168,1
6a7fa1bcd3a7ec788d6340fb,12,3,11.25,168,1
6a7fa1bcd3a7ec788d6340fb,12,3,11.375,168,1
6a7fa1bcd3a7ec788d6340fb,11,5,10.444444444444445,168,1
6a7fa1bcd3a7ec788d6340fb,10,5,10.8,168,1
6a7fa1bcd3a7ec788d6340fb,9,6,10.454545454545455,168,1
6a7fa1bcd3a7ec788d6340fb,8,7,10.333333333333334,168,1
6a7fa1bcd3a7ec788d6340fb,7,7,10.23076923076923,168,1
6a7fa1bcd3a7ec788d6340fb,6,7,10.142857142857142,168,1
6a7fa1bcd3a7ec788d6340fb,6,7,10.214285714285714,168,1
6a7fa1bcd3a7ec788d6340fb,5,7,10,168,1
6a7fa1bcd3a7ec788d6340fb,4,7,10.5,168,1
6a7fa1bcd3a7ec788d6340ff,19,0,11,195,0
6a7fa1bcd3a7ec788d6340ff,18,0,6.5,195,0
6a7fa1bcd3a7ec788d6340ff,17,0,6.333333333333333,195,0
6a7fa1bcd3a7ec788d6340ff,16,0,5.75,195,0
6a7fa1bcd3a7ec788d6340ff,15,1,6.6,195,0
6a7fa1bcd3a7ec788d6340ff,14,1,7,195,0
6a7fa1bcd3a7ec788d6340ff,13,1,7.571428571428571,195,0
6a7fa1bcd3a7ec788d6340ff,12,1,7.375,195,0
6a7fa1bcd3a7ec788d6340ff,11,1,6.888888888888889,195,0
6a7fa1bcd3a7ec788d6340ff,10,1,7.3,195,0
6a7fa1bcd3a7ec788d6340ff,9,1,7.363636363636363,195,0
6a7fa1bcd3a7ec788d6340ff,8,2,6.916666666666667,195,0
6a7fa1bcd3a7ec788d6340ff,7,2,7.3076923076923075,195,0
6a7fa1bcd3a7ec788d6340ff,6,2,7,195,0
6a7fa1bcd3a7ec788d6340ff,5,3,6.733333333333333,195,0
6a7fa1bcd3a7ec788d6340ff,4,3,6.8125,195,0
6a7fa1bcd3a7ec788d6340ff,3,3,6.9411764705882355,195,0
6a7fa1bcd3a7ec788d6340ff,3,3,7,195,0
6a7fa1bcd3a7ec788d6340ff,2,3,7.222222222222222,195,0
6a7fa1bcd3a7ec788d6340ff,1,3,7.315789473684211,195,0
6a7fa1bcd3a7ec788d634103,19,1,4,196,0
6a7fa1bcd3a7ec788d634103,18,1,7,196,0
6a7fa1bcd3a7ec788d634103,17,1,6.333333333333333,196,0
6a7fa1bcd3a7ec788d634103,16,1,6.25,196,0
6a7fa1bcd3a7ec788d634103,15,1,7.2,196,0
6a7fa1bcd3a7ec788d634103,15,1,7.4,196,0
6a7fa1bcd3a7ec788d634103,14,1,8,196,0
6a7fa1bcd3a7ec788d634103,13,1,9.285714285714286,196,0
6a7fa1bcd3a7ec788d634103,12,1,9.125,196,0
6a7fa1bcd3a7ec788d634103,11,1,8.666666666666666,196,0
6a7fa1bcd3a7ec788d634103,10,1,8.3,196,0
6a7fa1bcd3a7ec788d634103,9,1,8.909090909090908,196,0
6a7fa1bcd3a7ec788d634103,8,1,8.666666666666666,196,0
6a7fa1bcd3a7ec788d634103,7,1,9.23076923076923,196,0
6a7fa1bcd3a7ec788d634103,6,3,8.928571428571429,196,0
6a7fa1bcd3a7ec788d634103,5,3,8.733333333333333,196,0
6a7fa1bcd3a7ec788d634103,4,4,9,196,0
6a7fa1bcd3a7ec788d634103,3,4,8.823529411764707,196,0
6a7fa1bcd3a7ec788d634103,2,4,8.444444444444445,196,0
6a7fa1bcd3a7ec788d634103,1,4,8.105263157894736,196,0
6a7fa1bcd3a7ec788d634107,19,0,1,170,1
6a7fa1bcd3a7ec788d634107,18,0,3,170,1
6a7fa1bcd3a7ec788d634107,17,0,7.666666666666667,170,1
6a7fa1bcd3a7ec788d634107,16,0,5.75,170,1
6a7fa1bcd3a7ec788d634107,15,1,7.2,170,1
6a7fa1bcd3a7ec788d634107,14,2,6.666666666666667,170,1
6a7fa1bcd3a7ec788d634107,13,3,6,170,1
6a7fa1bcd3a7ec788d634107,12,3,6.25,170,1
6a7fa1bcd3a7ec788d634107,11,3,6.333333333333333,170,1
6a7fa1bcd3a7ec788d634107,10,3,7.2,170,1
6a7fa1bcd3a7ec788d634107,9,3,7.545454545454546,170,1
6a7fa1bcd3a7ec788d634107,8,3,7.75,170,1
6a7fa1bcd3a7ec788d634107,7,3,7.846153846153846,170,1
6a7fa1bcd3a7ec788d634107,6,3,8.071428571428571,170,1
6a7fa1bcd3a7ec788d634107,5,3,8.333333333333334,170,1
6a7fa1bcd3a7ec788d634107,4,3,8.625,170,1
6a7fa1bcd3a7ec788d634107,3,3,8.705882352941176,170,1
6a7fa1bcd3a7ec788d634107,2,3,9,170,1
6a7fa1bcd3a7ec788d63410b,19,0,11,151,1
6a7fa1bcd3a7ec788d63410b,18,0,8.5,151,1
6a7fa1bcd3a7ec788d63410b,17,0,10.666666666666666,151,1
6a7fa1bcd3a7ec788d63410b,16,0,10.5,151,1
6a7fa1bcd3a7ec788d63410b,15,0,9.8,151,1
6a7fa1bcd3a7ec788d63410b,14,1,9.833333333333334,151,1
6a7fa1bcd3a7ec788d63410b,13,1,10.142857142857142,151,1
6a7fa1bcd3a7ec788d63410b,12,1,10.125,151,1
6a7fa1bcd3a7ec788d63410b,11,1,10.222222222222221,151,1
6a7fa1bcd3a7ec788d63410b,10,2,10.1,151,1
6a7fa1bcd3a7ec788d63410b,9,2,10.272727272727273,151,1
6a7fa1bcd3a7ec788d63410b,8,2,9.75,151,1
6a7fa1bcd3a7ec788d63410b,7,2,9.76923076923077,151,1
6a7fa1bcd3a7ec788d63410b,6,2,9.714285714285714,151,1
6a7fa1bcd3a7ec788d63410b,5,2,9.533333333333333,151,1
6a7fa1bcd3a7ec788d63410b,4,2,9.0625,151,1
6a7fa1bcd3a7ec788d63410f,19,0,4,168,1
6a7fa1bcd3a7ec788d63410f,18,0,7,168,1
6a7fa1bcd3a7ec788d63410f,17,0,7,168,1
6a7fa1bcd3a7ec788d63410f,16,0,10.25,168,1
6a7fa1bcd3a7ec788d63410f,15,0,11.2,168,1
6a7fa1bcd3a7ec788d63410f,14,0,10.833333333333334,168,1
6a7fa1bcd3a7ec788d63410f,14,0,11,168,1
6a7fa1bcd3a7ec788d63410f,13,0,10.714285714285714,168,1
6a7fa1bcd3a7ec788d63410f,12,1,9.875,168,1
6a7fa1bcd3a7ec788d63410f,11,1,10,168,1
6a7fa1bcd3a7ec788d63410f,10,2,9.8,168,1
6a7fa1bcd3a7ec788d63410f,9,2,9.636363636363637,168,1
6a7fa1bcd3a7ec788d63410f,8,3,9.25,168,1
6a7fa1bcd3a7ec788d63410f,7,3,9,168,1
6a7fa1bcd3a7ec788d63410f,6,3,9.642857142857142,168,1
6a7fa1bcd3a7ec788d63410f,5,3,9.2,168,1
6a7fa1bcd3a7ec788d63410f,4,3,8.75,168,1
6a7fa1bcd3a7ec788d63410f,3,6,8.705882352941176,168,1
6a7fa1bcd3a7ec788d63410f,2,7,8.38888888888889,168,1
6a7fa1bcd3a7ec788d63410f,1,7,8.526315789473685,168,1
6a7fa1bcd3a7ec788d634113,19,0,6,189,0
6a7fa1bcd3a7ec788d634113,18,1,7,189,0
6a7fa1bcd3a7ec788d634113,17,1,7,189,0
6a7fa1bcd3a7ec788d634113,17,1,7.333333333333333,189,0
6a7fa1bcd3a7ec788d634113,16,1,9.5,189,0
6a7fa1bcd3a7ec788d634113,15,2,8.6,189,0
6a7fa1bcd3a7ec788d634113,14,2,8.166666666666666,189,0
6a7fa1bcd3a7ec788d634113,13,2,7.142857142857143,189,0
6a7fa1bcd3a7ec788d634113,12,2,7.5,189,0
6a7fa1bcd3a7ec788d634113,11,3,7.666666666666667,189,0
6a7fa1bcd3a7ec788d634113,10,3,7.4,189,0
6a7fa1bcd3a7ec788d634113,9,3,7.636363636363637,189,0
6a7fa1bcd3a7ec788d634113,8,3,7.583333333333333,189,0
6a7fa1bcd3a7ec788d634113,7,3,7.615384615384615,189,0
6a7fa1bcd3a7ec788d634113,6,3,7.428571428571429,189,0
6a7fa1bcd3a7ec788d634113,5,3,7.466666666666667,189,0
6a7fa1bcd3a7ec788d634113,4,4,7.5,189,0
6a7fa1bcd3a7ec788d634113,3,4,7.705882352941177,189,0
6a7fa1bcd3a7ec788d634113,2,4,7.888888888888889,189,0
6a7fa1bcd3a7ec788d634113,1,5,8.105263157894736,189,0
6a7fa1bcd3a7ec788d634117,19,0,10,158,1
6a7fa1bcd3a7ec788d634117,18,0,7.5,158,1
6a7fa1bcd3a7ec788d634117,17,0,10.666666666666666,158,1
6a7fa1bcd3a7ec788d634117,16,0,10,158,1
6a7fa1bcd3a7ec788d634117,16,0,10.25,158,1
6a7fa1bcd3a7ec788d634117,15,0,10.2,158,1
6a7fa1bcd3a7ec788d634117,14,0,9,158,1
6a7fa1bcd3a7ec788d634117,13,0,8.142857142857142,158,1
6a7fa1bcd3a7ec788d634117,12,1,9.125,158,1
6a7fa1bcd3a7ec788d634117,11,1,9.222222222222221,158,1
6a7fa1bcd3a7ec788d634117,10,1,9.5,158,1
6a7fa1bcd3a7ec788d634117,9,3,8.818181818181818,158,1
6a7fa1bcd3a7ec788d634117,8,4,8.416666666666666,158,1
6a7fa1bcd3a7ec788d634117,8,4,8.5,158,1
6a7fa1bcd3a7ec788d634117,7,4,8.538461538461538,158,1
6a7fa1bcd3a7ec788d634117,6,5,8.285714285714286,158,1
6a7fa1bcd3a7ec788d634117,5,5,8.266666666666667,158,1
6a7fa1bcd3a7ec788d634117,4,6,8,158,1
6a7fa1bcd3a7ec788d634117,3,7,8.470588235294118,158,1
6a7fa1bcd3a7ec788d634117,2,7,8.333333333333334,158,1
6a7fa1bcd3a7ec788d63411b,19,0,4,188,1
6a7fa1bcd3a7ec788d63411b,18,0,4,188,1
6a7fa1bcd3a7ec788d63411b,17,1,4.333333333333333,188,1
6a7fa1bcd3a7ec788d63411b,16,1,5.5,188,1
6a7fa1bcd3a7ec788d63411b,15,2,5.8,188,1
6a7fa1bcd3a7ec788d63411b,14,2,7.5,188,1
6a7fa1bcd3a7ec788d63411b,13,2,8.714285714285714,188,1
6a7fa1bcd3a7ec788d63411b,12,2,9.625,188,1
6a7fa1bcd3a7ec788d63411b,11,2,9.88888888888889,188,1
6a7fa1bcd3a7ec788d63411b,10,2,9.4,188,1
6a7fa1bcd3a7ec788d63411b,9,2,10.090909090909092,188,1
6a7fa1bcd3a7ec788d63411b,8,2,9.75,188,1
6a7fa1bcd3a7ec788d63411b,7,2,9.692307692307692,188,1
6a7fa1bcd3a7ec788d63411b,6,3,9.857142857142858,188,1
6a7fa1bcd3a7ec788d63411b,5,3,9.666666666666666,188,1
6a7fa1bcd3a7ec788d63411b,4,3,9.75,188,1
6a7fa1bcd3a7ec788d63411b,3,3,10,188,1
6a7fa1bcd3a7ec788d63411b,2,3,9.944444444444445,188,1
6a7fa1bcd3a7ec788d63411f,19,1,4,210,0
6a7fa1bcd3a7ec788d63411f,18,2,4,210,0
6a7fa1bcd3a7ec788d63411f,17,2,6.333333333333333,210,0
6a7fa1bcd3a7ec788d63411f,16,2,8.25,210,0
6a7fa1bcd3a7ec788d63411f,16,2,8.5,210,0
6a7fa1bcd3a7ec788d63411f,15,2,7.8,210,0
6a7fa1bcd3a7ec788d63411f,14,3,8.166666666666666,210,0
6a7fa1bcd3a7ec788d63411f,13,3,8,210,0
6a7fa1bcd3a7ec788d63411f,12,4,7.875,210,0
6a7fa1bcd3a7ec788d63411f,11,4,8.11111111111111,210,0
6a7fa1bcd3a7ec788d63411f,10,4,8.4,210,0
6a7fa1bcd3a7ec788d63411f,9,4,8.727272727272727,210,0
6a7fa1bcd3a7ec788d63411f,8,4,9.166666666666666,210,0
6a7fa1bcd3a7ec788d63411f,7,4,9,210,0
6a7fa1bcd3a7ec788d63411f,6,4,9.571428571428571,210,0
6a7fa1bcd3a7ec788d63411f,5,4,9.333333333333334,210,0
6a7fa1bcd3a7ec788d63411f,4,4,9.3125,210,0
6a7fa1bcd3a7ec788d63411f,3,4,9.117647058823529,210,0
6a7fa1bcd3a7ec788d63411f,2,4,9.055555555555555,210,0
6a7fa1bcd3a7ec788d63411f,1,4,8.894736842105264,210,0
6a7fa1bcd3a7ec788d634123,19,0,6,198,0
6a7fa1bcd3a7ec788d634123,18,1,7.5,198,0
6a7fa1bcd3a7ec788d634123,17,2,5.666666666666667,198,0
6a7fa1bcd3a7ec788d634123,16,3,6,198,0
6a7fa1bcd3a7ec788d634123,15,3,7.2,198,0
6a7fa1bcd3a7ec788d634123,14,3,6.833333333333333,198,0
6a7fa1bcd3a7ec788d634123,13,3,6.714285714285714,198,0
6a7fa1bcd3a7ec788d634123,12,4,7.125,198,0
6a7fa1bcd3a7ec788d634123,12,4,7.25,198,0
6a7fa1bcd3a7ec788d634123,11,5,7.555555555555555,198,0
6a7fa1bcd3a7ec788d634123,10,5,7.3,198,0
6a7fa1bcd3a7ec788d634123,10,5,7.7,198,0
6a7fa1bcd3a7ec788d634123,9,5,7.909090909090909,198,0
6a7fa1bcd3a7ec788d634123,8,5,8.083333333333334,198,0
6a7fa1bcd3a7ec788d634123,7,5,8.461538461538462,198,0
6a7fa1bcd3a7ec788d634123,6,5,8.5,198,0
6a7fa1bcd3a7ec788d634123,5,5,8.4,198,0
6a7fa1bcd3a7ec788d634123,4,5,8.25,198,0
6a7fa1bcd3a7ec788d634123,3,5,8.647058823529411,198,0
6a7fa1bcd3a7ec788d634123,2,5,8.555555555555555,198,0
6a7fa1bcd3a7ec788d634123,2,5,8.61111111111111,198,0
6a7fa1bcd3a7ec788d634123,1,5,8.368421052631579,198,0
6a7fa1bcd3a7ec788d634127,19,0,13,201,0
6a7fa1bcd3a7ec788d634127,18,1,10.5,201,0
6a7fa1bcd3a7ec788d634127,17,1,10,201,0
6a7fa1bcd3a7ec788d634127,16,1,10,201,0
6a7fa1bcd3a7ec788d634127,15,1,10.6,201,0
6a7fa1bcd3a7ec788d634127,14,1,9.833333333333334,201,0
6a7fa1bcd3a7ec788d634127,14,1,10,201,0
6a7fa1bcd3a7ec788d634127,13,1,8.857142857142858,201,0
6a7fa1bcd3a7ec788d634127,12,1,9.375,201,0
6a7fa1bcd3a7ec788d634127,11,1,9.222222222222221,201,0
6a7fa1bcd3a7ec788d634127,11,1,9.333333333333334,201,0
6a7fa1bcd3a7ec788d634127,11,1,9.444444444444445,201,0
6a7fa1bcd3a7ec788d634127,10,1,9.1,201,0
6a7fa1bcd3a7ec788d634127,9,1,9,201,0
6a7fa1bcd3a7ec788d634127,8,1,9.166666666666666,201,0
6a7fa1bcd3a7ec788d634127,7,1,8.76923076923077,201,0
6a7fa1bcd3a7ec788d634127,6,2,8.357142857142858,201,0
6a7fa1bcd3a7ec788d634127,5,3,8.066666666666666,201,0
6a7fa1bcd3a7ec788d634127,4,3,7.75,201,0
6a7fa1bcd3a7ec788d634127,3,4,7.882352941176471,201,0
6a7fa1bcd3a7ec788d634127,2,5,7.611111111111111,201,0
6a7fa1bcd3a7ec788d634127,2,5,7.666666666666667,201,0
6a7fa1bcd3a7ec788d634127,1,5,7.947368421052632,201,0
6a7fa1bcd3a7ec788d63412b,19,0,16,186,1
6a7fa1bcd3a7ec788d63412b,19,0,17,186,1
6a7fa1bcd3a7ec788d63412b,19,0,18,186,1
6a7fa1bcd3a7ec788d63412b,18,0,16.5,186,1
6a7fa1bcd3a7ec788d63412b,17,0,14.333333333333334,186,1
6a7fa1bcd3a7ec788d63412b,16,0,14.25,186,1
6a7fa1bcd3a7ec788d63412b,15,0,13.6,186,1
6a7fa1bcd3a7ec788d63412b,14,0,12.833333333333334,186,1
6a7fa1bcd3a7ec788d63412b,14,0,13,186,1
6a7fa1bcd3a7ec788d63412b,14,0,13.5,186,1
6a7fa1bcd3a7ec788d63412b,13,0,12.428571428571429,186,1
6a7fa1bcd3a7ec788d63412b,12,0,12.5,186,1
6a7fa1bcd3a7ec788d63412b,11,0,12.11111111111111,186,1
6a7fa1bcd3a7ec788d63412b,10,1,11.5,186,1
6a7fa1bcd3a7ec788d63412b,9,2,11.636363636363637,186,1
6a7fa1bcd3a7ec788d63412b,8,2,10.916666666666666,186,1
6a7fa1bcd3a7ec788d63412b,7,2,10.76923076923077,186,1
6a7fa1bcd3a7ec788d63412b,6,2,10.214285714285714,186,1
6a7fa1bcd3a7ec788d63412b,5,2,9.666666666666666,186,1
6a7fa1bcd3a7ec788d63412b,4,2,10.0625,186,1
6a7fa1bcd3a7ec788d63412b,3,2,9.882352941176471,186,1
6a7fa1bcd3a7ec788d63412b,2,3,9.944444444444445,186,1
6a7fa1bcd3a7ec788d63412f,19,0,11,162,1
6a7fa1bcd3a7ec788d63412f,18,0,9.5,162,1
6a7fa1bcd3a7ec788d63412f,17,0,9.333333333333334,162,1
6a7fa1bcd3a7ec788d63412f,16,1,8.75,162,1
6a7fa1bcd3a7ec788d63412f,15,1,9,162,1
6a7fa1bcd3a7ec788d63412f,15,1,9.2,162,1
6a7fa1bcd3a7ec788d63412f,14,1,9.166666666666666,162,1
6a7fa1bcd3a7ec788d63412f,13,1,8.428571428571429,162,1
6a7fa1bcd3a7ec788d63412f,12,1,7.75,162,1
6a7fa1bcd3a7ec788d63412f,11,2,8.666666666666666,162,1
6a7fa1bcd3a7ec788d63412f,10,3,8.9,162,1
6a7fa1bcd3a7ec788d63412f,9,3,9.909090909090908,162,1
6a7fa1bcd3a7ec788d63412f,9,3,10,162,1
6a7fa1bcd3a7ec788d63412f,8,3,9.5,162,1
6a7fa1bcd3a7ec788d63412f,7,3,9.538461538461538,162,1
6a7fa1bcd3a7ec788d63412f,7,3,9.615384615384615,162,1
6a7fa1bcd3a7ec788d63412f,6,3,9.785714285714286,162,1
6a7fa1bcd3a7ec788d63412f,5,3,9.866666666666667,162,1
6a7fa1bcd3a7ec788d63412f,4,3,9.9375,162,1
6a7fa1bcd3a7ec788d634133,19,0,4,190,0
6a7fa1bcd3a7ec788d634133,18,0,5.5,190,0
6a7fa1bcd3a7ec788d634133,17,0,4.666666666666667,190,0
6a7fa1bcd3a7ec788d634133,16,0,6.5,190,0
6a7fa1bcd3a7ec788d634133,15,0,6,190,0
6a7fa1bcd3a7ec788d634133,15,0,6.2,190,0
6a7fa1bcd3a7ec788d634133,14,0,6.333333333333333,190,0
6a7fa1bcd3a7ec788d634133,13,0,6.714285714285714,190,0
6a7fa1bcd3a7ec788d634133,12,0,6.875,190,0
6a7fa1bcd3a7ec788d634133,11,0,6.333333333333333,190,0
6a7fa1bcd3a7ec788d634133,10,2,6.7,190,0
6a7fa1bcd3a7ec788d634133,9,2,7.181818181818182,190,0
6a7fa1bcd3a7ec788d634133,8,2,7.416666666666667,190,0
6a7fa1bcd3a7ec788d634133,7,2,7.538461538461538,190,0
6a7fa1bcd3a7ec788d634133,6,2,7.642857142857143,190,0
6a7fa1bcd3a7ec788d634133,5,2,7.4,190,0
6a7fa1bcd3a7ec788d634133,4,2,7.25,190,0
6a7fa1bcd3a7ec788d634133,3,2,7.411764705882353,190,0
6a7fa1bcd3a7ec788d634133,2,2,7.333333333333333,190,0
6a7fa1bcd3a7ec788d634133,1,2,7.526315789473684,190,0
6a7fa2a0d3a7ec788da66172,19,0,7,177,0
6a7fa2a0d3a7ec788da66172,18,1,11,177,0
6a7fa2a0d3a7ec788da66172,17,1,9.333333333333334,177,0
6a7fa2a0d3a7ec788da66172,16,1,9.5,177,0
6a7fa2a0d3a7ec788da66172,15,2,9,177,0
6a7fa2a0d3a7ec788da66172,14,2,9.166666666666666,177,0
6a7fa2a0d3a7ec788da66172,13,2,8.571428571428571,177,0
6a7fa2a0d3a7ec788da66172,12,2,9.5,177,0
6a7fa2a0d3a7ec788da66172,11,3,9.777777777777779,177,0
6a7fa2a0d3a7ec788da66172,10,3,9.5,177,0
6a7fa2a0d3a7ec788da66172,9,3,8.909090909090908,177,0
6a7fa2a0d3a7ec788da66172,8,3,9.333333333333334,177,0
6a7fa2a0d3a7ec788da66172,8,3,9.416666666666666,177,0
6a7fa2a0d3a7ec788da66172,7,3,9.23076923076923,177,0
6a7fa2a0d3a7ec788da66172,6,3,8.714285714285714,177,0
6a7fa2a0d3a7ec788da66172,5,3,9,177,0
6a7fa2a0d3a7ec788da66172,4,3,8.875,177,0
6a7fa2a0d3a7ec788da66172,3,3,8.764705882352942,177,0
6a7fa2a0d3a7ec788da66172,2,3,9,177,0
6a7fa2a0d3a7ec788da66172,1,3,8.68421052631579,177,0
6a7fa2a0d3a7ec788da66176,19,0,16,168,1
6a7fa2a0d3a7ec788da66176,18,0,9.5,168,1
6a7fa2a0d3a7ec788da66176,17,0,10.666666666666666,168,1
6a7fa2a0d3a7ec788da66176,16,0,10,168,1
6a7fa2a0d3a7ec788da66176,15,0,11,168,1
6a7fa2a0d3a7ec788da66176,14,1,10.5,168,1
6a7fa2a0d3a7ec788da66176,13,1,10.857142857142858,168,1
6a7fa2a0d3a7ec788da66176,12,1,10.25,168,1
6a7fa2a0d3a7ec788da66176,11,2,10.222222222222221,168,1
6a7fa2a0d3a7ec788da66176,10,2,10.1,168,1
6a7fa2a0d3a7ec788da66176,9,2,10.454545454545455,168,1
6a7fa2a0d3a7ec788da66176,8,2,10.5,168,1
6a7fa2a0d3a7ec788da66176,7,2,11.076923076923077,168,1
6a7fa2a0d3a7ec788da66176,6,2,10.928571428571429,168,1
6a7fa2a0d3a7ec788da66176,5,3,10.4,168,1
6a7fa2a0d3a7ec788da66176,4,3,10.0625,168,1
6a7fa2a0d3a7ec788da6617a,19,0,7,146,1
6a7fa2a0d3a7ec788da6617a,18,0,10.5,146,1
6a7fa2a0d3a7ec788da6617a,17,1,9.333333333333334,146,1
6a7fa2a0d3a7ec788da6617a,17,1,10,146,1
6a7fa2a0d3a7ec788da6617a,16,2,13.5,146,1
6a7fa2a0d3a7ec788da6617a,15,2,11.6,146,1
6a7fa2a0d3a7ec788da6617a,14,2,11,146,1
6a7fa2a0d3a7ec788da6617a,13,2,10.285714285714286,146,1
6a7fa2a0d3a7ec788da6617a,12,2,10.5,146,1
6a7fa2a0d3a7ec788da6617a,12,2,10.625,146,1
6a7fa2a0d3a7ec788da6617a,11,3,10.555555555555555,146,1
6a7fa2a0d3a7ec788da6617a,10,4,10.9,146,1
6a7fa2a0d3a7ec788da6617a,9,5,10.818181818181818,146,1
6a7fa2a0d3a7ec788da6617a,8,5,10.583333333333334,146,1
6a7fa2a0d3a7ec788da6617a,7,5,10.76923076923077,146,1
6a7fa2a0d3a7ec788da6617e,19,1,3,201,0
6a7fa2a0d3a7ec788da6617e,18,1,8.5,201,0
6a7fa2a0d3a7ec788da6617e,17,1,8,201,0
6a7fa2a0d3a7ec788da6617e,16,1,7,201,0
6a7fa2a0d3a7ec788da6617e,15,1,6.6,201,0
6a7fa2a0d3a7ec788da6617e,14,1,7.333333333333333,201,0
6a7fa2a0d3a7ec788da6617e,13,1,7,201,0
6a7fa2a0d3a7ec788da6617e,12,1,7.75,201,0
6a7fa2a0d3a7ec788da6617e,11,2,7.888888888888889,201,0
6a7fa2a0d3a7ec788da6617e,10,2,7.7,201,0
6a7fa2a0d3a7ec788da6617e,9,2,7.818181818181818,201,0
6a7fa2a0d3a7ec788da6617e,8,2,7.666666666666667,201,0
6a7fa2a0d3a7ec788da6617e,7,2,7.3076923076923075,201,0
6a7fa2a0d3a7ec788da6617e,6,2,7.428571428571429,201,0
6a7fa2a0d3a7ec788da6617e,5,2,7.466666666666667,201,0
6a7fa2a0d3a7ec788da6617e,4,2,7.8125,201,0
6a7fa2a0d3a7ec788da6617e,3,4,7.823529411764706,201,0
6a7fa2a0d3a7ec788da6617e,2,4,8.055555555555555,201,0
6a7fa2a0d3a7ec788da6617e,1,4,8.263157894736842,201,0
6a7fa2acd3a7ec788da93c76,19,2,3,179,1
6a7fa2acd3a7ec788da93c76,18,2,7.5,179,1
6a7fa2acd3a7ec788da93c76,17,2,7,179,1
6a7fa2acd3a7ec788da93c76,16,2,8.25,179,1
6a7fa2acd3a7ec788da93c76,15,3,7,179,1
6a7fa2acd3a7ec788da93c76,14,3,7.166666666666667,179,1
6a7fa2acd3a7ec788da93c76,13,3,7.285714285714286,179,1
6a7fa2acd3a7ec788da93c76,12,3,8,179,1
6a7fa2acd3a7ec788da93c76,11,3,8.333333333333334,179,1
6a7fa2acd3a7ec788da93c76,10,3,8.2,179,1
6a7fa2acd3a7ec788da93c76,9,3,8.545454545454545,179,1
6a7fa2acd3a7ec788da93c76,8,3,8.083333333333334,179,1
6a7fa2acd3a7ec788da93c76,7,3,9.076923076923077,179,1
6a7fa2acd3a7ec788da93c76,6,4,8.714285714285714,179,1
6a7fa2acd3a7ec788da93c76,5,5,9,179,1
6a7fa2acd3a7ec788da93c76,4,5,8.875,179,1
6a7fa2acd3a7ec788da93c76,3,5,9.352941176470589,179,1
6a7fa2acd3a7ec788da93c76,2,5,9.166666666666666,179,1
6a7fa2acd3a7ec788da93c76,1,5,9.052631578947368,179,1
6a7fa2acd3a7ec788da93c7a,19,1,15,158,1
6a7fa2acd3a7ec788da93c7a,18,1,9.5,158,1
6a7fa2acd3a7ec788da93c7a,17,1,9,158,1
6a7fa2acd3a7ec788da93c7a,16,2,8,158,1
6a7fa2acd3a7ec788da93c7a,15,2,10.2,158,1
6a7fa2acd3a7ec788da93c7a,14,2,9.5,158,1
6a7fa2acd3a7ec788da93c7a,13,2,9.571428571428571,158,1
6a7fa2acd3a7ec788da93c7a,12,2,9.25,158,1
6a7fa2acd3a7ec788da93c7a,12,2,9.375,158,1
6a7fa2acd3a7ec788da93c7a,11,4,9.11111111111111,158,1
6a7fa2acd3a7ec788da93c7a,10,4,9,158,1
6a7fa2acd3a7ec788da93c7a,9,4,9.454545454545455,158,1
6a7fa2acd3a7ec788da93c7a,8,4,8.916666666666666,158,1
6a7fa2acd3a7ec788da93c7a,7,4,9,158,1
6a7fa2acd3a7ec788da93c7a,6,4,9.642857142857142,158,1
6a7fa2acd3a7ec788da93c7a,5,4,9.066666666666666,158,1
6a7fa2acd3a7ec788da93c7a,4,5,9.375,158,1
6a7fa2b0d3a7ec788daaaa19,19,0,8,155,1
6a7fa2b0d3a7ec788daaaa19,18,0,6,155,1
6a7fa2b0d3a7ec788daaaa19,17,0,7,155,1
6a7fa2b0d3a7ec788daaaa19,16,0,7.25,155,1
6a7fa2b0d3a7ec788daaaa19,15,0,7,155,1
6a7fa2b0d3a7ec788daaaa19,14,0,6.166666666666667,155,1
6a7fa2b0d3a7ec788daaaa19,13,0,7.428571428571429,155,1
6a7fa2b0d3a7ec788daaaa19,12,0,7.375,155,1
6a7fa2b0d3a7ec788daaaa19,11,1,7.222222222222222,155,1
6a7fa2b0d3a7ec788daaaa19,10,1,7.3,155,1
6a7fa2b0d3a7ec788daaaa19,9,1,7.181818181818182,155,1
6a7fa2b0d3a7ec788daaaa19,8,1,7.416666666666667,155,1
6a7fa2b0d3a7ec788daaaa19,7,1,7,155,1
6a7fa2b0d3a7ec788daaaa19,6,1,7.428571428571429,155,1
6a7fa2b0d3a7ec788daaaa19,5,1,7.733333333333333,155,1
6a7fa2b0d3a7ec788daaaa19,4,1,7.6875,155,1
6a7fa2b0d3a7ec788daaaa19,3,1,8,155,1
6a7fa2b0d3a7ec788daaaa19,3,1,8.235294117647058,155,1
6a7fa2b0d3a7ec788daaaa19,2,1,8.555555555555555,155,1
6a7fab555a61570130937e07,19,0,16,161,1
6a7fab555a61570130937e07,18,0,13.5,161,1
6a7fab555a61570130937e07,17,0,10.333333333333334,161,1
6a7fab555a61570130937e07,16,0,8.75,161,1
6a7fab555a61570130937e07,15,0,8.6,161,1
6a7fab555a61570130937e07,14,0,8.666666666666666,161,1
6a7fab555a61570130937e07,13,0,8.285714285714286,161,1
6a7fab555a61570130937e07,12,0,8.25,161,1
6a7fab555a61570130937e07,11,1,7.555555555555555,161,1
6a7fab555a61570130937e07,10,1,7.9,161,1
6a7fab555a61570130937e07,9,1,7.636363636363637,161,1
6a7fab555a61570130937e07,8,1,8.083333333333334,161,1
6a7fab555a61570130937e07,7,1,7.923076923076923,161,1
6a7fab555a61570130937e07,6,1,8.214285714285714,161,1
6a7fab555a61570130937e07,5,2,8.2,161,1
6a7fab555a61570130937e07,4,2,8.5625,161,1
6a7fab555a61570130937e07,3,3,8.647058823529411,161,1
6a7fab555a61570130937e07,2,4,8.277777777777779,161,1
6a7fab555a61570130937e07,1,5,8.31578947368421,161,1
6a7fab555a61570130937e07,1,5,8.368421052631579,161,1
6a7fab555a61570130937e07,1,5,8.421052631578947,161,1
6a7fab555a61570130937e0b,19,0,2,189,0
6a7fab555a61570130937e0b,18,0,4.5,189,0
6a7fab555a61570130937e0b,17,2,4,189,0
6a7fab555a61570130937e0b,16,2,4.75,189,0
6a7fab555a61570130937e0b,15,2,4,189,0
6a7fab555a61570130937e0b,14,2,4.5,189,0
6a7fab555a61570130937e0b,13,3,5,189,0
6a7fab555a61570130937e0b,12,3,5.625,189,0
6a7fab555a61570130937e0b,11,5,6.333333333333333,189,0
6a7fab555a61570130937e0b,10,5,6.2,189,0
6a7fab555a61570130937e0b,9,5,6.636363636363637,189,0
6a7fab555a61570130937e0b,8,6,6.416666666666667,189,0
6a7fab555a61570130937e0b,8,6,6.583333333333333,189,0
6a7fab555a61570130937e0b,7,6,6.461538461538462,189,0
6a7fab555a61570130937e0b,6,7,6.071428571428571,189,0
6a7fab555a61570130937e0b,5,8,6.333333333333333,189,0
6a7fab555a61570130937e0b,4,8,6.5,189,0
6a7fab555a61570130937e0b,3,8,6.235294117647059,189,0
6a7fab555a61570130937e0b,2,8,6.666666666666667,189,0
6a7fab555a61570130937e0b,1,8,6.684210526315789,189,0
6a7fab555a61570130937e0f,19,0,12,179,1
6a7fab555a61570130937e0f,18,0,10.5,179,1
6a7fab555a61570130937e0f,17,1,9.333333333333334,179,1
6a7fab555a61570130937e0f,16,1,10.5,179,1
6a7fab555a61570130937e0f,15,1,10.8,179,1
6a7fab555a61570130937e0f,14,1,11.166666666666666,179,1
6a7fab555a61570130937e0f,13,1,10.285714285714286,179,1
6a7fab555a61570130937e0f,12,1,10.5,179,1
6a7fab555a61570130937e0f,11,2,9.555555555555555,179,1
6a7fab555a61570130937e0f,10,2,9.3,179,1
6a7fab555a61570130937e0f,9,2,9.090909090909092,179,1
6a7fab555a61570130937e0f,8,2,8.5,179,1
6a7fab555a61570130937e0f,7,2,8.846153846153847,179,1
6a7fab555a61570130937e0f,6,2,8.714285714285714,179,1
6a7fab555a61570130937e0f,5,2,8.8,179,1
6a7fab555a61570130937e0f,4,2,9.125,179,1
6a7fab555a61570130937e0f,3,2,8.882352941176471,179,1
6a7fab555a61570130937e0f,3,2,8.941176470588236,179,1
6a7fab555a61570130937e0f,2,2,9.333333333333334,179,1
6a7fab555a61570130937e0f,1,2,8.947368421052632,179,1
6a7fab555a61570130937e13,19,0,26,181,1
6a7fab555a61570130937e13,18,0,21.5,181,1
6a7fab555a61570130937e13,17,0,17,181,1
6a7fab555a61570130937e13,16,0,14.25,181,1
6a7fab555a61570130937e13,15,0,13.8,181,1
6a7fab555a61570130937e13,14,1,12.833333333333334,181,1
6a7fab555a61570130937e13,13,2,12.285714285714286,181,1
6a7fab555a61570130937e13,12,2,11.5,181,1
6a7fab555a61570130937e13,11,3,11,181,1
6a7fab555a61570130937e13,10,3,11.4,181,1
6a7fab555a61570130937e13,9,4,11.363636363636363,181,1
6a7fab555a61570130937e13,8,5,11.166666666666666,181,1
6a7fab555a61570130937e13,7,6,11.153846153846153,181,1
6a7fab555a61570130937e13,6,6,10.571428571428571,181,1
6a7fab555a61570130937e13,5,6,10.266666666666667,181,1
6a7fab555a61570130937e13,4,6,10.625,181,1
6a7fab555a61570130937e17,19,0,6,163,1
6a7fab555a61570130937e17,18,1,5,163,1
6a7fab555a61570130937e17,17,1,5.666666666666667,163,1
6a7fab555a61570130937e17,16,2,6.25,163,1
6a7fab555a61570130937e17,15,2,6.4,163,1
6a7fab555a61570130937e17,14,2,7.666666666666667,163,1
6a7fab555a61570130937e17,13,3,8.571428571428571,163,1
6a7fab555a61570130937e17,13,3,8.714285714285714,163,1
6a7fab555a61570130937e17,12,4,9.625,163,1
6a7fab555a61570130937e17,11,4,9.88888888888889,163,1
6a7fab555a61570130937e17,10,4,9.6,163,1
6a7fab555a61570130937e17,9,4,10.181818181818182,163,1
6a7fab555a61570130937e17,8,4,9.666666666666666,163,1
6a7fab555a61570130937e17,7,5,9.153846153846153,163,1
6a7fab555a61570130937e17,6,5,8.785714285714286,163,1
6a7fab555a61570130937e17,5,5,9.4,163,1
6a7fab555a61570130937e17,4,6,9.5625,163,1
6a7fab555a61570130937e17,4,6,9.75,163,1
6a7fab555a61570130937e17,3,7,9.294117647058824,163,1
6a7fab555a61570130937e17,2,7,8.944444444444445,163,1
6a7fab555a61570130937e1b,19,0,10,203,1
6a7fab555a61570130937e1b,18,0,9.5,203,1
6a7fab555a61570130937e1b,17,1,8.333333333333334,203,1
6a7fab555a61570130937e1b,16,1,9,203,1
6a7fab555a61570130937e1b,15,2,10.8,203,1
6a7fab555a61570130937e1b,14,2,11.333333333333334,203,1
6a7fab555a61570130937e1b,13,2,10.428571428571429,203,1
6a7fab555a61570130937e1b,12,2,10.25,203,1
6a7fab555a61570130937e1b,11,2,11,203,1
6a7fab555a61570130937e1b,10,2,10.4,203,1
6a7fab555a61570130937e1b,9,2,11.272727272727273,203,1
6a7fab555a61570130937e1b,8,2,12,203,1
6a7fab555a61570130937e1b,7,3,11.923076923076923,203,1
6a7fab555a61570130937e1b,6,4,12.071428571428571,203,1
6a7fab555a61570130937e1b,5,4,12.466666666666667,203,1
6a7fab555a61570130937e1b,5,4,12.533333333333333,203,1
6a7fab555a61570130937e1b,4,4,12.25,203,1
6a7fab555a61570130937e1f,19,0,7,209,0
6a7fab555a61570130937e1f,18,0,5.5,209,0
6a7fab555a61570130937e1f,17,0,5,209,0
6a7fab555a61570130937e1f,16,0,6,209,0
6a7fab555a61570130937e1f,15,0,5.6,209,0
6a7fab555a61570130937e1f,14,0,6.333333333333333,209,0
6a7fab555a61570130937e1f,13,1,7.142857142857143,209,0
6a7fab555a61570130937e1f,12,1,6.625,209,0
6a7fab555a61570130937e1f,11,1,8.11111111111111,209,0
6a7fab555a61570130937e1f,10,1,9.5,209,0
6a7fab555a61570130937e1f,9,1,9.363636363636363,209,0
6a7fab555a61570130937e1f,8,1,10.083333333333334,209,0
6a7fab555a61570130937e1f,7,1,9.615384615384615,209,0
6a7fab555a61570130937e1f,6,1,9.642857142857142,209,0
6a7fab555a61570130937e1f,6,1,9.714285714285714,209,0
6a7fab555a61570130937e1f,5,1,9.4,209,0
6a7fab555a61570130937e1f,4,1,9.375,209,0
6a7fab555a61570130937e1f,3,1,9.294117647058824,209,0
6a7fab555a61570130937e1f,2,1,9.777777777777779,209,0
6a7fab555a61570130937e1f,1,2,9.736842105263158,209,0
6a7fab555a61570130937e23,19,0,5,189,1
6a7fab555a61570130937e23,18,0,6.5,189,1
6a7fab555a61570130937e23,17,0,7,189,1
6a7fab555a61570130937e23,16,0,8,189,1
6a7fab555a61570130937e23,15,1,8.2,189,1
6a7fab555a61570130937e23,15,1,8.4,189,1
6a7fab555a61570130937e23,14,1,8,189,1
6a7fab555a61570130937e23,13,1,9.142857142857142,189,1
6a7fab555a61570130937e23,12,1,9.125,189,1
6a7fab555a61570130937e23,11,2,8.777777777777779,189,1
6a7fab555a61570130937e23,10,2,9.2,189,1
6a7fab555a61570130937e23,9,3,9.727272727272727,189,1
6a7fab555a61570130937e23,8,3,9.583333333333334,189,1
6a7fab555a61570130937e23,7,4,9.384615384615385,189,1
6a7fab555a61570130937e23,7,4,9.538461538461538,189,1
6a7fab555a61570130937e23,6,4,9.785714285714286,189,1
6a7fab555a61570130937e23,5,4,9.666666666666666,189,1
6a7fab555a61570130937e23,4,6,9.8125,189,1
6a7fab555a61570130937e23,3,6,9.705882352941176,189,1
6a7fab555a61570130937e23,2,6,10,189,1
6a7fab555a61570130937e27,19,0,11,154,0
6a7fab555a61570130937e27,18,0,10.5,154,0
6a7fab555a61570130937e27,17,0,9.333333333333334,154,0
6a7fab555a61570130937e27,16,1,8,154,0
6a7fab555a61570130937e27,15,1,7.4,154,0
6a7fab555a61570130937e27,14,2,6.666666666666667,154,0
6a7fab555a61570130937e27,13,3,6.857142857142857,154,0
6a7fab555a61570130937e27,12,4,6.5,154,0
6a7fab555a61570130937e27,11,4,6.222222222222222,154,0
6a7fab555a61570130937e27,10,4,6,154,0
6a7fab555a61570130937e27,9,5,7.090909090909091,154,0
6a7fab555a61570130937e27,8,5,7.166666666666667,154,0
6a7fab555a61570130937e27,7,5,7,154,0
6a7fab555a61570130937e27,6,5,6.857142857142857,154,0
6a7fab555a61570130937e27,5,5,6.933333333333334,154,0
6a7fab555a61570130937e27,4,5,7,154,0
6a7fab555a61570130937e27,3,5,6.764705882352941,154,0
6a7fab555a61570130937e27,3,5,6.823529411764706,154,0
6a7fab555a61570130937e27,2,5,7.166666666666667,154,0
6a7fab555a61570130937e27,1,5,7,154,0
6a7fab555a61570130937e2b,19,0,5,175,0
6a7fab555a61570130937e2b,18,0,8.5,175,0
6a7fab555a61570130937e2b,17,0,8,175,0
6a7fab555a61570130937e2b,16,0,8.25,175,0
6a7fab555a61570130937e2b,15,0,8.4,175,0
6a7fab555a61570130937e2b,14,0,8.166666666666666,175,0
6a7fab555a61570130937e2b,13,0,7.428571428571429,175,0
6a7fab555a61570130937e2b,12,0,7.625,175,0
6a7fab555a61570130937e2b,11,1,7.777777777777778,175,0
6a7fab555a61570130937e2b,10,1,7.9,175,0
6a7fab555a61570130937e2b,9,1,8.090909090909092,175,0
6a7fab555a61570130937e2b,9,1,8.181818181818182,175,0
6a7fab555a61570130937e2b,9,1,8.272727272727273,175,0
6a7fab555a61570130937e2b,8,1,7.666666666666667,175,0
6a7fab555a61570130937e2b,7,2,7.538461538461538,175,0
6a7fab555a61570130937e2b,6,3,7.214285714285714,175,0
6a7fab555a61570130937e2b,5,3,7.133333333333334,175,0
6a7fab555a61570130937e2b,4,3,7.75,175,0
6a7fab555a61570130937e2b,3,3,7.705882352941177,175,0
6a7fab555a61570130937e2b,2,4,7.555555555555555,175,0
6a7fab555a61570130937e2b,1,4,8.052631578947368,175,0
6a7fab555a61570130937e2f,19,0,10,183,1
6a7fab555a61570130937e2f,18,1,9,183,1
6a7fab555a61570130937e2f,17,2,8,183,1
6a7fab555a61570130937e2f,16,2,8,183,1
6a7fab555a61570130937e2f,15,2,7.6,183,1
6a7fab555a61570130937e2f,14,2,7.166666666666667,183,1
6a7fab555a61570130937e2f,13,2,8.285714285714286,183,1
6a7fab555a61570130937e2f,12,2,8.625,183,1
6a7fab555a61570130937e2f,11,2,9,183,1
6a7fab555a61570130937e2f,10,3,8.7,183,1
6a7fab555a61570130937e2f,9,3,8.636363636363637,183,1
6a7fab555a61570130937e2f,8,3,8.583333333333334,183,1
6a7fab555a61570130937e2f,7,3,8.923076923076923,183,1
6a7fab555a61570130937e2f,6,3,8.642857142857142,183,1
6a7fab555a61570130937e2f,5,3,9.066666666666666,183,1
6a7fab555a61570130937e2f,4,3,9.5,183,1
6a7fab555a61570130937e2f,3,3,9.352941176470589,183,1
6a7fab555a61570130937e2f,2,3,9.444444444444445,183,1
6a7fab555a61570130937e2f,2,3,9.5,183,1
6a7fab555a61570130937e2f,1,3,9.526315789473685,183,1
6a7fab555a61570130937e33,19,0,13,188,0
6a7fab555a61570130937e33,18,0,10.5,188,0
6a7fab555a61570130937e33,17,1,10.333333333333334,188,0
6a7fab555a61570130937e33,16,1,9.25,188,0
6a7fab555a61570130937e33,15,1,11,188,0
6a7fab555a61570130937e33,14,1,11.333333333333334,188,0
6a7fab555a61570130937e33,13,1,10.428571428571429,188,0
6a7fab555a61570130937e33,12,1,10,188,0
6a7fab555a61570130937e33,11,1,9.666666666666666,188,0
6a7fab555a61570130937e33,11,1,9.777777777777779,188,0
6a7fab555a61570130937e33,10,1,9.9,188,0
6a7fab555a61570130937e33,9,1,9.454545454545455,188,0
6a7fab555a61570130937e33,8,1,8.916666666666666,188,0
6a7fab555a61570130937e33,7,1,8.692307692307692,188,0
6a7fab555a61570130937e33,6,2,8.642857142857142,188,0
6a7fab555a61570130937e33,5,3,8.2,188,0
6a7fab555a61570130937e33,4,4,8,188,0
6a7fab555a61570130937e33,3,4,7.882352941176471,188,0
6a7fab555a61570130937e33,2,5,7.611111111111111,188,0
6a7fab555a61570130937e33,1,5,7.842105263157895,188,0
6a7fab555a61570130937e37,19,0,21,148,1
6a7fab555a61570130937e37,18,0,12.5,148,1
6a7fab555a61570130937e37,17,0,11.666666666666666,148,1
6a7fab555a61570130937e37,16,1,10.75,148,1
6a7fab555a61570130937e37,15,1,10,148,1
6a7fab555a61570130937e37,14,1,10.166666666666666,148,1
6a7fab555a61570130937e37,13,1,10.857142857142858,148,1
6a7fab555a61570130937e37,12,2,10.125,148,1
6a7fab555a61570130937e37,12,2,10.25,148,1
6a7fab555a61570130937e37,11,2,10.666666666666666,148,1
6a7fab555a61570130937e37,10,2,10.8,148,1
6a7fab555a61570130937e37,9,2,10.818181818181818,148,1
6a7fab555a61570130937e37,8,3,10.333333333333334,148,1
6a7fab555a61570130937e37,7,3,10.153846153846153,148,1
6a7fab555a61570130937e37,6,3,9.642857142857142,148,1
6a7fab555a61570130937e37,5,5,9.4,148,1
6a7fab555a61570130937e37,4,5,9.3125,148,1
6a7fab555a61570130937e3b,19,1,7,223,0
6a7fab555a61570130937e3b,19,1,8,223,0
6a7fab555a61570130937e3b,18,1,15,223,0
6a7fab555a61570130937e3b,17,2,13.666666666666666,223,0
6a7fab555a61570130937e3b,16,2,11.25,223,0
6a7fab555a61570130937e3b,15,2,11,223,0
6a7fab555a61570130937e3b,14,3,10.333333333333334,223,0
6a7fab555a61570130937e3b,13,4,9.428571428571429,223,0
6a7fab555a61570130937e3b,12,5,9.25,223,0
6a7fab555a61570130937e3b,11,5,8.555555555555555,223,0
6a7fab555a61570130937e3b,10,6,8.6,223,0
6a7fab555a61570130937e3b,9,6,8.727272727272727,223,0
6a7fab555a61570130937e3b,8,6,8.583333333333334,223,0
6a7fab555a61570130937e3b,8,6,8.666666666666666,223,0
6a7fab555a61570130937e3b,7,6,9.153846153846153,223,0
6a7fab555a61570130937e3b,6,6,8.785714285714286,223,0
6a7fab555a61570130937e3b,5,6,8.2,223,0
6a7fab555a61570130937e3b,5,6,8.266666666666667,223,0
6a7fab555a61570130937e3b,5,6,8.333333333333334,223,0
6a7fab555a61570130937e3b,4,6,8.5625,223,0
6a7fab555a61570130937e3b,3,6,8.294117647058824,223,0
6a7fab555a61570130937e3b,2,7,8.11111111111111,223,0
6a7fab555a61570130937e3b,1,7,8.157894736842104,223,0
6a7fab555a61570130937e3f,19,0,12,181,0
6a7fab555a61570130937e3f,18,1,9.5,181,0
6a7fab555a61570130937e3f,17,1,11.666666666666666,181,0
6a7fab555a61570130937e3f,16,1,10,181,0
6a7fab555a61570130937e3f,15,1,9.6,181,0
6a7fab555a61570130937e3f,14,2,10.166666666666666,181,0
6a7fab555a61570130937e3f,13,2,9.857142857142858,181,0
6a7fab555a61570130937e3f,12,2,9.75,181,0
6a7fab555a61570130937e3f,12,2,9.875,181,0
6a7fab555a61570130937e3f,11,2,10,181,0
6a7fab555a61570130937e3f,10,2,10.4,181,0
6a7fab555a61570130937e3f,9,2,10.272727272727273,181,0
6a7fab555a61570130937e3f,8,2,10.5,181,0
6a7fab555a61570130937e3f,7,2,10,181,0
6a7fab555a61570130937e3f,6,2,9.714285714285714,181,0
6a7fab555a61570130937e3f,5,2,9.266666666666667,181,0
6a7fab555a61570130937e3f,4,2,9.4375,181,0
6a7fab555a61570130937e3f,3,2,9.294117647058824,181,0
6a7fab555a61570130937e3f,2,3,9.11111111111111,181,0
6a7fab555a61570130937e3f,1,4,8.947368421052632,181,0
6a7fab555a61570130937e43,19,0,9,142,1
6a7fab555a61570130937e43,18,0,11.5,142,1
6a7fab555a61570130937e43,17,0,10.666666666666666,142,1
6a7fab555a61570130937e43,16,1,10.75,142,1
6a7fab555a61570130937e43,15,1,11.8,142,1
6a7fab555a61570130937e43,14,2,10.833333333333334,142,1
6a7fab555a61570130937e43,13,3,10.285714285714286,142,1
6a7fab555a61570130937e43,12,3,9.875,142,1
6a7fab555a61570130937e43,11,3,9.666666666666666,142,1
6a7fab555a61570130937e43,10,3,9.7,142,1
6a7fab555a61570130937e43,9,3,10,142,1
6a7fab555a61570130937e43,8,3,9.666666666666666,142,1
6a7fab555a61570130937e43,7,3,9.307692307692308,142,1
6a7fab555a61570130937e43,6,4,9,142,1
6a7fab555a61570130937e43,5,4,8.866666666666667,142,1
6a7fab555a61570130937e47,19,0,13,184,0
6a7fab555a61570130937e47,18,0,13.5,184,0
6a7fab555a61570130937e47,17,0,13,184,0
6a7fab555a61570130937e47,16,0,12,184,0
6a7fab555a61570130937e47,15,2,10,184,0
6a7fab555a61570130937e47,14,2,8.833333333333334,184,0
6a7fab555a61570130937e47,13,2,9.285714285714286,184,0
6a7fab555a61570130937e47,12,3,9.375,184,0
6a7fab555a61570130937e47,11,3,8.777777777777779,184,0
6a7fab555a61570130937e47,10,3,9.5,184,0
6a7fab555a61570130937e47,9,3,9.090909090909092,184,0
6a7fab555a61570130937e47,8,3,8.75,184,0
6a7fab555a61570130937e47,7,3,8.76923076923077,184,0
6a7fab555a61570130937e47,6,4,8.5,184,0
6a7fab555a61570130937e47,5,4,8.6,184,0
6a7fab555a61570130937e47,4,6,8.25,184,0
6a7fab555a61570130937e47,3,6,8.294117647058824,184,0
6a7fab555a61570130937e47,2,6,8.555555555555555,184,0
6a7fab555a61570130937e47,1,6,8.526315789473685,184,0
6a7fab555a61570130937e4b,19,0,8,177,1
6a7fab555a61570130937e4b,18,0,10,177,1
6a7fab555a61570130937e4b,18,0,10.5,177,1
6a7fab555a61570130937e4b,17,0,11.666666666666666,177,1
6a7fab555a61570130937e4b,16,0,12,177,1
6a7fab555a61570130937e4b,15,1,10.2,177,1
6a7fab555a61570130937e4b,14,1,10,177,1
6a7fab555a61570130937e4b,13,1,9.857142857142858,177,1
6a7fab555a61570130937e4b,12,1,9,177,1
6a7fab555a61570130937e4b,11,1,9.666666666666666,177,1
6a7fab555a61570130937e4b,10,1,10.1,177,1
6a7fab555a61570130937e4b,9,1,9.636363636363637,177,1
6a7fab555a61570130937e4b,8,1,9.583333333333334,177,1
6a7fab555a61570130937e4b,7,2,9.461538461538462,177,1
6a7fab555a61570130937e4b,6,2,9.071428571428571,177,1
6a7fab555a61570130937e4b,5,2,8.933333333333334,177,1
6a7fab555a61570130937e4b,4,2,9.1875,177,1
6a7fab555a61570130937e4b,3,2,9.411764705882353,177,1
6a7fab555a61570130937e4b,2,2,9.5,177,1
6a7fab555a61570130937e4f,19,1,7,154,1
6a7fab555a61570130937e4f,18,1,11.5,154,1
6a7fab555a61570130937e4f,17,1,11,154,1
6a7fab555a61570130937e4f,17,1,11.333333333333334,154,1
6a7fab555a61570130937e4f,16,2,11,154,1
6a7fab555a61570130937e4f,15,3,9.8,154,1
6a7fab555a61570130937e4f,14,4,8.666666666666666,154,1
6a7fab555a61570130937e4f,13,4,9.142857142857142,154,1
6a7fab555a61570130937e4f,12,4,8.625,154,1
6a7fab555a61570130937e4f,11,4,8.333333333333334,154,1
6a7fab555a61570130937e4f,10,4,8.1,154,1
6a7fab555a61570130937e4f,9,5,8.545454545454545,154,1
6a7fab555a61570130937e4f,8,5,8.333333333333334,154,1
6a7fab555a61570130937e4f,7,5,8.307692307692308,154,1
6a7fab555a61570130937e4f,6,7,8.428571428571429,154,1
6a7fab555a61570130937e4f,5,7,8.2,154,1
6a7fab555a61570130937e4f,4,7,8.1875,154,1
6a7fab555a61570130937e4f,3,8,8.058823529411764,154,1
6a7fab555a61570130937e4f,2,8,8.222222222222221,154,1
6a7fab555a61570130937e4f,2,8,8.277777777777779,154,1
6a7fab555a61570130937e4f,1,8,8.263157894736842,154,1
6a7fab555a61570130937e53,19,0,9,196,1
6a7fab555a61570130937e53,19,0,14,196,1
6a7fab555a61570130937e53,18,1,9,196,1
6a7fab555a61570130937e53,17,1,8.333333333333334,196,1
6a7fab555a61570130937e53,16,1,7.75,196,1
6a7fab555a61570130937e53,16,1,8,196,1
6a7fab555a61570130937e53,16,1,8.5,196,1
6a7fab555a61570130937e53,15,1,9,196,1
6a7fab555a61570130937e53,14,1,9.666666666666666,196,1
6a7fab555a61570130937e53,13,2,9.428571428571429,196,1
6a7fab555a61570130937e53,12,3,9.375,196,1
6a7fab555a61570130937e53,11,4,9.11111111111111,196,1
6a7fab555a61570130937e53,10,4,9.6,196,1
6a7fab555a61570130937e53,9,4,9.636363636363637,196,1
6a7fab555a61570130937e53,8,4,10.166666666666666,196,1
6a7fab555a61570130937e53,7,4,10.461538461538462,196,1
6a7fab555a61570130937e53,6,4,10.571428571428571,196,1
6a7fab555a61570130937e53,5,4,10.066666666666666,196,1
6a7fab555a61570130937e53,4,5,9.625,196,1
6a7fab555a61570130937e53,3,5,9.235294117647058,196,1
6a7fab555a61570130937e53,2,5,9.277777777777779,196,1
6a7fab555a61570130937e53,1,5,9.68421052631579,196,1
6a7fab555a61570130937e53,1,5,9.736842105263158,196,1
6a7fab555a61570130937e57,19,0,6,158,1
6a7fab555a61570130937e57,18,0,10,158,1
6a7fab555a61570130937e57,17,0,9,158,1
6a7fab555a61570130937e57,16,1,12.5,158,1
6a7fab555a61570130937e57,15,1,11.8,158,1
6a7fab555a61570130937e57,14,1,12,158,1
6a7fab555a61570130937e57,13,1,11.285714285714286,158,1
6a7fab555a61570130937e57,12,1,11.75,158,1
6a7fab555a61570130937e57,11,1,11.777777777777779,158,1
6a7fab555a61570130937e57,10,1,11.4,158,1
6a7fab555a61570130937e57,9,1,10.636363636363637,158,1
6a7fab555a61570130937e57,8,1,10.333333333333334,158,1
6a7fab555a61570130937e57,7,3,9.615384615384615,158,1
6a7fab555a61570130937e57,6,3,9.142857142857142,158,1
6a7fab555a61570130937e57,5,3,8.8,158,1
6a7fab555a61570130937e57,4,3,8.625,158,1
6a7fab555a61570130937e57,3,3,8.529411764705882,158,1
6a7fab555a61570130937e57,2,3,8.944444444444445,158,1
6a7fab555a61570130937e5b,19,1,2,199,0
6a7fab555a61570130937e5b,18,1,1.5,199,0
6a7fab555a61570130937e5b,17,1,3.3333333333333335,199,0
6a7fab555a61570130937e5b,16,1,5.25,199,0
6a7fab555a61570130937e5b,15,3,4.6,199,0
6a7fab555a61570130937e5b,14,3,7.166666666666667,199,0
6a7fab555a61570130937e5b,13,4,6.714285714285714,199,0
6a7fab555a61570130937e5b,12,4,6.75,199,0
6a7fab555a61570130937e5b,11,4,7.888888888888889,199,0
6a7fab555a61570130937e5b,10,4,8.8,199,0
6a7fab555a61570130937e5b,10,4,8.9,199,0
6a7fab555a61570130937e5b,9,4,9.090909090909092,199,0
6a7fab555a61570130937e5b,8,4,8.75,199,0
6a7fab555a61570130937e5b,7,4,8.846153846153847,199,0
6a7fab555a61570130937e5b,6,4,8.642857142857142,199,0
6a7fab555a61570130937e5b,5,4,8.6,199,0
6a7fab555a61570130937e5b,4,5,8.625,199,0
6a7fab555a61570130937e5b,3,5,8.647058823529411,199,0
6a7fab555a61570130937e5b,3,5,8.705882352941176,199,0
6a7fab555a61570130937e5b,2,5,9,199,0
6a7fab555a61570130937e5b,1,5,9.31578947368421,199,0
6a7fab555a61570130937e5f,19,0,4,169,1
6a7fab555a61570130937e5f,18,0,7.5,169,1
6a7fab555a61570130937e5f,17,0,9,169,1
6a7fab555a61570130937e5f,17,0,9.333333333333334,169,1
6a7fab555a61570130937e5f,16,0,10.25,169,1
6a7fab555a61570130937e5f,15,0,9.4,169,1
6a7fab555a61570130937e5f,14,0,10.166666666666666,169,1
6a7fab555a61570130937e5f,13,0,10.285714285714286,169,1
6a7fab555a61570130937e5f,12,0,10.125,169,1
6a7fab555a61570130937e5f,11,1,9.88888888888889,169,1
6a7fab555a61570130937e5f,10,2,9.8,169,1
6a7fab555a61570130937e5f,9,3,10,169,1
6a7fab555a61570130937e5f,8,3,9.583333333333334,169,1
6a7fab555a61570130937e5f,7,3,9,169,1
6a7fab555a61570130937e5f,6,3,9.785714285714286,169,1
6a7fab555a61570130937e5f,5,3,9.866666666666667,169,1
6a7fab555a61570130937e5f,4,3,10,169,1
6a7fab555a61570130937e5f,3,3,9.647058823529411,169,1
6a7fab555a61570130937e63,19,0,4,183,0
6a7fab555a61570130937e63,18,0,7.5,183,0
6a7fab555a61570130937e63,17,0,8.333333333333334,183,0
6a7fab555a61570130937e63,16,1,7.5,183,0
6a7fab555a61570130937e63,15,2,8,183,0
6a7fab555a61570130937e63,14,2,8,183,0
6a7fab555a61570130937e63,13,3,7.285714285714286,183,0
6a7fab555a61570130937e63,12,4,8.125,183,0
6a7fab555a61570130937e63,12,4,8.25,183,0
6a7fab555a61570130937e63,11,5,8.88888888888889,183,0
6a7fab555a61570130937e63,10,5,9.2,183,0
6a7fab555a61570130937e63,9,5,8.727272727272727,183,0
6a7fab555a61570130937e63,8,5,8.833333333333334,183,0
6a7fab555a61570130937e63,7,6,8.538461538461538,183,0
6a7fab555a61570130937e63,6,6,8.642857142857142,183,0
6a7fab555a61570130937e63,5,6,8.266666666666667,183,0
6a7fab555a61570130937e63,4,7,8.1875,183,0
6a7fab555a61570130937e63,3,7,8.117647058823529,183,0
6a7fab555a61570130937e63,3,7,8.176470588235293,183,0
6a7fab555a61570130937e63,2,7,8.277777777777779,183,0
6a7fab555a61570130937e63,1,7,8.157894736842104,183,0
6a7fab555a61570130937e67,19,0,20,181,1
6a7fab555a61570130937e67,18,1,17,181,1
6a7fab555a61570130937e67,17,1,12.666666666666666,181,1
6a7fab555a61570130937e67,17,1,14.333333333333334,181,1
6a7fab555a61570130937e67,16,1,13.25,181,1
6a7fab555a61570130937e67,15,1,13,181,1
6a7fab555a61570130937e67,14,1,13.666666666666666,181,1
6a7fab555a61570130937e67,13,1,13.714285714285714,181,1
6a7fab555a61570130937e67,12,1,13,181,1
6a7fab555a61570130937e67,11,1,12.444444444444445,181,1
6a7fab555a61570130937e67,10,1,12.1,181,1
6a7fab555a61570130937e67,9,1,12,181,1
6a7fab555a61570130937e67,8,2,12.75,181,1
6a7fab555a61570130937e67,7,2,12.153846153846153,181,1
6a7fab555a61570130937e67,6,5,11.642857142857142,181,1
6a7fab555a61570130937e67,5,6,11.533333333333333,181,1
6a7fab555a61570130937e67,4,6,11.0625,181,1
6a7fab555a61570130937e6b,19,0,23,178,0
6a7fab555a61570130937e6b,18,0,17,178,0
6a7fab555a61570130937e6b,17,0,15.666666666666666,178,0
6a7fab555a61570130937e6b,16,0,15.25,178,0
6a7fab555a61570130937e6b,15,1,12.6,178,0
6a7fab555a61570130937e6b,14,1,11.166666666666666,178,0
6a7fab555a61570130937e6b,14,1,11.333333333333334,178,0
6a7fab555a61570130937e6b,13,1,10.857142857142858,178,0
6a7fab555a61570130937e6b,12,1,10.5,178,0
6a7fab555a61570130937e6b,11,2,9.777777777777779,178,0
6a7fab555a61570130937e6b,10,3,8.9,178,0
6a7fab555a61570130937e6b,9,3,8.545454545454545,178,0
6a7fab555a61570130937e6b,8,3,7.916666666666667,178,0
6a7fab555a61570130937e6b,7,4,7.384615384615385,178,0
6a7fab555a61570130937e6b,6,4,7.285714285714286,178,0
6a7fab555a61570130937e6b,5,5,7,178,0
6a7fab555a61570130937e6b,4,5,6.8125,178,0
6a7fab555a61570130937e6b,3,5,6.9411764705882355,178,0
6a7fab555a61570130937e6b,2,5,7.277777777777778,178,0
6a7fab555a61570130937e6b,1,5,7.315789473684211,178,0
6a7fab555a61570130937e6f,19,0,10,224,0
6a7fab555a61570130937e6f,18,1,11,224,0
6a7fab555a61570130937e6f,18,1,11.5,224,0
6a7fab555a61570130937e6f,17,1,12.666666666666666,224,0
6a7fab555a61570130937e6f,16,1,12,224,0
6a7fab555a61570130937e6f,15,1,10.8,224,0
6a7fab555a61570130937e6f,14,1,9.666666666666666,224,0
6a7fab555a61570130937e6f,13,1,10.142857142857142,224,0
6a7fab555a61570130937e6f,12,1,9.375,224,0
6a7fab555a61570130937e6f,11,1,9.11111111111111,224,0
6a7fab555a61570130937e6f,10,1,9.9,224,0
6a7fab555a61570130937e6f,9,1,9.363636363636363,224,0
6a7fab555a61570130937e6f,8,1,9.833333333333334,224,0
6a7fab555a61570130937e6f,7,2,10,224,0
6a7fab555a61570130937e6f,6,2,9.785714285714286,224,0
6a7fab555a61570130937e6f,5,2,10.133333333333333,224,0
6a7fab555a61570130937e6f,4,2,10.1875,224,0
6a7fab555a61570130937e6f,3,4,9.588235294117647,224,0
6a7fab555a61570130937e6f,2,5,9.777777777777779,224,0
6a7fab555a61570130937e6f,1,5,10.263157894736842,224,0
6a7fab555a61570130937e73,19,1,6,205,0
6a7fab555a61570130937e73,18,1,5,205,0
6a7fab555a61570130937e73,17,1,6,205,0
6a7fab555a61570130937e73,16,1,7.5,205,0
6a7fab555a61570130937e73,15,1,8.2,205,0
6a7fab555a61570130937e73,14,1,8.666666666666666,205,0
6a7fab555a61570130937e73,13,2,9,205,0
6a7fab555a61570130937e73,12,2,9.125,205,0
6a7fab555a61570130937e73,11,2,9.555555555555555,205,0
6a7fab555a61570130937e73,10,2,8.9,205,0
6a7fab555a61570130937e73,9,2,8.545454545454545,205,0
6a7fab555a61570130937e73,8,2,8.166666666666666,205,0
6a7fab555a61570130937e73,7,2,8.076923076923077,205,0
6a7fab555a61570130937e73,7,2,8.153846153846153,205,0
6a7fab555a61570130937e73,6,3,7.857142857142857,205,0
6a7fab555a61570130937e73,5,3,8.133333333333333,205,0
6a7fab555a61570130937e73,5,3,8.2,205,0
6a7fab555a61570130937e73,4,4,7.8125,205,0
6a7fab555a61570130937e73,3,6,7.588235294117647,205,0
6a7fab555a61570130937e73,2,6,7.611111111111111,205,0
6a7fab555a61570130937e73,1,6,7.7368421052631575,205,0
6a7fab555a61570130937e77,19,2,7,159,1
6a7fab555a61570130937e77,18,2,8,159,1
6a7fab555a61570130937e77,17,2,9,159,1
6a7fab555a61570130937e77,16,2,9,159,1
6a7fab555a61570130937e77,15,2,8.4,159,1
6a7fab555a61570130937e77,14,2,8.833333333333334,159,1
6a7fab555a61570130937e77,13,2,9.571428571428571,159,1
6a7fab555a61570130937e77,13,2,10.142857142857142,159,1
6a7fab555a61570130937e77,12,3,10.25,159,1
6a7fab555a61570130937e77,11,3,10.222222222222221,159,1
6a7fab555a61570130937e77,10,3,9.8,159,1
6a7fab555a61570130937e77,9,3,9.636363636363637,159,1
6a7fab555a61570130937e77,8,3,9.333333333333334,159,1
6a7fab555a61570130937e77,7,3,9.307692307692308,159,1
6a7fab555a61570130937e77,6,3,9.285714285714286,159,1
6a7fab555a61570130937e77,5,3,9.266666666666667,159,1
6a7fab555a61570130937e77,4,3,9.125,159,1
6a7fab555a61570130937e77,3,3,9.176470588235293,159,1
6a7fab555a61570130937e7b,19,0,5,152,1
6a7fab555a61570130937e7b,18,1,4.5,152,1
6a7fab555a61570130937e7b,17,2,5,152,1
6a7fab555a61570130937e7b,16,3,5.25,152,1
6a7fab555a61570130937e7b,16,3,6.25,152,1
6a7fab555a61570130937e7b,15,3,7.6,152,1
6a7fab555a61570130937e7b,15,3,7.8,152,1
6a7fab555a61570130937e7b,14,3,10,152,1
6a7fab555a61570130937e7b,13,3,9.142857142857142,152,1
6a7fab555a61570130937e7b,12,3,9,152,1
6a7fab555a61570130937e7b,11,3,8.222222222222221,152,1
6a7fab555a61570130937e7b,10,3,8.2,152,1
6a7fab555a61570130937e7b,9,3,8.727272727272727,152,1
6a7fab555a61570130937e7b,8,5,8.416666666666666,152,1
6a7fab555a61570130937e7b,7,5,8.538461538461538,152,1
6a7fab555a61570130937e7b,6,5,8.642857142857142,152,1
6a7fab555a61570130937e7b,5,5,8.533333333333333,152,1
6a7fab555a61570130937e7b,4,5,8.625,152,1
6a7fab555a61570130937e7b,3,5,8.705882352941176,152,1
6a7fab555a61570130937e7b,3,5,8.764705882352942,152,1
6a7fab555a61570130937e7f,19,0,16,171,1
6a7fab555a61570130937e7f,18,0,14.5,171,1
6a7fab555a61570130937e7f,17,0,13,171,1
6a7fab555a61570130937e7f,16,0,15,171,1
6a7fab555a61570130937e7f,15,0,14.2,171,1
6a7fab555a61570130937e7f,15,0,14.4,171,1
6a7fab555a61570130937e7f,14,1,12.666666666666666,171,1
6a7fab555a61570130937e7f,13,1,12.285714285714286,171,1
6a7fab555a61570130937e7f,12,1,12.125,171,1
6a7fab555a61570130937e7f,11,3,11,171,1
6a7fab555a61570130937e7f,10,3,10.6,171,1
6a7fab555a61570130937e7f,9,3,9.909090909090908,171,1
6a7fab555a61570130937e7f,8,5,10.166666666666666,171,1
6a7fab555a61570130937e7f,7,5,10.23076923076923,171,1
6a7fab555a61570130937e7f,6,5,10.714285714285714,171,1
6a7fab555a61570130937e7f,5,6,10.666666666666666,171,1
6a7fab555a61570130937e7f,4,6,10.625,171,1
6a7fab555a61570130937e7f,4,6,10.75,171,1
6a7fab555a61570130937e83,19,0,5,177,0
6a7fab555a61570130937e83,18,0,7.5,177,0
6a7fab555a61570130937e83,17,0,9.333333333333334,177,0
6a7fab555a61570130937e83,16,0,7.75,177,0
6a7fab555a61570130937e83,15,1,7.4,177,0
6a7fab555a61570130937e83,14,1,7.5,177,0
6a7fab555a61570130937e83,13,1,7.285714285714286,177,0
6a7fab555a61570130937e83,12,1,6.875,177,0
6a7fab555a61570130937e83,11,1,7.555555555555555,177,0
6a7fab555a61570130937e83,10,1,7.2,177,0
6a7fab555a61570130937e83,9,2,7,177,0
6a7fab555a61570130937e83,8,2,7.333333333333333,177,0
6a7fab555a61570130937e83,7,2,7.538461538461538,177,0
6a7fab555a61570130937e83,6,2,8.142857142857142,177,0
6a7fab555a61570130937e83,5,2,8.333333333333334,177,0
6a7fab555a61570130937e83,4,2,8.5625,177,0
6a7fab555a61570130937e83,4,2,8.625,177,0
6a7fab555a61570130937e83,3,2,8.647058823529411,177,0
6a7fab555a61570130937e83,2,2,8.666666666666666,177,0
6a7fab555a61570130937e83,1,3,8.368421052631579,177,0
6a7fab555a61570130937e87,19,0,5,162,1
6a7fab555a61570130937e87,18,0,6.5,162,1
6a7fab555a61570130937e87,17,0,6.666666666666667,162,1
6a7fab555a61570130937e87,16,0,7,162,1
6a7fab555a61570130937e87,15,0,8.4,162,1
6a7fab555a61570130937e87,14,0,9.5,162,1
6a7fab555a61570130937e87,14,0,9.666666666666666,162,1
6a7fab555a61570130937e87,13,0,9.714285714285714,162,1
6a7fab555a61570130937e87,12,0,9.875,162,1
6a7fab555a61570130937e87,11,1,9.444444444444445,162,1
6a7fab555a61570130937e87,10,2,9.2,162,1
6a7fab555a61570130937e87,9,2,9.909090909090908,162,1
6a7fab555a61570130937e87,8,2,9.833333333333334,162,1
6a7fab555a61570130937e87,7,3,10.153846153846153,162,1
6a7fab555a61570130937e87,6,3,10.214285714285714,162,1
6a7fab555a61570130937e87,5,5,9.666666666666666,162,1
6a7fab555a61570130937e87,4,5,9.5,162,1
6a7fab555a61570130937e87,3,5,9.294117647058824,162,1
6a7fab555a61570130937e8b,19,0,14,171,0
6a7fab555a61570130937e8b,18,0,9,171,0
6a7fab555a61570130937e8b,17,1,9.666666666666666,171,0
6a7fab555a61570130937e8b,16,1,9.25,171,0
6a7fab555a61570130937e8b,15,1,8,171,0
6a7fab555a61570130937e8b,14,1,7.833333333333333,171,0
6a7fab555a61570130937e8b,14,1,8.333333333333334,171,0
6a7fab555a61570130937e8b,13,1,8.428571428571429,171,0
6a7fab555a61570130937e8b,12,2,8.375,171,0
6a7fab555a61570130937e8b,11,3,7.666666666666667,171,0
6a7fab555a61570130937e8b,10,4,7,171,0
6a7fab555a61570130937e8b,9,4,7.636363636363637,171,0
6a7fab555a61570130937e8b,8,4,8.5,171,0
6a7fab555a61570130937e8b,7,5,8.538461538461538,171,0
6a7fab555a61570130937e8b,6,6,8.642857142857142,171,0
6a7fab555a61570130937e8b,5,6,8.933333333333334,171,0
6a7fab555a61570130937e8b,5,6,9,171,0
6a7fab555a61570130937e8b,4,6,8.875,171,0
6a7fab555a61570130937e8b,3,6,8.647058823529411,171,0
6a7fab555a61570130937e8b,2,6,8.777777777777779,171,0
6a7fab555a61570130937e8b,1,6,8.789473684210526,171,0
6a7fab555a61570130937e8f,19,0,7,129,1
6a7fab555a61570130937e8f,18,1,7.5,129,1
6a7fab555a61570130937e8f,17,2,7.666666666666667,129,1
6a7fab555a61570130937e8f,16,3,7.75,129,1
6a7fab555a61570130937e8f,15,4,7,129,1
6a7fab555a61570130937e8f,14,5,6.833333333333333,129,1
6a7fab555a61570130937e8f,13,5,6.571428571428571,129,1
6a7fab555a61570130937e8f,12,5,7,129,1
6a7fab555a61570130937e8f,11,5,7,129,1
6a7fab555a61570130937e8f,10,5,7.2,129,1
6a7fab555a61570130937e8f,9,5,7.363636363636363,129,1
6a7fab555a61570130937e8f,8,5,7.333333333333333,129,1
6a7fab555a61570130937e8f,7,6,7.461538461538462,129,1
6a7fab555a61570130937e8f,6,7,7.857142857142857,129,1
6a7fab555a61570130937e8f,5,7,8.066666666666666,129,1
6a7fab555a61570130937e8f,4,7,7.9375,129,1
6a7fab555a61570130937e93,19,0,9,171,0
6a7fab555a61570130937e93,18,0,10.5,171,0
6a7fab555a61570130937e93,17,0,10.333333333333334,171,0
6a7fab555a61570130937e93,16,1,9.25,171,0
6a7fab555a61570130937e93,15,3,8.8,171,0
6a7fab555a61570130937e93,14,3,9.333333333333334,171,0
6a7fab555a61570130937e93,13,4,8.285714285714286,171,0
6a7fab555a61570130937e93,12,4,7.875,171,0
6a7fab555a61570130937e93,11,5,7.666666666666667,171,0
6a7fab555a61570130937e93,10,5,7.5,171,0
6a7fab555a61570130937e93,9,5,7.818181818181818,171,0
6a7fab555a61570130937e93,8,5,8,171,0
6a7fab555a61570130937e93,7,5,8.461538461538462,171,0
6a7fab555a61570130937e93,6,6,8.071428571428571,171,0
6a7fab555a61570130937e93,5,6,8.6,171,0
6a7fab555a61570130937e93,4,7,8.4375,171,0
6a7fab555a61570130937e93,3,7,8.352941176470589,171,0
6a7fab555a61570130937e93,2,7,8.555555555555555,171,0
6a7fab555a61570130937e93,1,8,8.368421052631579,171,0
6a7fab555a61570130937e93,1,8,8.421052631578947,171,0
6a7fab555a61570130937e97,19,0,12,201,0
6a7fab555a61570130937e97,18,0,13,201,0
6a7fab555a61570130937e97,17,0,13.666666666666666,201,0
6a7fab555a61570130937e97,16,0,12.75,201,0
6a7fab555a61570130937e97,15,0,11.2,201,0
6a7fab555a61570130937e97,14,0,10.833333333333334,201,0
6a7fab555a61570130937e97,13,1,10.285714285714286,201,0
6a7fab555a61570130937e97,12,1,11,201,0
6a7fab555a61570130937e97,11,1,10.444444444444445,201,0
6a7fab555a61570130937e97,10,1,10.4,201,0
6a7fab555a61570130937e97,9,1,10.090909090909092,201,0
6a7fab555a61570130937e97,8,1,10.083333333333334,201,0
6a7fab555a61570130937e97,7,1,9.692307692307692,201,0
6a7fab555a61570130937e97,6,2,9.357142857142858,201,0
6a7fab555a61570130937e97,5,2,9.4,201,0
6a7fab555a61570130937e97,4,3,9.375,201,0
6a7fab555a61570130937e97,4,3,9.4375,201,0
6a7fab555a61570130937e97,3,4,9.588235294117647,201,0
6a7fab555a61570130937e97,2,4,9.444444444444445,201,0
6a7fab555a61570130937e97,1,4,9.421052631578947,201,0
6a7fab555a61570130937e9b,19,0,7,191,1
6a7fab555a61570130937e9b,19,0,8,191,1
6a7fab555a61570130937e9b,18,0,9.5,191,1
6a7fab555a61570130937e9b,17,0,8.666666666666666,191,1
6a7fab555a61570130937e9b,17,0,10.333333333333334,191,1
6a7fab555a61570130937e9b,16,0,9,191,1
6a7fab555a61570130937e9b,15,0,8.2,191,1
6a7fab555a61570130937e9b,14,0,8.333333333333334,191,1
6a7fab555a61570130937e9b,13,1,8.142857142857142,191,1
6a7fab555a61570130937e9b,12,1,8.25,191,1
6a7fab555a61570130937e9b,11,1,8.333333333333334,191,1
6a7fab555a61570130937e9b,10,1,8.8,191,1
6a7fab555a61570130937e9b,9,1,9.818181818181818,191,1
6a7fab555a61570130937e9b,8,1,9.916666666666666,191,1
6a7fab555a61570130937e9b,7,2,9.461538461538462,191,1
6a7fab555a61570130937e9b,6,2,9.785714285714286,191,1
6a7fab555a61570130937e9b,5,2,9.666666666666666,191,1
6a7fab555a61570130937e9b,4,2,10.0625,191,1
6a7fab555a61570130937e9b,3,2,10.176470588235293,191,1
6a7fab555a61570130937e9b,2,4,9.777777777777779,191,1
6a7fab555a61570130937e9b,1,4,9.736842105263158,191,1
6a7fab555a61570130937e9f,19,0,9,199,0
6a7fab555a61570130937e9f,18,1,7,199,0
6a7fab555a61570130937e9f,17,1,5.666666666666667,199,0
6a7fab555a61570130937e9f,16,1,6.25,199,0
6a7fab555a61570130937e9f,15,1,6.6,199,0
6a7fab555a61570130937e9f,14,1,7.333333333333333,199,0
6a7fab555a61570130937e9f,13,1,8.285714285714286,199,0
6a7fab555a61570130937e9f,12,3,8.125,199,0
6a7fab555a61570130937e9f,11,3,7.555555555555555,199,0
6a7fab555a61570130937e9f,10,3,7.8,199,0
6a7fab555a61570130937e9f,9,3,7.181818181818182,199,0
6a7fab555a61570130937e9f,8,3,7.333333333333333,199,0
6a7fab555a61570130937e9f,7,3,7.538461538461538,199,0
6a7fab555a61570130937e9f,7,3,7.615384615384615,199,0
6a7fab555a61570130937e9f,6,4,7.357142857142857,199,0
6a7fab555a61570130937e9f,5,4,7.733333333333333,199,0
6a7fab555a61570130937e9f,4,5,7.6875,199,0
6a7fab555a61570130937e9f,3,5,7.470588235294118,199,0
6a7fab555a61570130937e9f,2,5,7.388888888888889,199,0
6a7fab555a61570130937e9f,1,5,7.526315789473684,199,0
6a7fab555a61570130937ea3,19,0,8,183,0
6a7fab555a61570130937ea3,18,0,5,183,0
6a7fab555a61570130937ea3,17,0,5.333333333333333,183,0
6a7fab555a61570130937ea3,16,0,5.5,183,0
6a7fab555a61570130937ea3,15,1,6.2,183,0
6a7fab555a61570130937ea3,14,1,7,183,0
6a7fab555a61570130937ea3,14,1,7.166666666666667,183,0
6a7fab555a61570130937ea3,13,2,7.714285714285714,183,0
6a7fab555a61570130937ea3,12,2,8.625,183,0
6a7fab555a61570130937ea3,11,3,8.555555555555555,183,0
6a7fab555a61570130937ea3,10,3,8.3,183,0
6a7fab555a61570130937ea3,9,3,8.181818181818182,183,0
6a7fab555a61570130937ea3,8,3,8.5,183,0
6a7fab555a61570130937ea3,7,3,9.307692307692308,183,0
6a7fab555a61570130937ea3,6,3,9.285714285714286,183,0
6a7fab555a61570130937ea3,5,3,9.066666666666666,183,0
6a7fab555a61570130937ea3,4,3,8.75,183,0
6a7fab555a61570130937ea3,3,3,8.705882352941176,183,0
6a7fab555a61570130937ea3,2,4,8.722222222222221,183,0
6a7fab555a61570130937ea3,1,4,8.842105263157896,183,0
6a7fab555a61570130937ea7,19,0,3,195,0
6a7fab555a61570130937ea7,18,0,9,195,0
6a7fab555a61570130937ea7,18,0,9.5,195,0
6a7fab555a61570130937ea7,17,0,11.333333333333334,195,0
6a7fab555a61570130937ea7,16,0,11.5,195,0
6a7fab555a61570130937ea7,15,0,9.6,195,0
6a7fab555a61570130937ea7,14,0,9.833333333333334,195,0
6a7fab555a61570130937ea7,13,1,10,195,0
6a7fab555a61570130937ea7,12,2,10.875,195,0
6a7fab555a61570130937ea7,11,2,10.777777777777779,195,0
6a7fab555a61570130937ea7,10,2,10,195,0
6a7fab555a61570130937ea7,9,2,9.272727272727273,195,0
6a7fab555a61570130937ea7,8,2,8.916666666666666,195,0
6a7fab555a61570130937ea7,7,2,8.384615384615385,195,0
6a7fab555a61570130937ea7,6,3,8,195,0
6a7fab555a61570130937ea7,5,4,8.066666666666666,195,0
6a7fab555a61570130937ea7,4,4,8.25,195,0
6a7fab555a61570130937ea7,3,4,7.823529411764706,195,0
6a7fab555a61570130937ea7,2,4,8.5,195,0
6a7fab555a61570130937ea7,1,5,8.263157894736842,195,0
6a7fab555a61570130937eab,19,0,7,188,0
6a7fab555a61570130937eab,18,0,8.5,188,0
6a7fab555a61570130937eab,17,0,6.666666666666667,188,0
6a7fab555a61570130937eab,16,0,5.5,188,0
6a7fab555a61570130937eab,15,1,5.6,188,0
6a7fab555a61570130937eab,15,1,5.8,188,0
6a7fab555a61570130937eab,15,1,6.2,188,0
6a7fab555a61570130937eab,14,1,6.833333333333333,188,0
6a7fab555a61570130937eab,13,1,6.857142857142857,188,0
6a7fab555a61570130937eab,13,1,7,188,0
6a7fab555a61570130937eab,12,1,6.5,188,0
6a7fab555a61570130937eab,11,1,6.666666666666667,188,0
6a7fab555a61570130937eab,10,1,6.7,188,0
6a7fab555a61570130937eab,9,2,6.7272727272727275,188,0
6a7fab555a61570130937eab,8,2,7.166666666666667,188,0
6a7fab555a61570130937eab,7,2,7.384615384615385,188,0
6a7fab555a61570130937eab,6,2,7.285714285714286,188,0
6a7fab555a61570130937eab,5,2,6.933333333333334,188,0
6a7fab555a61570130937eab,4,3,6.75,188,0
6a7fab555a61570130937eab,3,3,6.705882352941177,188,0
6a7fab555a61570130937eab,2,3,6.666666666666667,188,0
6a7fab555a61570130937eab,1,3,6.7368421052631575,188,0
6a7fab555a61570130937eaf,19,1,15,188,0
6a7fab555a61570130937eaf,18,1,10,188,0
6a7fab555a61570130937eaf,18,1,10.5,188,0
6a7fab555a61570130937eaf,18,1,11,188,0
6a7fab555a61570130937eaf,17,1,8.666666666666666,188,0
6a7fab555a61570130937eaf,16,1,7.75,188,0
6a7fab555a61570130937eaf,15,1,6.8,188,0
6a7fab555a61570130937eaf,14,1,6.333333333333333,188,0
6a7fab555a61570130937eaf,13,1,6.285714285714286,188,0
6a7fab555a61570130937eaf,12,1,7,188,0
6a7fab555a61570130937eaf,11,2,6.555555555555555,188,0
6a7fab555a61570130937eaf,10,2,7,188,0
6a7fab555a61570130937eaf,9,3,7.090909090909091,188,0
6a7fab555a61570130937eaf,8,5,7,188,0
6a7fab555a61570130937eaf,7,5,6.923076923076923,188,0
6a7fab555a61570130937eaf,6,6,7.285714285714286,188,0
6a7fab555a61570130937eaf,5,7,7.333333333333333,188,0
6a7fab555a61570130937eaf,4,7,7.0625,188,0
6a7fab555a61570130937eaf,3,7,7.647058823529412,188,0
6a7fab555a61570130937eaf,2,7,7.888888888888889,188,0
6a7fab555a61570130937eaf,1,7,8.105263157894736,188,0
6a7fab555a61570130937eaf,1,7,8.157894736842104,188,0
6a7fab555a61570130937eb3,19,0,11,182,1
6a7fab555a61570130937eb3,18,0,11.5,182,1
6a7fab555a61570130937eb3,17,0,9.333333333333334,182,1
6a7fab555a61570130937eb3,16,0,10.5,182,1
6a7fab555a61570130937eb3,15,0,9.8,182,1
6a7fab555a61570130937eb3,14,0,9.166666666666666,182,1
6a7fab555a61570130937eb3,13,0,10.571428571428571,182,1
6a7fab555a61570130937eb3,12,1,9.625,182,1
6a7fab555a61570130937eb3,11,1,9.11111111111111,182,1
6a7fab555a61570130937eb3,10,1,8.6,182,1
6a7fab555a61570130937eb3,9,1,8.454545454545455,182,1
6a7fab555a61570130937eb3,8,1,8.083333333333334,182,1
6a7fab555a61570130937eb3,7,1,8.538461538461538,182,1
6a7fab555a61570130937eb3,6,1,8.785714285714286,182,1
6a7fab555a61570130937eb3,5,1,9,182,1
6a7fab555a61570130937eb3,4,1,9.375,182,1
6a7fab555a61570130937eb3,3,1,9.058823529411764,182,1
6a7fab555a61570130937eb3,3,1,9.117647058823529,182,1
6a7fab555a61570130937eb3,2,2,9.055555555555555,182,1
6a7fab555a61570130937eb3,1,3,9.263157894736842,182,1
6a7fab555a61570130937eb7,19,1,11,200,0
6a7fab555a61570130937eb7,18,1,9,200,0
6a7fab555a61570130937eb7,17,1,8.333333333333334,200,0
6a7fab555a61570130937eb7,16,1,7,200,0
6a7fab555a61570130937eb7,15,2,6.8,200,0
6a7fab555a61570130937eb7,14,2,7,200,0
6a7fab555a61570130937eb7,13,2,6.857142857142857,200,0
6a7fab555a61570130937eb7,12,2,8.375,200,0
6a7fab555a61570130937eb7,11,2,8.555555555555555,200,0
6a7fab555a61570130937eb7,10,2,8.3,200,0
6a7fab555a61570130937eb7,9,2,7.7272727272727275,200,0
6a7fab555a61570130937eb7,8,2,8.583333333333334,200,0
6a7fab555a61570130937eb7,7,3,8.615384615384615,200,0
6a7fab555a61570130937eb7,6,3,8.5,200,0
6a7fab555a61570130937eb7,5,3,8.533333333333333,200,0
6a7fab555a61570130937eb7,4,4,8.375,200,0
6a7fab555a61570130937eb7,3,5,9.235294117647058,200,0
6a7fab555a61570130937eb7,2,5,9.277777777777779,200,0
6a7fab555a61570130937eb7,1,5,9.157894736842104,200,0
6a7fab555a61570130937ebb,19,0,19,171,1
6a7fab555a61570130937ebb,18,0,12.5,171,1
6a7fab555a61570130937ebb,17,1,10.666666666666666,171,1
6a7fab555a61570130937ebb,16,1,10,171,1
6a7fab555a61570130937ebb,15,1,10.8,171,1
6a7fab555a61570130937ebb,14,1,11.166666666666666,171,1
6a7fab555a61570130937ebb,13,2,10.857142857142858,171,1
6a7fab555a61570130937ebb,12,2,12.125,171,1
6a7fab555a61570130937ebb,12,2,12.75,171,1
6a7fab555a61570130937ebb,11,2,12,171,1
6a7fab555a61570130937ebb,10,2,11.5,171,1
6a7fab555a61570130937ebb,9,3,11,171,1
6a7fab555a61570130937ebb,8,3,11.25,171,1
6a7fab555a61570130937ebb,7,3,11.461538461538462,171,1
6a7fab555a61570130937ebb,6,4,11,171,1
6a7fab555a61570130937ebb,5,4,10.866666666666667,171,1
6a7fab555a61570130937ebf,19,0,8,183,0
6a7fab555a61570130937ebf,18,0,8.5,183,0
6a7fab555a61570130937ebf,17,0,9.666666666666666,183,0
6a7fab555a61570130937ebf,16,1,8.5,183,0
6a7fab555a61570130937ebf,15,1,9.6,183,0
6a7fab555a61570130937ebf,14,1,9.166666666666666,183,0
6a7fab555a61570130937ebf,13,1,8.571428571428571,183,0
6a7fab555a61570130937ebf,12,2,8.25,183,0
6a7fab555a61570130937ebf,11,2,8.222222222222221,183,0
6a7fab555a61570130937ebf,10,2,8.2,183,0
6a7fab555a61570130937ebf,9,3,7.636363636363637,183,0
6a7fab555a61570130937ebf,8,3,8,183,0
6a7fab555a61570130937ebf,7,3,8.461538461538462,183,0
6a7fab555a61570130937ebf,6,3,8.285714285714286,183,0
6a7fab555a61570130937ebf,5,3,8.066666666666666,183,0
6a7fab555a61570130937ebf,4,3,8.75,183,0
6a7fab555a61570130937ebf,3,3,8.705882352941176,183,0
6a7fab555a61570130937ebf,2,3,8.61111111111111,183,0
6a7fab555a61570130937ebf,1,3,8.947368421052632,183,0
6a7fab555a61570130937ec3,19,0,4,147,1
6a7fab555a61570130937ec3,18,0,6.5,147,1
6a7fab555a61570130937ec3,17,0,8.333333333333334,147,1
6a7fab555a61570130937ec3,16,0,7.75,147,1
6a7fab555a61570130937ec3,15,0,9.2,147,1
6a7fab555a61570130937ec3,15,0,9.4,147,1
6a7fab555a61570130937ec3,14,0,9.5,147,1
6a7fab555a61570130937ec3,13,1,8.571428571428571,147,1
6a7fab555a61570130937ec3,12,1,8.5,147,1
6a7fab555a61570130937ec3,11,1,8.666666666666666,147,1
6a7fab555a61570130937ec3,11,1,9.222222222222221,147,1
6a7fab555a61570130937ec3,10,1,8.8,147,1
6a7fab555a61570130937ec3,9,1,8.545454545454545,147,1
6a7fab555a61570130937ec3,8,1,9.166666666666666,147,1
6a7fab555a61570130937ec3,7,1,9,147,1
6a7fab555a61570130937ec3,6,1,8.857142857142858,147,1
6a7fab555a61570130937ec3,5,1,8.6,147,1
6a7fab555a61570130937ec3,5,1,8.666666666666666,147,1
6a7fab555a61570130937ec3,4,1,8.875,147,1
6a7fab555a61570130937ec7,19,0,13,168,1
6a7fab555a61570130937ec7,18,0,14,168,1
6a7fab555a61570130937ec7,17,0,11.666666666666666,168,1
6a7fab555a61570130937ec7,16,0,10.5,168,1
6a7fab555a61570130937ec7,15,1,10,168,1
6a7fab555a61570130937ec7,14,1,9.5,168,1
6a7fab555a61570130937ec7,13,1,9.714285714285714,168,1
6a7fab555a61570130937ec7,12,1,9.875,168,1
6a7fab555a61570130937ec7,11,2,9.222222222222221,168,1
6a7fab555a61570130937ec7,10,2,8.6,168,1
6a7fab555a61570130937ec7,9,2,8.727272727272727,168,1
6a7fab555a61570130937ec7,8,2,8.75,168,1
6a7fab555a61570130937ec7,7,3,8.923076923076923,168,1
6a7fab555a61570130937ec7,6,3,9.357142857142858,168,1
6a7fab555a61570130937ec7,5,3,9.533333333333333,168,1
6a7fab555a61570130937ec7,4,3,9.6875,168,1
6a7fab555a61570130937ec7,3,4,9.470588235294118,168,1
6a7fab555a61570130937ecb,19,0,18,186,1
6a7fab555a61570130937ecb,18,0,12,186,1
6a7fab555a61570130937ecb,18,0,12.5,186,1
6a7fab555a61570130937ecb,17,0,12,186,1
6a7fab555a61570130937ecb,16,0,12,186,1
6a7fab555a61570130937ecb,15,0,10.4,186,1
6a7fab555a61570130937ecb,14,0,10.833333333333334,186,1
6a7fab555a61570130937ecb,13,0,10.142857142857142,186,1
6a7fab555a61570130937ecb,12,0,9.875,186,1
6a7fab555a61570130937ecb,11,0,9.444444444444445,186,1
6a7fab555a61570130937ecb,10,1,9.3,186,1
6a7fab555a61570130937ecb,9,1,9.454545454545455,186,1
6a7fab555a61570130937ecb,9,1,9.545454545454545,186,1
6a7fab555a61570130937ecb,9,1,10,186,1
6a7fab555a61570130937ecb,8,1,9.833333333333334,186,1
6a7fab555a61570130937ecb,7,1,9.384615384615385,186,1
6a7fab555a61570130937ecb,6,1,9.214285714285714,186,1
6a7fab555a61570130937ecb,5,1,9,186,1
6a7fab555a61570130937ecb,4,1,9.25,186,1
6a7fab555a61570130937ecb,3,1,10,186,1
6a7fab555a61570130937ecb,2,3,9.555555555555555,186,1
6a7fab555a61570130937ecb,1,4,9.31578947368421,186,1
6a7fab555a61570130937ecf,19,0,15,213,0
6a7fab555a61570130937ecf,18,0,9.5,213,0
6a7fab555a61570130937ecf,17,1,8.333333333333334,213,0
6a7fab555a61570130937ecf,16,1,8,213,0
6a7fab555a61570130937ecf,15,1,8.4,213,0
6a7fab555a61570130937ecf,14,1,7.666666666666667,213,0
6a7fab555a61570130937ecf,13,1,7,213,0
6a7fab555a61570130937ecf,12,1,6.5,213,0
6a7fab555a61570130937ecf,11,1,6.222222222222222,213,0
6a7fab555a61570130937ecf,10,1,6.3,213,0
6a7fab555a61570130937ecf,9,2,6.636363636363637,213,0
6a7fab555a61570130937ecf,8,2,7.166666666666667,213,0
6a7fab555a61570130937ecf,7,3,7.230769230769231,213,0
6a7fab555a61570130937ecf,6,3,8.142857142857142,213,0
6a7fab555a61570130937ecf,5,3,8.4,213,0
6a7fab555a61570130937ecf,4,3,8.875,213,0
6a7fab555a61570130937ecf,3,3,8.588235294117647,213,0
6a7fab555a61570130937ecf,2,3,8.444444444444445,213,0
6a7fab555a61570130937ecf,1,3,8.578947368421053,213,0
6a7fab555a61570130937ed3,19,0,4,156,0
6a7fab555a61570130937ed3,18,2,4,156,0
6a7fab555a61570130937ed3,17,2,5,156,0
6a7fab555a61570130937ed3,16,3,5.25,156,0
6a7fab555a61570130937ed3,16,3,5.5,156,0
6a7fab555a61570130937ed3,15,4,5.6,156,0
6a7fab555a61570130937ed3,14,4,8.166666666666666,156,0
6a7fab555a61570130937ed3,13,4,7.857142857142857,156,0
6a7fab555a61570130937ed3,12,4,7.5,156,0
6a7fab555a61570130937ed3,12,4,8,156,0
6a7fab555a61570130937ed3,11,4,7.777777777777778,156,0
6a7fab555a61570130937ed3,11,4,7.888888888888889,156,0
6a7fab555a61570130937ed3,10,5,7.7,156,0
6a7fab555a61570130937ed3,9,5,7.909090909090909,156,0
6a7fab555a61570130937ed3,8,5,7.833333333333333,156,0
6a7fab555a61570130937ed3,7,5,7.384615384615385,156,0
6a7fab555a61570130937ed3,6,6,7,156,0
6a7fab555a61570130937ed3,5,6,7.066666666666666,156,0
6a7fab555a61570130937ed3,4,6,7.1875,156,0
6a7fab555a61570130937ed3,3,6,7,156,0
6a7fab555a61570130937ed3,2,6,7.166666666666667,156,0
6a7fab555a61570130937ed3,1,6,7.315789473684211,156,0
6a7fab555a61570130937ed7,19,0,18,167,1
6a7fab555a61570130937ed7,18,0,12,167,1
6a7fab555a61570130937ed7,17,1,11.666666666666666,167,1
6a7fab555a61570130937ed7,16,2,11.75,167,1
6a7fab555a61570130937ed7,15,2,12,167,1
6a7fab555a61570130937ed7,14,2,13.166666666666666,167,1
6a7fab555a61570130937ed7,13,2,13.142857142857142,167,1
6a7fab555a61570130937ed7,12,3,13.125,167,1
6a7fab555a61570130937ed7,11,4,12.666666666666666,167,1
6a7fab555a61570130937ed7,10,4,12.5,167,1
6a7fab555a61570130937ed7,9,4,12.636363636363637,167,1
6a7fab555a61570130937ed7,8,4,11.75,167,1
6a7fab555a61570130937ed7,7,4,11.615384615384615,167,1
6a7fab555a61570130937ed7,6,4,11.571428571428571,167,1
6a7fab555a61570130937edb,19,0,11,197,1
6a7fab555a61570130937edb,19,0,12,197,1
6a7fab555a61570130937edb,18,1,8.5,197,1
6a7fab555a61570130937edb,18,1,9,197,1
6a7fab555a61570130937edb,17,1,8,197,1
6a7fab555a61570130937edb,16,1,7.75,197,1
6a7fab555a61570130937edb,15,1,6.8,197,1
6a7fab555a61570130937edb,14,1,7.5,197,1
6a7fab555a61570130937edb,13,2,8.142857142857142,197,1
6a7fab555a61570130937edb,12,2,8.625,197,1
6a7fab555a61570130937edb,11,2,8.444444444444445,197,1
6a7fab555a61570130937edb,10,3,9,197,1
6a7fab555a61570130937edb,9,3,9.090909090909092,197,1
6a7fab555a61570130937edb,8,4,9.666666666666666,197,1
6a7fab555a61570130937edb,7,4,9.538461538461538,197,1
6a7fab555a61570130937edb,6,4,9.357142857142858,197,1
6a7fab555a61570130937edb,5,4,9.6,197,1
6a7fab555a61570130937edb,5,4,9.933333333333334,197,1
6a7fab555a61570130937edb,4,4,10.25,197,1
6a7fab555a61570130937edb,3,4,9.941176470588236,197,1
6a7fab555a61570130937edb,2,5,10.11111111111111,197,1
6a7fab555a61570130937edb,1,5,10.157894736842104,197,1
6a7fab555a61570130937edf,19,0,19,168,1
6a7fab555a61570130937edf,18,0,10.5,168,1
6a7fab555a61570130937edf,17,0,8.333333333333334,168,1
6a7fab555a61570130937edf,17,0,8.666666666666666,168,1
6a7fab555a61570130937edf,16,0,12.5,168,1
6a7fab555a61570130937edf,15,0,13.8,168,1
6a7fab555a61570130937edf,14,0,12.333333333333334,168,1
6a7fab555a61570130937edf,14,0,12.5,168,1
6a7fab555a61570130937edf,13,0,12.428571428571429,168,1
6a7fab555a61570130937edf,12,0,12,168,1
6a7fab555a61570130937edf,11,0,12.555555555555555,168,1
6a7fab555a61570130937edf,10,0,12.5,168,1
6a7fab555a61570130937edf,9,0,11.818181818181818,168,1
6a7fab555a61570130937edf,8,0,11.666666666666666,168,1
6a7fab555a61570130937edf,7,1,11.461538461538462,168,1
6a7fab555a61570130937edf,6,1,11.071428571428571,168,1
6a7fab555a61570130937edf,6,1,11.142857142857142,168,1
6a7fab555a61570130937edf,5,2,10.866666666666667,168,1
6a7fab555a61570130937ee3,19,1,5,213,0
6a7fab555a61570130937ee3,18,1,8,213,0
6a7fab555a61570130937ee3,18,1,8.5,213,0
6a7fab555a61570130937ee3,17,1,7,213,0
6a7fab555a61570130937ee3,16,2,10.25,213,0
6a7fab555a61570130937ee3,15,2,9.2,213,0
6a7fab555a61570130937ee3,14,2,7.833333333333333,213,0
6a7fab555a61570130937ee3,13,2,7.714285714285714,213,0
6a7fab555a61570130937ee3,12,2,9.25,213,0
6a7fab555a61570130937ee3,11,2,9.333333333333334,213,0
6a7fab555a61570130937ee3,10,2,9.2,213,0
6a7fab555a61570130937ee3,9,2,8.818181818181818,213,0
6a7fab555a61570130937ee3,8,2,8.75,213,0
6a7fab555a61570130937ee3,7,3,8.461538461538462,213,0
6a7fab555a61570130937ee3,6,3,8.571428571428571,213,0
6a7fab555a61570130937ee3,5,3,8.6,213,0
6a7fab555a61570130937ee3,4,4,8.375,213,0
6a7fab555a61570130937ee3,3,4,8.117647058823529,213,0
6a7fab555a61570130937ee3,2,4,8,213,0
6a7fab555a61570130937ee3,1,5,8.31578947368421,213,0
6a7fab555a61570130937ee3,1,5,8.368421052631579,213,0
6a7fab555a61570130937ee7,19,1,6,177,1
6a7fab555a61570130937ee7,18,1,5,177,1
6a7fab555a61570130937ee7,17,1,5.333333333333333,177,1
6a7fab555a61570130937ee7,16,1,8.5,177,1
6a7fab555a61570130937ee7,15,2,9,177,1
6a7fab555a61570130937ee7,14,2,11.333333333333334,177,1
6a7fab555a61570130937ee7,13,4,10.571428571428571,177,1
6a7fab555a61570130937ee7,12,4,10.25,177,1
6a7fab555a61570130937ee7,11,4,10.444444444444445,177,1
6a7fab555a61570130937ee7,10,4,10.2,177,1
6a7fab555a61570130937ee7,9,4,9.818181818181818,177,1
6a7fab555a61570130937ee7,8,4,9.583333333333334,177,1
6a7fab555a61570130937ee7,7,5,9.538461538461538,177,1
6a7fab555a61570130937ee7,6,5,9.928571428571429,177,1
6a7fab555a61570130937ee7,5,5,10.066666666666666,177,1
6a7fab555a61570130937ee7,4,5,10,177,1
6a7fab555a61570130937ee7,4,5,10.0625,177,1
6a7fab555a61570130937ee7,3,5,9.941176470588236,177,1
6a7fab555a61570130937ee7,2,5,9.833333333333334,177,1
6a7fab555a61570130937eeb,19,1,8,191,0
6a7fab555a61570130937eeb,18,1,8.5,191,0
6a7fab555a61570130937eeb,17,1,8.666666666666666,191,0
6a7fab555a61570130937eeb,16,1,8,191,0
6a7fab555a61570130937eeb,15,1,8.2,191,0
6a7fab555a61570130937eeb,14,1,9.333333333333334,191,0
6a7fab555a61570130937eeb,13,2,8.571428571428571,191,0
6a7fab555a61570130937eeb,12,2,8.5,191,0
6a7fab555a61570130937eeb,12,2,8.625,191,0
6a7fab555a61570130937eeb,11,2,8.444444444444445,191,0
6a7fab555a61570130937eeb,11,2,8.555555555555555,191,0
6a7fab555a61570130937eeb,10,2,8.9,191,0
6a7fab555a61570130937eeb,9,2,8.818181818181818,191,0
6a7fab555a61570130937eeb,8,3,8.583333333333334,191,0
6a7fab555a61570130937eeb,7,3,8.307692307692308,191,0
6a7fab555a61570130937eeb,6,3,8.357142857142858,191,0
6a7fab555a61570130937eeb,5,3,9,191,0
6a7fab555a61570130937eeb,4,4,8.6875,191,0
6a7fab555a61570130937eeb,3,5,8.588235294117647,191,0
6a7fab555a61570130937eeb,2,5,8.61111111111111,191,0
6a7fab555a61570130937eeb,1,5,8.578947368421053,191,0
6a7fab555a61570130937eef,19,0,9,202,0
6a7fab555a61570130937eef,18,0,6,202,0
6a7fab555a61570130937eef,17,0,5.333333333333333,202,0
6a7fab555a61570130937eef,16,1,6.25,202,0
6a7fab555a61570130937eef,15,2,6.8,202,0
6a7fab555a61570130937eef,14,3,7.5,202,0
6a7fab555a61570130937eef,13,3,7.142857142857143,202,0
6a7fab555a61570130937eef,12,3,7.625,202,0
6a7fab555a61570130937eef,11,3,8,202,0
6a7fab555a61570130937eef,10,3,8.5,202,0
6a7fab555a61570130937eef,9,4,8.363636363636363,202,0
6a7fab555a61570130937eef,8,4,8.666666666666666,202,0
6a7fab555a61570130937eef,7,5,8.76923076923077,202,0
6a7fab555a61570130937eef,6,5,8.857142857142858,202,0
6a7fab555a61570130937eef,5,5,8.866666666666667,202,0
6a7fab555a61570130937eef,4,5,8.6875,202,0
6a7fab555a61570130937eef,3,5,8.588235294117647,202,0
6a7fab555a61570130937eef,2,5,8.38888888888889,202,0
6a7fab555a61570130937eef,1,5,8.842105263157896,202,0
6a7fab555a61570130937eef,1,5,8.894736842105264,202,0
6a7fab555a61570130937ef3,19,1,6,183,1
6a7fab555a61570130937ef3,18,1,5,183,1
6a7fab555a61570130937ef3,17,1,10,183,1
6a7fab555a61570130937ef3,16,1,10.25,183,1
6a7fab555a61570130937ef3,15,1,9,183,1
6a7fab555a61570130937ef3,14,3,7.833333333333333,183,1
6a7fab555a61570130937ef3,13,3,8.285714285714286,183,1
6a7fab555a61570130937ef3,12,3,8,183,1
6a7fab555a61570130937ef3,11,4,7.444444444444445,183,1
6a7fab555a61570130937ef3,11,4,7.555555555555555,183,1
6a7fab555a61570130937ef3,10,5,8.2,183,1
6a7fab555a61570130937ef3,9,5,8.909090909090908,183,1
6a7fab555a61570130937ef3,8,6,8.833333333333334,183,1
6a7fab555a61570130937ef3,7,7,8.923076923076923,183,1
6a7fab555a61570130937ef3,6,7,9.285714285714286,183,1
6a7fab555a61570130937ef3,5,7,9.733333333333333,183,1
6a7fab555a61570130937ef3,4,7,9.6875,183,1
6a7fab555a61570130937ef3,3,8,9.176470588235293,183,1
6a7fab555a61570130937ef3,2,9,9.166666666666666,183,1
6a7fab555a61570130937ef3,1,9,8.947368421052632,183,1
6a7fab555a61570130937ef7,19,0,10,198,0
6a7fab555a61570130937ef7,18,0,9.5,198,0
6a7fab555a61570130937ef7,17,0,11.333333333333334,198,0
6a7fab555a61570130937ef7,17,0,11.666666666666666,198,0
6a7fab555a61570130937ef7,16,0,9.75,198,0
6a7fab555a61570130937ef7,15,2,8.4,198,0
6a7fab555a61570130937ef7,15,2,8.6,198,0
6a7fab555a61570130937ef7,14,3,9.166666666666666,198,0
6a7fab555a61570130937ef7,13,3,9.142857142857142,198,0
6a7fab555a61570130937ef7,12,3,8.75,198,0
6a7fab555a61570130937ef7,11,3,9,198,0
6a7fab555a61570130937ef7,10,3,8.7,198,0
6a7fab555a61570130937ef7,9,4,9.090909090909092,198,0
6a7fab555a61570130937ef7,8,4,8.833333333333334,198,0
6a7fab555a61570130937ef7,7,4,9.153846153846153,198,0
6a7fab555a61570130937ef7,7,4,9.461538461538462,198,0
6a7fab555a61570130937ef7,6,5,9.071428571428571,198,0
6a7fab555a61570130937ef7,5,5,9.466666666666667,198,0
6a7fab555a61570130937ef7,4,6,9.375,198,0
6a7fab555a61570130937ef7,3,6,9.176470588235293,198,0
6a7fab555a61570130937ef7,2,7,9.222222222222221,198,0
6a7fab555a61570130937ef7,1,7,9,198,0
6a7fab555a61570130937efb,19,0,3,193,0
6a7fab555a61570130937efb,18,1,3,193,0
6a7fab555a61570130937efb,17,1,6,193,0
6a7fab555a61570130937efb,16,2,5.5,193,0
6a7fab555a61570130937efb,15,3,6.4,193,0
6a7fab555a61570130937efb,14,3,7,193,0
6a7fab555a61570130937efb,14,3,7.166666666666667,193,0
6a7fab555a61570130937efb,14,3,7.333333333333333,193,0
6a7fab555a61570130937efb,14,3,7.5,193,0
6a7fab555a61570130937efb,13,3,6.857142857142857,193,0
6a7fab555a61570130937efb,12,3,7.125,193,0
6a7fab555a61570130937efb,11,4,7.444444444444445,193,0
6a7fab555a61570130937efb,10,4,7.2,193,0
6a7fab555a61570130937efb,9,4,6.818181818181818,193,0
6a7fab555a61570130937efb,8,4,7.333333333333333,193,0
6a7fab555a61570130937efb,7,4,7.846153846153846,193,0
6a7fab555a61570130937efb,6,4,7.857142857142857,193,0
6a7fab555a61570130937efb,5,4,8,193,0
6a7fab555a61570130937efb,4,4,7.8125,193,0
6a7fab555a61570130937efb,3,4,8,193,0
6a7fab555a61570130937efb,2,4,8.166666666666666,193,0
6a7fab555a61570130937efb,1,4,8.894736842105264,193,0
6a7fab555a61570130937eff,19,0,21,190,0
6a7fab555a61570130937eff,18,0,17.5,190,0
6a7fab555a61570130937eff,17,0,17,190,0
6a7fab555a61570130937eff,16,0,13.25,190,0
6a7fab555a61570130937eff,15,0,11.4,190,0
6a7fab555a61570130937eff,14,0,10.666666666666666,190,0
6a7fab555a61570130937eff,13,1,10.571428571428571,190,0
6a7fab555a61570130937eff,12,1,10,190,0
6a7fab555a61570130937eff,11,2,9.555555555555555,190,0
6a7fab555a61570130937eff,10,2,9.3,190,0
6a7fab555a61570130937eff,9,2,8.909090909090908,190,0
6a7fab555a61570130937eff,8,2,8.5,190,0
6a7fab555a61570130937eff,7,2,8.307692307692308,190,0
6a7fab555a61570130937eff,6,2,8.714285714285714,190,0
6a7fab555a61570130937eff,5,2,8.533333333333333,190,0
6a7fab555a61570130937eff,4,2,8.5,190,0
6a7fab555a61570130937eff,3,2,8.235294117647058,190,0
6a7fab555a61570130937eff,2,2,8,190,0
6a7fab555a61570130937eff,1,4,7.7368421052631575,190,0
6a7fab555a61570130937f03,19,0,18,206,0
6a7fab555a61570130937f03,18,0,15,206,0
6a7fab555a61570130937f03,18,0,16,206,0
6a7fab555a61570130937f03,17,0,11.666666666666666,206,0
6a7fab555a61570130937f03,17,0,12,206,0
6a7fab555a61570130937f03,16,2,10.75,206,0
6a7fab555a61570130937f03,15,2,10.6,206,0
6a7fab555a61570130937f03,14,3,10.833333333333334,206,0
6a7fab555a61570130937f03,13,3,11,206,0
6a7fab555a61570130937f03,12,4,10.25,206,0
6a7fab555a61570130937f03,11,4,9.777777777777779,206,0
6a7fab555a61570130937f03,10,5,10,206,0
6a7fab555a61570130937f03,9,5,9.636363636363637,206,0
6a7fab555a61570130937f03,8,5,9.333333333333334,206,0
6a7fab555a61570130937f03,7,6,9.23076923076923,206,0
6a7fab555a61570130937f03,6,7,8.642857142857142,206,0
6a7fab555a61570130937f03,5,7,8.466666666666667,206,0
6a7fab555a61570130937f03,4,7,8.625,206,0
6a7fab555a61570130937f03,3,7,8.764705882352942,206,0
6a7fab555a61570130937f03,2,7,9.11111111111111,206,0
6a7fab555a61570130937f03,1,7,9.526315789473685,206,0
6a7fab555a61570130937f07,19,1,8,198,0
6a7fab555a61570130937f07,18,1,9,198,0
6a7fab555a61570130937f07,17,2,10,198,0
6a7fab555a61570130937f07,16,2,9.75,198,0
6a7fab555a61570130937f07,15,2,9,198,0
6a7fab555a61570130937f07,14,2,8.5,198,0
6a7fab555a61570130937f07,13,2,8.857142857142858,198,0
6a7fab555a61570130937f07,12,2,9.125,198,0
6a7fab555a61570130937f07,11,2,9.11111111111111,198,0
6a7fab555a61570130937f07,10,2,8.7,198,0
6a7fab555a61570130937f07,9,2,9,198,0
6a7fab555a61570130937f07,8,2,9.416666666666666,198,0
6a7fab555a61570130937f07,8,2,9.5,198,0
6a7fab555a61570130937f07,7,2,9.846153846153847,198,0
6a7fab555a61570130937f07,6,2,9.642857142857142,198,0
6a7fab555a61570130937f07,5,3,9.266666666666667,198,0
6a7fab555a61570130937f07,4,3,9.4375,198,0
6a7fab555a61570130937f07,3,3,9.470588235294118,198,0
6a7fab555a61570130937f07,2,4,9.277777777777779,198,0
6a7fab555a61570130937f07,1,7,9.105263157894736,198,0
6a7fab555a61570130937f0b,19,0,15,192,0
6a7fab555a61570130937f0b,18,0,10,192,0
6a7fab555a61570130937f0b,17,0,9.666666666666666,192,0
6a7fab555a61570130937f0b,16,0,8.25,192,0
6a7fab555a61570130937f0b,15,1,7,192,0
6a7fab555a61570130937f0b,14,1,8.333333333333334,192,0
6a7fab555a61570130937f0b,13,1,8.571428571428571,192,0
6a7fab555a61570130937f0b,13,1,8.714285714285714,192,0
6a7fab555a61570130937f0b,13,1,8.857142857142858,192,0
6a7fab555a61570130937f0b,12,1,9,192,0
6a7fab555a61570130937f0b,11,1,9.777777777777779,192,0
6a7fab555a61570130937f0b,10,1,10.9,192,0
6a7fab555a61570130937f0b,10,1,11.3,192,0
6a7fab555a61570130937f0b,9,1,11,192,0
6a7fab555a61570130937f0b,8,1,10.333333333333334,192,0
6a7fab555a61570130937f0b,7,1,10.76923076923077,192,0
6a7fab555a61570130937f0b,6,3,10.214285714285714,192,0
6a7fab555a61570130937f0b,5,3,9.8,192,0
6a7fab555a61570130937f0b,4,3,9.5,192,0
6a7fab555a61570130937f0b,3,4,9.294117647058824,192,0
6a7fab555a61570130937f0b,2,5,9.166666666666666,192,0
6a7fab555a61570130937f0b,1,5,8.894736842105264,192,0
6a7fab555a61570130937f0f,19,0,6,195,0
6a7fab555a61570130937f0f,18,0,8.5,195,0
6a7fab555a61570130937f0f,17,0,8,195,0
6a7fab555a61570130937f0f,16,0,9.25,195,0
6a7fab555a61570130937f0f,15,1,8.4,195,0
6a7fab555a61570130937f0f,14,1,8.166666666666666,195,0
6a7fab555a61570130937f0f,13,2,8.142857142857142,195,0
6a7fab555a61570130937f0f,12,2,9,195,0
6a7fab555a61570130937f0f,12,2,9.125,195,0
6a7fab555a61570130937f0f,12,2,9.25,195,0
6a7fab555a61570130937f0f,11,2,8.666666666666666,195,0
6a7fab555a61570130937f0f,10,2,8.5,195,0
6a7fab555a61570130937f0f,9,3,8.363636363636363,195,0
6a7fab555a61570130937f0f,8,3,8.666666666666666,195,0
6a7fab555a61570130937f0f,7,3,9.307692307692308,195,0
6a7fab555a61570130937f0f,6,3,9.285714285714286,195,0
6a7fab555a61570130937f0f,6,3,9.357142857142858,195,0
6a7fab555a61570130937f0f,5,3,9.466666666666667,195,0
6a7fab555a61570130937f0f,4,3,9.625,195,0
6a7fab555a61570130937f0f,3,4,9.647058823529411,195,0
6a7fab555a61570130937f0f,2,4,9.333333333333334,195,0
6a7fab555a61570130937f0f,1,4,9.105263157894736,195,0
6a7fab565a61570130937f13,19,1,4,166,0
6a7fab565a61570130937f13,18,1,4,166,0
6a7fab565a61570130937f13,17,2,5.333333333333333,166,0
6a7fab565a61570130937f13,16,2,5.75,166,0
6a7fab565a61570130937f13,15,2,5.4,166,0
6a7fab565a61570130937f13,14,2,5,166,0
6a7fab565a61570130937f13,13,2,5.142857142857143,166,0
6a7fab565a61570130937f13,12,2,6.25,166,0
6a7fab565a61570130937f13,11,2,5.888888888888889,166,0
6a7fab565a61570130937f13,10,3,5.8,166,0
6a7fab565a61570130937f13,9,4,5.636363636363637,166,0
6a7fab565a61570130937f13,9,4,5.7272727272727275,166,0
6a7fab565a61570130937f13,8,5,5.75,166,0
6a7fab565a61570130937f13,7,5,6.153846153846154,166,0
6a7fab565a61570130937f13,6,6,6.642857142857143,166,0
6a7fab565a61570130937f13,5,6,6.8,166,0
6a7fab565a61570130937f13,4,6,6.6875,166,0
6a7fab565a61570130937f13,3,6,7,166,0
6a7fab565a61570130937f13,2,6,7.277777777777778,166,0
6a7fab565a61570130937f13,1,6,7.842105263157895,166,0
6a7fab565a61570130937f17,19,0,10,189,0
6a7fab565a61570130937f17,18,0,9,189,0
6a7fab565a61570130937f17,17,0,9,189,0
6a7fab565a61570130937f17,17,0,9.333333333333334,189,0
6a7fab565a61570130937f17,16,0,11,189,0
6a7fab565a61570130937f17,15,1,10.6,189,0
6a7fab565a61570130937f17,14,1,9.666666666666666,189,0
6a7fab565a61570130937f17,13,1,9.714285714285714,189,0
6a7fab565a61570130937f17,12,1,9.625,189,0
6a7fab565a61570130937f17,12,1,9.75,189,0
6a7fab565a61570130937f17,11,2,9.555555555555555,189,0
6a7fab565a61570130937f17,10,3,9.6,189,0
6a7fab565a61570130937f17,9,3,9.727272727272727,189,0
6a7fab565a61570130937f17,8,4,9.25,189,0
6a7fab565a61570130937f17,7,4,9.615384615384615,189,0
6a7fab565a61570130937f17,6,5,9.142857142857142,189,0
6a7fab565a61570130937f17,5,5,9.133333333333333,189,0
6a7fab565a61570130937f17,4,5,8.8125,189,0
6a7fab565a61570130937f17,3,6,8.529411764705882,189,0
6a7fab565a61570130937f17,3,6,8.588235294117647,189,0
6a7fab565a61570130937f17,3,6,8.647058823529411,189,0
6a7fab565a61570130937f17,2,6,8.666666666666666,189,0
6a7fab565a61570130937f17,1,6,8.578947368421053,189,0
6a7fab565a61570130937f1b,19,1,8,169,0
6a7fab565a61570130937f1b,18,2,5.5,169,0
6a7fab565a61570130937f1b,17,2,5,169,0
6a7fab565a61570130937f1b,16,2,6.25,169,0
6a7fab565a61570130937f1b,15,2,6.2,169,0
6a7fab565a61570130937f1b,14,3,7.333333333333333,169,0
6a7fab565a61570130937f1b,14,3,7.5,169,0
6a7fab565a61570130937f1b,13,3,7.285714285714286,169,0
6a7fab565a61570130937f1b,12,3,7,169,0
6a7fab565a61570130937f1b,11,3,7.333333333333333,169,0
6a7fab565a61570130937f1b,10,3,7.3,169,0
6a7fab565a61570130937f1b,9,4,6.7272727272727275,169,0
6a7fab565a61570130937f1b,8,4,6.75,169,0
6a7fab565a61570130937f1b,7,4,6.384615384615385,169,0
6a7fab565a61570130937f1b,6,4,6.071428571428571,169,0
6a7fab565a61570130937f1b,5,4,6.333333333333333,169,0
6a7fab565a61570130937f1b,4,4,6.3125,169,0
6a7fab565a61570130937f1b,3,5,6.411764705882353,169,0
6a7fab565a61570130937f1b,2,5,6.611111111111111,169,0
6a7fab565a61570130937f1b,1,5,6.526315789473684,169,0
6a7fab565a61570130937f1f,19,0,7,161,1
6a7fab565a61570130937f1f,18,0,8,161,1
6a7fab565a61570130937f1f,17,0,6.666666666666667,161,1
6a7fab565a61570130937f1f,16,0,5.25,161,1
6a7fab565a61570130937f1f,15,1,5.2,161,1
6a7fab565a61570130937f1f,14,1,6.333333333333333,161,1
6a7fab565a61570130937f1f,13,1,7.714285714285714,161,1
6a7fab565a61570130937f1f,13,1,7.857142857142857,161,1
6a7fab565a61570130937f1f,12,1,8.25,161,1
6a7fab565a61570130937f1f,11,2,7.888888888888889,161,1
6a7fab565a61570130937f1f,10,2,7.6,161,1
6a7fab565a61570130937f1f,9,2,8.272727272727273,161,1
6a7fab565a61570130937f1f,8,2,9.166666666666666,161,1
6a7fab565a61570130937f1f,7,2,8.76923076923077,161,1
6a7fab565a61570130937f1f,6,2,9,161,1
6a7fab565a61570130937f1f,5,2,8.866666666666667,161,1
6a7fab565a61570130937f1f,4,3,8.9375,161,1
6a7fab565a61570130937f1f,3,3,9,161,1
6a7fab565a61570130937f1f,3,3,9.058823529411764,161,1
6a7fab565a61570130937f1f,3,3,9.117647058823529,161,1
6a7fab565a61570130937f1f,2,3,8.88888888888889,161,1
6a7fab565a61570130937f23,19,0,9,167,1
6a7fab565a61570130937f23,18,2,6,167,1
6a7fab565a61570130937f23,17,2,6.666666666666667,167,1
6a7fab565a61570130937f23,16,3,6.5,167,1
6a7fab565a61570130937f23,15,3,7.8,167,1
6a7fab565a61570130937f23,14,3,8.5,167,1
6a7fab565a61570130937f23,13,3,8.714285714285714,167,1
6a7fab565a61570130937f23,12,3,8.125,167,1
6a7fab565a61570130937f23,11,4,8.333333333333334,167,1
6a7fab565a61570130937f23,10,5,8.4,167,1
6a7fab565a61570130937f23,9,5,8,167,1
6a7fab565a61570130937f23,8,5,7.916666666666667,167,1
6a7fab565a61570130937f23,7,6,8,167,1
6a7fab565a61570130937f23,6,8,7.928571428571429,167,1
6a7fab565a61570130937f23,5,8,7.666666666666667,167,1
6a7fab565a61570130937f23,4,8,8.5,167,1
6a7fab565a61570130937f23,3,8,8.411764705882353,167,1
6a7fab565a61570130937f23,2,8,8.222222222222221,167,1
6a7fab565a61570130937f23,1,9,8.68421052631579,167,1
6a7fab565a61570130937f27,19,0,2,179,0
6a7fab565a61570130937f27,18,0,5.5,179,0
6a7fab565a61570130937f27,17,0,9,179,0
6a7fab565a61570130937f27,16,0,7.5,179,0
6a7fab565a61570130937f27,15,0,7,179,0
6a7fab565a61570130937f27,14,0,8,179,0
6a7fab565a61570130937f27,13,1,8.142857142857142,179,0
6a7fab565a61570130937f27,12,1,8.375,179,0
6a7fab565a61570130937f27,11,1,8.555555555555555,179,0
6a7fab565a61570130937f27,10,1,8,179,0
6a7fab565a61570130937f27,9,1,8.454545454545455,179,0
6a7fab565a61570130937f27,8,1,8.833333333333334,179,0
6a7fab565a61570130937f27,7,1,9.76923076923077,179,0
6a7fab565a61570130937f27,6,1,9.285714285714286,179,0
6a7fab565a61570130937f27,5,1,9,179,0
6a7fab565a61570130937f27,4,2,8.75,179,0
6a7fab565a61570130937f27,3,3,8.529411764705882,179,0
6a7fab565a61570130937f27,2,4,8.277777777777779,179,0
6a7fab565a61570130937f27,1,5,8.157894736842104,179,0
6a7fab565a61570130937f2b,19,0,8,161,1
6a7fab565a61570130937f2b,18,0,9.5,161,1
6a7fab565a61570130937f2b,17,0,9,161,1
6a7fab565a61570130937f2b,16,0,11.5,161,1
6a7fab565a61570130937f2b,15,0,9.8,161,1
6a7fab565a61570130937f2b,15,0,10,161,1
6a7fab565a61570130937f2b,14,0,10.833333333333334,161,1
6a7fab565a61570130937f2b,13,0,11.142857142857142,161,1
6a7fab565a61570130937f2b,12,0,12.125,161,1
6a7fab565a61570130937f2b,11,0,11.333333333333334,161,1
6a7fab565a61570130937f2b,10,1,10.5,161,1
6a7fab565a61570130937f2b,9,1,10.636363636363637,161,1
6a7fab565a61570130937f2b,8,1,11.083333333333334,161,1
6a7fab565a61570130937f2b,7,1,10.461538461538462,161,1
6a7fab565a61570130937f2b,6,1,10.642857142857142,161,1
6a7fab565a61570130937f2b,5,1,10.8,161,1
6a7fab565a61570130937f2f,19,0,10,161,1
6a7fab565a61570130937f2f,19,0,11,161,1
6a7fab565a61570130937f2f,18,1,6.5,161,1
6a7fab565a61570130937f2f,17,2,5.666666666666667,161,1
6a7fab565a61570130937f2f,16,2,7.75,161,1
6a7fab565a61570130937f2f,15,2,6.4,161,1
6a7fab565a61570130937f2f,14,2,6,161,1
6a7fab565a61570130937f2f,13,2,6.714285714285714,161,1
6a7fab565a61570130937f2f,12,3,6.5,161,1
6a7fab565a61570130937f2f,12,3,6.625,161,1
6a7fab565a61570130937f2f,11,3,6.888888888888889,161,1
6a7fab565a61570130937f2f,10,3,7.8,161,1
6a7fab565a61570130937f2f,9,3,8.363636363636363,161,1
6a7fab565a61570130937f2f,8,4,8.5,161,1
6a7fab565a61570130937f2f,7,4,8.76923076923077,161,1
6a7fab565a61570130937f2f,6,4,8.928571428571429,161,1
6a7fab565a61570130937f2f,5,4,9.2,161,1
6a7fab565a61570130937f2f,4,4,9.3125,161,1
6a7fab565a61570130937f2f,3,5,8.823529411764707,161,1
6a7fab565a61570130937f2f,2,6,8.666666666666666,161,1
6a7fab565a61570130937f33,19,0,17,201,1
6a7fab565a61570130937f33,18,0,13,201,1
6a7fab565a61570130937f33,17,0,10.333333333333334,201,1
6a7fab565a61570130937f33,16,1,9.5,201,1
6a7fab565a61570130937f33,15,1,9,201,1
6a7fab565a61570130937f33,14,1,10.166666666666666,201,1
6a7fab565a61570130937f33,14,1,10.333333333333334,201,1
6a7fab565a61570130937f33,13,1,10.571428571428571,201,1
6a7fab565a61570130937f33,12,1,11.5,201,1
6a7fab565a61570130937f33,11,1,11.555555555555555,201,1
6a7fab565a61570130937f33,10,1,11.3,201,1
6a7fab565a61570130937f33,9,1,11.545454545454545,201,1
6a7fab565a61570130937f33,8,1,11.166666666666666,201,1
6a7fab565a61570130937f33,7,1,11.307692307692308,201,1
6a7fab565a61570130937f33,6,1,10.785714285714286,201,1
6a7fab565a61570130937f33,5,1,10.933333333333334,201,1
6a7fab565a61570130937f33,4,1,10.5,201,1
6a7fab565a61570130937f33,3,1,10.352941176470589,201,1
6a7fab565a61570130937f33,3,1,10.411764705882353,201,1
6a7fab565a61570130937f33,2,1,10.5,201,1
6a7fab565a61570130937f33,1,1,10.157894736842104,201,1
6a7fab565a61570130937f37,19,0,7,164,1
6a7fab565a61570130937f37,18,0,9.5,164,1
6a7fab565a61570130937f37,17,1,7.666666666666667,164,1
6a7fab565a61570130937f37,17,1,8,164,1
6a7fab565a61570130937f37,16,1,7.5,164,1
6a7fab565a61570130937f37,15,1,9.2,164,1
6a7fab565a61570130937f37,14,2,9.166666666666666,164,1
6a7fab565a61570130937f37,13,2,8.857142857142858,164,1
6a7fab565a61570130937f37,13,2,9,164,1
6a7fab565a61570130937f37,12,3,8.125,164,1
6a7fab565a61570130937f37,12,3,8.25,164,1
6a7fab565a61570130937f37,12,3,8.5,164,1
6a7fab565a61570130937f37,11,3,8.777777777777779,164,1
6a7fab565a61570130937f37,10,4,9.1,164,1
6a7fab565a61570130937f37,10,4,9.2,164,1
6a7fab565a61570130937f37,9,4,9.454545454545455,164,1
6a7fab565a61570130937f37,8,4,9.916666666666666,164,1
6a7fab565a61570130937f37,7,5,9.538461538461538,164,1
6a7fab565a61570130937f37,6,5,9.071428571428571,164,1
6a7fab565a61570130937f37,5,5,9,164,1
6a7fab565a61570130937f37,4,5,9.3125,164,1
6a7fab565a61570130937f37,3,5,9.588235294117647,164,1
6a7fab565a61570130937f3b,19,1,3,187,0
6a7fab565a61570130937f3b,18,1,5,187,0
6a7fab565a61570130937f3b,17,2,5.666666666666667,187,0
6a7fab565a61570130937f3b,16,2,6.25,187,0
6a7fab565a61570130937f3b,15,2,8.8,187,0
6a7fab565a61570130937f3b,14,2,8.666666666666666,187,0
6a7fab565a61570130937f3b,13,2,9,187,0
6a7fab565a61570130937f3b,12,3,9,187,0
6a7fab565a61570130937f3b,11,3,8.555555555555555,187,0
6a7fab565a61570130937f3b,10,3,9.2,187,0
6a7fab565a61570130937f3b,9,3,9.181818181818182,187,0
6a7fab565a61570130937f3b,8,4,9.333333333333334,187,0
6a7fab565a61570130937f3b,7,4,9,187,0
6a7fab565a61570130937f3b,6,4,8.928571428571429,187,0
6a7fab565a61570130937f3b,5,5,8.666666666666666,187,0
6a7fab565a61570130937f3b,4,5,8.5625,187,0
6a7fab565a61570130937f3b,3,6,8.647058823529411,187,0
6a7fab565a61570130937f3b,2,6,8.555555555555555,187,0
6a7fab565a61570130937f3b,1,6,8.473684210526315,187,0
6a7fab565a61570130937f3b,1,6,8.526315789473685,187,0
6a7fab565a61570130937f3f,19,0,14,195,0
6a7fab565a61570130937f3f,18,0,10,195,0
6a7fab565a61570130937f3f,17,0,8,195,0
6a7fab565a61570130937f3f,16,0,8,195,0
6a7fab565a61570130937f3f,15,0,8.2,195,0
6a7fab565a61570130937f3f,14,0,7.5,195,0
6a7fab565a61570130937f3f,13,0,8.714285714285714,195,0
6a7fab565a61570130937f3f,12,1,8,195,0
6a7fab565a61570130937f3f,11,1,7.888888888888889,195,0
6a7fab565a61570130937f3f,10,1,8.4,195,0
6a7fab565a61570130937f3f,9,3,7.909090909090909,195,0
6a7fab565a61570130937f3f,8,3,8.25,195,0
6a7fab565a61570130937f3f,7,3,8.384615384615385,195,0
6a7fab565a61570130937f3f,6,3,8.5,195,0
6a7fab565a61570130937f3f,5,3,8.266666666666667,195,0
6a7fab565a61570130937f3f,4,3,8.3125,195,0
6a7fab565a61570130937f3f,3,3,8.294117647058824,195,0
6a7fab565a61570130937f3f,2,3,8.333333333333334,195,0
6a7fab565a61570130937f3f,2,3,8.38888888888889,195,0
6a7fab565a61570130937f3f,1,3,8.421052631578947,195,0
6a7fab565a61570130937f43,19,0,11,215,0
6a7fab565a61570130937f43,18,0,14,215,0
6a7fab565a61570130937f43,18,0,14.5,215,0
6a7fab565a61570130937f43,17,1,13.666666666666666,215,0
6a7fab565a61570130937f43,16,3,12.25,215,0
6a7fab565a61570130937f43,15,4,11.4,215,0
6a7fab565a61570130937f43,14,5,11,215,0
6a7fab565a61570130937f43,13,6,10.571428571428571,215,0
6a7fab565a61570130937f43,12,6,10.75,215,0
6a7fab565a61570130937f43,11,6,10.11111111111111,215,0
6a7fab565a61570130937f43,10,7,10.2,215,0
6a7fab565a61570130937f43,9,7,10.454545454545455,215,0
6a7fab565a61570130937f43,8,8,10.166666666666666,215,0
6a7fab565a61570130937f43,8,8,10.25,215,0
6a7fab565a61570130937f43,7,8,10.307692307692308,215,0
6a7fab565a61570130937f43,6,9,9.928571428571429,215,0
6a7fab565a61570130937f47,19,0,11,148,1
6a7fab565a61570130937f47,18,0,14.5,148,1
6a7fab565a61570130937f47,17,0,12,148,1
6a7fab565a61570130937f47,16,0,12.25,148,1
6a7fab565a61570130937f47,15,0,11.8,148,1
6a7fab565a61570130937f47,14,0,11.166666666666666,148,1
6a7fab565a61570130937f47,13,0,11,148,1
6a7fab565a61570130937f47,12,1,10,148,1
6a7fab565a61570130937f47,11,1,10.333333333333334,148,1
6a7fab565a61570130937f47,10,1,10.6,148,1
6a7fab565a61570130937f47,9,1,9.818181818181818,148,1
6a7fab565a61570130937f47,8,1,9.416666666666666,148,1
6a7fab565a61570130937f47,8,1,9.5,148,1
6a7fab565a61570130937f47,7,2,9.153846153846153,148,1
6a7fab565a61570130937f47,7,2,9.23076923076923,148,1
6a7fab565a61570130937f47,6,2,9.214285714285714,148,1
6a7fab565a61570130937f47,5,3,9.266666666666667,148,1
6a7fab565a61570130937f47,4,3,9.125,148,1
6a7fab565a61570130937f4b,19,1,7,176,0
6a7fab565a61570130937f4b,18,2,7,176,0
6a7fab565a61570130937f4b,17,3,8.333333333333334,176,0
6a7fab565a61570130937f4b,16,3,9,176,0
6a7fab565a61570130937f4b,15,3,8.2,176,0
6a7fab565a61570130937f4b,15,3,8.4,176,0
6a7fab565a61570130937f4b,15,3,8.8,176,0
6a7fab565a61570130937f4b,14,3,9.5,176,0
6a7fab565a61570130937f4b,13,3,9,176,0
6a7fab565a61570130937f4b,12,3,9.25,176,0
6a7fab565a61570130937f4b,11,3,8.777777777777779,176,0
6a7fab565a61570130937f4b,11,3,8.88888888888889,176,0
6a7fab565a61570130937f4b,10,4,8.5,176,0
6a7fab565a61570130937f4b,9,4,8.181818181818182,176,0
6a7fab565a61570130937f4b,8,4,8.666666666666666,176,0
6a7fab565a61570130937f4b,7,4,8.23076923076923,176,0
6a7fab565a61570130937f4b,7,4,8.307692307692308,176,0
6a7fab565a61570130937f4b,6,4,8.357142857142858,176,0
6a7fab565a61570130937f4b,5,4,8.2,176,0
6a7fab565a61570130937f4b,5,4,8.266666666666667,176,0
6a7fab565a61570130937f4b,5,4,8.333333333333334,176,0
6a7fab565a61570130937f4b,4,5,8.125,176,0
6a7fab565a61570130937f4b,3,5,8.235294117647058,176,0
6a7fab565a61570130937f4b,2,5,8.222222222222221,176,0
6a7fab565a61570130937f4b,1,5,8.263157894736842,176,0
6a7fab565a61570130937f4f,19,0,11,156,1
6a7fab565a61570130937f4f,18,1,15,156,1
6a7fab565a61570130937f4f,18,1,15.5,156,1
6a7fab565a61570130937f4f,17,2,16,156,1
6a7fab565a61570130937f4f,16,3,14.75,156,1
6a7fab565a61570130937f4f,15,3,13.8,156,1
6a7fab565a61570130937f4f,15,3,14.8,156,1
6a7fab565a61570130937f4f,14,4,14,156,1
6a7fab565a61570130937f4f,14,4,14.166666666666666,156,1
6a7fab565a61570130937f4f,13,4,12.571428571428571,156,1
6a7fab565a61570130937f4f,12,4,13.125,156,1
6a7fab565a61570130937f4f,11,4,13.222222222222221,156,1
6a7fab565a61570130937f4f,10,4,13.2,156,1
6a7fab565a61570130937f4f,9,4,13.454545454545455,156,1
6a7fab565a61570130937f4f,8,5,13,156,1
6a7fab565a61570130937f53,19,0,6,216,0
6a7fab565a61570130937f53,18,0,8.5,216,0
6a7fab565a61570130937f53,17,0,9.666666666666666,216,0
6a7fab565a61570130937f53,16,2,9.25,216,0
6a7fab565a61570130937f53,15,2,10.2,216,0
6a7fab565a61570130937f53,14,2,9.5,216,0
6a7fab565a61570130937f53,13,2,9.428571428571429,216,0
6a7fab565a61570130937f53,12,2,9.375,216,0
6a7fab565a61570130937f53,11,2,9.666666666666666,216,0
6a7fab565a61570130937f53,10,2,8.9,216,0
6a7fab565a61570130937f53,9,2,8.545454545454545,216,0
6a7fab565a61570130937f53,8,2,8.583333333333334,216,0
6a7fab565a61570130937f53,7,2,9,216,0
6a7fab565a61570130937f53,6,2,8.642857142857142,216,0
6a7fab565a61570130937f53,5,2,8.6,216,0
6a7fab565a61570130937f53,4,2,8.5,216,0
6a7fab565a61570130937f53,3,2,8.647058823529411,216,0
6a7fab565a61570130937f53,2,2,8.944444444444445,216,0
6a7fab565a61570130937f53,1,2,8.842105263157896,216,0
6a7fab565a61570130937f57,19,1,7,161,1
6a7fab565a61570130937f57,18,3,5.5,161,1
6a7fab565a61570130937f57,17,3,6.666666666666667,161,1
6a7fab565a61570130937f57,16,4,7.5,161,1
6a7fab565a61570130937f57,15,4,8.6,161,1
6a7fab565a61570130937f57,15,4,8.8,161,1
6a7fab565a61570130937f57,14,5,9.333333333333334,161,1
6a7fab565a61570130937f57,13,6,8.571428571428571,161,1
6a7fab565a61570130937f57,12,6,8.625,161,1
6a7fab565a61570130937f57,11,6,7.888888888888889,161,1
6a7fab565a61570130937f57,10,6,8,161,1
6a7fab565a61570130937f57,9,6,7.909090909090909,161,1
6a7fab565a61570130937f57,8,7,7.75,161,1
6a7fab565a61570130937f57,8,7,7.833333333333333,161,1
6a7fab565a61570130937f57,7,8,8.076923076923077,161,1
6a7fab565a61570130937f57,6,8,8.428571428571429,161,1
6a7fab565a61570130937f57,5,8,8.133333333333333,161,1
6a7fab565a61570130937f57,4,8,7.9375,161,1
6a7fab565a61570130937f57,3,8,8.058823529411764,161,1
6a7fab565a61570130937f57,2,8,8.166666666666666,161,1
6a7fab565a61570130937f57,1,8,8.421052631578947,161,1
6a7fab565a61570130937f5b,19,0,9,160,0
6a7fab565a61570130937f5b,18,0,11.5,160,0
6a7fab565a61570130937f5b,17,0,8.333333333333334,160,0
6a7fab565a61570130937f5b,16,1,7,160,0
6a7fab565a61570130937f5b,15,2,6.4,160,0
6a7fab565a61570130937f5b,15,2,6.6,160,0
6a7fab565a61570130937f5b,14,2,6.333333333333333,160,0
6a7fab565a61570130937f5b,13,2,6.714285714285714,160,0
6a7fab565a61570130937f5b,12,2,6.375,160,0
6a7fab565a61570130937f5b,11,2,6.111111111111111,160,0
6a7fab565a61570130937f5b,10,3,6.2,160,0
6a7fab565a61570130937f5b,9,3,6.7272727272727275,160,0
6a7fab565a61570130937f5b,8,3,7.583333333333333,160,0
6a7fab565a61570130937f5b,7,3,7.076923076923077,160,0
6a7fab565a61570130937f5b,6,3,7,160,0
6a7fab565a61570130937f5b,5,5,7.133333333333334,160,0
6a7fab565a61570130937f5b,4,5,6.8125,160,0
6a7fab565a61570130937f5b,3,5,7.235294117647059,160,0
6a7fab565a61570130937f5b,2,6,7.5,160,0
6a7fab565a61570130937f5b,1,7,7.578947368421052,160,0
6a7fab565a61570130937f5f,19,0,3,195,0
6a7fab565a61570130937f5f,18,0,3,195,0
6a7fab565a61570130937f5f,17,0,5.333333333333333,195,0
6a7fab565a61570130937f5f,16,1,5.5,195,0
6a7fab565a61570130937f5f,15,1,6.2,195,0
6a7fab565a61570130937f5f,14,1,7,195,0
6a7fab565a61570130937f5f,13,1,7,195,0
6a7fab565a61570130937f5f,12,2,7,195,0
6a7fab565a61570130937f5f,11,3,6.777777777777778,195,0
6a7fab565a61570130937f5f,10,4,6.9,195,0
6a7fab565a61570130937f5f,9,4,7.545454545454546,195,0
6a7fab565a61570130937f5f,8,4,7.75,195,0
6a7fab565a61570130937f5f,7,4,7.384615384615385,195,0
6a7fab565a61570130937f5f,6,4,7.071428571428571,195,0
6a7fab565a61570130937f5f,5,4,7.2,195,0
6a7fab565a61570130937f5f,4,4,7.3125,195,0
6a7fab565a61570130937f5f,3,4,7.470588235294118,195,0
6a7fab565a61570130937f5f,2,4,7.444444444444445,195,0
6a7fab565a61570130937f5f,1,4,7.7368421052631575,195,0
6a7fab565a61570130937f63,19,0,6,193,0
6a7fab565a61570130937f63,18,0,4.5,193,0
6a7fab565a61570130937f63,17,0,3.3333333333333335,193,0
6a7fab565a61570130937f63,16,0,5.5,193,0
6a7fab565a61570130937f63,15,0,6.8,193,0
6a7fab565a61570130937f63,14,0,6.666666666666667,193,0
6a7fab565a61570130937f63,13,0,6.571428571428571,193,0
6a7fab565a61570130937f63,12,2,6.25,193,0
6a7fab565a61570130937f63,12,2,6.375,193,0
6a7fab565a61570130937f63,11,3,7.222222222222222,193,0
6a7fab565a61570130937f63,10,3,7.5,193,0
6a7fab565a61570130937f63,9,3,7.909090909090909,193,0
6a7fab565a61570130937f63,8,3,7.833333333333333,193,0
6a7fab565a61570130937f63,7,3,7.846153846153846,193,0
6a7fab565a61570130937f63,6,4,7.428571428571429,193,0
6a7fab565a61570130937f63,5,4,7.6,193,0
6a7fab565a61570130937f63,4,4,7.5625,193,0
6a7fab565a61570130937f63,3,4,8,193,0
6a7fab565a61570130937f63,2,4,7.944444444444445,193,0
6a7fab565a61570130937f63,1,4,8.368421052631579,193,0
6a7fab565a61570130937f67,19,0,1,186,0
6a7fab565a61570130937f67,19,0,4,186,0
6a7fab565a61570130937f67,18,0,8,186,0
6a7fab565a61570130937f67,17,0,8.666666666666666,186,0
6a7fab565a61570130937f67,16,0,9.5,186,0
6a7fab565a61570130937f67,15,0,10.8,186,0
6a7fab565a61570130937f67,14,0,9.833333333333334,186,0
6a7fab565a61570130937f67,13,1,10.285714285714286,186,0
6a7fab565a61570130937f67,12,3,10,186,0
6a7fab565a61570130937f67,11,3,9.222222222222221,186,0
6a7fab565a61570130937f67,10,3,9.4,186,0
6a7fab565a61570130937f67,9,4,9,186,0
6a7fab565a61570130937f67,8,5,8.75,186,0
6a7fab565a61570130937f67,7,5,8.538461538461538,186,0
6a7fab565a61570130937f67,6,6,8.071428571428571,186,0
6a7fab565a61570130937f67,5,6,7.8,186,0
6a7fab565a61570130937f67,4,7,7.9375,186,0
6a7fab565a61570130937f67,3,8,7.882352941176471,186,0
6a7fab565a61570130937f67,2,8,7.722222222222222,186,0
6a7fab565a61570130937f67,1,8,8.210526315789474,186,0
6a7fab565a61570130937f6b,19,0,12,174,0
6a7fab565a61570130937f6b,18,0,7.5,174,0
6a7fab565a61570130937f6b,17,0,6,174,0
6a7fab565a61570130937f6b,16,0,5.75,174,0
6a7fab565a61570130937f6b,15,0,7.2,174,0
6a7fab565a61570130937f6b,14,0,7,174,0
6a7fab565a61570130937f6b,14,0,7.333333333333333,174,0
6a7fab565a61570130937f6b,13,0,6.714285714285714,174,0
6a7fab565a61570130937f6b,12,0,6.375,174,0
6a7fab565a61570130937f6b,11,1,6.333333333333333,174,0
6a7fab565a61570130937f6b,10,1,6.6,174,0
6a7fab565a61570130937f6b,9,2,7.181818181818182,174,0
6a7fab565a61570130937f6b,8,2,7.416666666666667,174,0
6a7fab565a61570130937f6b,7,2,7.769230769230769,174,0
6a7fab565a61570130937f6b,6,2,8.142857142857142,174,0
6a7fab565a61570130937f6b,5,2,8.066666666666666,174,0
6a7fab565a61570130937f6b,4,3,8.0625,174,0
6a7fab565a61570130937f6b,3,3,8.117647058823529,174,0
6a7fab565a61570130937f6b,2,3,8,174,0
6a7fab565a61570130937f6b,1,3,8,174,0
6a7fab985a61570130a4d297,19,0,7,160,1
6a7fab985a61570130a4d297,18,0,8.5,160,1
6a7fab985a61570130a4d297,17,1,8,160,1
6a7fab985a61570130a4d297,16,1,9.5,160,1
6a7fab985a61570130a4d297,16,1,9.75,160,1
6a7fab985a61570130a4d297,15,1,11.4,160,1
6a7fab985a61570130a4d297,14,2,11.5,160,1
6a7fab985a61570130a4d297,13,2,12,160,1
6a7fab985a61570130a4d297,12,2,10.625,160,1
6a7fab985a61570130a4d297,11,3,10.555555555555555,160,1
6a7fab985a61570130a4d297,10,4,11,160,1
6a7fab985a61570130a4d297,9,4,10.909090909090908,160,1
6a7fab985a61570130a4d297,8,5,10.083333333333334,160,1
6a7fab985a61570130a4d297,7,5,10.153846153846153,160,1
6a7fab985a61570130a4d297,6,5,10.5,160,1
6a7fab985a61570130a4d297,5,5,10.466666666666667,160,1
6a7fab985a61570130a4d29b,19,1,6,180,1
6a7fab985a61570130a4d29b,18,1,11,180,1
6a7fab985a61570130a4d29b,17,1,9,180,1
6a7fab985a61570130a4d29b,16,1,8.75,180,1
6a7fab985a61570130a4d29b,15,2,8.4,180,1
6a7fab985a61570130a4d29b,14,2,8,180,1
6a7fab985a61570130a4d29b,13,2,9,180,1
6a7fab985a61570130a4d29b,12,2,8.625,180,1
6a7fab985a61570130a4d29b,11,2,9.333333333333334,180,1
6a7fab985a61570130a4d29b,10,2,9.7,180,1
6a7fab985a61570130a4d29b,10,2,9.8,180,1
6a7fab985a61570130a4d29b,9,2,10.181818181818182,180,1
6a7fab985a61570130a4d29b,8,2,10,180,1
6a7fab985a61570130a4d29b,7,3,10.153846153846153,180,1
6a7fab985a61570130a4d29b,6,4,10.214285714285714,180,1
6a7fab985a61570130a4d29b,5,4,10.533333333333333,180,1
6a7fab985a61570130a4d29b,5,4,10.6,180,1
6a7fab985a61570130a4d29b,4,4,10.8125,180,1
6a7fab985a61570130a4d29f,19,0,9,172,1
6a7fab985a61570130a4d29f,18,0,7.5,172,1
6a7fab985a61570130a4d29f,17,1,6.666666666666667,172,1
6a7fab985a61570130a4d29f,16,1,5.75,172,1
6a7fab985a61570130a4d29f,15,1,6.6,172,1
6a7fab985a61570130a4d29f,14,1,6.166666666666667,172,1
6a7fab985a61570130a4d29f,13,1,6.857142857142857,172,1
6a7fab985a61570130a4d29f,12,1,6.875,172,1
6a7fab985a61570130a4d29f,11,1,7.111111111111111,172,1
6a7fab985a61570130a4d29f,10,1,7.5,172,1
6a7fab985a61570130a4d29f,9,1,7.2727272727272725,172,1
6a7fab985a61570130a4d29f,9,1,7.363636363636363,172,1
6a7fab985a61570130a4d29f,8,1,7.833333333333333,172,1
6a7fab985a61570130a4d29f,7,1,8.307692307692308,172,1
6a7fab985a61570130a4d29f,7,1,8.384615384615385,172,1
6a7fab985a61570130a4d29f,6,1,8.642857142857142,172,1
6a7fab985a61570130a4d29f,5,1,8.866666666666667,172,1
6a7fab985a61570130a4d29f,4,1,8.5625,172,1
6a7fab985a61570130a4d29f,3,1,8.352941176470589,172,1
6a7fab985a61570130a4d29f,2,1,7.944444444444445,172,1
6a7fab985a61570130a4d29f,1,1,8.31578947368421,172,1
6a7fab985a61570130a4d2a3,19,0,7,179,1
6a7fab985a61570130a4d2a3,18,0,11,179,1
6a7fab985a61570130a4d2a3,17,1,11.333333333333334,179,1
6a7fab985a61570130a4d2a3,16,1,10,179,1
6a7fab985a61570130a4d2a3,15,1,9.2,179,1
6a7fab985a61570130a4d2a3,14,1,9.833333333333334,179,1
6a7fab985a61570130a4d2a3,13,1,9.142857142857142,179,1
6a7fab985a61570130a4d2a3,12,1,9.5,179,1
6a7fab985a61570130a4d2a3,11,1,10,179,1
6a7fab985a61570130a4d2a3,10,1,9.9,179,1
6a7fab985a61570130a4d2a3,9,2,10.181818181818182,179,1
6a7fab985a61570130a4d2a3,8,2,10,179,1
6a7fab985a61570130a4d2a3,8,2,10.083333333333334,179,1
6a7fab985a61570130a4d2a3,7,2,10.076923076923077,179,1
6a7fab985a61570130a4d2a3,6,3,9.428571428571429,179,1
6a7fab985a61570130a4d2a3,5,3,9.666666666666666,179,1
6a7fab985a61570130a4d2a3,4,3,9.9375,179,1
6a7fab985a61570130a4d2a3,3,4,9.823529411764707,179,1
6a7fab9d5a61570130a64358,19,0,1,198,0
6a7fab9d5a61570130a64358,18,0,5,198,0
6a7fab9d5a61570130a64358,17,0,5.333333333333333,198,0
6a7fab9d5a61570130a64358,16,0,5.75,198,0
6a7fab9d5a61570130a64358,15,0,6,198,0
6a7fab9d5a61570130a64358,15,0,6.2,198,0
6a7fab9d5a61570130a64358,14,0,8.333333333333334,198,0
6a7fab9d5a61570130a64358,14,0,8.5,198,0
6a7fab9d5a61570130a64358,13,0,8,198,0
6a7fab9d5a61570130a64358,12,0,8.75,198,0
6a7fab9d5a61570130a64358,11,0,8.555555555555555,198,0
6a7fab9d5a61570130a64358,11,0,8.666666666666666,198,0
6a7fab9d5a61570130a64358,10,0,9.2,198,0
6a7fab9d5a61570130a64358,9,0,9.545454545454545,198,0
6a7fab9d5a61570130a64358,8,1,9.083333333333334,198,0
6a7fab9d5a61570130a64358,8,1,9.166666666666666,198,0
6a7fab9d5a61570130a64358,7,1,8.923076923076923,198,0
6a7fab9d5a61570130a64358,6,1,9.571428571428571,198,0
6a7fab9d5a61570130a64358,5,2,9.333333333333334,198,0
6a7fab9d5a61570130a64358,4,2,9,198,0
6a7fab9d5a61570130a64358,3,2,9.058823529411764,198,0
6a7fab9d5a61570130a64358,2,2,9.444444444444445,198,0
6a7fab9d5a61570130a64358,1,2,9.631578947368421,198,0
6a7fab9d5a61570130a6435c,19,1,6,131,1
6a7fab9d5a61570130a6435c,18,1,12,131,1
6a7fab9d5a61570130a6435c,17,1,10,131,1
6a7fab9d5a61570130a6435c,16,1,8.5,131,1
6a7fab9d5a61570130a6435c,15,2,8.2,131,1
6a7fab9d5a61570130a6435c,14,2,7.5,131,1
6a7fab9d5a61570130a6435c,13,3,7.714285714285714,131,1
6a7fab9d5a61570130a6435c,12,3,8.125,131,1
6a7fab9d5a61570130a6435c,11,3,7.666666666666667,131,1
6a7fab9d5a61570130a6435c,10,3,8,131,1
6a7fab9d5a61570130a6435c,9,3,8,131,1
6a7fab9d5a61570130a6435c,8,4,7.583333333333333,131,1
6a7fab9d5a61570130a6435c,7,5,7.538461538461538,131,1
6a7fab9d5a61570130a6435c,6,5,7.642857142857143,131,1
6a7fab9d5a61570130a6435c,5,5,7.733333333333333,131,1
6a7fab9d5a61570130a6435c,4,5,8.0625,131,1
6a7faba05a61570130a6fb6b,19,0,15,181,1
6a7faba05a61570130a6fb6b,18,0,12.5,181,1
6a7faba05a61570130a6fb6b,17,1,9.333333333333334,181,1
6a7faba05a61570130a6fb6b,16,1,8,181,1
6a7faba05a61570130a6fb6b,15,1,8.4,181,1
6a7faba05a61570130a6fb6b,14,2,8.833333333333334,181,1
6a7faba05a61570130a6fb6b,13,2,9.142857142857142,181,1
6a7faba05a61570130a6fb6b,12,2,8.5,181,1
6a7faba05a61570130a6fb6b,11,2,7.777777777777778,181,1
6a7faba05a61570130a6fb6b,10,2,7.8,181,1
6a7faba05a61570130a6fb6b,9,2,8.272727272727273,181,1
6a7faba05a61570130a6fb6b,8,3,7.916666666666667,181,1
6a7faba05a61570130a6fb6b,7,4,8,181,1
6a7faba05a61570130a6fb6b,6,4,8,181,1
6a7faba05a61570130a6fb6b,5,4,8.733333333333333,181,1
6a7faba05a61570130a6fb6b,4,4,8.625,181,1
6a7faba05a61570130a6fb6b,3,5,8.941176470588236,181,1
6a7faba05a61570130a6fb6b,3,5,9,181,1
6a7faba05a61570130a6fb6b,2,5,9,181,1
6a7faba05a61570130a6fb6b,1,5,9.263157894736842,181,1
6a7fabb582ba586ac46e6bcb,19,1,3,183,0
6a7fabb582ba586ac46e6bcb,18,1,5.5,183,0
6a7fabb582ba586ac46e6bcb,17,1,6.666666666666667,183,0
6a7fabb582ba586ac46e6bcb,16,2,6.25,183,0
6a7fabb582ba586ac46e6bcb,15,2,6,183,0
6a7fabb582ba586ac46e6bcb,14,3,6.5,183,0
6a7fabb582ba586ac46e6bcb,13,4,6.857142857142857,183,0
6a7fabb582ba586ac46e6bcb,12,5,6.5,183,0
6a7fabb582ba586ac46e6bcb,11,6,6.555555555555555,183,0
6a7fabb582ba586ac46e6bcb,10,6,6.5,183,0
6a7fabb582ba586ac46e6bcb,9,7,6.636363636363637,183,0
6a7fabb582ba586ac46e6bcb,8,7,7,183,0
6a7fabb582ba586ac46e6bcb,7,7,7.538461538461538,183,0
6a7fabb582ba586ac46e6bcb,6,8,7.142857142857143,183,0
6a7fabb582ba586ac46e6bcb,5,8,7.266666666666667,183,0
6a7fabb582ba586ac46e6bcb,4,9,7.1875,183,0
6a7fabb582ba586ac46e6bcb,3,9,7.470588235294118,183,0
6a7fabb582ba586ac46e6bcb,2,9,7.666666666666667,183,0
6a7fabb582ba586ac46e6bcf,19,0,15,191,0
6a7fabb582ba586ac46e6bcf,19,0,16,191,0
6a7fabb582ba586ac46e6bcf,18,2,13,191,0
6a7fabb582ba586ac46e6bcf,17,2,12,191,0
6a7fabb582ba586ac46e6bcf,16,2,11.25,191,0
6a7fabb582ba586ac46e6bcf,15,2,10.2,191,0
6a7fabb582ba586ac46e6bcf,14,2,11.666666666666666,191,0
6a7fabb582ba586ac46e6bcf,13,2,11.428571428571429,191,0
6a7fabb582ba586ac46e6bcf,12,2,11.125,191,0
6a7fabb582ba586ac46e6bcf,11,2,11.333333333333334,191,0
6a7fabb582ba586ac46e6bcf,10,3,11,191,0
6a7fabb582ba586ac46e6bcf,9,3,10.181818181818182,191,0
6a7fabb582ba586ac46e6bcf,9,3,10.272727272727273,191,0
6a7fabb582ba586ac46e6bcf,8,3,10.083333333333334,191,0
6a7fabb582ba586ac46e6bcf,7,3,9.615384615384615,191,0
6a7fabb582ba586ac46e6bcf,6,3,9.928571428571429,191,0
6a7fabb582ba586ac46e6bcf,5,3,9.6,191,0
6a7fabb582ba586ac46e6bcf,4,4,9.25,191,0
6a7fabb582ba586ac46e6bcf,3,5,9.176470588235293,191,0
6a7fabb582ba586ac46e6bcf,2,5,9,191,0
6a7fabb582ba586ac46e6bcf,1,5,9.368421052631579,191,0
6a7fabb582ba586ac46e6bd3,19,0,3,194,0
6a7fabb582ba586ac46e6bd3,18,0,4.5,194,0
6a7fabb582ba586ac46e6bd3,17,0,7.666666666666667,194,0
6a7fabb582ba586ac46e6bd3,16,0,7.75,194,0
6a7fabb582ba586ac46e6bd3,15,1,7.6,194,0
6a7fabb582ba586ac46e6bd3,14,3,6.833333333333333,194,0
6a7fabb582ba586ac46e6bd3,14,3,7,194,0
6a7fabb582ba586ac46e6bd3,13,3,7.714285714285714,194,0
6a7fabb582ba586ac46e6bd3,12,3,7.625,194,0
6a7fabb582ba586ac46e6bd3,11,3,7.888888888888889,194,0
6a7fabb582ba586ac46e6bd3,10,3,8,194,0
6a7fabb582ba586ac46e6bd3,9,3,7.818181818181818,194,0
6a7fabb582ba586ac46e6bd3,8,3,7.5,194,0
6a7fabb582ba586ac46e6bd3,8,3,7.666666666666667,194,0
6a7fabb582ba586ac46e6bd3,7,3,7.461538461538462,194,0
6a7fabb582ba586ac46e6bd3,6,3,7.785714285714286,194,0
6a7fabb582ba586ac46e6bd3,5,3,7.733333333333333,194,0
6a7fabb582ba586ac46e6bd3,4,3,7.9375,194,0
6a7fabb582ba586ac46e6bd3,3,3,8.235294117647058,194,0
6a7fabb582ba586ac46e6bd3,2,3,8.277777777777779,194,0
6a7fabb582ba586ac46e6bd3,1,3,8,194,0
6a7fabb582ba586ac46e6bd7,19,0,15,169,1
6a7fabb582ba586ac46e6bd7,18,0,9.5,169,1
6a7fabb582ba586ac46e6bd7,17,0,8.333333333333334,169,1
6a7fabb582ba586ac46e6bd7,16,0,8.25,169,1
6a7fabb582ba586ac46e6bd7,15,0,6.8,169,1
6a7fabb582ba586ac46e6bd7,14,0,7.166666666666667,169,1
6a7fabb582ba586ac46e6bd7,13,0,9.428571428571429,169,1
6a7fabb582ba586ac46e6bd7,12,1,9.75,169,1
6a7fabb582ba586ac46e6bd7,11,1,9.666666666666666,169,1
6a7fabb582ba586ac46e6bd7,10,1,10.5,169,1
6a7fabb582ba586ac46e6bd7,9,1,10.454545454545455,169,1
6a7fabb582ba586ac46e6bd7,8,1,10.083333333333334,169,1
6a7fabb582ba586ac46e6bd7,7,2,10.23076923076923,169,1
6a7fabb582ba586ac46e6bd7,6,2,9.714285714285714,169,1
6a7fabb582ba586ac46e6bd7,5,2,9.466666666666667,169,1
6a7fabb582ba586ac46e6bd7,4,2,9.75,169,1
6a7fabb582ba586ac46e6bd7,3,3,9.647058823529411,169,1
6a7fabb582ba586ac46e6bdb,19,0,9,184,0
6a7fabb582ba586ac46e6bdb,19,0,10,184,0
6a7fabb582ba586ac46e6bdb,18,0,6,184,0
6a7fabb582ba586ac46e6bdb,17,0,9.666666666666666,184,0
6a7fabb582ba586ac46e6bdb,16,1,9.75,184,0
6a7fabb582ba586ac46e6bdb,15,2,9.6,184,0
6a7fabb582ba586ac46e6bdb,15,2,9.8,184,0
6a7fabb582ba586ac46e6bdb,14,2,10.833333333333334,184,0
6a7fabb582ba586ac46e6bdb,13,2,10,184,0
6a7fabb582ba586ac46e6bdb,12,2,9.75,184,0
6a7fabb582ba586ac46e6bdb,11,2,9.333333333333334,184,0
6a7fabb582ba586ac46e6bdb,10,2,9.5,184,0
6a7fabb582ba586ac46e6bdb,9,2,9.545454545454545,184,0
6a7fabb582ba586ac46e6bdb,8,2,9.583333333333334,184,0
6a7fabb582ba586ac46e6bdb,7,2,9.076923076923077,184,0
6a7fabb582ba586ac46e6bdb,7,2,9.23076923076923,184,0
6a7fabb582ba586ac46e6bdb,6,2,9.5,184,0
6a7fabb582ba586ac46e6bdb,5,2,9.4,184,0
6a7fabb582ba586ac46e6bdb,4,3,9.25,184,0
6a7fabb582ba586ac46e6bdb,3,3,8.941176470588236,184,0
6a7fabb582ba586ac46e6bdb,2,4,9.055555555555555,184,0
6a7fabb582ba586ac46e6bdb,1,6,8.68421052631579,184,0
6a7fabb582ba586ac46e6bdf,19,0,13,176,1
6a7fabb582ba586ac46e6bdf,18,0,10.5,176,1
6a7fabb582ba586ac46e6bdf,17,0,11,176,1
6a7fabb582ba586ac46e6bdf,16,0,10.5,176,1
6a7fabb582ba586ac46e6bdf,16,0,10.75,176,1
6a7fabb582ba586ac46e6bdf,15,0,11.8,176,1
6a7fabb582ba586ac46e6bdf,14,0,12,176,1
6a7fabb582ba586ac46e6bdf,13,1,11.285714285714286,176,1
6a7fabb582ba586ac46e6bdf,12,1,10.75,176,1
6a7fabb582ba586ac46e6bdf,11,1,11.11111111111111,176,1
6a7fabb582ba586ac46e6bdf,11,1,11.222222222222221,176,1
6a7fabb582ba586ac46e6bdf,10,2,10.6,176,1
6a7fabb582ba586ac46e6bdf,9,3,10,176,1
6a7fabb582ba586ac46e6bdf,9,3,10.090909090909092,176,1
6a7fabb582ba586ac46e6bdf,8,3,10.416666666666666,176,1
6a7fabb582ba586ac46e6bdf,7,3,10.384615384615385,176,1
6a7fabb582ba586ac46e6bdf,6,3,10.142857142857142,176,1
6a7fabb582ba586ac46e6bdf,5,3,10.2,176,1
6a7fabb582ba586ac46e6bdf,4,3,10.5,176,1
6a7fabb582ba586ac46e6bdf,3,3,10.235294117647058,176,1
6a7fabb582ba586ac46e6be3,19,1,19,189,1
6a7fabb582ba586ac46e6be3,18,1,15,189,1
6a7fabb582ba586ac46e6be3,17,1,13.333333333333334,189,1
6a7fabb582ba586ac46e6be3,16,1,15.5,189,1
6a7fabb582ba586ac46e6be3,15,1,14,189,1
6a7fabb582ba586ac46e6be3,14,1,13.666666666666666,189,1
6a7fabb582ba586ac46e6be3,13,1,13.285714285714286,189,1
6a7fabb582ba586ac46e6be3,12,1,12.375,189,1
6a7fabb582ba586ac46e6be3,12,1,12.5,189,1
6a7fabb582ba586ac46e6be3,11,1,12.333333333333334,189,1
6a7fabb582ba586ac46e6be3,11,1,12.444444444444445,189,1
6a7fabb582ba586ac46e6be3,10,1,11.6,189,1
6a7fabb582ba586ac46e6be3,9,1,10.818181818181818,189,1
6a7fabb582ba586ac46e6be3,8,1,10.75,189,1
6a7fabb582ba586ac46e6be3,7,1,10.846153846153847,189,1
6a7fabb582ba586ac46e6be3,6,1,10.571428571428571,189,1
6a7fabb582ba586ac46e6be3,5,1,10.133333333333333,189,1
6a7fabb582ba586ac46e6be3,4,1,10.125,189,1
6a7fabb582ba586ac46e6be3,3,2,10.176470588235293,189,1
6a7fabb582ba586ac46e6be3,2,3,9.833333333333334,189,1
6a7fabb582ba586ac46e6be3,1,3,9.789473684210526,189,1
6a7fabb582ba586ac46e6be7,19,2,8,168,1
6a7fabb582ba586ac46e6be7,18,3,10,168,1
6a7fabb582ba586ac46e6be7,17,4,10,168,1
6a7fabb582ba586ac46e6be7,16,4,9,168,1
6a7fabb582ba586ac46e6be7,15,4,10.6,168,1
6a7fabb582ba586ac46e6be7,14,4,12.333333333333334,168,1
6a7fabb582ba586ac46e6be7,13,4,12.142857142857142,168,1
6a7fabb582ba586ac46e6be7,12,4,11.75,168,1
6a7fabb582ba586ac46e6be7,11,4,10.555555555555555,168,1
6a7fabb582ba586ac46e6be7,10,4,11.1,168,1
6a7fabb582ba586ac46e6be7,9,4,11.090909090909092,168,1
6a7fabb582ba586ac46e6be7,8,4,11.083333333333334,168,1
6a7fabb582ba586ac46e6be7,7,4,10.692307692307692,168,1
6a7fabb582ba586ac46e6be7,6,4,10.428571428571429,168,1
6a7fabb582ba586ac46e6be7,5,4,9.933333333333334,168,1
6a7fabb582ba586ac46e6be7,4,4,9.9375,168,1
6a7fabb582ba586ac46e6be7,3,4,9.411764705882353,168,1
6a7fabb582ba586ac46e6beb,19,0,11,194,1
6a7fabb582ba586ac46e6beb,18,0,14.5,194,1
6a7fabb582ba586ac46e6beb,17,0,15.666666666666666,194,1
6a7fabb582ba586ac46e6beb,16,0,16,194,1
6a7fabb582ba586ac46e6beb,15,0,14,194,1
6a7fabb582ba586ac46e6beb,14,0,13.833333333333334,194,1
6a7fabb582ba586ac46e6beb,13,1,12.571428571428571,194,1
6a7fabb582ba586ac46e6beb,12,1,11.875,194,1
6a7fabb582ba586ac46e6beb,11,3,11,194,1
6a7fabb582ba586ac46e6beb,11,3,11.11111111111111,194,1
6a7fabb582ba586ac46e6beb,10,3,10.2,194,1
6a7fabb582ba586ac46e6beb,9,4,9.363636363636363,194,1
6a7fabb582ba586ac46e6beb,8,4,9.666666666666666,194,1
6a7fabb582ba586ac46e6beb,7,4,10.384615384615385,194,1
6a7fabb582ba586ac46e6beb,6,4,10.214285714285714,194,1
6a7fabb582ba586ac46e6beb,5,5,10.4,194,1
6a7fabb582ba586ac46e6beb,4,5,10.0625,194,1
6a7fabb582ba586ac46e6beb,3,6,10,194,1
6a7fabb582ba586ac46e6beb,2,7,9.944444444444445,194,1
6a7fabb582ba586ac46e6beb,1,7,9.736842105263158,194,1
6a7fabb582ba586ac46e6bef,19,1,4,183,1
6a7fabb582ba586ac46e6bef,18,1,7,183,1
6a7fabb582ba586ac46e6bef,18,1,7.5,183,1
6a7fabb582ba586ac46e6bef,18,1,8,183,1
6a7fabb582ba586ac46e6bef,17,1,12,183,1
6a7fabb582ba586ac46e6bef,17,1,12.333333333333334,183,1
6a7fabb582ba586ac46e6bef,16,2,11.5,183,1
6a7fabb582ba586ac46e6bef,15,2,11.8,183,1
6a7fabb582ba586ac46e6bef,14,2,11.333333333333334,183,1
6a7fabb582ba586ac46e6bef,13,2,10,183,1
6a7fabb582ba586ac46e6bef,13,2,10.142857142857142,183,1
6a7fabb582ba586ac46e6bef,12,2,9.625,183,1
6a7fabb582ba586ac46e6bef,11,2,10.11111111111111,183,1
6a7fabb582ba586ac46e6bef,10,3,10.1,183,1
6a7fabb582ba586ac46e6bef,9,3,10.090909090909092,183,1
6a7fabb582ba586ac46e6bef,8,3,10,183,1
6a7fabb582ba586ac46e6bef,7,3,9.692307692307692,183,1
6a7fabb582ba586ac46e6bef,7,3,9.76923076923077,183,1
6a7fabb582ba586ac46e6bef,6,3,9.714285714285714,183,1
6a7fabb582ba586ac46e6bef,5,5,9.8,183,1
6a7fabb582ba586ac46e6bef,4,6,9.3125,183,1
6a7fabb582ba586ac46e6bef,4,6,9.5,183,1
6a7fabb582ba586ac46e6bef,3,6,9.647058823529411,183,1
6a7fabb582ba586ac46e6bef,2,7,9.666666666666666,183,1
6a7fabb582ba586ac46e6bef,1,7,9.631578947368421,183,1
6a7fabb582ba586ac46e6bf3,19,0,8,209,0
6a7fabb582ba586ac46e6bf3,18,0,5.5,209,0
6a7fabb582ba586ac46e6bf3,17,0,6.333333333333333,209,0
6a7fabb582ba586ac46e6bf3,16,0,8.75,209,0
6a7fabb582ba586ac46e6bf3,15,1,8.8,209,0
6a7fabb582ba586ac46e6bf3,14,1,9.666666666666666,209,0
6a7fabb582ba586ac46e6bf3,13,2,9.428571428571429,209,0
6a7fabb582ba586ac46e6bf3,12,2,10,209,0
6a7fabb582ba586ac46e6bf3,11,2,10,209,0
6a7fabb582ba586ac46e6bf3,10,2,9.5,209,0
6a7fabb582ba586ac46e6bf3,9,2,9.181818181818182,209,0
6a7fabb582ba586ac46e6bf3,8,2,9.333333333333334,209,0
6a7fabb582ba586ac46e6bf3,7,2,9.076923076923077,209,0
6a7fabb582ba586ac46e6bf3,6,2,9.285714285714286,209,0
6a7fabb582ba586ac46e6bf3,5,2,8.866666666666667,209,0
6a7fabb582ba586ac46e6bf3,4,2,9.0625,209,0
6a7fabb582ba586ac46e6bf3,3,2,9.470588235294118,209,0
6a7fabb582ba586ac46e6bf3,2,2,9.666666666666666,209,0
6a7fabb582ba586ac46e6bf3,1,3,9.526315789473685,209,0
6a7fabb582ba586ac46e6bf7,19,0,9,163,1
6a7fabb582ba586ac46e6bf7,18,0,12.5,163,1
6a7fabb582ba586ac46e6bf7,17,1,9.333333333333334,163,1
6a7fabb582ba586ac46e6bf7,16,1,7.75,163,1
6a7fabb582ba586ac46e6bf7,15,1,8.6,163,1
6a7fabb582ba586ac46e6bf7,14,1,8,163,1
6a7fabb582ba586ac46e6bf7,13,1,8.142857142857142,163,1
6a7fabb582ba586ac46e6bf7,12,1,8.25,163,1
6a7fabb582ba586ac46e6bf7,11,1,7.888888888888889,163,1
6a7fabb582ba586ac46e6bf7,10,2,7.8,163,1
6a7fabb582ba586ac46e6bf7,9,2,7.636363636363637,163,1
6a7fabb582ba586ac46e6bf7,8,2,7.5,163,1
6a7fabb582ba586ac46e6bf7,7,2,7.153846153846154,163,1
6a7fabb582ba586ac46e6bf7,6,2,7.142857142857143,163,1
6a7fabb582ba586ac46e6bf7,5,2,6.866666666666666,163,1
6a7fabb582ba586ac46e6bf7,4,2,6.9375,163,1
6a7fabb582ba586ac46e6bf7,3,2,7.352941176470588,163,1
6a7fabb582ba586ac46e6bf7,2,2,7.777777777777778,163,1
6a7fabb582ba586ac46e6bf7,1,3,7.842105263157895,163,1
6a7fabb582ba586ac46e6bfb,19,0,7,184,0
6a7fabb582ba586ac46e6bfb,18,1,6,184,0
6a7fabb582ba586ac46e6bfb,17,1,7,184,0
6a7fabb582ba586ac46e6bfb,16,1,8.25,184,0
6a7fabb582ba586ac46e6bfb,15,1,8.6,184,0
6a7fabb582ba586ac46e6bfb,14,1,8.333333333333334,184,0
6a7fabb582ba586ac46e6bfb,14,1,8.5,184,0
6a7fabb582ba586ac46e6bfb,13,1,9.428571428571429,184,0
6a7fabb582ba586ac46e6bfb,12,3,9,184,0
6a7fabb582ba586ac46e6bfb,11,3,8.88888888888889,184,0
6a7fabb582ba586ac46e6bfb,10,3,8.5,184,0
6a7fabb582ba586ac46e6bfb,9,3,7.818181818181818,184,0
6a7fabb582ba586ac46e6bfb,8,3,7.5,184,0
6a7fabb582ba586ac46e6bfb,7,3,7.230769230769231,184,0
6a7fabb582ba586ac46e6bfb,6,5,7.214285714285714,184,0
6a7fabb582ba586ac46e6bfb,5,5,8.266666666666667,184,0
6a7fabb582ba586ac46e6bfb,4,5,8.125,184,0
6a7fabb582ba586ac46e6bfb,3,5,7.823529411764706,184,0
6a7fabb582ba586ac46e6bfb,3,5,8,184,0
6a7fabb582ba586ac46e6bfb,2,6,7.666666666666667,184,0
6a7fabb582ba586ac46e6bfb,1,6,7.526315789473684,184,0
6a7fabb582ba586ac46e6bff,19,0,24,192,1
6a7fabb582ba586ac46e6bff,18,0,16,192,1
6a7fabb582ba586ac46e6bff,18,0,16.5,192,1
6a7fabb582ba586ac46e6bff,17,0,14.333333333333334,192,1
6a7fabb582ba586ac46e6bff,16,0,13,192,1
6a7fabb582ba586ac46e6bff,15,0,12.2,192,1
6a7fabb582ba586ac46e6bff,14,1,11.166666666666666,192,1
6a7fabb582ba586ac46e6bff,14,1,11.333333333333334,192,1
6a7fabb582ba586ac46e6bff,13,1,11.571428571428571,192,1
6a7fabb582ba586ac46e6bff,12,1,11.125,192,1
6a7fabb582ba586ac46e6bff,11,1,11.444444444444445,192,1
6a7fabb582ba586ac46e6bff,10,1,11.3,192,1
6a7fabb582ba586ac46e6bff,9,1,11.090909090909092,192,1
6a7fabb582ba586ac46e6bff,8,1,11,192,1
6a7fabb582ba586ac46e6bff,7,3,10.384615384615385,192,1
6a7fabb582ba586ac46e6bff,6,4,10.285714285714286,192,1
6a7fabb582ba586ac46e6bff,5,4,10.466666666666667,192,1
6a7fabb582ba586ac46e6bff,4,5,10,192,1
6a7fabb582ba586ac46e6bff,3,5,10.058823529411764,192,1
6a7fabb582ba586ac46e6bff,2,5,10.333333333333334,192,1
6a7fabb582ba586ac46e6c03,19,1,14,216,0
6a7fabb582ba586ac46e6c03,18,1,13.5,216,0
6a7fabb582ba586ac46e6c03,17,3,12,216,0
6a7fabb582ba586ac46e6c03,16,3,12.25,216,0
6a7fabb582ba586ac46e6c03,15,3,12.4,216,0
6a7fabb582ba586ac46e6c03,14,4,12,216,0
6a7fabb582ba586ac46e6c03,13,4,10.571428571428571,216,0
6a7fabb582ba586ac46e6c03,12,5,10.5,216,0
6a7fabb582ba586ac46e6c03,11,5,10,216,0
6a7fabb582ba586ac46e6c03,10,5,10,216,0
6a7fabb582ba586ac46e6c03,9,5,9.545454545454545,216,0
6a7fabb582ba586ac46e6c03,8,5,9.166666666666666,216,0
6a7fabb582ba586ac46e6c03,7,5,8.76923076923077,216,0
6a7fabb582ba586ac46e6c03,6,5,8.571428571428571,216,0
6a7fabb582ba586ac46e6c03,5,5,8.533333333333333,216,0
6a7fabb582ba586ac46e6c03,4,6,8.125,216,0
6a7fabb582ba586ac46e6c03,3,6,8.117647058823529,216,0
6a7fabb582ba586ac46e6c03,2,6,7.777777777777778,216,0
6a7fabb582ba586ac46e6c03,1,7,7.842105263157895,216,0
6a7fabb582ba586ac46e6c07,19,1,4,156,1
6a7fabb582ba586ac46e6c07,18,1,5,156,1
6a7fabb582ba586ac46e6c07,17,1,8.666666666666666,156,1
6a7fabb582ba586ac46e6c07,16,2,8.25,156,1
6a7fabb582ba586ac46e6c07,15,3,8,156,1
6a7fabb582ba586ac46e6c07,14,4,7.333333333333333,156,1
6a7fabb582ba586ac46e6c07,13,4,8.142857142857142,156,1
6a7fabb582ba586ac46e6c07,12,4,8.25,156,1
6a7fabb582ba586ac46e6c07,11,5,7.888888888888889,156,1
6a7fabb582ba586ac46e6c07,10,5,8.8,156,1
6a7fabb582ba586ac46e6c07,9,5,8.636363636363637,156,1
6a7fabb582ba586ac46e6c07,8,5,8.583333333333334,156,1
6a7fabb582ba586ac46e6c07,7,5,8.615384615384615,156,1
6a7fabb582ba586ac46e6c07,6,5,8.785714285714286,156,1
6a7fabb582ba586ac46e6c07,5,5,8.8,156,1
6a7fabb582ba586ac46e6c07,4,5,9,156,1
6a7fabb582ba586ac46e6c07,3,5,8.823529411764707,156,1
6a7fabb582ba586ac46e6c07,3,5,8.882352941176471,156,1
6a7fabb582ba586ac46e6c07,2,5,8.61111111111111,156,1
6a7fabb582ba586ac46e6c0b,19,0,13,176,1
6a7fabb582ba586ac46e6c0b,18,0,12,176,1
6a7fabb582ba586ac46e6c0b,17,1,8.666666666666666,176,1
6a7fabb582ba586ac46e6c0b,16,1,8.75,176,1
6a7fabb582ba586ac46e6c0b,15,1,9.6,176,1
6a7fabb582ba586ac46e6c0b,14,2,9.166666666666666,176,1
6a7fabb582ba586ac46e6c0b,13,2,8.571428571428571,176,1
6a7fabb582ba586ac46e6c0b,12,2,8.25,176,1
6a7fabb582ba586ac46e6c0b,11,3,8,176,1
6a7fabb582ba586ac46e6c0b,10,3,8.3,176,1
6a7fabb582ba586ac46e6c0b,9,3,9.181818181818182,176,1
6a7fabb582ba586ac46e6c0b,8,3,9.416666666666666,176,1
6a7fabb582ba586ac46e6c0b,7,3,9.846153846153847,176,1
6a7fabb582ba586ac46e6c0b,6,4,9.928571428571429,176,1
6a7fabb582ba586ac46e6c0b,5,5,9.666666666666666,176,1
6a7fabb582ba586ac46e6c0b,4,6,9.25,176,1
6a7fabb582ba586ac46e6c0b,3,6,8.941176470588236,176,1
6a7fabb582ba586ac46e6c0b,2,6,8.777777777777779,176,1
6a7fabb582ba586ac46e6c0b,1,6,8.526315789473685,176,1
6a7fabb582ba586ac46e6c0b,1,6,8.578947368421053,176,1
6a7fabb582ba586ac46e6c0f,19,0,10,129,1
6a7fabb582ba586ac46e6c0f,19,0,11,129,1
6a7fabb582ba586ac46e6c0f,18,0,10.5,129,1
6a7fabb582ba586ac46e6c0f,17,1,10.333333333333334,129,1
6a7fabb582ba586ac46e6c0f,16,1,10.25,129,1
6a7fabb582ba586ac46e6c0f,15,1,9.8,129,1
6a7fabb582ba586ac46e6c0f,14,1,8.666666666666666,129,1
6a7fabb582ba586ac46e6c0f,13,2,8.571428571428571,129,1
6a7fabb582ba586ac46e6c0f,12,2,8.25,129,1
6a7fabb582ba586ac46e6c0f,11,2,8.88888888888889,129,1
6a7fabb582ba586ac46e6c0f,10,2,8.2,129,1
6a7fabb582ba586ac46e6c0f,9,3,7.636363636363637,129,1
6a7fabb582ba586ac46e6c0f,8,3,7.833333333333333,129,1
6a7fabb582ba586ac46e6c0f,7,3,8,129,1
6a7fabb582ba586ac46e6c0f,6,5,8.071428571428571,129,1
6a7fabb582ba586ac46e6c0f,5,5,8.2,129,1
6a7fabb582ba586ac46e6c13,19,0,13,197,0
6a7fabb582ba586ac46e6c13,18,0,11.5,197,0
6a7fabb582ba586ac46e6c13,17,1,10.333333333333334,197,0
6a7fabb582ba586ac46e6c13,16,1,10.25,197,0
6a7fabb582ba586ac46e6c13,15,1,9,197,0
6a7fabb582ba586ac46e6c13,14,1,9.333333333333334,197,0
6a7fabb582ba586ac46e6c13,13,1,9.857142857142858,197,0
6a7fabb582ba586ac46e6c13,12,1,10.125,197,0
6a7fabb582ba586ac46e6c13,11,2,9.444444444444445,197,0
6a7fabb582ba586ac46e6c13,10,3,8.8,197,0
6a7fabb582ba586ac46e6c13,9,3,9.272727272727273,197,0
6a7fabb582ba586ac46e6c13,8,4,9.416666666666666,197,0
6a7fabb582ba586ac46e6c13,7,6,9.076923076923077,197,0
6a7fabb582ba586ac46e6c13,6,7,8.642857142857142,197,0
6a7fabb582ba586ac46e6c13,5,8,8.133333333333333,197,0
6a7fabb582ba586ac46e6c13,4,8,7.9375,197,0
6a7fabb582ba586ac46e6c13,3,8,8.294117647058824,197,0
6a7fabb582ba586ac46e6c13,2,8,8.666666666666666,197,0
6a7fabb582ba586ac46e6c13,1,8,8.368421052631579,197,0
6a7fabb582ba586ac46e6c17,19,0,10,183,1
6a7fabb582ba586ac46e6c17,18,2,7,183,1
6a7fabb582ba586ac46e6c17,18,2,8.5,183,1
6a7fabb582ba586ac46e6c17,17,2,8,183,1
6a7fabb582ba586ac46e6c17,16,4,9.75,183,1
6a7fabb582ba586ac46e6c17,15,4,8.8,183,1
6a7fabb582ba586ac46e6c17,14,4,10,183,1
6a7fabb582ba586ac46e6c17,13,4,9.714285714285714,183,1
6a7fabb582ba586ac46e6c17,12,4,9.5,183,1
6a7fabb582ba586ac46e6c17,11,4,9.88888888888889,183,1
6a7fabb582ba586ac46e6c17,10,4,10.4,183,1
6a7fabb582ba586ac46e6c17,9,4,10.818181818181818,183,1
6a7fabb582ba586ac46e6c17,8,5,10.5,183,1
6a7fabb582ba586ac46e6c17,7,5,10.307692307692308,183,1
6a7fabb582ba586ac46e6c17,6,5,10.285714285714286,183,1
6a7fabb582ba586ac46e6c17,5,5,10.066666666666666,183,1
6a7fabb582ba586ac46e6c17,4,6,9.6875,183,1
6a7fabb582ba586ac46e6c17,3,6,9.352941176470589,183,1
6a7fabb582ba586ac46e6c17,2,6,9.38888888888889,183,1
6a7fabb582ba586ac46e6c17,1,6,9.157894736842104,183,1
6a7fabb582ba586ac46e6c17,1,6,9.210526315789474,183,1
6a7fabb582ba586ac46e6c1b,19,0,17,201,1
6a7fabb582ba586ac46e6c1b,18,0,13,201,1
6a7fabb582ba586ac46e6c1b,17,0,10.666666666666666,201,1
6a7fabb582ba586ac46e6c1b,16,1,11,201,1
6a7fabb582ba586ac46e6c1b,15,1,12.6,201,1
6a7fabb582ba586ac46e6c1b,14,2,11.666666666666666,201,1
6a7fabb582ba586ac46e6c1b,14,2,11.833333333333334,201,1
6a7fabb582ba586ac46e6c1b,13,2,11.571428571428571,201,1
6a7fabb582ba586ac46e6c1b,12,2,10.75,201,1
6a7fabb582ba586ac46e6c1b,11,2,11.333333333333334,201,1
6a7fabb582ba586ac46e6c1b,10,4,10.6,201,1
6a7fabb582ba586ac46e6c1b,9,4,11.363636363636363,201,1
6a7fabb582ba586ac46e6c1b,8,4,10.75,201,1
6a7fabb582ba586ac46e6c1b,7,4,10.461538461538462,201,1
6a7fabb582ba586ac46e6c1b,6,4,10.357142857142858,201,1
6a7fabb582ba586ac46e6c1b,5,4,10.8,201,1
6a7fabb582ba586ac46e6c1b,4,4,10.3125,201,1
6a7fabb582ba586ac46e6c1b,3,4,10.058823529411764,201,1
6a7fabb582ba586ac46e6c1b,2,5,10,201,1
6a7fabb582ba586ac46e6c1b,1,6,10.473684210526315,201,1
6a7fabb582ba586ac46e6c1f,19,0,9,175,0
6a7fabb582ba586ac46e6c1f,18,1,8.5,175,0
6a7fabb582ba586ac46e6c1f,17,1,8.666666666666666,175,0
6a7fabb582ba586ac46e6c1f,16,3,8.25,175,0
6a7fabb582ba586ac46e6c1f,15,3,8.4,175,0
6a7fabb582ba586ac46e6c1f,14,4,7.333333333333333,175,0
6a7fabb582ba586ac46e6c1f,13,4,7.285714285714286,175,0
6a7fabb582ba586ac46e6c1f,12,5,6.875,175,0
6a7fabb582ba586ac46e6c1f,11,5,7.333333333333333,175,0
6a7fabb582ba586ac46e6c1f,11,5,7.444444444444445,175,0
6a7fabb582ba586ac46e6c1f,10,6,7.4,175,0
6a7fabb582ba586ac46e6c1f,9,6,7.2727272727272725,175,0
6a7fabb582ba586ac46e6c1f,8,6,7.666666666666667,175,0
6a7fabb582ba586ac46e6c1f,7,6,7.461538461538462,175,0
6a7fabb582ba586ac46e6c1f,6,6,7.642857142857143,175,0
6a7fabb582ba586ac46e6c1f,5,6,7.533333333333333,175,0
6a7fabb582ba586ac46e6c1f,4,6,7.4375,175,0
6a7fabb582ba586ac46e6c1f,3,7,7.352941176470588,175,0
6a7fabb582ba586ac46e6c1f,3,7,7.411764705882353,175,0
6a7fabb582ba586ac46e6c1f,2,8,7.222222222222222,175,0
6a7fabb582ba586ac46e6c1f,2,8,7.277777777777778,175,0
6a7fabb582ba586ac46e6c1f,1,9,7.2105263157894735,175,0
6a7fabb582ba586ac46e6c23,19,0,10,204,0
6a7fabb582ba586ac46e6c23,18,0,7.5,204,0
6a7fabb582ba586ac46e6c23,17,0,7,204,0
6a7fabb582ba586ac46e6c23,16,0,9,204,0
6a7fabb582ba586ac46e6c23,15,0,9,204,0
6a7fabb582ba586ac46e6c23,14,1,10.333333333333334,204,0
6a7fabb582ba586ac46e6c23,13,2,9.571428571428571,204,0
6a7fabb582ba586ac46e6c23,12,2,8.875,204,0
6a7fabb582ba586ac46e6c23,11,2,8.88888888888889,204,0
6a7fabb582ba586ac46e6c23,10,2,8.9,204,0
6a7fabb582ba586ac46e6c23,9,2,9,204,0
6a7fabb582ba586ac46e6c23,8,2,9,204,0
6a7fabb582ba586ac46e6c23,7,3,8.538461538461538,204,0
6a7fabb582ba586ac46e6c23,6,4,8.571428571428571,204,0
6a7fabb582ba586ac46e6c23,5,4,8.466666666666667,204,0
6a7fabb582ba586ac46e6c23,4,4,8.4375,204,0
6a7fabb582ba586ac46e6c23,3,4,8.647058823529411,204,0
6a7fabb582ba586ac46e6c23,2,4,8.333333333333334,204,0
6a7fabb582ba586ac46e6c23,1,5,8.210526315789474,204,0
6a7fabb582ba586ac46e6c27,19,0,14,200,0
6a7fabb582ba586ac46e6c27,18,0,9,200,0
6a7fabb582ba586ac46e6c27,17,0,10,200,0
6a7fabb582ba586ac46e6c27,16,0,9.75,200,0
6a7fabb582ba586ac46e6c27,15,1,8.8,200,0
6a7fabb582ba586ac46e6c27,14,1,9,200,0
6a7fabb582ba586ac46e6c27,13,1,8.285714285714286,200,0
6a7fabb582ba586ac46e6c27,12,1,8.375,200,0
6a7fabb582ba586ac46e6c27,11,1,8.555555555555555,200,0
6a7fabb582ba586ac46e6c27,10,1,8.9,200,0
6a7fabb582ba586ac46e6c27,9,1,9.454545454545455,200,0
6a7fabb582ba586ac46e6c27,8,1,9.5,200,0
6a7fabb582ba586ac46e6c27,7,1,10.384615384615385,200,0
6a7fabb582ba586ac46e6c27,6,1,9.928571428571429,200,0
6a7fabb582ba586ac46e6c27,5,2,9.666666666666666,200,0
6a7fabb582ba586ac46e6c27,4,2,9.875,200,0
6a7fabb582ba586ac46e6c27,3,2,9.941176470588236,200,0
6a7fabb582ba586ac46e6c27,2,2,9.777777777777779,200,0
6a7fabb582ba586ac46e6c27,1,2,9.631578947368421,200,0
6a7fabb582ba586ac46e6c27,1,2,9.68421052631579,200,0
6a7fabb582ba586ac46e6c2b,19,1,7,196,0
6a7fabb582ba586ac46e6c2b,18,3,5.5,196,0
6a7fabb582ba586ac46e6c2b,17,4,5.666666666666667,196,0
6a7fabb582ba586ac46e6c2b,16,5,5.75,196,0
6a7fabb582ba586ac46e6c2b,15,5,6.6,196,0
6a7fabb582ba586ac46e6c2b,14,6,6.666666666666667,196,0
6a7fabb582ba586ac46e6c2b,13,6,6.571428571428571,196,0
6a7fabb582ba586ac46e6c2b,12,6,8,196,0
6a7fabb582ba586ac46e6c2b,11,6,8.333333333333334,196,0
6a7fabb582ba586ac46e6c2b,10,6,8.6,196,0
6a7fabb582ba586ac46e6c2b,9,6,8.909090909090908,196,0
6a7fabb582ba586ac46e6c2b,8,6,8.583333333333334,196,0
6a7fabb582ba586ac46e6c2b,7,6,8.384615384615385,196,0
6a7fabb582ba586ac46e6c2b,6,6,8.142857142857142,196,0
6a7fabb582ba586ac46e6c2b,5,7,8.066666666666666,196,0
6a7fabb582ba586ac46e6c2b,4,7,7.875,196,0
6a7fabb582ba586ac46e6c2b,3,7,8.058823529411764,196,0
6a7fabb582ba586ac46e6c2b,2,7,8.38888888888889,196,0
6a7fabb582ba586ac46e6c2b,1,7,8.526315789473685,196,0
6a7fabb582ba586ac46e6c2f,19,0,7,146,1
6a7fabb582ba586ac46e6c2f,18,0,7,146,1
6a7fabb582ba586ac46e6c2f,17,1,7.666666666666667,146,1
6a7fabb582ba586ac46e6c2f,16,2,8.25,146,1
6a7fabb582ba586ac46e6c2f,15,2,9.4,146,1
6a7fabb582ba586ac46e6c2f,14,2,8.333333333333334,146,1
6a7fabb582ba586ac46e6c2f,13,4,8.428571428571429,146,1
6a7fabb582ba586ac46e6c2f,12,4,8.875,146,1
6a7fabb582ba586ac46e6c2f,11,5,8.333333333333334,146,1
6a7fabb582ba586ac46e6c2f,10,5,8.3,146,1
6a7fabb582ba586ac46e6c2f,9,5,8.545454545454545,146,1
6a7fabb582ba586ac46e6c2f,8,5,8.5,146,1
6a7fabb582ba586ac46e6c2f,7,6,8.23076923076923,146,1
6a7fabb582ba586ac46e6c2f,6,6,7.785714285714286,146,1
6a7fabb582ba586ac46e6c2f,5,6,8.4,146,1
6a7fabb582ba586ac46e6c2f,4,6,8.5625,146,1
6a7fabb582ba586ac46e6c2f,4,6,8.625,146,1
6a7fabb582ba586ac46e6c33,19,0,9,182,0
6a7fabb582ba586ac46e6c33,18,0,11,182,0
6a7fabb582ba586ac46e6c33,17,0,9.333333333333334,182,0
6a7fabb582ba586ac46e6c33,16,0,9.5,182,0
6a7fabb582ba586ac46e6c33,15,0,10.2,182,0
6a7fabb582ba586ac46e6c33,14,0,10.166666666666666,182,0
6a7fabb582ba586ac46e6c33,13,0,10,182,0
6a7fabb582ba586ac46e6c33,12,0,9.375,182,0
6a7fabb582ba586ac46e6c33,11,0,9.555555555555555,182,0
6a7fabb582ba586ac46e6c33,10,0,9,182,0
6a7fabb582ba586ac46e6c33,9,1,9,182,0
6a7fabb582ba586ac46e6c33,8,1,8.5,182,0
6a7fabb582ba586ac46e6c33,7,1,8.307692307692308,182,0
6a7fabb582ba586ac46e6c33,6,1,8.071428571428571,182,0
6a7fabb582ba586ac46e6c33,5,1,8.066666666666666,182,0
6a7fabb582ba586ac46e6c33,5,1,8.2,182,0
6a7fabb582ba586ac46e6c33,4,1,8.1875,182,0
6a7fabb582ba586ac46e6c33,3,1,8.117647058823529,182,0
6a7fabb582ba586ac46e6c33,2,2,8.11111111111111,182,0
6a7fabb582ba586ac46e6c33,1,3,8.157894736842104,182,0
6a7fabb582ba586ac46e6c37,19,0,4,157,0
6a7fabb582ba586ac46e6c37,18,0,6,157,0
6a7fabb582ba586ac46e6c37,17,0,7.333333333333333,157,0
6a7fabb582ba586ac46e6c37,16,1,7.5,157,0
6a7fabb582ba586ac46e6c37,15,1,9.2,157,0
6a7fabb582ba586ac46e6c37,14,1,8.5,157,0
6a7fabb582ba586ac46e6c37,13,2,7.428571428571429,157,0
6a7fabb582ba586ac46e6c37,12,2,7.25,157,0
6a7fabb582ba586ac46e6c37,11,2,7.444444444444445,157,0
6a7fabb582ba586ac46e6c37,10,2,7.6,157,0
6a7fabb582ba586ac46e6c37,9,3,7.2727272727272725,157,0
6a7fabb582ba586ac46e6c37,8,3,6.833333333333333,157,0
6a7fabb582ba586ac46e6c37,7,3,7,157,0
6a7fabb582ba586ac46e6c37,6,3,7.214285714285714,157,0
6a7fabb582ba586ac46e6c37,5,4,7.2,157,0
6a7fabb582ba586ac46e6c37,4,4,7.4375,157,0
6a7fabb582ba586ac46e6c37,3,5,7.294117647058823,157,0
6a7fabb582ba586ac46e6c37,2,5,7.111111111111111,157,0
6a7fabb582ba586ac46e6c37,1,5,7.2105263157894735,157,0
6a7fabb582ba586ac46e6c3b,19,2,2,134,1
6a7fabb582ba586ac46e6c3b,18,2,5,134,1
6a7fabb582ba586ac46e6c3b,17,3,4.666666666666667,134,1
6a7fabb582ba586ac46e6c3b,16,3,6.75,134,1
6a7fabb582ba586ac46e6c3b,15,3,7.4,134,1
6a7fabb582ba586ac46e6c3b,14,4,6.833333333333333,134,1
6a7fabb582ba586ac46e6c3b,13,4,6.428571428571429,134,1
6a7fabb582ba586ac46e6c3b,12,5,6.625,134,1
6a7fabb582ba586ac46e6c3b,11,5,6.777777777777778,134,1
6a7fabb582ba586ac46e6c3b,10,5,6.5,134,1
6a7fabb582ba586ac46e6c3b,9,5,7.090909090909091,134,1
6a7fabb582ba586ac46e6c3b,8,5,7.5,134,1
6a7fabb582ba586ac46e6c3b,7,5,7.538461538461538,134,1
6a7fabb582ba586ac46e6c3b,6,5,7.928571428571429,134,1
6a7fabb582ba586ac46e6c3b,5,5,7.533333333333333,134,1
6a7fabb582ba586ac46e6c3b,4,6,7.125,134,1
6a7fabb582ba586ac46e6c3b,3,6,7.294117647058823,134,1
6a7fabb582ba586ac46e6c3b,2,7,7.333333333333333,134,1
6a7fabb582ba586ac46e6c3f,19,0,5,153,1
6a7fabb582ba586ac46e6c3f,18,1,5,153,1
6a7fabb582ba586ac46e6c3f,17,1,5.666666666666667,153,1
6a7fabb582ba586ac46e6c3f,16,1,7.25,153,1
6a7fabb582ba586ac46e6c3f,15,1,7.8,153,1
6a7fabb582ba586ac46e6c3f,14,1,9.166666666666666,153,1
6a7fabb582ba586ac46e6c3f,13,1,10,153,1
6a7fabb582ba586ac46e6c3f,12,1,9.375,153,1
6a7fabb582ba586ac46e6c3f,11,1,9.777777777777779,153,1
6a7fabb582ba586ac46e6c3f,10,1,9.7,153,1
6a7fabb582ba586ac46e6c3f,9,1,9.181818181818182,153,1
6a7fabb582ba586ac46e6c3f,9,1,9.272727272727273,153,1
6a7fabb582ba586ac46e6c3f,8,1,9.416666666666666,153,1
6a7fabb582ba586ac46e6c3f,7,1,9.23076923076923,153,1
6a7fabb582ba586ac46e6c3f,6,1,9.214285714285714,153,1
6a7fabb582ba586ac46e6c3f,5,1,9.866666666666667,153,1
6a7fabb582ba586ac46e6c3f,4,1,9.6875,153,1
6a7fabb582ba586ac46e6c43,19,1,11,164,1
6a7fabb582ba586ac46e6c43,18,1,7,164,1
6a7fabb582ba586ac46e6c43,17,1,9,164,1
6a7fabb582ba586ac46e6c43,16,1,10.5,164,1
6a7fabb582ba586ac46e6c43,15,2,9.2,164,1
6a7fabb582ba586ac46e6c43,14,2,8.833333333333334,164,1
6a7fabb582ba586ac46e6c43,13,2,8.571428571428571,164,1
6a7fabb582ba586ac46e6c43,12,2,8.875,164,1
6a7fabb582ba586ac46e6c43,11,2,8.666666666666666,164,1
6a7fabb582ba586ac46e6c43,10,2,8.6,164,1
6a7fabb582ba586ac46e6c43,9,2,8.545454545454545,164,1
6a7fabb582ba586ac46e6c43,9,2,8.727272727272727,164,1
6a7fabb582ba586ac46e6c43,8,2,9.833333333333334,164,1
6a7fabb582ba586ac46e6c43,7,2,9.461538461538462,164,1
6a7fabb582ba586ac46e6c43,6,2,9.5,164,1
6a7fabb582ba586ac46e6c43,5,2,9.333333333333334,164,1
6a7fabb582ba586ac46e6c43,4,2,9.8125,164,1
6a7fabb582ba586ac46e6c43,3,2,9.588235294117647,164,1
6a7fabb582ba586ac46e6c47,19,0,12,171,1
6a7fabb582ba586ac46e6c47,18,0,10.5,171,1
6a7fabb582ba586ac46e6c47,17,0,11,171,1
6a7fabb582ba586ac46e6c47,16,1,9.5,171,1
6a7fabb582ba586ac46e6c47,16,1,9.75,171,1
6a7fabb582ba586ac46e6c47,16,1,10,171,1
6a7fabb582ba586ac46e6c47,15,1,9.4,171,1
6a7fabb582ba586ac46e6c47,15,1,9.6,171,1
6a7fabb582ba586ac46e6c47,14,2,9.333333333333334,171,1
6a7fabb582ba586ac46e6c47,13,2,9,171,1
6a7fabb582ba586ac46e6c47,12,3,8.75,171,1
6a7fabb582ba586ac46e6c47,11,3,8.555555555555555,171,1
6a7fabb582ba586ac46e6c47,10,3,9.2,171,1
6a7fabb582ba586ac46e6c47,9,3,8.909090909090908,171,1
6a7fabb582ba586ac46e6c47,8,4,8.583333333333334,171,1
6a7fabb582ba586ac46e6c47,7,4,8.461538461538462,171,1
6a7fabb582ba586ac46e6c47,6,4,8.285714285714286,171,1
6a7fabb582ba586ac46e6c47,5,6,8.466666666666667,171,1
6a7fabb582ba586ac46e6c47,4,6,8.9375,171,1
6a7fabb582ba586ac46e6c47,3,6,9,171,1
6a7fabb582ba586ac46e6c47,2,6,9.333333333333334,171,1
6a7fabb582ba586ac46e6c4b,19,0,17,158,1
6a7fabb582ba586ac46e6c4b,18,0,14,158,1
6a7fabb582ba586ac46e6c4b,17,0,14,158,1
6a7fabb582ba586ac46e6c4b,17,0,14.333333333333334,158,1
6a7fabb582ba586ac46e6c4b,16,0,11.75,158,1
6a7fabb582ba586ac46e6c4b,15,1,10.6,158,1
6a7fabb582ba586ac46e6c4b,14,2,9.666666666666666,158,1
6a7fabb582ba586ac46e6c4b,13,2,9,158,1
6a7fabb582ba586ac46e6c4b,12,2,8.625,158,1
6a7fabb582ba586ac46e6c4b,11,2,8.444444444444445,158,1
6a7fabb582ba586ac46e6c4b,10,2,8.1,158,1
6a7fabb582ba586ac46e6c4b,9,2,8.363636363636363,158,1
6a7fabb582ba586ac46e6c4b,8,2,8.75,158,1
6a7fabb582ba586ac46e6c4b,8,2,8.833333333333334,158,1
6a7fabb582ba586ac46e6c4b,7,2,8.923076923076923,158,1
6a7fabb582ba586ac46e6c4b,6,3,8.714285714285714,158,1
6a7fabb582ba586ac46e6c4b,5,4,8.333333333333334,158,1
6a7fabb582ba586ac46e6c4b,4,4,8.125,158,1
6a7fabb582ba586ac46e6c4b,3,4,8.117647058823529,158,1
6a7fabb582ba586ac46e6c4b,2,4,8.444444444444445,158,1
6a7fabb582ba586ac46e6c4b,2,4,8.722222222222221,158,1
6a7fabb582ba586ac46e6c4f,19,1,7,156,1
6a7fabb582ba586ac46e6c4f,18,1,7,156,1
6a7fabb582ba586ac46e6c4f,17,1,9.333333333333334,156,1
6a7fabb582ba586ac46e6c4f,16,1,8.25,156,1
6a7fabb582ba586ac46e6c4f,15,2,7.4,156,1
6a7fabb582ba586ac46e6c4f,15,2,7.6,156,1
6a7fabb582ba586ac46e6c4f,14,2,9,156,1
6a7fabb582ba586ac46e6c4f,13,2,9.428571428571429,156,1
6a7fabb582ba586ac46e6c4f,12,3,9.75,156,1
6a7fabb582ba586ac46e6c4f,11,3,11.11111111111111,156,1
6a7fabb582ba586ac46e6c4f,10,3,11,156,1
6a7fabb582ba586ac46e6c4f,10,3,11.1,156,1
6a7fabb582ba586ac46e6c4f,9,3,11.636363636363637,156,1
6a7fabb582ba586ac46e6c4f,8,4,11.666666666666666,156,1
6a7fabb582ba586ac46e6c4f,7,4,11,156,1
6a7fabb582ba586ac46e6c4f,6,4,10.928571428571429,156,1
6a7fabb582ba586ac46e6c53,19,1,9,156,0
6a7fabb582ba586ac46e6c53,18,1,6.5,156,0
6a7fabb582ba586ac46e6c53,17,1,6,156,0
6a7fabb582ba586ac46e6c53,16,2,5.5,156,0
6a7fabb582ba586ac46e6c53,15,2,5.8,156,0
6a7fabb582ba586ac46e6c53,14,4,5.833333333333333,156,0
6a7fabb582ba586ac46e6c53,13,5,5.571428571428571,156,0
6a7fabb582ba586ac46e6c53,12,5,5.875,156,0
6a7fabb582ba586ac46e6c53,11,5,5.666666666666667,156,0
6a7fabb582ba586ac46e6c53,10,5,6.6,156,0
6a7fabb582ba586ac46e6c53,9,5,6.181818181818182,156,0
6a7fabb582ba586ac46e6c53,8,6,6.583333333333333,156,0
6a7fabb582ba586ac46e6c53,7,6,6.846153846153846,156,0
6a7fabb582ba586ac46e6c53,6,6,7.142857142857143,156,0
6a7fabb582ba586ac46e6c53,5,7,7.333333333333333,156,0
6a7fabb582ba586ac46e6c53,4,7,7.4375,156,0
6a7fabb582ba586ac46e6c53,3,7,7.588235294117647,156,0
6a7fabb582ba586ac46e6c53,2,8,7.277777777777778,156,0
6a7fabb582ba586ac46e6c53,1,8,7.368421052631579,156,0
6a7fabb582ba586ac46e6c57,19,0,9,180,0
6a7fabb582ba586ac46e6c57,18,0,8.5,180,0
6a7fabb582ba586ac46e6c57,17,0,8.333333333333334,180,0
6a7fabb582ba586ac46e6c57,16,0,7.25,180,0
6a7fabb582ba586ac46e6c57,15,0,6.2,180,0
6a7fabb582ba586ac46e6c57,14,0,5.5,180,0
6a7fabb582ba586ac46e6c57,13,0,5.857142857142857,180,0
6a7fabb582ba586ac46e6c57,13,0,6,180,0
6a7fabb582ba586ac46e6c57,12,0,5.625,180,0
6a7fabb582ba586ac46e6c57,11,0,5.888888888888889,180,0
6a7fabb582ba586ac46e6c57,10,0,6.2,180,0
6a7fabb582ba586ac46e6c57,9,0,6.7272727272727275,180,0
6a7fabb582ba586ac46e6c57,9,0,6.818181818181818,180,0
6a7fabb582ba586ac46e6c57,8,0,8.083333333333334,180,0
6a7fabb582ba586ac46e6c57,7,0,7.6923076923076925,180,0
6a7fabb582ba586ac46e6c57,6,0,8.785714285714286,180,0
6a7fabb582ba586ac46e6c57,5,0,8.4,180,0
6a7fabb582ba586ac46e6c57,4,0,7.9375,180,0
6a7fabb582ba586ac46e6c57,3,0,8.352941176470589,180,0
6a7fabb582ba586ac46e6c57,3,0,8.411764705882353,180,0
6a7fabb582ba586ac46e6c57,2,0,8.222222222222221,180,0
6a7fabb582ba586ac46e6c57,1,1,8.263157894736842,180,0
6a7fabb582ba586ac46e6c5b,19,0,7,172,0
6a7fabb582ba586ac46e6c5b,18,1,5,172,0
6a7fabb582ba586ac46e6c5b,17,1,6.333333333333333,172,0
6a7fabb582ba586ac46e6c5b,16,1,6.25,172,0
6a7fabb582ba586ac46e6c5b,15,2,6.2,172,0
6a7fabb582ba586ac46e6c5b,14,2,6.833333333333333,172,0
6a7fabb582ba586ac46e6c5b,13,2,6.142857142857143,172,0
6a7fabb582ba586ac46e6c5b,12,2,6.125,172,0
6a7fabb582ba586ac46e6c5b,12,2,6.25,172,0
6a7fabb582ba586ac46e6c5b,11,3,5.777777777777778,172,0
6a7fabb582ba586ac46e6c5b,10,3,6.5,172,0
6a7fabb582ba586ac46e6c5b,9,6,6.454545454545454,172,0
6a7fabb582ba586ac46e6c5b,8,6,6.583333333333333,172,0
6a7fabb582ba586ac46e6c5b,7,7,6.384615384615385,172,0
6a7fabb582ba586ac46e6c5b,6,7,6.428571428571429,172,0
6a7fabb582ba586ac46e6c5b,5,7,6.533333333333333,172,0
6a7fabb582ba586ac46e6c5b,4,7,6.3125,172,0
6a7fabb582ba586ac46e6c5b,3,7,6.352941176470588,172,0
6a7fabb582ba586ac46e6c5b,2,7,6.5,172,0
6a7fabb582ba586ac46e6c5b,1,7,6.473684210526316,172,0
6a7fabb582ba586ac46e6c5f,19,1,10,164,0
6a7fabb582ba586ac46e6c5f,18,1,9,164,0
6a7fabb582ba586ac46e6c5f,17,3,7.333333333333333,164,0
6a7fabb582ba586ac46e6c5f,16,3,7.5,164,0
6a7fabb582ba586ac46e6c5f,15,3,8.2,164,0
6a7fabb582ba586ac46e6c5f,14,3,6.833333333333333,164,0
6a7fabb582ba586ac46e6c5f,13,4,6.428571428571429,164,0
6a7fabb582ba586ac46e6c5f,12,4,6.75,164,0
6a7fabb582ba586ac46e6c5f,11,4,6.777777777777778,164,0
6a7fabb582ba586ac46e6c5f,10,4,6.4,164,0
6a7fabb582ba586ac46e6c5f,9,4,6,164,0
6a7fabb582ba586ac46e6c5f,8,4,5.916666666666667,164,0
6a7fabb582ba586ac46e6c5f,7,4,6.615384615384615,164,0
6a7fabb582ba586ac46e6c5f,6,4,7,164,0
6a7fabb582ba586ac46e6c5f,5,4,7.333333333333333,164,0
6a7fabb582ba586ac46e6c5f,5,4,7.4,164,0
6a7fabb582ba586ac46e6c5f,4,5,7.125,164,0
6a7fabb582ba586ac46e6c5f,3,6,7.470588235294118,164,0
6a7fabb582ba586ac46e6c5f,2,6,7.888888888888889,164,0
6a7fabb582ba586ac46e6c5f,2,6,7.944444444444445,164,0
6a7fabb582ba586ac46e6c5f,1,6,8.105263157894736,164,0
6a7fabb582ba586ac46e6c63,19,0,8,163,1
6a7fabb582ba586ac46e6c63,18,1,8.5,163,1
6a7fabb582ba586ac46e6c63,17,1,8,163,1
6a7fabb582ba586ac46e6c63,16,1,10.25,163,1
6a7fabb582ba586ac46e6c63,15,3,8.6,163,1
6a7fabb582ba586ac46e6c63,14,3,9.5,163,1
6a7fabb582ba586ac46e6c63,13,3,10,163,1
6a7fabb582ba586ac46e6c63,12,3,9.375,163,1
6a7fabb582ba586ac46e6c63,11,3,9.88888888888889,163,1
6a7fabb582ba586ac46e6c63,10,3,9.8,163,1
6a7fabb582ba586ac46e6c63,9,5,9.545454545454545,163,1
6a7fabb582ba586ac46e6c63,8,5,9.083333333333334,163,1
6a7fabb582ba586ac46e6c63,8,5,9.166666666666666,163,1
6a7fabb582ba586ac46e6c63,7,5,9.307692307692308,163,1
6a7fabb582ba586ac46e6c63,6,6,9.357142857142858,163,1
6a7fabb582ba586ac46e6c63,5,6,8.866666666666667,163,1
6a7fabb582ba586ac46e6c63,4,6,8.8125,163,1
6a7fabb582ba586ac46e6c63,3,7,8.823529411764707,163,1
6a7fabb582ba586ac46e6c63,2,7,9.055555555555555,163,1
6a7fabb582ba586ac46e6c67,19,0,11,148,0
6a7fabb582ba586ac46e6c67,18,1,14,148,0
6a7fabb582ba586ac46e6c67,17,1,10,148,0
6a7fabb582ba586ac46e6c67,16,2,9,148,0
6a7fabb582ba586ac46e6c67,16,2,9.25,148,0
6a7fabb582ba586ac46e6c67,15,2,10,148,0
6a7fabb582ba586ac46e6c67,14,3,10,148,0
6a7fabb582ba586ac46e6c67,13,3,8.857142857142858,148,0
6a7fabb582ba586ac46e6c67,12,3,8.625,148,0
6a7fabb582ba586ac46e6c67,11,4,8.222222222222221,148,0
6a7fabb582ba586ac46e6c67,10,4,8,148,0
6a7fabb582ba586ac46e6c67,9,4,8.363636363636363,148,0
6a7fabb582ba586ac46e6c67,8,4,8.333333333333334,148,0
6a7fabb582ba586ac46e6c67,7,4,7.769230769230769,148,0
6a7fabb582ba586ac46e6c67,6,4,7.857142857142857,148,0
6a7fabb582ba586ac46e6c67,5,5,7.8,148,0
6a7fabb582ba586ac46e6c67,5,5,7.933333333333334,148,0
6a7fabb582ba586ac46e6c67,4,5,7.875,148,0
6a7fabb582ba586ac46e6c67,3,5,7.647058823529412,148,0
6a7fabb582ba586ac46e6c67,2,7,7.555555555555555,148,0
6a7fabb582ba586ac46e6c67,1,7,7.315789473684211,148,0
6a7fabb582ba586ac46e6c6b,19,2,5,182,1
6a7fabb582ba586ac46e6c6b,18,2,8,182,1
6a7fabb582ba586ac46e6c6b,17,2,7,182,1
6a7fabb582ba586ac46e6c6b,16,2,7.25,182,1
6a7fabb582ba586ac46e6c6b,15,2,7.2,182,1
6a7fabb582ba586ac46e6c6b,14,2,8.5,182,1
6a7fabb582ba586ac46e6c6b,13,2,9.285714285714286,182,1
6a7fabb582ba586ac46e6c6b,12,2,9.875,182,1
6a7fabb582ba586ac46e6c6b,11,3,9.444444444444445,182,1
6a7fabb582ba586ac46e6c6b,10,3,10,182,1
6a7fabb582ba586ac46e6c6b,9,4,9.636363636363637,182,1
6a7fabb582ba586ac46e6c6b,8,4,9.416666666666666,182,1
6a7fabb582ba586ac46e6c6b,8,4,9.666666666666666,182,1
6a7fabb582ba586ac46e6c6b,7,5,9.615384615384615,182,1
6a7fabb582ba586ac46e6c6b,6,5,9.5,182,1
6a7fabb582ba586ac46e6c6b,6,5,9.571428571428571,182,1
6a7fabb582ba586ac46e6c6b,5,6,9.933333333333334,182,1
6a7fabb582ba586ac46e6c6b,4,6,9.6875,182,1
6a7fabb582ba586ac46e6c6b,3,6,9.882352941176471,182,1
6a7fabb582ba586ac46e6c6b,2,6,9.88888888888889,182,1
6a7fabb582ba586ac46e6c6f,19,0,14,183,0
6a7fabb582ba586ac46e6c6f,18,0,10,183,0
6a7fabb582ba586ac46e6c6f,17,1,8.666666666666666,183,0
6a7fabb582ba586ac46e6c6f,16,2,8.5,183,0
6a7fabb582ba586ac46e6c6f,15,2,8.4,183,0
6a7fabb582ba586ac46e6c6f,14,2,7.833333333333333,183,0
6a7fabb582ba586ac46e6c6f,14,2,8,183,0
6a7fabb582ba586ac46e6c6f,13,2,7.571428571428571,183,0
6a7fabb582ba586ac46e6c6f,12,2,8.5,183,0
6a7fabb582ba586ac46e6c6f,11,3,8.222222222222221,183,0
6a7fabb582ba586ac46e6c6f,10,3,8.7,183,0
6a7fabb582ba586ac46e6c6f,9,4,8,183,0
6a7fabb582ba586ac46e6c6f,8,4,7.75,183,0
6a7fabb582ba586ac46e6c6f,7,5,7.461538461538462,183,0
6a7fabb582ba586ac46e6c6f,6,6,7.571428571428571,183,0
6a7fabb582ba586ac46e6c6f,5,6,8.066666666666666,183,0
6a7fabb582ba586ac46e6c6f,4,7,7.875,183,0
6a7fabb582ba586ac46e6c6f,3,8,7.588235294117647,183,0
6a7fabb582ba586ac46e6c6f,2,9,7.722222222222222,183,0
6a7fabb582ba586ac46e6c6f,1,9,7.684210526315789,183,0
6a7fabb582ba586ac46e6c6f,1,9,7.842105263157895,183,0
6a7fabb582ba586ac46e6c73,19,0,2,181,0
6a7fabb582ba586ac46e6c73,18,0,3.5,181,0
6a7fabb582ba586ac46e6c73,17,0,4.666666666666667,181,0
6a7fabb582ba586ac46e6c73,16,1,5.25,181,0
6a7fabb582ba586ac46e6c73,15,1,5,181,0
6a7fabb582ba586ac46e6c73,15,1,5.2,181,0
6a7fabb582ba586ac46e6c73,14,1,5.833333333333333,181,0
6a7fabb582ba586ac46e6c73,13,1,6.285714285714286,181,0
6a7fabb582ba586ac46e6c73,12,2,6.25,181,0
6a7fabb582ba586ac46e6c73,11,2,5.777777777777778,181,0
6a7fabb582ba586ac46e6c73,10,2,5.5,181,0
6a7fabb582ba586ac46e6c73,9,2,5.818181818181818,181,0
6a7fabb582ba586ac46e6c73,8,2,5.583333333333333,181,0
6a7fabb582ba586ac46e6c73,7,3,5.923076923076923,181,0
6a7fabb582ba586ac46e6c73,6,3,6.285714285714286,181,0
6a7fabb582ba586ac46e6c73,5,3,6.266666666666667,181,0
6a7fabb582ba586ac46e6c73,5,3,6.333333333333333,181,0
6a7fabb582ba586ac46e6c73,4,3,6.75,181,0
6a7fabb582ba586ac46e6c73,3,3,6.647058823529412,181,0
6a7fabb582ba586ac46e6c73,2,3,6.944444444444445,181,0
6a7fabb582ba586ac46e6c73,1,3,6.7368421052631575,181,0
6a7fabb582ba586ac46e6c77,19,0,24,164,1
6a7fabb582ba586ac46e6c77,18,0,19,164,1
6a7fabb582ba586ac46e6c77,17,0,17,164,1
6a7fabb582ba586ac46e6c77,16,0,14.75,164,1
6a7fabb582ba586ac46e6c77,16,0,15,164,1
6a7fabb582ba586ac46e6c77,15,1,14.6,164,1
6a7fabb582ba586ac46e6c77,15,1,14.8,164,1
6a7fabb582ba586ac46e6c77,14,2,14.333333333333334,164,1
6a7fabb582ba586ac46e6c77,14,2,14.666666666666666,164,1
6a7fabb582ba586ac46e6c77,13,2,13.857142857142858,164,1
6a7fabb582ba586ac46e6c77,12,2,14,164,1
6a7fabb582ba586ac46e6c77,11,2,14.11111111111111,164,1
6a7fabb582ba586ac46e6c77,10,2,13.2,164,1
6a7fabb582ba586ac46e6c77,9,2,12.363636363636363,164,1
6a7fabb582ba586ac46e6c77,8,3,12.416666666666666,164,1
6a7fabb582ba586ac46e6c77,7,3,12.076923076923077,164,1
6a7fabb582ba586ac46e6c7b,19,0,17,199,0
6a7fabb582ba586ac46e6c7b,19,0,18,199,0
6a7fabb582ba586ac46e6c7b,18,0,16,199,0
6a7fabb582ba586ac46e6c7b,17,0,13.666666666666666,199,0
6a7fabb582ba586ac46e6c7b,16,0,12.5,199,0
6a7fabb582ba586ac46e6c7b,15,0,13.4,199,0
6a7fabb582ba586ac46e6c7b,14,1,12.666666666666666,199,0
6a7fabb582ba586ac46e6c7b,13,1,11.571428571428571,199,0
6a7fabb582ba586ac46e6c7b,12,2,11.125,199,0
6a7fabb582ba586ac46e6c7b,11,2,10.555555555555555,199,0
6a7fabb582ba586ac46e6c7b,10,2,11.5,199,0
6a7fabb582ba586ac46e6c7b,9,3,10.909090909090908,199,0
6a7fabb582ba586ac46e6c7b,8,3,10.416666666666666,199,0
6a7fabb582ba586ac46e6c7b,7,3,10.153846153846153,199,0
6a7fabb582ba586ac46e6c7b,6,3,9.785714285714286,199,0
6a7fabb582ba586ac46e6c7b,5,3,9.933333333333334,199,0
6a7fabb582ba586ac46e6c7b,4,3,9.6875,199,0
6a7fabb582ba586ac46e6c7b,3,3,9.588235294117647,199,0
6a7fabb582ba586ac46e6c7b,2,3,9.722222222222221,199,0
6a7fabb582ba586ac46e6c7b,1,3,9.631578947368421,199,0
6a7fabb582ba586ac46e6c7f,19,1,11,207,0
6a7fabb582ba586ac46e6c7f,18,1,8.5,207,0
6a7fabb582ba586ac46e6c7f,18,1,9,207,0
6a7fabb582ba586ac46e6c7f,17,1,10,207,0
6a7fabb582ba586ac46e6c7f,16,1,11.25,207,0
6a7fabb582ba586ac46e6c7f,15,2,10.2,207,0
6a7fabb582ba586ac46e6c7f,14,2,8.833333333333334,207,0
6a7fabb582ba586ac46e6c7f,14,2,9,207,0
6a7fabb582ba586ac46e6c7f,13,3,8.714285714285714,207,0
6a7fabb582ba586ac46e6c7f,12,3,8.875,207,0
6a7fabb582ba586ac46e6c7f,11,3,8.444444444444445,207,0
6a7fabb582ba586ac46e6c7f,10,3,8.9,207,0
6a7fabb582ba586ac46e6c7f,9,3,8.272727272727273,207,0
6a7fabb582ba586ac46e6c7f,8,4,8.666666666666666,207,0
6a7fabb582ba586ac46e6c7f,7,4,8.307692307692308,207,0
6a7fabb582ba586ac46e6c7f,6,5,8.571428571428571,207,0
6a7fabb582ba586ac46e6c7f,6,5,8.642857142857142,207,0
6a7fabb582ba586ac46e6c7f,5,5,8.266666666666667,207,0
6a7fabb582ba586ac46e6c7f,4,5,8.4375,207,0
6a7fabb582ba586ac46e6c7f,3,5,8.411764705882353,207,0
6a7fabb582ba586ac46e6c7f,2,5,8.722222222222221,207,0
6a7fabb582ba586ac46e6c7f,1,6,8.368421052631579,207,0
6a7fabb582ba586ac46e6c83,19,0,13,164,1
6a7fabb582ba586ac46e6c83,18,0,9.5,164,1
6a7fabb582ba586ac46e6c83,17,0,9,164,1
6a7fabb582ba586ac46e6c83,16,1,10,164,1
6a7fabb582ba586ac46e6c83,15,2,9,164,1
6a7fabb582ba586ac46e6c83,14,3,8.833333333333334,164,1
6a7fabb582ba586ac46e6c83,13,4,7.857142857142857,164,1
6a7fabb582ba586ac46e6c83,12,4,8.875,164,1
6a7fabb582ba586ac46e6c83,11,5,8.11111111111111,164,1
6a7fabb582ba586ac46e6c83,10,5,8.5,164,1
6a7fabb582ba586ac46e6c83,9,6,8.272727272727273,164,1
6a7fabb582ba586ac46e6c83,8,6,9.083333333333334,164,1
6a7fabb582ba586ac46e6c83,7,6,9.23076923076923,164,1
6a7fabb582ba586ac46e6c83,6,6,9.285714285714286,164,1
6a7fabb582ba586ac46e6c83,5,7,9.2,164,1
6a7fabb582ba586ac46e6c83,4,7,8.8125,164,1
6a7fabb582ba586ac46e6c83,3,7,8.647058823529411,164,1
6a7fabb582ba586ac46e6c83,2,7,8.61111111111111,164,1
6a7fabb582ba586ac46e6c87,19,1,5,149,0
6a7fabb582ba586ac46e6c87,18,1,7,149,0
6a7fabb582ba586ac46e6c87,17,1,8.666666666666666,149,0
6a7fabb582ba586ac46e6c87,16,1,8.25,149,0
6a7fabb582ba586ac46e6c87,15,1,8,149,0
6a7fabb582ba586ac46e6c87,14,1,8.333333333333334,149,0
6a7fabb582ba586ac46e6c87,13,1,8.571428571428571,149,0
6a7fabb582ba586ac46e6c87,12,1,8,149,0
6a7fabb582ba586ac46e6c87,11,2,7.777777777777778,149,0
6a7fabb582ba586ac46e6c87,10,2,7.4,149,0
6a7fabb582ba586ac46e6c87,9,2,7.090909090909091,149,0
6a7fabb582ba586ac46e6c87,8,2,7.25,149,0
6a7fabb582ba586ac46e6c87,7,2,7.538461538461538,149,0
6a7fabb582ba586ac46e6c87,7,2,7.615384615384615,149,0
6a7fabb582ba586ac46e6c87,6,2,7.571428571428571,149,0
6a7fabb582ba586ac46e6c87,5,2,7.6,149,0
6a7fabb582ba586ac46e6c87,4,3,7.375,149,0
6a7fabb582ba586ac46e6c87,4,3,7.4375,149,0
6a7fabb582ba586ac46e6c87,3,3,7.294117647058823,149,0
6a7fabb582ba586ac46e6c87,2,3,7,149,0
6a7fabb582ba586ac46e6c87,1,3,6.894736842105263,149,0
6a7fabb582ba586ac46e6c8b,19,0,8,178,1
6a7fabb582ba586ac46e6c8b,18,0,11.5,178,1
6a7fabb582ba586ac46e6c8b,17,0,9.666666666666666,178,1
6a7fabb582ba586ac46e6c8b,17,0,10,178,1
6a7fabb582ba586ac46e6c8b,16,0,10.25,178,1
6a7fabb582ba586ac46e6c8b,15,0,10,178,1
6a7fabb582ba586ac46e6c8b,14,0,10,178,1
6a7fabb582ba586ac46e6c8b,13,0,10,178,1
6a7fabb582ba586ac46e6c8b,12,1,10,178,1
6a7fabb582ba586ac46e6c8b,11,1,9.222222222222221,178,1
6a7fabb582ba586ac46e6c8b,10,1,9.7,178,1
6a7fabb582ba586ac46e6c8b,9,1,10,178,1
6a7fabb582ba586ac46e6c8b,8,1,10.166666666666666,178,1
6a7fabb582ba586ac46e6c8b,7,2,9.923076923076923,178,1
6a7fabb582ba586ac46e6c8b,6,2,9.857142857142858,178,1
6a7fabb582ba586ac46e6c8b,5,2,10.266666666666667,178,1
6a7fabb582ba586ac46e6c8b,4,2,10.1875,178,1
6a7fabb582ba586ac46e6c8b,3,2,10.352941176470589,178,1
6a7fabb582ba586ac46e6c8f,19,0,14,126,1
6a7fabb582ba586ac46e6c8f,18,1,13,126,1
6a7fabb582ba586ac46e6c8f,17,2,10,126,1
6a7fabb582ba586ac46e6c8f,16,2,8.75,126,1
6a7fabb582ba586ac46e6c8f,16,2,9,126,1
6a7fabb582ba586ac46e6c8f,15,2,8.4,126,1
6a7fabb582ba586ac46e6c8f,15,2,8.6,126,1
6a7fabb582ba586ac46e6c8f,14,2,8,126,1
6a7fabb582ba586ac46e6c8f,13,2,7.428571428571429,126,1
6a7fabb582ba586ac46e6c8f,12,3,7.25,126,1
6a7fabb582ba586ac46e6c8f,11,5,6.666666666666667,126,1
6a7fabb582ba586ac46e6c8f,10,5,6.5,126,1
6a7fabb582ba586ac46e6c8f,9,5,6.909090909090909,126,1
6a7fabb582ba586ac46e6c8f,8,6,7.083333333333333,126,1
6a7fabb582ba586ac46e6c8f,7,6,7.076923076923077,126,1
6a7fabb582ba586ac46e6c8f,6,6,7.357142857142857,126,1
6a7fabb582ba586ac46e6c8f,5,6,7.533333333333333,126,1
6a7fabb582ba586ac46e6c8f,5,6,7.6,126,1
6a7fabb582ba586ac46e6c8f,5,6,7.933333333333334,126,1
6a7fabb582ba586ac46e6c8f,4,6,7.8125,126,1
6a7fabb582ba586ac46e6c93,19,0,3,207,0
6a7fabb582ba586ac46e6c93,18,1,7.5,207,0
6a7fabb582ba586ac46e6c93,17,1,6,207,0
6a7fabb582ba586ac46e6c93,16,1,5.75,207,0
6a7fabb582ba586ac46e6c93,15,2,7.2,207,0
6a7fabb582ba586ac46e6c93,14,2,6.166666666666667,207,0
6a7fabb582ba586ac46e6c93,13,2,6.285714285714286,207,0
6a7fabb582ba586ac46e6c93,12,2,6.25,207,0
6a7fabb582ba586ac46e6c93,11,2,6.444444444444445,207,0
6a7fabb582ba586ac46e6c93,10,3,7.3,207,0
6a7fabb582ba586ac46e6c93,9,3,7.454545454545454,207,0
6a7fabb582ba586ac46e6c93,8,4,7.5,207,0
6a7fabb582ba586ac46e6c93,7,4,7.846153846153846,207,0
6a7fabb582ba586ac46e6c93,6,4,7.642857142857143,207,0
6a7fabb582ba586ac46e6c93,5,4,7.733333333333333,207,0
6a7fabb582ba586ac46e6c93,4,4,7.625,207,0
6a7fabb582ba586ac46e6c93,3,5,8,207,0
6a7fabb582ba586ac46e6c93,2,5,8.555555555555555,207,0
6a7fabb582ba586ac46e6c93,1,5,8.210526315789474,207,0
6a7fabb582ba586ac46e6c97,19,0,8,142,1
6a7fabb582ba586ac46e6c97,18,0,7,142,1
6a7fabb582ba586ac46e6c97,17,1,7,142,1
6a7fabb582ba586ac46e6c97,17,1,7.666666666666667,142,1
6a7fabb582ba586ac46e6c97,17,1,8,142,1
6a7fabb582ba586ac46e6c97,16,1,8.25,142,1
6a7fabb582ba586ac46e6c97,15,1,6.8,142,1
6a7fabb582ba586ac46e6c97,14,1,7.5,142,1
6a7fabb582ba586ac46e6c97,13,1,8,142,1
6a7fabb582ba586ac46e6c97,12,1,9,142,1
6a7fabb582ba586ac46e6c97,11,1,9.555555555555555,142,1
6a7fabb582ba586ac46e6c97,10,1,9.2,142,1
6a7fabb582ba586ac46e6c97,10,1,9.3,142,1
6a7fabb582ba586ac46e6c97,9,1,9.272727272727273,142,1
6a7fabb582ba586ac46e6c97,8,1,9.083333333333334,142,1
6a7fabb582ba586ac46e6c97,7,1,9.692307692307692,142,1
6a7fabb582ba586ac46e6c97,6,1,9.714285714285714,142,1
6a7fabb582ba586ac46e6c9b,19,0,6,171,1
6a7fabb582ba586ac46e6c9b,18,0,7,171,1
6a7fabb582ba586ac46e6c9b,17,0,9,171,1
6a7fabb582ba586ac46e6c9b,16,2,9,171,1
6a7fabb582ba586ac46e6c9b,15,3,9,171,1
6a7fabb582ba586ac46e6c9b,14,3,9.333333333333334,171,1
6a7fabb582ba586ac46e6c9b,13,3,9.285714285714286,171,1
6a7fabb582ba586ac46e6c9b,12,3,9.375,171,1
6a7fabb582ba586ac46e6c9b,11,3,9.777777777777779,171,1
6a7fabb582ba586ac46e6c9b,10,4,9,171,1
6a7fabb582ba586ac46e6c9b,9,4,9.090909090909092,171,1
6a7fabb582ba586ac46e6c9b,9,4,9.363636363636363,171,1
6a7fabb582ba586ac46e6c9b,8,5,10.166666666666666,171,1
6a7fabb582ba586ac46e6c9b,7,6,9.692307692307692,171,1
6a7fabb582ba586ac46e6c9b,6,6,9.785714285714286,171,1
6a7fabb582ba586ac46e6c9b,5,6,9.333333333333334,171,1
6a7fabb582ba586ac46e6c9b,4,6,8.8125,171,1
6a7fabb582ba586ac46e6c9b,4,6,8.9375,171,1
6a7fabb582ba586ac46e6c9b,3,6,8.823529411764707,171,1
6a7fabb582ba586ac46e6c9b,2,6,9,171,1
6a7fabb582ba586ac46e6c9b,1,7,8.736842105263158,171,1
6a7fabb582ba586ac46e6c9f,19,0,13,165,1
6a7fabb582ba586ac46e6c9f,18,0,8,165,1
6a7fabb582ba586ac46e6c9f,17,0,9,165,1
6a7fabb582ba586ac46e6c9f,16,0,10,165,1
6a7fabb582ba586ac46e6c9f,16,0,10.75,165,1
6a7fabb582ba586ac46e6c9f,15,0,10.8,165,1
6a7fabb582ba586ac46e6c9f,14,0,9.833333333333334,165,1
6a7fabb582ba586ac46e6c9f,13,0,10.571428571428571,165,1
6a7fabb582ba586ac46e6c9f,12,0,10.25,165,1
6a7fabb582ba586ac46e6c9f,11,0,9.555555555555555,165,1
6a7fabb582ba586ac46e6c9f,10,0,9.6,165,1
6a7fabb582ba586ac46e6c9f,9,0,9.727272727272727,165,1
6a7fabb582ba586ac46e6c9f,8,0,9.666666666666666,165,1
6a7fabb582ba586ac46e6c9f,7,0,9.615384615384615,165,1
6a7fabb582ba586ac46e6c9f,6,0,9.142857142857142,165,1
6a7fabb582ba586ac46e6c9f,6,0,9.214285714285714,165,1
6a7fabb582ba586ac46e6c9f,5,0,8.733333333333333,165,1
6a7fabb582ba586ac46e6c9f,4,0,8.9375,165,1
6a7fabb582ba586ac46e6c9f,3,1,8.941176470588236,165,1
6a7fabb582ba586ac46e6c9f,2,1,9,165,1
6a7fabb582ba586ac46e6c9f,1,3,8.526315789473685,165,1
6a7fabb582ba586ac46e6ca3,19,0,12,202,1
6a7fabb582ba586ac46e6ca3,18,0,9.5,202,1
6a7fabb582ba586ac46e6ca3,17,0,10.333333333333334,202,1
6a7fabb582ba586ac46e6ca3,16,1,9.25,202,1
6a7fabb582ba586ac46e6ca3,15,2,10.8,202,1
6a7fabb582ba586ac46e6ca3,14,2,10,202,1
6a7fabb582ba586ac46e6ca3,13,2,10,202,1
6a7fabb582ba586ac46e6ca3,12,2,9.5,202,1
6a7fabb582ba586ac46e6ca3,11,2,10.555555555555555,202,1
6a7fabb582ba586ac46e6ca3,10,2,10.3,202,1
6a7fabb582ba586ac46e6ca3,9,2,10.454545454545455,202,1
6a7fabb582ba586ac46e6ca3,8,3,10.083333333333334,202,1
6a7fabb582ba586ac46e6ca3,7,3,9.76923076923077,202,1
6a7fabb582ba586ac46e6ca3,6,3,9.571428571428571,202,1
6a7fabb582ba586ac46e6ca3,5,3,9.4,202,1
6a7fabb582ba586ac46e6ca3,4,3,9.6875,202,1
6a7fabb582ba586ac46e6ca3,3,5,9.882352941176471,202,1
6a7fabb582ba586ac46e6ca3,2,5,9.88888888888889,202,1
6a7fabb582ba586ac46e6ca3,1,5,10.263157894736842,202,1
6a7fabb582ba586ac46e6ca3,1,5,10.31578947368421,202,1
6a7fabb582ba586ac46e6ca7,19,0,11,180,1
6a7fabb582ba586ac46e6ca7,18,0,10,180,1
6a7fabb582ba586ac46e6ca7,17,0,8.333333333333334,180,1
6a7fabb582ba586ac46e6ca7,16,0,9.25,180,1
6a7fabb582ba586ac46e6ca7,15,0,8.2,180,1
6a7fabb582ba586ac46e6ca7,14,0,9,180,1
6a7fabb582ba586ac46e6ca7,13,0,9.571428571428571,180,1
6a7fabb582ba586ac46e6ca7,12,0,10.25,180,1
6a7fabb582ba586ac46e6ca7,11,0,10.11111111111111,180,1
6a7fabb582ba586ac46e6ca7,10,0,9.9,180,1
6a7fabb582ba586ac46e6ca7,9,0,10.090909090909092,180,1
6a7fabb582ba586ac46e6ca7,8,0,10.083333333333334,180,1
6a7fabb582ba586ac46e6ca7,7,1,10.23076923076923,180,1
6a7fabb582ba586ac46e6ca7,6,3,10.071428571428571,180,1
6a7fabb582ba586ac46e6ca7,5,3,10.133333333333333,180,1
6a7fabb582ba586ac46e6ca7,4,3,10.25,180,1
6a7fabb582ba586ac46e6ca7,3,3,10.529411764705882,180,1
6a7fabb582ba586ac46e6cab,19,1,10,170,1
6a7fabb582ba586ac46e6cab,18,2,8.5,170,1
6a7fabb582ba586ac46e6cab,17,2,10.333333333333334,170,1
6a7fabb582ba586ac46e6cab,16,2,8.5,170,1
6a7fabb582ba586ac46e6cab,16,2,8.75,170,1
6a7fabb582ba586ac46e6cab,16,2,9,170,1
6a7fabb582ba586ac46e6cab,15,2,8.4,170,1
6a7fabb582ba586ac46e6cab,14,3,8.166666666666666,170,1
6a7fabb582ba586ac46e6cab,13,4,7.285714285714286,170,1
6a7fabb582ba586ac46e6cab,12,4,7,170,1
6a7fabb582ba586ac46e6cab,11,4,6.555555555555555,170,1
6a7fabb582ba586ac46e6cab,10,4,6.7,170,1
6a7fabb582ba586ac46e6cab,10,4,6.8,170,1
6a7fabb582ba586ac46e6cab,9,4,7.636363636363637,170,1
6a7fabb582ba586ac46e6cab,8,4,7.75,170,1
6a7fabb582ba586ac46e6cab,7,4,8.307692307692308,170,1
6a7fabb582ba586ac46e6cab,6,4,8.5,170,1
6a7fabb582ba586ac46e6cab,5,4,8.6,170,1
6a7fabb582ba586ac46e6cab,4,4,8.5625,170,1
6a7fabb582ba586ac46e6cab,3,5,8.588235294117647,170,1
6a7fabb582ba586ac46e6cab,3,5,8.647058823529411,170,1
6a7fabb582ba586ac46e6cab,2,5,8.61111111111111,170,1
6a7fabb582ba586ac46e6cab,1,6,9,170,1
6a7fabb582ba586ac46e6caf,19,0,1,142,1
6a7fabb582ba586ac46e6caf,18,0,1,142,1
6a7fabb582ba586ac46e6caf,17,1,4,142,1
6a7fabb582ba586ac46e6caf,16,2,6,142,1
6a7fabb582ba586ac46e6caf,15,2,7.2,142,1
6a7fabb582ba586ac46e6caf,14,2,6.833333333333333,142,1
6a7fabb582ba586ac46e6caf,14,2,7,142,1
6a7fabb582ba586ac46e6caf,13,2,7.428571428571429,142,1
6a7fabb582ba586ac46e6caf,12,2,6.75,142,1
6a7fabb582ba586ac46e6caf,11,2,6.666666666666667,142,1
6a7fabb582ba586ac46e6caf,10,2,7.1,142,1
6a7fabb582ba586ac46e6caf,9,2,7.181818181818182,142,1
6a7fabb582ba586ac46e6caf,8,2,7.25,142,1
6a7fabb582ba586ac46e6caf,7,2,7.384615384615385,142,1
6a7fabb582ba586ac46e6caf,6,3,7.285714285714286,142,1
6a7fabb582ba586ac46e6caf,5,3,7.866666666666666,142,1
6a7fabb582ba586ac46e6caf,4,3,8,142,1
6a7fabb582ba586ac46e6caf,4,3,8.125,142,1
6a7fabb582ba586ac46e6caf,4,3,8.25,142,1
6a7fabb582ba586ac46e6caf,3,3,8.294117647058824,142,1
6a7fabb582ba586ac46e6cb3,19,0,17,194,1
6a7fabb582ba586ac46e6cb3,18,0,11.5,194,1
6a7fabb582ba586ac46e6cb3,17,0,10.666666666666666,194,1
6a7fabb582ba586ac46e6cb3,16,0,10.25,194,1
6a7fabb582ba586ac46e6cb3,15,0,9.8,194,1
6a7fabb582ba586ac46e6cb3,14,0,9.333333333333334,194,1
6a7fabb582ba586ac46e6cb3,13,0,9.142857142857142,194,1
6a7fabb582ba586ac46e6cb3,12,0,11,194,1
6a7fabb582ba586ac46e6cb3,11,0,10.777777777777779,194,1
6a7fabb582ba586ac46e6cb3,10,0,10.8,194,1
6a7fabb582ba586ac46e6cb3,9,0,11.181818181818182,194,1
6a7fabb582ba586ac46e6cb3,8,0,11.25,194,1
6a7fabb582ba586ac46e6cb3,7,1,10.692307692307692,194,1
6a7fabb582ba586ac46e6cb3,6,1,10.071428571428571,194,1
6a7fabb582ba586ac46e6cb3,5,1,10.066666666666666,194,1
6a7fabb582ba586ac46e6cb3,4,2,9.625,194,1
6a7fabb582ba586ac46e6cb3,3,2,10.058823529411764,194,1
6a7fabb582ba586ac46e6cb3,2,2,9.88888888888889,194,1
6a7fabb582ba586ac46e6cb3,1,3,10,194,1
6a7fabb582ba586ac46e6cb7,19,0,9,180,1
6a7fabb582ba586ac46e6cb7,18,0,12.5,180,1
6a7fabb582ba586ac46e6cb7,17,0,11,180,1
6a7fabb582ba586ac46e6cb7,16,0,10,180,1
6a7fabb582ba586ac46e6cb7,15,0,9.4,180,1
6a7fabb582ba586ac46e6cb7,14,0,10,180,1
6a7fabb582ba586ac46e6cb7,14,0,10.166666666666666,180,1
6a7fabb582ba586ac46e6cb7,13,0,11,180,1
6a7fabb582ba586ac46e6cb7,12,0,11.625,180,1
6a7fabb582ba586ac46e6cb7,11,0,11.11111111111111,180,1
6a7fabb582ba586ac46e6cb7,10,0,11.4,180,1
6a7fabb582ba586ac46e6cb7,9,0,11.272727272727273,180,1
6a7fabb582ba586ac46e6cb7,8,0,11.333333333333334,180,1
6a7fabb582ba586ac46e6cb7,7,0,11.384615384615385,180,1
6a7fabb582ba586ac46e6cb7,6,0,11.357142857142858,180,1
6a7fabb582ba586ac46e6cb7,5,1,11.133333333333333,180,1
6a7fabb582ba586ac46e6cb7,4,1,10.5625,180,1
6a7fabb582ba586ac46e6cb7,3,2,10.470588235294118,180,1
6a7fabb582ba586ac46e6cbb,19,0,12,172,1
6a7fabb582ba586ac46e6cbb,18,0,15,172,1
6a7fabb582ba586ac46e6cbb,17,1,13.666666666666666,172,1
6a7fabb582ba586ac46e6cbb,16,1,14,172,1
6a7fabb582ba586ac46e6cbb,15,1,13,172,1
6a7fabb582ba586ac46e6cbb,14,1,14.166666666666666,172,1
6a7fabb582ba586ac46e6cbb,13,1,13.428571428571429,172,1
6a7fabb582ba586ac46e6cbb,12,1,12.375,172,1
6a7fabb582ba586ac46e6cbb,11,2,11.333333333333334,172,1
6a7fabb582ba586ac46e6cbb,10,3,11.1,172,1
6a7fabb582ba586ac46e6cbb,9,3,10.363636363636363,172,1
6a7fabb582ba586ac46e6cbb,8,3,9.916666666666666,172,1
6a7fabb582ba586ac46e6cbb,7,3,10.076923076923077,172,1
6a7fabb582ba586ac46e6cbb,6,3,10.071428571428571,172,1
6a7fabb582ba586ac46e6cbb,5,3,10.266666666666667,172,1
6a7fabb582ba586ac46e6cbb,4,4,10.0625,172,1
6a7fabb582ba586ac46e6cbb,3,4,9.705882352941176,172,1
6a7fabb582ba586ac46e6cbf,19,1,6,186,0
6a7fabb582ba586ac46e6cbf,18,1,5.5,186,0
6a7fabb582ba586ac46e6cbf,17,1,6.333333333333333,186,0
6a7fabb582ba586ac46e6cbf,16,1,7.5,186,0
6a7fabb582ba586ac46e6cbf,15,1,7.4,186,0
6a7fabb582ba586ac46e6cbf,14,1,7.833333333333333,186,0
6a7fabb582ba586ac46e6cbf,13,1,8.428571428571429,186,0
6a7fabb582ba586ac46e6cbf,12,1,8.125,186,0
6a7fabb582ba586ac46e6cbf,11,1,7.777777777777778,186,0
6a7fabb582ba586ac46e6cbf,10,1,7.7,186,0
6a7fabb582ba586ac46e6cbf,9,2,7.545454545454546,186,0
6a7fabb582ba586ac46e6cbf,8,2,8.25,186,0
6a7fabb582ba586ac46e6cbf,7,2,8.23076923076923,186,0
6a7fabb582ba586ac46e6cbf,6,2,8.5,186,0
6a7fabb582ba586ac46e6cbf,5,2,8.466666666666667,186,0
6a7fabb582ba586ac46e6cbf,4,2,8.3125,186,0
6a7fabb582ba586ac46e6cbf,3,2,8.352941176470589,186,0
6a7fabb582ba586ac46e6cbf,2,2,8,186,0
6a7fabb582ba586ac46e6cbf,1,2,8.105263157894736,186,0
6a7fabb582ba586ac46e6cc3,19,1,7,183,0
6a7fabb582ba586ac46e6cc3,18,2,8.5,183,0
6a7fabb582ba586ac46e6cc3,17,2,10.333333333333334,183,0
6a7fabb582ba586ac46e6cc3,16,2,9,183,0
6a7fabb582ba586ac46e6cc3,15,2,9.4,183,0
6a7fabb582ba586ac46e6cc3,14,3,8.666666666666666,183,0
6a7fabb582ba586ac46e6cc3,13,3,8.285714285714286,183,0
6a7fabb582ba586ac46e6cc3,12,3,8.625,183,0
6a7fabb582ba586ac46e6cc3,11,3,7.888888888888889,183,0
6a7fabb582ba586ac46e6cc3,10,3,7.8,183,0
6a7fabb582ba586ac46e6cc3,9,3,8.181818181818182,183,0
6a7fabb582ba586ac46e6cc3,8,3,8.583333333333334,183,0
6a7fabb582ba586ac46e6cc3,7,3,8.538461538461538,183,0
6a7fabb582ba586ac46e6cc3,6,3,8.428571428571429,183,0
6a7fabb582ba586ac46e6cc3,5,3,8.466666666666667,183,0
6a7fabb582ba586ac46e6cc3,4,3,8.5,183,0
6a7fabb582ba586ac46e6cc3,3,3,8.294117647058824,183,0
6a7fabb582ba586ac46e6cc3,2,3,8.444444444444445,183,0
6a7fabb582ba586ac46e6cc3,1,3,8.578947368421053,183,0
6a7fabb582ba586ac46e6cc7,19,0,8,168,1
6a7fabb582ba586ac46e6cc7,18,1,6,168,1
6a7fabb582ba586ac46e6cc7,17,1,5.333333333333333,168,1
6a7fabb582ba586ac46e6cc7,16,1,6.5,168,1
6a7fabb582ba586ac46e6cc7,15,1,8,168,1
6a7fabb582ba586ac46e6cc7,14,1,7.5,168,1
6a7fabb582ba586ac46e6cc7,13,1,8.285714285714286,168,1
6a7fabb582ba586ac46e6cc7,12,1,8.625,168,1
6a7fabb582ba586ac46e6cc7,11,1,8.11111111111111,168,1
6a7fabb582ba586ac46e6cc7,11,1,8.222222222222221,168,1
6a7fabb582ba586ac46e6cc7,11,1,8.333333333333334,168,1
6a7fabb582ba586ac46e6cc7,10,1,8.5,168,1
6a7fabb582ba586ac46e6cc7,9,1,9.454545454545455,168,1
6a7fabb582ba586ac46e6cc7,8,1,9.333333333333334,168,1
6a7fabb582ba586ac46e6cc7,7,1,9.307692307692308,168,1
6a7fabb582ba586ac46e6cc7,6,1,8.928571428571429,168,1
6a7fabb582ba586ac46e6cc7,5,1,9,168,1
6a7fabb582ba586ac46e6cc7,4,1,9.0625,168,1
6a7fabb582ba586ac46e6cc7,3,1,9.176470588235293,168,1
6a7fabb582ba586ac46e6cc7,2,2,8.722222222222221,168,1
6a7fabb582ba586ac46e6cc7,1,2,8.736842105263158,168,1
6a7fabb582ba586ac46e6ccb,19,0,4,188,0
6a7fabb582ba586ac46e6ccb,18,0,3,188,0
6a7fabb582ba586ac46e6ccb,17,0,5.666666666666667,188,0
6a7fabb582ba586ac46e6ccb,16,1,7.5,188,0
6a7fabb582ba586ac46e6ccb,15,1,8.6,188,0
6a7fabb582ba586ac46e6ccb,14,1,9.333333333333334,188,0
6a7fabb582ba586ac46e6ccb,13,1,9.571428571428571,188,0
6a7fabb582ba586ac46e6ccb,12,1,10.5,188,0
6a7fabb582ba586ac46e6ccb,11,1,10.333333333333334,188,0
6a7fabb582ba586ac46e6ccb,10,1,10.4,188,0
6a7fabb582ba586ac46e6ccb,10,1,10.5,188,0
6a7fabb582ba586ac46e6ccb,9,1,10.181818181818182,188,0
6a7fabb582ba586ac46e6ccb,8,1,9.833333333333334,188,0
6a7fabb582ba586ac46e6ccb,7,1,9.384615384615385,188,0
6a7fabb582ba586ac46e6ccb,6,2,8.857142857142858,188,0
6a7fabb582ba586ac46e6ccb,5,2,8.666666666666666,188,0
6a7fabb582ba586ac46e6ccb,4,2,9.0625,188,0
6a7fabb582ba586ac46e6ccb,3,2,9.058823529411764,188,0
6a7fabb582ba586ac46e6ccb,2,4,8.833333333333334,188,0
6a7fabb582ba586ac46e6ccb,1,4,8.578947368421053,188,0
6a7fabb582ba586ac46e6ccf,19,0,9,184,0
6a7fabb582ba586ac46e6ccf,18,0,10,184,0
6a7fabb582ba586ac46e6ccf,17,1,7.333333333333333,184,0
6a7fabb582ba586ac46e6ccf,16,2,6.5,184,0
6a7fabb582ba586ac46e6ccf,15,2,7.6,184,0
6a7fabb582ba586ac46e6ccf,14,2,7.333333333333333,184,0
6a7fabb582ba586ac46e6ccf,13,2,7.714285714285714,184,0
6a7fabb582ba586ac46e6ccf,12,3,7,184,0
6a7fabb582ba586ac46e6ccf,11,3,7,184,0
6a7fabb582ba586ac46e6ccf,10,3,7.2,184,0
6a7fabb582ba586ac46e6ccf,9,4,7.090909090909091,184,0
6a7fabb582ba586ac46e6ccf,8,4,6.833333333333333,184,0
6a7fabb582ba586ac46e6ccf,7,5,7.230769230769231,184,0
6a7fabb582ba586ac46e6ccf,6,6,6.928571428571429,184,0
6a7fabb582ba586ac46e6ccf,5,6,6.933333333333334,184,0
6a7fabb582ba586ac46e6ccf,4,6,7.1875,184,0
6a7fabb582ba586ac46e6ccf,3,6,7.823529411764706,184,0
6a7fabb582ba586ac46e6ccf,2,6,8,184,0
6a7fabb582ba586ac46e6ccf,1,6,8.052631578947368,184,0
6a7fabb582ba586ac46e6cd3,19,0,15,190,0
6a7fabb582ba586ac46e6cd3,18,0,12.5,190,0
6a7fabb582ba586ac46e6cd3,17,0,11,190,0
6a7fabb582ba586ac46e6cd3,16,0,9.25,190,0
6a7fabb582ba586ac46e6cd3,15,2,8.8,190,0
6a7fabb582ba586ac46e6cd3,14,2,8,190,0
6a7fabb582ba586ac46e6cd3,13,2,8.428571428571429,190,0
6a7fabb582ba586ac46e6cd3,12,2,8.25,190,0
6a7fabb582ba586ac46e6cd3,11,2,7.555555555555555,190,0
6a7fabb582ba586ac46e6cd3,10,2,7.4,190,0
6a7fabb582ba586ac46e6cd3,9,3,7.454545454545454,190,0
6a7fabb582ba586ac46e6cd3,8,3,7,190,0
6a7fabb582ba586ac46e6cd3,7,4,6.846153846153846,190,0
6a7fabb582ba586ac46e6cd3,6,4,6.785714285714286,190,0
6a7fabb582ba586ac46e6cd3,5,4,6.933333333333334,190,0
6a7fabb582ba586ac46e6cd3,4,4,6.875,190,0
6a7fabb582ba586ac46e6cd3,3,5,7,190,0
6a7fabb582ba586ac46e6cd3,2,5,6.722222222222222,190,0
6a7fabb582ba586ac46e6cd3,1,6,6.947368421052632,190,0
6a7fabb582ba586ac46e6cd7,19,1,4,185,0
6a7fabb582ba586ac46e6cd7,18,2,8.5,185,0
6a7fabb582ba586ac46e6cd7,17,2,10.666666666666666,185,0
6a7fabb582ba586ac46e6cd7,17,2,11,185,0
6a7fabb582ba586ac46e6cd7,16,3,10.25,185,0
6a7fabb582ba586ac46e6cd7,15,4,10,185,0
6a7fabb582ba586ac46e6cd7,14,4,9.5,185,0
6a7fabb582ba586ac46e6cd7,13,4,9.714285714285714,185,0
6a7fabb582ba586ac46e6cd7,12,4,10.375,185,0
6a7fabb582ba586ac46e6cd7,11,4,10.11111111111111,185,0
6a7fabb582ba586ac46e6cd7,10,5,10.1,185,0
6a7fabb582ba586ac46e6cd7,9,5,9.727272727272727,185,0
6a7fabb582ba586ac46e6cd7,8,5,10.333333333333334,185,0
6a7fabb582ba586ac46e6cd7,7,5,10.23076923076923,185,0
6a7fabb582ba586ac46e6cd7,6,5,10.285714285714286,185,0
6a7fabb582ba586ac46e6cd7,5,7,9.933333333333334,185,0
6a7fabb582ba586ac46e6cd7,4,7,9.625,185,0
6a7fabb582ba586ac46e6cd7,3,7,9.294117647058824,185,0
6a7fabb582ba586ac46e6cd7,3,7,9.352941176470589,185,0
6a7fabb582ba586ac46e6cd7,2,7,9.055555555555555,185,0
6a7fabb582ba586ac46e6cd7,1,7,8.947368421052632,185,0
6a7fabb582ba586ac46e6cdb,19,1,6,182,0
6a7fabb582ba586ac46e6cdb,18,1,9,182,0
6a7fabb582ba586ac46e6cdb,17,1,8,182,0
6a7fabb582ba586ac46e6cdb,16,1,7.25,182,0
6a7fabb582ba586ac46e6cdb,15,1,7.6,182,0
6a7fabb582ba586ac46e6cdb,14,1,8,182,0
6a7fabb582ba586ac46e6cdb,13,1,7.142857142857143,182,0
6a7fabb582ba586ac46e6cdb,12,2,7,182,0
6a7fabb582ba586ac46e6cdb,11,4,6.666666666666667,182,0
6a7fabb582ba586ac46e6cdb,11,4,6.777777777777778,182,0
6a7fabb582ba586ac46e6cdb,10,5,7.4,182,0
6a7fabb582ba586ac46e6cdb,9,5,7.545454545454546,182,0
6a7fabb582ba586ac46e6cdb,8,6,7.5,182,0
6a7fabb582ba586ac46e6cdb,7,8,7.230769230769231,182,0
6a7fabb582ba586ac46e6cdb,6,8,7.642857142857143,182,0
6a7fabb582ba586ac46e6cdb,5,8,7.733333333333333,182,0
6a7fabb582ba586ac46e6cdb,5,8,7.8,182,0
6a7fabb582ba586ac46e6cdb,4,8,7.875,182,0
6a7fabb582ba586ac46e6cdb,3,9,7.9411764705882355,182,0
6a7fabb582ba586ac46e6cdb,2,9,8.055555555555555,182,0
6a7fabb582ba586ac46e6cdb,1,9,8.052631578947368,182,0
6a7fabb582ba586ac46e6cdf,19,2,6,144,1
6a7fabb582ba586ac46e6cdf,18,2,9,144,1
6a7fabb582ba586ac46e6cdf,17,2,11.333333333333334,144,1
6a7fabb582ba586ac46e6cdf,16,2,9.5,144,1
6a7fabb582ba586ac46e6cdf,15,2,8,144,1
6a7fabb582ba586ac46e6cdf,14,2,7.5,144,1
6a7fabb582ba586ac46e6cdf,13,2,7.571428571428571,144,1
6a7fabb582ba586ac46e6cdf,12,2,7.125,144,1
6a7fabb582ba586ac46e6cdf,12,2,7.25,144,1
6a7fabb582ba586ac46e6cdf,12,2,7.375,144,1
6a7fabb582ba586ac46e6cdf,11,3,7.666666666666667,144,1
6a7fabb582ba586ac46e6cdf,10,3,8.2,144,1
6a7fabb582ba586ac46e6cdf,9,3,8.727272727272727,144,1
6a7fabb582ba586ac46e6cdf,8,5,8.416666666666666,144,1
6a7fabb582ba586ac46e6cdf,7,5,8.76923076923077,144,1
6a7fabb582ba586ac46e6cdf,6,6,8.714285714285714,144,1
6a7fabb582ba586ac46e6cdf,5,6,8.466666666666667,144,1
6a7fabb582ba586ac46e6cdf,5,6,8.533333333333333,144,1
6a7fabb582ba586ac46e6cdf,4,6,8.625,144,1
6a7fabb582ba586ac46e6ce3,19,0,6,225,0
6a7fabb582ba586ac46e6ce3,18,1,7,225,0
6a7fabb582ba586ac46e6ce3,17,2,9.333333333333334,225,0
6a7fabb582ba586ac46e6ce3,16,4,9.25,225,0
6a7fabb582ba586ac46e6ce3,15,4,10,225,0
6a7fabb582ba586ac46e6ce3,14,4,10.166666666666666,225,0
6a7fabb582ba586ac46e6ce3,13,4,9.857142857142858,225,0
6a7fabb582ba586ac46e6ce3,12,4,8.875,225,0
6a7fabb582ba586ac46e6ce3,11,5,9.333333333333334,225,0
6a7fabb582ba586ac46e6ce3,10,5,9.6,225,0
6a7fabb582ba586ac46e6ce3,10,5,9.7,225,0
6a7fabb582ba586ac46e6ce3,9,5,9.363636363636363,225,0
6a7fabb582ba586ac46e6ce3,8,5,9.5,225,0
6a7fabb582ba586ac46e6ce3,7,6,9.23076923076923,225,0
6a7fabb582ba586ac46e6ce3,6,7,9.285714285714286,225,0
6a7fabb582ba586ac46e6ce3,5,7,9.066666666666666,225,0
6a7fabb582ba586ac46e6ce3,4,7,8.9375,225,0
6a7fabb582ba586ac46e6ce3,3,7,8.823529411764707,225,0
6a7fabb582ba586ac46e6ce3,2,7,8.88888888888889,225,0
6a7fabb582ba586ac46e6ce3,1,7,9.31578947368421,225,0
6a7fabb582ba586ac46e6ce7,19,0,24,188,0
6a7fabb582ba586ac46e6ce7,18,1,13,188,0
6a7fabb582ba586ac46e6ce7,17,1,9.333333333333334,188,0
6a7fabb582ba586ac46e6ce7,16,1,8.5,188,0
6a7fabb582ba586ac46e6ce7,15,1,8,188,0
6a7fabb582ba586ac46e6ce7,14,2,8.333333333333334,188,0
6a7fabb582ba586ac46e6ce7,13,3,8.285714285714286,188,0
6a7fabb582ba586ac46e6ce7,12,4,8.5,188,0
6a7fabb582ba586ac46e6ce7,11,4,8.666666666666666,188,0
6a7fabb582ba586ac46e6ce7,10,4,9.2,188,0
6a7fabb582ba586ac46e6ce7,9,4,9.181818181818182,188,0
6a7fabb582ba586ac46e6ce7,8,4,8.916666666666666,188,0
6a7fabb582ba586ac46e6ce7,7,4,9.461538461538462,188,0
6a7fabb582ba586ac46e6ce7,6,4,9.571428571428571,188,0
6a7fabb582ba586ac46e6ce7,5,4,9.6,188,0
6a7fabb582ba586ac46e6ce7,4,5,9.3125,188,0
6a7fabb582ba586ac46e6ce7,3,6,9.529411764705882,188,0
6a7fabb582ba586ac46e6ce7,2,6,9.333333333333334,188,0
6a7fabb582ba586ac46e6ce7,1,6,9.052631578947368,188,0
6a7fabb582ba586ac46e6ceb,19,1,5,192,0
6a7fabb582ba586ac46e6ceb,18,1,6,192,0
6a7fabb582ba586ac46e6ceb,17,2,5.666666666666667,192,0
6a7fabb582ba586ac46e6ceb,16,2,6.75,192,0
6a7fabb582ba586ac46e6ceb,15,2,9.4,192,0
6a7fabb582ba586ac46e6ceb,14,2,9,192,0
6a7fabb582ba586ac46e6ceb,13,3,8.285714285714286,192,0
6a7fabb582ba586ac46e6ceb,12,3,8.25,192,0
6a7fabb582ba586ac46e6ceb,11,3,7.777777777777778,192,0
6a7fabb582ba586ac46e6ceb,10,3,7.9,192,0
6a7fabb582ba586ac46e6ceb,9,3,8.272727272727273,192,0
6a7fabb582ba586ac46e6ceb,8,3,8.166666666666666,192,0
6a7fabb582ba586ac46e6ceb,7,3,8,192,0
6a7fabb582ba586ac46e6ceb,7,3,8.076923076923077,192,0
6a7fabb582ba586ac46e6ceb,6,3,8.285714285714286,192,0
6a7fabb582ba586ac46e6ceb,5,3,8.666666666666666,192,0
6a7fabb582ba586ac46e6ceb,4,3,8.3125,192,0
6a7fabb582ba586ac46e6ceb,3,3,8.470588235294118,192,0
6a7fabb582ba586ac46e6ceb,2,3,8.61111111111111,192,0
6a7fabb582ba586ac46e6ceb,2,3,8.666666666666666,192,0
6a7fabb582ba586ac46e6ceb,1,4,8.631578947368421,192,0
6a7fabb582ba586ac46e6cef,19,0,13,198,0
6a7fabb582ba586ac46e6cef,18,0,12.5,198,0
6a7fabb582ba586ac46e6cef,17,0,10,198,0
6a7fabb582ba586ac46e6cef,16,1,9,198,0
6a7fabb582ba586ac46e6cef,16,1,9.25,198,0
6a7fabb582ba586ac46e6cef,15,1,9.2,198,0
6a7fabb582ba586ac46e6cef,14,1,9.666666666666666,198,0
6a7fabb582ba586ac46e6cef,13,2,9.142857142857142,198,0
6a7fabb582ba586ac46e6cef,12,2,8.5,198,0
6a7fabb582ba586ac46e6cef,12,2,9.125,198,0
6a7fabb582ba586ac46e6cef,11,2,8.777777777777779,198,0
6a7fabb582ba586ac46e6cef,10,3,8.4,198,0
6a7fabb582ba586ac46e6cef,9,3,7.909090909090909,198,0
6a7fabb582ba586ac46e6cef,8,3,7.833333333333333,198,0
6a7fabb582ba586ac46e6cef,7,3,8.384615384615385,198,0
6a7fabb582ba586ac46e6cef,6,4,8.071428571428571,198,0
6a7fabb582ba586ac46e6cef,5,5,7.8,198,0
6a7fabb582ba586ac46e6cef,4,5,8.0625,198,0
6a7fabb582ba586ac46e6cef,3,5,7.764705882352941,198,0
6a7fabb582ba586ac46e6cef,2,5,7.722222222222222,198,0
6a7fabb582ba586ac46e6cef,2,5,7.777777777777778,198,0
6a7fabb582ba586ac46e6cef,1,5,8,198,0
6a7fabb582ba586ac46e6cf3,19,0,10,170,0
6a7fabb582ba586ac46e6cf3,19,0,11,170,0
6a7fabb582ba586ac46e6cf3,18,0,6.5,170,0
6a7fabb582ba586ac46e6cf3,17,1,4.666666666666667,170,0
6a7fabb582ba586ac46e6cf3,16,1,7,170,0
6a7fabb582ba586ac46e6cf3,15,2,7.2,170,0
6a7fabb582ba586ac46e6cf3,14,2,6.833333333333333,170,0
6a7fabb582ba586ac46e6cf3,13,2,6.571428571428571,170,0
6a7fabb582ba586ac46e6cf3,12,2,6.375,170,0
6a7fabb582ba586ac46e6cf3,12,2,6.5,170,0
6a7fabb582ba586ac46e6cf3,11,3,6.555555555555555,170,0
6a7fabb582ba586ac46e6cf3,10,4,6.8,170,0
6a7fabb582ba586ac46e6cf3,9,4,7.545454545454546,170,0
6a7fabb582ba586ac46e6cf3,8,4,7.5,170,0
6a7fabb582ba586ac46e6cf3,7,4,8,170,0
6a7fabb582ba586ac46e6cf3,6,5,7.571428571428571,170,0
6a7fabb582ba586ac46e6cf3,5,5,7.466666666666667,170,0
6a7fabb582ba586ac46e6cf3,4,6,7.5625,170,0
6a7fabb582ba586ac46e6cf3,3,6,7.705882352941177,170,0
6a7fabb582ba586ac46e6cf3,2,7,7.888888888888889,170,0
6a7fabb582ba586ac46e6cf3,1,7,7.7368421052631575,170,0
6a7fabb582ba586ac46e6cf7,19,0,7,179,0
6a7fabb582ba586ac46e6cf7,18,0,8,179,0
6a7fabb582ba586ac46e6cf7,17,0,7.666666666666667,179,0
6a7fabb582ba586ac46e6cf7,16,0,10,179,0
6a7fabb582ba586ac46e6cf7,15,0,9.6,179,0
6a7fabb582ba586ac46e6cf7,14,0,9.666666666666666,179,0
6a7fabb582ba586ac46e6cf7,13,0,9,179,0
6a7fabb582ba586ac46e6cf7,12,0,8.5,179,0
6a7fabb582ba586ac46e6cf7,11,1,7.888888888888889,179,0
6a7fabb582ba586ac46e6cf7,10,2,7.5,179,0
6a7fabb582ba586ac46e6cf7,9,2,7.181818181818182,179,0
6a7fabb582ba586ac46e6cf7,8,2,7.333333333333333,179,0
6a7fabb582ba586ac46e6cf7,7,2,7.230769230769231,179,0
6a7fabb582ba586ac46e6cf7,6,2,7.285714285714286,179,0
6a7fabb582ba586ac46e6cf7,5,2,7.333333333333333,179,0
6a7fabb582ba586ac46e6cf7,4,2,7.5625,179,0
6a7fabb582ba586ac46e6cf7,3,3,7.411764705882353,179,0
6a7fabb582ba586ac46e6cf7,2,4,7.5,179,0
6a7fabb582ba586ac46e6cf7,1,4,7.7368421052631575,179,0
6a7fabb582ba586ac46e6cfb,19,0,8,173,1
6a7fabb582ba586ac46e6cfb,18,0,8.5,173,1
6a7fabb582ba586ac46e6cfb,17,0,9,173,1
6a7fabb582ba586ac46e6cfb,16,2,8.5,173,1
6a7fabb582ba586ac46e6cfb,15,2,8.2,173,1
6a7fabb582ba586ac46e6cfb,14,2,8.166666666666666,173,1
6a7fabb582ba586ac46e6cfb,13,2,9.285714285714286,173,1
6a7fabb582ba586ac46e6cfb,12,2,9.75,173,1
6a7fabb582ba586ac46e6cfb,11,4,8.777777777777779,173,1
6a7fabb582ba586ac46e6cfb,10,5,8.6,173,1
6a7fabb582ba586ac46e6cfb,9,5,9.272727272727273,173,1
6a7fabb582ba586ac46e6cfb,8,5,9.916666666666666,173,1
6a7fabb582ba586ac46e6cfb,7,5,9.692307692307692,173,1
6a7fabb582ba586ac46e6cfb,6,5,9.5,173,1
6a7fabb582ba586ac46e6cfb,6,5,9.571428571428571,173,1
6a7fabb582ba586ac46e6cfb,5,6,9.2,173,1
6a7fabb582ba586ac46e6cfb,4,6,9.125,173,1
6a7fabb582ba586ac46e6cfb,4,6,9.1875,173,1
6a7fabb582ba586ac46e6cfb,3,6,9.058823529411764,173,1
6a7fabb582ba586ac46e6cfb,2,7,9,173,1
6a7fabb582ba586ac46e6cff,19,0,15,201,1
6a7fabb582ba586ac46e6cff,18,0,9,201,1
6a7fabb582ba586ac46e6cff,17,0,10,201,1
6a7fabb582ba586ac46e6cff,17,0,10.333333333333334,201,1
6a7fabb582ba586ac46e6cff,16,0,9.25,201,1
6a7fabb582ba586ac46e6cff,15,0,10.8,201,1
6a7fabb582ba586ac46e6cff,14,0,10.166666666666666,201,1
6a7fabb582ba586ac46e6cff,13,0,10.571428571428571,201,1
6a7fabb582ba586ac46e6cff,12,0,10.75,201,1
6a7fabb582ba586ac46e6cff,11,0,9.88888888888889,201,1
6a7fabb582ba586ac46e6cff,10,0,9.2,201,1
6a7fabb582ba586ac46e6cff,9,0,8.636363636363637,201,1
6a7fabb582ba586ac46e6cff,8,0,8.666666666666666,201,1
6a7fabb582ba586ac46e6cff,7,0,8.923076923076923,201,1
6a7fabb582ba586ac46e6cff,6,1,8.428571428571429,201,1
6a7fabb582ba586ac46e6cff,5,1,8.733333333333333,201,1
6a7fabb582ba586ac46e6cff,4,2,8.625,201,1
6a7fabb582ba586ac46e6cff,3,2,9.235294117647058,201,1
6a7fabb582ba586ac46e6cff,2,2,9.722222222222221,201,1
6a7fabb582ba586ac46e6cff,1,2,9.789473684210526,201,1
6a7fabb582ba586ac46e6d03,19,0,9,187,0
6a7fabb582ba586ac46e6d03,18,0,9,187,0
6a7fabb582ba586ac46e6d03,17,0,9.666666666666666,187,0
6a7fabb582ba586ac46e6d03,16,0,8.75,187,0
6a7fabb582ba586ac46e6d03,15,0,9.2,187,0
6a7fabb582ba586ac46e6d03,14,0,8.5,187,0
6a7fabb582ba586ac46e6d03,13,0,7.285714285714286,187,0
6a7fabb582ba586ac46e6d03,12,1,7.25,187,0
6a7fabb582ba586ac46e6d03,11,2,7.222222222222222,187,0
6a7fabb582ba586ac46e6d03,10,3,7.1,187,0
6a7fabb582ba586ac46e6d03,9,3,7.181818181818182,187,0
6a7fabb582ba586ac46e6d03,8,3,7.416666666666667,187,0
6a7fabb582ba586ac46e6d03,7,3,7.846153846153846,187,0
6a7fabb582ba586ac46e6d03,6,3,7.857142857142857,187,0
6a7fabb582ba586ac46e6d03,5,3,8.4,187,0
6a7fabb582ba586ac46e6d03,4,3,7.9375,187,0
6a7fabb582ba586ac46e6d03,3,3,8.117647058823529,187,0
6a7fabb582ba586ac46e6d03,2,3,8.166666666666666,187,0
6a7fabb582ba586ac46e6d03,1,3,8.368421052631579,187,0
6a7fabb582ba586ac46e6d07,19,0,4,202,0
6a7fabb582ba586ac46e6d07,18,0,4.5,202,0
6a7fabb582ba586ac46e6d07,17,1,8.333333333333334,202,0
6a7fabb582ba586ac46e6d07,17,1,10,202,0
6a7fabb582ba586ac46e6d07,16,1,10.25,202,0
6a7fabb582ba586ac46e6d07,15,1,9.6,202,0
6a7fabb582ba586ac46e6d07,14,2,10.333333333333334,202,0
6a7fabb582ba586ac46e6d07,13,2,9.857142857142858,202,0
6a7fabb582ba586ac46e6d07,12,3,9,202,0
6a7fabb582ba586ac46e6d07,11,5,9.222222222222221,202,0
6a7fabb582ba586ac46e6d07,10,5,8.9,202,0
6a7fabb582ba586ac46e6d07,9,5,8.727272727272727,202,0
6a7fabb582ba586ac46e6d07,9,5,8.818181818181818,202,0
6a7fabb582ba586ac46e6d07,8,5,9.666666666666666,202,0
6a7fabb582ba586ac46e6d07,8,5,9.75,202,0
6a7fabb582ba586ac46e6d07,8,5,9.833333333333334,202,0
6a7fabb582ba586ac46e6d07,7,5,10.23076923076923,202,0
6a7fabb582ba586ac46e6d07,6,5,10,202,0
6a7fabb582ba586ac46e6d07,5,6,9.866666666666667,202,0
6a7fabb582ba586ac46e6d07,4,6,9.625,202,0
6a7fabb582ba586ac46e6d07,3,7,9.764705882352942,202,0
6a7fabb582ba586ac46e6d07,2,7,9.444444444444445,202,0
6a7fabb582ba586ac46e6d07,1,7,9,202,0
6a7fabb582ba586ac46e6d0b,19,0,17,150,1
6a7fabb582ba586ac46e6d0b,18,1,13,150,1
6a7fabb582ba586ac46e6d0b,17,1,13,150,1
6a7fabb582ba586ac46e6d0b,16,1,12.75,150,1
6a7fabb582ba586ac46e6d0b,16,1,13,150,1
6a7fabb582ba586ac46e6d0b,15,1,12,150,1
6a7fabb582ba586ac46e6d0b,14,1,11.166666666666666,150,1
6a7fabb582ba586ac46e6d0b,13,2,10.857142857142858,150,1
6a7fabb582ba586ac46e6d0b,12,3,9.625,150,1
6a7fabb582ba586ac46e6d0b,11,3,9.777777777777779,150,1
6a7fabb582ba586ac46e6d0b,10,3,9.3,150,1
6a7fabb582ba586ac46e6d0b,9,3,8.909090909090908,150,1
6a7fabb582ba586ac46e6d0b,8,3,9.166666666666666,150,1
6a7fabb582ba586ac46e6d0b,7,5,9.076923076923077,150,1
6a7fabb582ba586ac46e6d0b,7,5,9.153846153846153,150,1
6a7fabb582ba586ac46e6d0b,6,5,9.142857142857142,150,1
6a7fabb582ba586ac46e6d0b,5,6,9.066666666666666,150,1
6a7fabb582ba586ac46e6d0b,4,6,9,150,1
6a7fabb582ba586ac46e6d0f,19,0,6,174,0
6a7fabb582ba586ac46e6d0f,18,0,10,174,0
6a7fabb582ba586ac46e6d0f,17,0,9.666666666666666,174,0
6a7fabb582ba586ac46e6d0f,16,0,10.75,174,0
6a7fabb582ba586ac46e6d0f,15,0,9.8,174,0
6a7fabb582ba586ac46e6d0f,14,0,9.166666666666666,174,0
6a7fabb582ba586ac46e6d0f,13,0,9.285714285714286,174,0
6a7fabb582ba586ac46e6d0f,12,0,9.375,174,0
6a7fabb582ba586ac46e6d0f,11,0,8.444444444444445,174,0
6a7fabb582ba586ac46e6d0f,10,1,8.2,174,0
6a7fabb582ba586ac46e6d0f,9,1,7.909090909090909,174,0
6a7fabb582ba586ac46e6d0f,8,2,7.916666666666667,174,0
6a7fabb582ba586ac46e6d0f,7,2,8.384615384615385,174,0
6a7fabb582ba586ac46e6d0f,6,2,8.142857142857142,174,0
6a7fabb582ba586ac46e6d0f,5,2,8,174,0
6a7fabb582ba586ac46e6d0f,4,2,7.6875,174,0
6a7fabb582ba586ac46e6d0f,3,2,7.588235294117647,174,0
6a7fabb582ba586ac46e6d0f,2,2,7.555555555555555,174,0
6a7fabb582ba586ac46e6d0f,1,2,7.7368421052631575,174,0
6a7fabb582ba586ac46e6d13,19,1,7,162,0
6a7fabb582ba586ac46e6d13,19,1,8,162,0
6a7fabb582ba586ac46e6d13,18,2,5,162,0
6a7fabb582ba586ac46e6d13,17,2,9,162,0
6a7fabb582ba586ac46e6d13,16,2,8.75,162,0
6a7fabb582ba586ac46e6d13,15,2,8.6,162,0
6a7fabb582ba586ac46e6d13,14,3,9.666666666666666,162,0
6a7fabb582ba586ac46e6d13,13,3,9.142857142857142,162,0
6a7fabb582ba586ac46e6d13,12,3,8.75,162,0
6a7fabb582ba586ac46e6d13,12,3,8.875,162,0
6a7fabb582ba586ac46e6d13,11,3,8.444444444444445,162,0
6a7fabb582ba586ac46e6d13,10,3,9.1,162,0
6a7fabb582ba586ac46e6d13,9,3,9.272727272727273,162,0
6a7fabb582ba586ac46e6d13,8,4,8.75,162,0
6a7fabb582ba586ac46e6d13,7,5,8.307692307692308,162,0
6a7fabb582ba586ac46e6d13,6,5,8,162,0
6a7fabb582ba586ac46e6d13,5,5,8.266666666666667,162,0
6a7fabb582ba586ac46e6d13,4,5,8.3125,162,0
6a7fabb582ba586ac46e6d13,3,5,8.058823529411764,162,0
6a7fabb582ba586ac46e6d13,2,5,8,162,0
6a7fabb582ba586ac46e6d13,1,5,7.842105263157895,162,0
6a7fabb582ba586ac46e6d17,19,0,7,174,1
6a7fabb582ba586ac46e6d17,18,0,12.5,174,1
6a7fabb582ba586ac46e6d17,17,0,13,174,1
6a7fabb582ba586ac46e6d17,16,0,11.25,174,1
6a7fabb582ba586ac46e6d17,15,0,10,174,1
6a7fabb582ba586ac46e6d17,14,1,9.5,174,1
6a7fabb582ba586ac46e6d17,13,1,9.571428571428571,174,1
6a7fabb582ba586ac46e6d17,13,1,9.857142857142858,174,1
6a7fabb582ba586ac46e6d17,12,1,10.125,174,1
6a7fabb582ba586ac46e6d17,11,1,10.666666666666666,174,1
6a7fabb582ba586ac46e6d17,10,1,10.8,174,1
6a7fabb582ba586ac46e6d17,9,1,10.818181818181818,174,1
6a7fabb582ba586ac46e6d17,8,1,10.333333333333334,174,1
6a7fabb582ba586ac46e6d17,7,1,10.076923076923077,174,1
6a7fabb582ba586ac46e6d17,6,4,9.642857142857142,174,1
6a7fabb582ba586ac46e6d17,5,4,9.266666666666667,174,1
6a7fabb582ba586ac46e6d17,4,5,9.125,174,1
6a7fabb582ba586ac46e6d17,3,5,9.823529411764707,174,1
6a7fabb582ba586ac46e6d1b,19,1,11,197,0
6a7fabb582ba586ac46e6d1b,18,2,8.5,197,0
6a7fabb582ba586ac46e6d1b,17,2,7.666666666666667,197,0
6a7fabb582ba586ac46e6d1b,16,2,8,197,0
6a7fabb582ba586ac46e6d1b,15,4,8.4,197,0
6a7fabb582ba586ac46e6d1b,14,4,7.833333333333333,197,0
6a7fabb582ba586ac46e6d1b,13,4,7.285714285714286,197,0
6a7fabb582ba586ac46e6d1b,12,5,6.625,197,0
6a7fabb582ba586ac46e6d1b,11,5,7.666666666666667,197,0
6a7fabb582ba586ac46e6d1b,10,6,7.5,197,0
6a7fabb582ba586ac46e6d1b,9,7,7.090909090909091,197,0
6a7fabb582ba586ac46e6d1b,8,7,6.916666666666667,197,0
6a7fabb582ba586ac46e6d1b,8,7,7,197,0
6a7fabb582ba586ac46e6d1b,7,7,7.076923076923077,197,0
6a7fabb582ba586ac46e6d1b,6,7,7,197,0
6a7fabb582ba586ac46e6d1b,5,7,7.866666666666666,197,0
6a7fabb582ba586ac46e6d1b,4,7,7.625,197,0
6a7fabb582ba586ac46e6d1b,3,7,7.823529411764706,197,0
6a7fabb582ba586ac46e6d1b,2,8,7.944444444444445,197,0
6a7fabb582ba586ac46e6d1b,1,8,7.842105263157895,197,0
6a7fabb582ba586ac46e6d1f,19,1,9,214,0
6a7fabb582ba586ac46e6d1f,18,1,10.5,214,0
6a7fabb582ba586ac46e6d1f,17,1,12.333333333333334,214,0
6a7fabb582ba586ac46e6d1f,16,1,11.25,214,0
6a7fabb582ba586ac46e6d1f,16,1,11.5,214,0
6a7fabb582ba586ac46e6d1f,15,2,11.4,214,0
6a7fabb582ba586ac46e6d1f,14,3,10,214,0
6a7fabb582ba586ac46e6d1f,13,3,8.857142857142858,214,0
6a7fabb582ba586ac46e6d1f,13,3,9,214,0
6a7fabb582ba586ac46e6d1f,12,3,10.125,214,0
6a7fabb582ba586ac46e6d1f,11,3,9.88888888888889,214,0
6a7fabb582ba586ac46e6d1f,10,3,9.7,214,0
6a7fabb582ba586ac46e6d1f,10,3,9.8,214,0
6a7fabb582ba586ac46e6d1f,9,3,9.727272727272727,214,0
6a7fabb582ba586ac46e6d1f,8,3,9.416666666666666,214,0
6a7fabb582ba586ac46e6d1f,7,3,9.846153846153847,214,0
6a7fabb582ba586ac46e6d1f,6,4,10,214,0
6a7fabb582ba586ac46e6d1f,5,5,10,214,0
6a7fabb582ba586ac46e6d1f,5,5,10.066666666666666,214,0
6a7fabb582ba586ac46e6d1f,4,5,9.6875,214,0
6a7fabb582ba586ac46e6d1f,3,5,9.470588235294118,214,0
6a7fabb582ba586ac46e6d1f,2,5,10,214,0
6a7fabb582ba586ac46e6d1f,1,5,9.526315789473685,214,0
6a7fabb582ba586ac46e6d23,19,0,16,167,0
6a7fabb582ba586ac46e6d23,18,0,8.5,167,0
6a7fabb582ba586ac46e6d23,17,0,8.333333333333334,167,0
6a7fabb582ba586ac46e6d23,16,0,8.75,167,0
6a7fabb582ba586ac46e6d23,15,0,7.8,167,0
6a7fabb582ba586ac46e6d23,14,0,7.166666666666667,167,0
6a7fabb582ba586ac46e6d23,13,0,8.428571428571429,167,0
6a7fabb582ba586ac46e6d23,12,0,8.25,167,0
6a7fabb582ba586ac46e6d23,11,0,8.11111111111111,167,0
6a7fabb582ba586ac46e6d23,10,0,8.5,167,0
6a7fabb582ba586ac46e6d23,9,0,8.545454545454545,167,0
6a7fabb582ba586ac46e6d23,8,0,8,167,0
6a7fabb582ba586ac46e6d23,7,1,7.846153846153846,167,0
6a7fabb582ba586ac46e6d23,6,1,7.642857142857143,167,0
6a7fabb582ba586ac46e6d23,5,1,8.066666666666666,167,0
6a7fabb582ba586ac46e6d23,4,2,8,167,0
6a7fabb582ba586ac46e6d23,3,3,8,167,0
6a7fabb582ba586ac46e6d23,2,3,7.888888888888889,167,0
6a7fabb582ba586ac46e6d23,1,3,8.31578947368421,167,0
6a7fabb582ba586ac46e6d27,19,1,2,175,1
6a7fabb582ba586ac46e6d27,19,1,3,175,1
6a7fabb582ba586ac46e6d27,19,1,4,175,1
6a7fabb582ba586ac46e6d27,18,2,4,175,1
6a7fabb582ba586ac46e6d27,17,2,6,175,1
6a7fabb582ba586ac46e6d27,16,3,6.25,175,1
6a7fabb582ba586ac46e6d27,15,3,5.6,175,1
6a7fabb582ba586ac46e6d27,14,3,6.666666666666667,175,1
6a7fabb582ba586ac46e6d27,13,3,6.857142857142857,175,1
6a7fabb582ba586ac46e6d27,12,4,7,175,1
6a7fabb582ba586ac46e6d27,12,4,7.125,175,1
6a7fabb582ba586ac46e6d27,11,5,7.666666666666667,175,1
6a7fabb582ba586ac46e6d27,10,5,8.8,175,1
6a7fabb582ba586ac46e6d27,9,5,8.545454545454545,175,1
6a7fabb582ba586ac46e6d27,8,6,8.416666666666666,175,1
6a7fabb582ba586ac46e6d27,7,7,8.461538461538462,175,1
6a7fabb582ba586ac46e6d27,7,7,8.846153846153847,175,1
6a7fabb582ba586ac46e6d27,6,7,9,175,1
6a7fabb582ba586ac46e6d27,5,7,8.933333333333334,175,1
6a7fabb582ba586ac46e6d27,4,8,9,175,1
6a7fabb582ba586ac46e6d27,3,8,9.176470588235293,175,1
6a7fabb582ba586ac46e6d27,2,8,9.61111111111111,175,1
6a7fabb582ba586ac46e6d2b,19,0,13,181,1
6a7fabb582ba586ac46e6d2b,18,1,7,181,1
6a7fabb582ba586ac46e6d2b,17,1,7.333333333333333,181,1
6a7fabb582ba586ac46e6d2b,17,1,7.666666666666667,181,1
6a7fabb582ba586ac46e6d2b,16,2,8,181,1
6a7fabb582ba586ac46e6d2b,15,4,7.4,181,1
6a7fabb582ba586ac46e6d2b,14,5,7.166666666666667,181,1
6a7fabb582ba586ac46e6d2b,13,5,8.714285714285714,181,1
6a7fabb582ba586ac46e6d2b,12,5,8.875,181,1
6a7fabb582ba586ac46e6d2b,11,6,9.88888888888889,181,1
6a7fabb582ba586ac46e6d2b,10,6,10.6,181,1
6a7fabb582ba586ac46e6d2b,9,6,10.090909090909092,181,1
6a7fabb582ba586ac46e6d2b,8,6,10.166666666666666,181,1
6a7fabb582ba586ac46e6d2b,7,6,9.846153846153847,181,1
6a7fabb582ba586ac46e6d2b,6,6,9.642857142857142,181,1
6a7fabb582ba586ac46e6d2b,5,7,9.733333333333333,181,1
6a7fabb582ba586ac46e6d2b,4,7,9.5,181,1
6a7fabb582ba586ac46e6d2b,3,7,9.411764705882353,181,1
6a7fabb582ba586ac46e6d2b,2,7,9,181,1
6a7fabb582ba586ac46e6d2b,1,7,8.842105263157896,181,1
6a7fabb582ba586ac46e6d2f,19,1,15,185,1
6a7fabb582ba586ac46e6d2f,18,1,11,185,1
6a7fabb582ba586ac46e6d2f,17,1,12,185,1
6a7fabb582ba586ac46e6d2f,17,1,12.333333333333334,185,1
6a7fabb582ba586ac46e6d2f,17,1,12.666666666666666,185,1
6a7fabb582ba586ac46e6d2f,16,1,11.75,185,1
6a7fabb582ba586ac46e6d2f,15,1,10.4,185,1
6a7fabb582ba586ac46e6d2f,14,1,9.166666666666666,185,1
6a7fabb582ba586ac46e6d2f,13,2,10,185,1
6a7fabb582ba586ac46e6d2f,12,5,9,185,1
6a7fabb582ba586ac46e6d2f,11,6,9.11111111111111,185,1
6a7fabb582ba586ac46e6d2f,10,6,9.3,185,1
6a7fabb582ba586ac46e6d2f,9,6,9.090909090909092,185,1
6a7fabb582ba586ac46e6d2f,8,8,9.583333333333334,185,1
6a7fabb582ba586ac46e6d2f,7,9,9.538461538461538,185,1
6a7fabb582ba586ac46e6d2f,6,9,9.857142857142858,185,1
6a7fabb582ba586ac46e6d2f,5,9,9.933333333333334,185,1
6a7fabb582ba586ac46e6d2f,4,9,10.125,185,1
6a7fabb582ba586ac46e6d2f,3,9,10.294117647058824,185,1
6a7fabf682ba586ac47fab66,19,0,8,194,0
6a7fabf682ba586ac47fab66,18,0,11.5,194,0
6a7fabf682ba586ac47fab66,17,0,8.666666666666666,194,0
6a7fabf682ba586ac47fab66,16,0,9.5,194,0
6a7fabf682ba586ac47fab66,15,0,8.6,194,0
6a7fabf682ba586ac47fab66,14,0,8.5,194,0
6a7fabf682ba586ac47fab66,13,0,9.714285714285714,194,0
6a7fabf682ba586ac47fab66,12,0,9.875,194,0
6a7fabf682ba586ac47fab66,11,0,10.444444444444445,194,0
6a7fabf682ba586ac47fab66,10,0,10.2,194,0
6a7fabf682ba586ac47fab66,9,1,9.363636363636363,194,0
6a7fabf682ba586ac47fab66,8,2,8.833333333333334,194,0
6a7fabf682ba586ac47fab66,7,3,8.846153846153847,194,0
6a7fabf682ba586ac47fab66,6,3,8.714285714285714,194,0
6a7fabf682ba586ac47fab66,5,3,8.666666666666666,194,0
6a7fabf682ba586ac47fab66,4,3,8.6875,194,0
6a7fabf682ba586ac47fab66,3,3,8.764705882352942,194,0
6a7fabf682ba586ac47fab66,2,3,9.38888888888889,194,0
6a7fabf682ba586ac47fab66,1,3,9.31578947368421,194,0
6a7fabf682ba586ac47fab6a,19,0,10,177,1
6a7fabf682ba586ac47fab6a,18,0,12.5,177,1
6a7fabf682ba586ac47fab6a,17,0,11.666666666666666,177,1
6a7fabf682ba586ac47fab6a,16,0,13.25,177,1
6a7fabf682ba586ac47fab6a,15,0,12,177,1
6a7fabf682ba586ac47fab6a,14,0,11.333333333333334,177,1
6a7fabf682ba586ac47fab6a,13,1,12.428571428571429,177,1
6a7fabf682ba586ac47fab6a,12,2,11.5,177,1
6a7fabf682ba586ac47fab6a,11,2,11.333333333333334,177,1
6a7fabf682ba586ac47fab6a,10,2,10.8,177,1
6a7fabf682ba586ac47fab6a,9,2,11.363636363636363,177,1
6a7fabf682ba586ac47fab6a,9,2,11.727272727272727,177,1
6a7fabf682ba586ac47fab6a,8,2,11.75,177,1
6a7fabf682ba586ac47fab6a,7,3,10.923076923076923,177,1
6a7fabf682ba586ac47fab6a,6,4,10.357142857142858,177,1
6a7fabf682ba586ac47fab6a,5,4,10.6,177,1
6a7fabf682ba586ac47fab6a,4,4,10.25,177,1
6a7fabf682ba586ac47fab6a,3,5,10.058823529411764,177,1
6a7fabf682ba586ac47fab6e,19,0,7,166,0
6a7fabf682ba586ac47fab6e,18,0,5.5,166,0
6a7fabf682ba586ac47fab6e,17,1,4.666666666666667,166,0
6a7fabf682ba586ac47fab6e,16,1,5,166,0
6a7fabf682ba586ac47fab6e,15,1,6.2,166,0
6a7fabf682ba586ac47fab6e,14,1,7.333333333333333,166,0
6a7fabf682ba586ac47fab6e,13,2,6.714285714285714,166,0
6a7fabf682ba586ac47fab6e,12,2,6.75,166,0
6a7fabf682ba586ac47fab6e,11,2,7,166,0
6a7fabf682ba586ac47fab6e,10,2,6.8,166,0
6a7fabf682ba586ac47fab6e,9,2,6.7272727272727275,166,0
6a7fabf682ba586ac47fab6e,8,3,6.5,166,0
6a7fabf682ba586ac47fab6e,7,4,6.3076923076923075,166,0
6a7fabf682ba586ac47fab6e,6,5,6.285714285714286,166,0
6a7fabf682ba586ac47fab6e,5,6,6.4,166,0
6a7fabf682ba586ac47fab6e,4,7,6.3125,166,0
6a7fabf682ba586ac47fab6e,3,7,6.294117647058823,166,0
6a7fabf682ba586ac47fab6e,2,7,6.277777777777778,166,0
6a7fabf682ba586ac47fab6e,1,7,6.473684210526316,166,0
6a7fabf682ba586ac47fab72,19,0,11,177,1
6a7fabf682ba586ac47fab72,18,0,16.5,177,1
6a7fabf682ba586ac47fab72,17,0,14.333333333333334,177,1
6a7fabf682ba586ac47fab72,16,1,13.75,177,1
6a7fabf682ba586ac47fab72,15,1,13,177,1
6a7fabf682ba586ac47fab72,14,1,13.166666666666666,177,1
6a7fabf682ba586ac47fab72,13,2,12.285714285714286,177,1
6a7fabf682ba586ac47fab72,12,3,12.875,177,1
6a7fabf682ba586ac47fab72,11,3,12.444444444444445,177,1
6a7fabf682ba586ac47fab72,10,3,11.7,177,1
6a7fabf682ba586ac47fab72,9,4,12.181818181818182,177,1
6a7fabf682ba586ac47fab72,8,4,11.666666666666666,177,1
6a7fabf682ba586ac47fab72,8,4,11.75,177,1
6a7fabf682ba586ac47fab72,7,4,10.923076923076923,177,1
6a7fabf682ba586ac47fab72,6,4,10.285714285714286,177,1
6a7fabf682ba586ac47fab72,5,5,10.866666666666667,177,1
6a7fabf682ba586ac47fab72,4,5,10.6875,177,1
6a7fabfb82ba586ac4811bf2,19,0,11,197,0
6a7fabfb82ba586ac4811bf2,18,0,7,197,0
6a7fabfb82ba586ac4811bf2,17,0,6.666666666666667,197,0
6a7fabfb82ba586ac4811bf2,16,0,6.75,197,0
6a7fabfb82ba586ac4811bf2,15,0,8.6,197,0
6a7fabfb82ba586ac4811bf2,14,0,7.666666666666667,197,0
6a7fabfb82ba586ac4811bf2,13,1,7.857142857142857,197,0
6a7fabfb82ba586ac4811bf2,12,1,8,197,0
6a7fabfb82ba586ac4811bf2,11,1,7.888888888888889,197,0
6a7fabfb82ba586ac4811bf2,10,1,8.6,197,0
6a7fabfb82ba586ac4811bf2,9,1,8.818181818181818,197,0
6a7fabfb82ba586ac4811bf2,8,1,8.916666666666666,197,0
6a7fabfb82ba586ac4811bf2,7,1,8.846153846153847,197,0
6a7fabfb82ba586ac4811bf2,6,1,8.5,197,0
6a7fabfb82ba586ac4811bf2,5,1,8.333333333333334,197,0
6a7fabfb82ba586ac4811bf2,5,1,8.466666666666667,197,0
6a7fabfb82ba586ac4811bf2,4,1,8.5625,197,0
6a7fabfb82ba586ac4811bf2,3,1,9.117647058823529,197,0
6a7fabfb82ba586ac4811bf2,3,1,9.176470588235293,197,0
6a7fabfb82ba586ac4811bf2,2,1,9.11111111111111,197,0
6a7fabfb82ba586ac4811bf2,1,1,9,197,0
6a7fabfb82ba586ac4811bf2,1,1,9.052631578947368,197,0
6a7fabfb82ba586ac4811bf6,19,1,15,204,0
6a7fabfb82ba586ac4811bf6,19,1,16,204,0
6a7fabfb82ba586ac4811bf6,18,2,13,204,0
6a7fabfb82ba586ac4811bf6,17,2,13.666666666666666,204,0
6a7fabfb82ba586ac4811bf6,16,2,12,204,0
6a7fabfb82ba586ac4811bf6,15,2,11.2,204,0
6a7fabfb82ba586ac4811bf6,14,2,11,204,0
6a7fabfb82ba586ac4811bf6,13,2,10.571428571428571,204,0
6a7fabfb82ba586ac4811bf6,12,2,9.625,204,0
6a7fabfb82ba586ac4811bf6,11,3,9.666666666666666,204,0
6a7fabfb82ba586ac4811bf6,10,3,9.6,204,0
6a7fabfb82ba586ac4811bf6,9,4,9.909090909090908,204,0
6a7fabfb82ba586ac4811bf6,8,5,9.916666666666666,204,0
6a7fabfb82ba586ac4811bf6,7,6,9.461538461538462,204,0
6a7fabfb82ba586ac4811bf6,7,6,9.538461538461538,204,0
6a7fabfb82ba586ac4811bf6,6,6,9.928571428571429,204,0
6a7fabfb82ba586ac4811bf6,5,6,9.733333333333333,204,0
6a7fabfb82ba586ac4811bf6,4,6,9.3125,204,0
6a7fabfb82ba586ac4811bf6,3,6,9,204,0
6a7fabfb82ba586ac4811bf6,2,8,8.666666666666666,204,0
6a7fabfb82ba586ac4811bf6,2,8,8.722222222222221,204,0
6a7fabfb82ba586ac4811bf6,1,9,8.631578947368421,204,0
6a7fabfe82ba586ac481d4a3,19,1,7,171,1
6a7fabfe82ba586ac481d4a3,18,1,6,171,1
6a7fabfe82ba586ac481d4a3,17,1,5.333333333333333,171,1
6a7fabfe82ba586ac481d4a3,16,1,5.75,171,1
6a7fabfe82ba586ac481d4a3,15,1,5.8,171,1
6a7fabfe82ba586ac481d4a3,14,1,7.666666666666667,171,1
6a7fabfe82ba586ac481d4a3,13,2,9,171,1
6a7fabfe82ba586ac481d4a3,12,2,8.625,171,1
6a7fabfe82ba586ac481d4a3,11,2,8.666666666666666,171,1
6a7fabfe82ba586ac481d4a3,10,2,8.7,171,1
6a7fabfe82ba586ac481d4a3,9,2,8.454545454545455,171,1
6a7fabfe82ba586ac481d4a3,8,2,8.166666666666666,171,1
6a7fabfe82ba586ac481d4a3,7,2,8.384615384615385,171,1
6a7fabfe82ba586ac481d4a3,6,2,8.428571428571429,171,1
6a7fabfe82ba586ac481d4a3,5,2,8.533333333333333,171,1
6a7fabfe82ba586ac481d4a3,4,2,8.9375,171,1
6a7fabfe82ba586ac481d4a3,3,2,8.705882352941176,171,1
6a7fabfe82ba586ac481d4a3,2,2,8.666666666666666,171,1
6a7fabfe82ba586ac481d4a3,1,3,8.894736842105264,171,1
6a7fd8e7700f451f4ed7e32e,19,0,8,175,0
6a7fd8e7700f451f4ed7e32e,18,0,8.5,175,0
6a7fd8e7700f451f4ed7e32e,17,0,7.666666666666667,175,0
6a7fd8e7700f451f4ed7e32e,16,0,7,175,0
6a7fd8e7700f451f4ed7e32e,15,0,6.4,175,0
6a7fd8e7700f451f4ed7e32e,14,0,7.333333333333333,175,0
6a7fd8e7700f451f4ed7e32e,13,1,7.571428571428571,175,0
6a7fd8e7700f451f4ed7e32e,12,1,7.5,175,0
6a7fd8e7700f451f4ed7e32e,11,1,7.555555555555555,175,0
6a7fd8e7700f451f4ed7e32e,10,2,7.6,175,0
6a7fd8e7700f451f4ed7e32e,9,3,7.818181818181818,175,0
6a7fd8e7700f451f4ed7e32e,8,3,7.833333333333333,175,0
6a7fd8e7700f451f4ed7e32e,7,3,8,175,0
6a7fd8e7700f451f4ed7e32e,6,3,8.357142857142858,175,0
6a7fd8e7700f451f4ed7e32e,5,3,8.4,175,0
6a7fd8e7700f451f4ed7e32e,5,3,8.466666666666667,175,0
6a7fd8e7700f451f4ed7e32e,4,3,8.1875,175,0
6a7fd8e7700f451f4ed7e32e,3,4,8,175,0
6a7fd8e7700f451f4ed7e32e,2,4,8.222222222222221,175,0
6a7fd8e7700f451f4ed7e32e,1,4,8.421052631578947,175,0
6a7fd8e7700f451f4ed7e332,19,0,5,192,0
6a7fd8e7700f451f4ed7e332,18,1,8.5,192,0
6a7fd8e7700f451f4ed7e332,17,2,10,192,0
6a7fd8e7700f451f4ed7e332,16,2,10,192,0
6a7fd8e7700f451f4ed7e332,15,2,9.8,192,0
6a7fd8e7700f451f4ed7e332,14,2,9.333333333333334,192,0
6a7fd8e7700f451f4ed7e332,13,3,9.285714285714286,192,0
6a7fd8e7700f451f4ed7e332,12,3,8.875,192,0
6a7fd8e7700f451f4ed7e332,11,3,9.222222222222221,192,0
6a7fd8e7700f451f4ed7e332,10,4,8.9,192,0
6a7fd8e7700f451f4ed7e332,9,5,8.181818181818182,192,0
6a7fd8e7700f451f4ed7e332,8,7,7.666666666666667,192,0
6a7fd8e7700f451f4ed7e332,7,7,7.615384615384615,192,0
6a7fd8e7700f451f4ed7e332,6,7,7.928571428571429,192,0
6a7fd8e7700f451f4ed7e332,5,7,8,192,0
6a7fd8e7700f451f4ed7e332,4,7,8,192,0
6a7fd8e7700f451f4ed7e332,3,7,8.235294117647058,192,0
6a7fd8e7700f451f4ed7e332,2,7,7.944444444444445,192,0
6a7fd8e7700f451f4ed7e332,1,7,7.7894736842105265,192,0
6a7fd8e7700f451f4ed7e336,19,0,7,165,1
6a7fd8e7700f451f4ed7e336,18,0,9.5,165,1
6a7fd8e7700f451f4ed7e336,17,1,7.333333333333333,165,1
6a7fd8e7700f451f4ed7e336,16,1,8,165,1
6a7fd8e7700f451f4ed7e336,15,1,8.8,165,1
6a7fd8e7700f451f4ed7e336,15,1,9,165,1
6a7fd8e7700f451f4ed7e336,14,1,8.166666666666666,165,1
6a7fd8e7700f451f4ed7e336,13,1,8.428571428571429,165,1
6a7fd8e7700f451f4ed7e336,12,2,8,165,1
6a7fd8e7700f451f4ed7e336,11,2,9.11111111111111,165,1
6a7fd8e7700f451f4ed7e336,10,2,8.3,165,1
6a7fd8e7700f451f4ed7e336,9,2,8.363636363636363,165,1
6a7fd8e7700f451f4ed7e336,8,2,8.416666666666666,165,1
6a7fd8e7700f451f4ed7e336,7,2,8.76923076923077,165,1
6a7fd8e7700f451f4ed7e336,7,2,8.846153846153847,165,1
6a7fd8e7700f451f4ed7e336,6,2,8.642857142857142,165,1
6a7fd8e7700f451f4ed7e336,5,2,8.733333333333333,165,1
6a7fd8e7700f451f4ed7e336,4,4,8.3125,165,1
6a7fd8e7700f451f4ed7e336,3,4,8.529411764705882,165,1
6a7fd8e7700f451f4ed7e336,2,5,8.277777777777779,165,1
6a7fd8e7700f451f4ed7e336,1,5,8.578947368421053,165,1
6a7fd8e7700f451f4ed7e33a,19,1,16,217,0
6a7fd8e7700f451f4ed7e33a,18,1,10.5,217,0
6a7fd8e7700f451f4ed7e33a,17,2,11,217,0
6a7fd8e7700f451f4ed7e33a,16,2,9,217,0
6a7fd8e7700f451f4ed7e33a,15,2,9.2,217,0
6a7fd8e7700f451f4ed7e33a,14,2,10.166666666666666,217,0
6a7fd8e7700f451f4ed7e33a,13,3,9.571428571428571,217,0
6a7fd8e7700f451f4ed7e33a,12,3,9.75,217,0
6a7fd8e7700f451f4ed7e33a,11,4,9.222222222222221,217,0
6a7fd8e7700f451f4ed7e33a,10,4,8.8,217,0
6a7fd8e7700f451f4ed7e33a,9,4,9.272727272727273,217,0
6a7fd8e7700f451f4ed7e33a,8,4,9.25,217,0
6a7fd8e7700f451f4ed7e33a,7,5,8.846153846153847,217,0
6a7fd8e7700f451f4ed7e33a,6,5,8.857142857142858,217,0
6a7fd8e7700f451f4ed7e33a,5,5,8.533333333333333,217,0
6a7fd8e7700f451f4ed7e33a,4,6,8.5625,217,0
6a7fd8e7700f451f4ed7e33a,4,6,8.75,217,0
6a7fd8e7700f451f4ed7e33a,3,6,8.764705882352942,217,0
6a7fd8e7700f451f4ed7e33a,3,6,9.058823529411764,217,0
6a7fd8e7700f451f4ed7e33a,2,6,9,217,0
6a7fd8e7700f451f4ed7e33a,1,6,9,217,0
6a7fd8e7700f451f4ed7e33a,1,6,9.157894736842104,217,0
6a7fd8e7700f451f4ed7e33e,19,0,6,190,1
6a7fd8e7700f451f4ed7e33e,18,0,6,190,1
6a7fd8e7700f451f4ed7e33e,17,0,8,190,1
6a7fd8e7700f451f4ed7e33e,16,1,8.75,190,1
6a7fd8e7700f451f4ed7e33e,15,1,8.8,190,1
6a7fd8e7700f451f4ed7e33e,14,2,9.333333333333334,190,1
6a7fd8e7700f451f4ed7e33e,13,2,10,190,1
6a7fd8e7700f451f4ed7e33e,12,2,9,190,1
6a7fd8e7700f451f4ed7e33e,11,2,9.444444444444445,190,1
6a7fd8e7700f451f4ed7e33e,10,3,9.2,190,1
6a7fd8e7700f451f4ed7e33e,9,3,9.181818181818182,190,1
6a7fd8e7700f451f4ed7e33e,8,3,9.916666666666666,190,1
6a7fd8e7700f451f4ed7e33e,7,4,9.76923076923077,190,1
6a7fd8e7700f451f4ed7e33e,6,4,9.357142857142858,190,1
6a7fd8e7700f451f4ed7e33e,6,4,9.428571428571429,190,1
6a7fd8e7700f451f4ed7e33e,5,4,9.333333333333334,190,1
6a7fd8e7700f451f4ed7e33e,4,4,9.75,190,1
6a7fd8e7700f451f4ed7e33e,3,5,9.647058823529411,190,1
6a7fd8e7700f451f4ed7e33e,2,5,9.88888888888889,190,1
6a7fd8e7700f451f4ed7e33e,1,5,9.789473684210526,190,1
6a7fd8e7700f451f4ed7e342,19,0,12,174,1
6a7fd8e7700f451f4ed7e342,18,0,11.5,174,1
6a7fd8e7700f451f4ed7e342,18,0,12,174,1
6a7fd8e7700f451f4ed7e342,17,0,10.666666666666666,174,1
6a7fd8e7700f451f4ed7e342,16,0,10,174,1
6a7fd8e7700f451f4ed7e342,15,0,9.8,174,1
6a7fd8e7700f451f4ed7e342,14,1,11.166666666666666,174,1
6a7fd8e7700f451f4ed7e342,14,1,11.333333333333334,174,1
6a7fd8e7700f451f4ed7e342,13,1,10.428571428571429,174,1
6a7fd8e7700f451f4ed7e342,12,2,10,174,1
6a7fd8e7700f451f4ed7e342,11,2,9.777777777777779,174,1
6a7fd8e7700f451f4ed7e342,10,2,9.4,174,1
6a7fd8e7700f451f4ed7e342,9,2,9.454545454545455,174,1
6a7fd8e7700f451f4ed7e342,8,2,9.5,174,1
6a7fd8e7700f451f4ed7e342,8,2,9.583333333333334,174,1
6a7fd8e7700f451f4ed7e342,7,2,9.307692307692308,174,1
6a7fd8e7700f451f4ed7e342,6,3,8.857142857142858,174,1
6a7fd8e7700f451f4ed7e342,5,4,9,174,1
6a7fd8e7700f451f4ed7e342,4,4,8.8125,174,1
6a7fd8e7700f451f4ed7e342,3,6,8.411764705882353,174,1
6a7fd8e7700f451f4ed7e342,2,6,8.88888888888889,174,1
6a7fd8e7700f451f4ed7e342,1,6,8.631578947368421,174,1
6a7fd8e7700f451f4ed7e346,19,0,3,188,0
6a7fd8e7700f451f4ed7e346,18,0,3,188,0
6a7fd8e7700f451f4ed7e346,17,1,4.666666666666667,188,0
6a7fd8e7700f451f4ed7e346,16,1,6,188,0
6a7fd8e7700f451f4ed7e346,16,1,6.25,188,0
6a7fd8e7700f451f4ed7e346,15,1,7.6,188,0
6a7fd8e7700f451f4ed7e346,14,1,8.5,188,0
6a7fd8e7700f451f4ed7e346,13,1,8.428571428571429,188,0
6a7fd8e7700f451f4ed7e346,12,2,8,188,0
6a7fd8e7700f451f4ed7e346,12,2,8.125,188,0
6a7fd8e7700f451f4ed7e346,11,2,7.555555555555555,188,0
6a7fd8e7700f451f4ed7e346,10,2,7.6,188,0
6a7fd8e7700f451f4ed7e346,9,2,7.7272727272727275,188,0
6a7fd8e7700f451f4ed7e346,8,2,7.583333333333333,188,0
6a7fd8e7700f451f4ed7e346,7,2,7.3076923076923075,188,0
6a7fd8e7700f451f4ed7e346,6,2,7.357142857142857,188,0
6a7fd8e7700f451f4ed7e346,6,2,7.428571428571429,188,0
6a7fd8e7700f451f4ed7e346,5,3,7.8,188,0
6a7fd8e7700f451f4ed7e346,4,4,8,188,0
6a7fd8e7700f451f4ed7e346,3,4,7.764705882352941,188,0
6a7fd8e7700f451f4ed7e346,2,5,7.777777777777778,188,0
6a7fd8e7700f451f4ed7e346,1,8,7.7894736842105265,188,0
6a7fd8e7700f451f4ed7e346,1,8,7.842105263157895,188,0
6a7fd8e7700f451f4ed7e34a,19,2,7,158,1
6a7fd8e7700f451f4ed7e34a,18,2,4.5,158,1
6a7fd8e7700f451f4ed7e34a,17,2,5.333333333333333,158,1
6a7fd8e7700f451f4ed7e34a,16,3,7.25,158,1
6a7fd8e7700f451f4ed7e34a,15,5,6.6,158,1
6a7fd8e7700f451f4ed7e34a,14,5,6.5,158,1
6a7fd8e7700f451f4ed7e34a,13,5,7.142857142857143,158,1
6a7fd8e7700f451f4ed7e34a,12,5,7.125,158,1
6a7fd8e7700f451f4ed7e34a,11,5,7.555555555555555,158,1
6a7fd8e7700f451f4ed7e34a,10,5,7.8,158,1
6a7fd8e7700f451f4ed7e34a,9,5,7.545454545454546,158,1
6a7fd8e7700f451f4ed7e34a,8,5,7.666666666666667,158,1
6a7fd8e7700f451f4ed7e34a,8,5,7.75,158,1
6a7fd8e7700f451f4ed7e34a,7,5,8,158,1
6a7fd8e7700f451f4ed7e34a,6,6,8.214285714285714,158,1
6a7fd8e7700f451f4ed7e34a,6,6,8.571428571428571,158,1
6a7fd8e7700f451f4ed7e34a,5,6,8.333333333333334,158,1
6a7fd8e7700f451f4ed7e34a,4,6,8.8125,158,1
6a7fd8e7700f451f4ed7e34a,3,6,8.647058823529411,158,1
6a7fd8e7700f451f4ed7e34a,2,6,8.777777777777779,158,1
6a7fd8e7700f451f4ed7e34e,19,0,16,187,0
6a7fd8e7700f451f4ed7e34e,18,0,11.5,187,0
6a7fd8e7700f451f4ed7e34e,17,1,11.333333333333334,187,0
6a7fd8e7700f451f4ed7e34e,16,1,8.75,187,0
6a7fd8e7700f451f4ed7e34e,15,1,10,187,0
6a7fd8e7700f451f4ed7e34e,14,1,10,187,0
6a7fd8e7700f451f4ed7e34e,13,1,9.428571428571429,187,0
6a7fd8e7700f451f4ed7e34e,12,2,9.125,187,0
6a7fd8e7700f451f4ed7e34e,11,4,9,187,0
6a7fd8e7700f451f4ed7e34e,10,4,9.1,187,0
6a7fd8e7700f451f4ed7e34e,9,4,9.090909090909092,187,0
6a7fd8e7700f451f4ed7e34e,8,4,9.166666666666666,187,0
6a7fd8e7700f451f4ed7e34e,7,4,9.384615384615385,187,0
6a7fd8e7700f451f4ed7e34e,7,4,9.461538461538462,187,0
6a7fd8e7700f451f4ed7e34e,6,4,9.5,187,0
6a7fd8e7700f451f4ed7e34e,5,5,9.4,187,0
6a7fd8e7700f451f4ed7e34e,4,5,9.625,187,0
6a7fd8e7700f451f4ed7e34e,3,5,9.823529411764707,187,0
6a7fd8e7700f451f4ed7e34e,2,6,9.444444444444445,187,0
6a7fd8e7700f451f4ed7e34e,1,6,9.368421052631579,187,0
6a7fd8e7700f451f4ed7e352,19,0,6,198,0
6a7fd8e7700f451f4ed7e352,18,0,7,198,0
6a7fd8e7700f451f4ed7e352,17,0,7,198,0
6a7fd8e7700f451f4ed7e352,16,1,7.75,198,0
6a7fd8e7700f451f4ed7e352,15,2,6.8,198,0
6a7fd8e7700f451f4ed7e352,14,2,9.333333333333334,198,0
6a7fd8e7700f451f4ed7e352,14,2,9.5,198,0
6a7fd8e7700f451f4ed7e352,13,2,8.428571428571429,198,0
6a7fd8e7700f451f4ed7e352,12,2,8,198,0
6a7fd8e7700f451f4ed7e352,11,2,8.777777777777779,198,0
6a7fd8e7700f451f4ed7e352,10,2,8.2,198,0
6a7fd8e7700f451f4ed7e352,9,3,7.7272727272727275,198,0
6a7fd8e7700f451f4ed7e352,8,3,8.25,198,0
6a7fd8e7700f451f4ed7e352,7,3,8.384615384615385,198,0
6a7fd8e7700f451f4ed7e352,6,3,8.428571428571429,198,0
6a7fd8e7700f451f4ed7e352,5,5,8.533333333333333,198,0
6a7fd8e7700f451f4ed7e352,4,5,8.3125,198,0
6a7fd8e7700f451f4ed7e352,4,5,8.625,198,0
6a7fd8e7700f451f4ed7e352,3,5,8.470588235294118,198,0
6a7fd8e7700f451f4ed7e352,3,5,8.529411764705882,198,0
6a7fd8e7700f451f4ed7e352,2,5,8.722222222222221,198,0
6a7fd8e7700f451f4ed7e352,1,6,9.052631578947368,198,0
6a7fd8e7700f451f4ed7e356,19,0,13,171,1
6a7fd8e7700f451f4ed7e356,18,0,9,171,1
6a7fd8e7700f451f4ed7e356,17,1,6.333333333333333,171,1
6a7fd8e7700f451f4ed7e356,16,1,8.5,171,1
6a7fd8e7700f451f4ed7e356,15,2,8.2,171,1
6a7fd8e7700f451f4ed7e356,14,2,8.666666666666666,171,1
6a7fd8e7700f451f4ed7e356,13,2,8.142857142857142,171,1
6a7fd8e7700f451f4ed7e356,12,2,9.125,171,1
6a7fd8e7700f451f4ed7e356,11,2,8.555555555555555,171,1
6a7fd8e7700f451f4ed7e356,10,2,8.3,171,1
6a7fd8e7700f451f4ed7e356,9,2,8.909090909090908,171,1
6a7fd8e7700f451f4ed7e356,8,2,8.833333333333334,171,1
6a7fd8e7700f451f4ed7e356,7,2,8.461538461538462,171,1
6a7fd8e7700f451f4ed7e356,6,2,8.357142857142858,171,1
6a7fd8e7700f451f4ed7e356,5,2,8.2,171,1
6a7fd8e7700f451f4ed7e356,5,2,8.466666666666667,171,1
6a7fd8e7700f451f4ed7e356,4,3,8.25,171,1
6a7fd8e7700f451f4ed7e356,3,4,8.235294117647058,171,1
6a7fd8e7700f451f4ed7e356,2,4,8.833333333333334,171,1
6a7fd8e7700f451f4ed7e356,1,4,8.789473684210526,171,1
6a7fd8e7700f451f4ed7e35a,19,1,10,197,1
6a7fd8e7700f451f4ed7e35a,18,1,9.5,197,1
6a7fd8e7700f451f4ed7e35a,17,1,13,197,1
6a7fd8e7700f451f4ed7e35a,16,1,10.25,197,1
6a7fd8e7700f451f4ed7e35a,15,1,11.2,197,1
6a7fd8e7700f451f4ed7e35a,14,1,11.166666666666666,197,1
6a7fd8e7700f451f4ed7e35a,13,1,9.857142857142858,197,1
6a7fd8e7700f451f4ed7e35a,12,1,10,197,1
6a7fd8e7700f451f4ed7e35a,11,1,10.444444444444445,197,1
6a7fd8e7700f451f4ed7e35a,10,1,11.1,197,1
6a7fd8e7700f451f4ed7e35a,9,1,11.272727272727273,197,1
6a7fd8e7700f451f4ed7e35a,9,1,11.363636363636363,197,1
6a7fd8e7700f451f4ed7e35a,8,1,11.75,197,1
6a7fd8e7700f451f4ed7e35a,7,1,11.153846153846153,197,1
6a7fd8e7700f451f4ed7e35a,6,2,11.285714285714286,197,1
6a7fd8e7700f451f4ed7e35a,5,2,11.6,197,1
6a7fd8e7700f451f4ed7e35a,4,2,11.3125,197,1
6a7fd8e7700f451f4ed7e35a,3,2,11.352941176470589,197,1
6a7fd8e7700f451f4ed7e35e,19,0,12,145,1
6a7fd8e7700f451f4ed7e35e,18,0,10,145,1
6a7fd8e7700f451f4ed7e35e,17,0,9,145,1
6a7fd8e7700f451f4ed7e35e,16,0,9,145,1
6a7fd8e7700f451f4ed7e35e,15,1,8,145,1
6a7fd8e7700f451f4ed7e35e,14,2,7.5,145,1
6a7fd8e7700f451f4ed7e35e,13,2,8.428571428571429,145,1
6a7fd8e7700f451f4ed7e35e,12,2,8.875,145,1
6a7fd8e7700f451f4ed7e35e,11,2,8.666666666666666,145,1
6a7fd8e7700f451f4ed7e35e,11,2,8.88888888888889,145,1
6a7fd8e7700f451f4ed7e35e,10,2,8.5,145,1
6a7fd8e7700f451f4ed7e35e,9,2,8.090909090909092,145,1
6a7fd8e7700f451f4ed7e35e,8,2,7.583333333333333,145,1
6a7fd8e7700f451f4ed7e35e,7,2,8.23076923076923,145,1
6a7fd8e7700f451f4ed7e35e,6,3,8.5,145,1
6a7fd8e7700f451f4ed7e35e,5,3,8.466666666666667,145,1
6a7fd8e7700f451f4ed7e35e,5,3,8.533333333333333,145,1
6a7fd8e7700f451f4ed7e35e,4,3,8.5625,145,1
6a7fd8e7700f451f4ed7e35e,3,4,8.411764705882353,145,1
6a7fd8e7700f451f4ed7e362,19,0,7,163,1
6a7fd8e7700f451f4ed7e362,18,2,3.5,163,1
6a7fd8e7700f451f4ed7e362,17,2,5.333333333333333,163,1
6a7fd8e7700f451f4ed7e362,16,2,7.25,163,1
6a7fd8e7700f451f4ed7e362,15,2,8.6,163,1
6a7fd8e7700f451f4ed7e362,14,2,9.333333333333334,163,1
6a7fd8e7700f451f4ed7e362,13,2,10.142857142857142,163,1
6a7fd8e7700f451f4ed7e362,12,2,10,163,1
6a7fd8e7700f451f4ed7e362,11,2,10.333333333333334,163,1
6a7fd8e7700f451f4ed7e362,10,2,9.6,163,1
6a7fd8e7700f451f4ed7e362,9,2,10.454545454545455,163,1
6a7fd8e7700f451f4ed7e362,8,2,10.416666666666666,163,1
6a7fd8e7700f451f4ed7e362,7,2,10.615384615384615,163,1
6a7fd8e7700f451f4ed7e362,6,2,11.285714285714286,163,1
6a7fd8e7700f451f4ed7e366,19,0,14,152,1
6a7fd8e7700f451f4ed7e366,18,0,10.5,152,1
6a7fd8e7700f451f4ed7e366,17,0,7.666666666666667,152,1
6a7fd8e7700f451f4ed7e366,16,1,8.75,152,1
6a7fd8e7700f451f4ed7e366,15,1,8.6,152,1
6a7fd8e7700f451f4ed7e366,14,1,9.166666666666666,152,1
6a7fd8e7700f451f4ed7e366,13,1,9,152,1
6a7fd8e7700f451f4ed7e366,12,2,8.5,152,1
6a7fd8e7700f451f4ed7e366,11,2,8.555555555555555,152,1
6a7fd8e7700f451f4ed7e366,10,2,8.5,152,1
6a7fd8e7700f451f4ed7e366,9,3,8.181818181818182,152,1
6a7fd8e7700f451f4ed7e366,8,3,7.75,152,1
6a7fd8e7700f451f4ed7e366,7,3,7.769230769230769,152,1
6a7fd8e7700f451f4ed7e366,6,3,7.571428571428571,152,1
6a7fd8e7700f451f4ed7e366,5,3,7.6,152,1
6a7fd8e7700f451f4ed7e366,4,3,7.6875,152,1
6a7fd8e7700f451f4ed7e366,3,4,7.470588235294118,152,1
6a7fd8e7700f451f4ed7e366,2,4,7.111111111111111,152,1
6a7fd8e7700f451f4ed7e366,1,6,7.2105263157894735,152,1
6a7fd8e7700f451f4ed7e36a,19,0,10,186,1
6a7fd8e7700f451f4ed7e36a,18,0,11.5,186,1
6a7fd8e7700f451f4ed7e36a,17,0,12.333333333333334,186,1
6a7fd8e7700f451f4ed7e36a,16,0,11.25,186,1
6a7fd8e7700f451f4ed7e36a,16,0,11.5,186,1
6a7fd8e7700f451f4ed7e36a,15,0,12,186,1
6a7fd8e7700f451f4ed7e36a,14,0,12,186,1
6a7fd8e7700f451f4ed7e36a,13,0,11.571428571428571,186,1
6a7fd8e7700f451f4ed7e36a,12,1,11,186,1
6a7fd8e7700f451f4ed7e36a,11,1,10.222222222222221,186,1
6a7fd8e7700f451f4ed7e36a,10,1,9.8,186,1
6a7fd8e7700f451f4ed7e36a,10,1,9.9,186,1
6a7fd8e7700f451f4ed7e36a,9,1,10.363636363636363,186,1
6a7fd8e7700f451f4ed7e36a,8,1,10.333333333333334,186,1
6a7fd8e7700f451f4ed7e36a,7,1,10.76923076923077,186,1
6a7fd8e7700f451f4ed7e36a,6,1,11.285714285714286,186,1
6a7fd8e7700f451f4ed7e36a,6,1,11.357142857142858,186,1
6a7fd8e7700f451f4ed7e36a,5,1,11.133333333333333,186,1
6a7fd8e7700f451f4ed7e36a,4,1,11.0625,186,1
6a7fd8e7700f451f4ed7e36e,19,0,4,174,1
6a7fd8e7700f451f4ed7e36e,18,0,6.5,174,1
6a7fd8e7700f451f4ed7e36e,18,0,7,174,1
6a7fd8e7700f451f4ed7e36e,17,0,7.333333333333333,174,1
6a7fd8e7700f451f4ed7e36e,16,0,7.5,174,1
6a7fd8e7700f451f4ed7e36e,15,0,7.6,174,1
6a7fd8e7700f451f4ed7e36e,14,0,8.5,174,1
6a7fd8e7700f451f4ed7e36e,14,0,8.666666666666666,174,1
6a7fd8e7700f451f4ed7e36e,13,1,7.714285714285714,174,1
6a7fd8e7700f451f4ed7e36e,13,1,7.857142857142857,174,1
6a7fd8e7700f451f4ed7e36e,12,1,9,174,1
6a7fd8e7700f451f4ed7e36e,11,1,9.11111111111111,174,1
6a7fd8e7700f451f4ed7e36e,10,1,9.4,174,1
6a7fd8e7700f451f4ed7e36e,9,1,9.363636363636363,174,1
6a7fd8e7700f451f4ed7e36e,8,1,9,174,1
6a7fd8e7700f451f4ed7e36e,7,2,8.692307692307692,174,1
6a7fd8e7700f451f4ed7e36e,6,2,8.285714285714286,174,1
6a7fd8e7700f451f4ed7e36e,5,3,8,174,1
6a7fd8e7700f451f4ed7e36e,4,4,8.125,174,1
6a7fd8e7700f451f4ed7e36e,3,4,8.294117647058824,174,1
6a7fd8e7700f451f4ed7e36e,2,4,8.555555555555555,174,1
6a7fd8e7700f451f4ed7e36e,1,4,8.842105263157896,174,1
6a7fd8e7700f451f4ed7e36e,1,4,9.105263157894736,174,1
6a7fd8e7700f451f4ed7e372,19,0,5,196,0
6a7fd8e7700f451f4ed7e372,18,0,5.5,196,0
6a7fd8e7700f451f4ed7e372,17,1,4.666666666666667,196,0
6a7fd8e7700f451f4ed7e372,16,2,5.25,196,0
6a7fd8e7700f451f4ed7e372,16,2,5.5,196,0
6a7fd8e7700f451f4ed7e372,15,2,5,196,0
6a7fd8e7700f451f4ed7e372,14,2,5.166666666666667,196,0
6a7fd8e7700f451f4ed7e372,13,2,7,196,0
6a7fd8e7700f451f4ed7e372,12,2,6.875,196,0
6a7fd8e7700f451f4ed7e372,11,2,7.222222222222222,196,0
6a7fd8e7700f451f4ed7e372,10,2,7.2,196,0
6a7fd8e7700f451f4ed7e372,9,2,7.2727272727272725,196,0
6a7fd8e7700f451f4ed7e372,8,2,7.5,196,0
6a7fd8e7700f451f4ed7e372,7,2,7.615384615384615,196,0
6a7fd8e7700f451f4ed7e372,6,2,7.642857142857143,196,0
6a7fd8e7700f451f4ed7e372,5,2,7.733333333333333,196,0
6a7fd8e7700f451f4ed7e372,4,2,7.8125,196,0
6a7fd8e7700f451f4ed7e372,3,4,7.647058823529412,196,0
6a7fd8e7700f451f4ed7e372,2,5,8.11111111111111,196,0
6a7fd8e7700f451f4ed7e372,1,6,7.947368421052632,196,0
6a7fd8e7700f451f4ed7e376,19,0,10,162,1
6a7fd8e7700f451f4ed7e376,18,0,6,162,1
6a7fd8e7700f451f4ed7e376,17,1,7.333333333333333,162,1
6a7fd8e7700f451f4ed7e376,16,2,6.5,162,1
6a7fd8e7700f451f4ed7e376,15,2,7,162,1
6a7fd8e7700f451f4ed7e376,14,2,7.333333333333333,162,1
6a7fd8e7700f451f4ed7e376,13,2,7.285714285714286,162,1
6a7fd8e7700f451f4ed7e376,12,2,8,162,1
6a7fd8e7700f451f4ed7e376,11,2,9,162,1
6a7fd8e7700f451f4ed7e376,10,3,8.9,162,1
6a7fd8e7700f451f4ed7e376,9,3,8.454545454545455,162,1
6a7fd8e7700f451f4ed7e376,8,3,8.75,162,1
6a7fd8e7700f451f4ed7e376,7,3,9,162,1
6a7fd8e7700f451f4ed7e376,7,3,9.076923076923077,162,1
6a7fd8e7700f451f4ed7e376,6,3,9.214285714285714,162,1
6a7fd8e7700f451f4ed7e376,5,3,8.933333333333334,162,1
6a7fd8e7700f451f4ed7e376,4,3,9.1875,162,1
6a7fd8e7700f451f4ed7e376,3,3,9.352941176470589,162,1
6a7fd8e7700f451f4ed7e376,3,3,9.411764705882353,162,1
6a7fd8e7700f451f4ed7e37a,19,0,4,208,0
6a7fd8e7700f451f4ed7e37a,18,0,8.5,208,0
6a7fd8e7700f451f4ed7e37a,17,0,7.333333333333333,208,0
6a7fd8e7700f451f4ed7e37a,16,0,6.25,208,0
6a7fd8e7700f451f4ed7e37a,15,0,6.6,208,0
6a7fd8e7700f451f4ed7e37a,14,0,6.5,208,0
6a7fd8e7700f451f4ed7e37a,13,0,7.428571428571429,208,0
6a7fd8e7700f451f4ed7e37a,12,1,7,208,0
6a7fd8e7700f451f4ed7e37a,11,1,7.555555555555555,208,0
6a7fd8e7700f451f4ed7e37a,10,2,7.3,208,0
6a7fd8e7700f451f4ed7e37a,10,2,7.4,208,0
6a7fd8e7700f451f4ed7e37a,9,2,7.181818181818182,208,0
6a7fd8e7700f451f4ed7e37a,8,2,6.833333333333333,208,0
6a7fd8e7700f451f4ed7e37a,7,2,7.384615384615385,208,0
6a7fd8e7700f451f4ed7e37a,6,2,7.214285714285714,208,0
6a7fd8e7700f451f4ed7e37a,5,2,7.266666666666667,208,0
6a7fd8e7700f451f4ed7e37a,4,2,7.1875,208,0
6a7fd8e7700f451f4ed7e37a,3,2,7.411764705882353,208,0
6a7fd8e7700f451f4ed7e37a,2,2,7.111111111111111,208,0
6a7fd8e7700f451f4ed7e37a,1,2,7.526315789473684,208,0
6a7fd8e7700f451f4ed7e37e,19,1,9,211,0
6a7fd8e7700f451f4ed7e37e,18,2,14.5,211,0
6a7fd8e7700f451f4ed7e37e,17,2,11,211,0
6a7fd8e7700f451f4ed7e37e,16,2,11.25,211,0
6a7fd8e7700f451f4ed7e37e,15,2,10.4,211,0
6a7fd8e7700f451f4ed7e37e,14,2,10.5,211,0
6a7fd8e7700f451f4ed7e37e,13,2,10.285714285714286,211,0
6a7fd8e7700f451f4ed7e37e,12,2,9.5,211,0
6a7fd8e7700f451f4ed7e37e,12,2,9.625,211,0
6a7fd8e7700f451f4ed7e37e,11,2,9.555555555555555,211,0
6a7fd8e7700f451f4ed7e37e,10,2,10.3,211,0
6a7fd8e7700f451f4ed7e37e,9,3,9.636363636363637,211,0
6a7fd8e7700f451f4ed7e37e,8,3,9.75,211,0
6a7fd8e7700f451f4ed7e37e,7,3,9.923076923076923,211,0
6a7fd8e7700f451f4ed7e37e,6,3,9.5,211,0
6a7fd8e7700f451f4ed7e37e,5,3,9.466666666666667,211,0
6a7fd8e7700f451f4ed7e37e,5,3,9.8,211,0
6a7fd8e7700f451f4ed7e37e,4,3,9.8125,211,0
6a7fd8e7700f451f4ed7e37e,4,3,9.875,211,0
6a7fd8e7700f451f4ed7e37e,3,3,9.764705882352942,211,0
6a7fd8e7700f451f4ed7e37e,2,3,9.555555555555555,211,0
6a7fd8e7700f451f4ed7e37e,1,3,9.789473684210526,211,0
6a7fd8e7700f451f4ed7e382,19,0,5,146,1
6a7fd8e7700f451f4ed7e382,18,0,7.5,146,1
6a7fd8e7700f451f4ed7e382,17,1,9,146,1
6a7fd8e7700f451f4ed7e382,17,1,9.333333333333334,146,1
6a7fd8e7700f451f4ed7e382,16,2,9,146,1
6a7fd8e7700f451f4ed7e382,15,3,8.4,146,1
6a7fd8e7700f451f4ed7e382,14,3,8.166666666666666,146,1
6a7fd8e7700f451f4ed7e382,13,3,9.571428571428571,146,1
6a7fd8e7700f451f4ed7e382,12,3,9.625,146,1
6a7fd8e7700f451f4ed7e382,11,3,9.777777777777779,146,1
6a7fd8e7700f451f4ed7e382,10,3,9,146,1
6a7fd8e7700f451f4ed7e382,9,3,8.363636363636363,146,1
6a7fd8e7700f451f4ed7e382,8,4,8.75,146,1
6a7fd8e7700f451f4ed7e382,7,4,9,146,1
6a7fd8e7700f451f4ed7e382,6,4,9.142857142857142,146,1
6a7fd8e7700f451f4ed7e382,5,4,9.466666666666667,146,1
6a7fd8e7700f451f4ed7e386,19,0,10,167,1
6a7fd8e7700f451f4ed7e386,18,0,10,167,1
6a7fd8e7700f451f4ed7e386,17,0,8.666666666666666,167,1
6a7fd8e7700f451f4ed7e386,16,0,10,167,1
6a7fd8e7700f451f4ed7e386,15,0,9.6,167,1
6a7fd8e7700f451f4ed7e386,14,0,9,167,1
6a7fd8e7700f451f4ed7e386,13,0,9,167,1
6a7fd8e7700f451f4ed7e386,12,1,8.125,167,1
6a7fd8e7700f451f4ed7e386,11,1,8.555555555555555,167,1
6a7fd8e7700f451f4ed7e386,10,1,8.9,167,1
6a7fd8e7700f451f4ed7e386,9,1,9.454545454545455,167,1
6a7fd8e7700f451f4ed7e386,8,2,8.833333333333334,167,1
6a7fd8e7700f451f4ed7e386,7,2,9.461538461538462,167,1
6a7fd8e7700f451f4ed7e386,6,2,8.857142857142858,167,1
6a7fd8e7700f451f4ed7e386,5,2,9,167,1
6a7fd8e7700f451f4ed7e386,4,2,9.0625,167,1
6a7fd8e7700f451f4ed7e386,3,2,8.823529411764707,167,1
6a7fd8e7700f451f4ed7e386,2,2,8.944444444444445,167,1
6a7fd8e7700f451f4ed7e386,2,2,9,167,1
6a7fd8e7700f451f4ed7e38a,19,0,15,160,1
6a7fd8e7700f451f4ed7e38a,18,0,13.5,160,1
6a7fd8e7700f451f4ed7e38a,17,0,13,160,1
6a7fd8e7700f451f4ed7e38a,16,0,14,160,1
6a7fd8e7700f451f4ed7e38a,15,0,11.4,160,1
6a7fd8e7700f451f4ed7e38a,14,0,10.666666666666666,160,1
6a7fd8e7700f451f4ed7e38a,13,0,9.428571428571429,160,1
6a7fd8e7700f451f4ed7e38a,12,0,8.875,160,1
6a7fd8e7700f451f4ed7e38a,11,0,9.444444444444445,160,1
6a7fd8e7700f451f4ed7e38a,10,0,9.7,160,1
6a7fd8e7700f451f4ed7e38a,9,1,9.636363636363637,160,1
6a7fd8e7700f451f4ed7e38a,8,2,9.25,160,1
6a7fd8e7700f451f4ed7e38a,7,3,9.23076923076923,160,1
6a7fd8e7700f451f4ed7e38a,6,4,9.357142857142858,160,1
6a7fd8e7700f451f4ed7e38a,5,4,9.066666666666666,160,1
6a7fd8e7700f451f4ed7e38a,4,4,9,160,1
6a7fd8e7700f451f4ed7e38a,3,4,9.352941176470589,160,1
6a7fd8e7700f451f4ed7e38e,19,1,4,193,0
6a7fd8e7700f451f4ed7e38e,18,1,7.5,193,0
6a7fd8e7700f451f4ed7e38e,17,2,7,193,0
6a7fd8e7700f451f4ed7e38e,16,2,7.75,193,0
6a7fd8e7700f451f4ed7e38e,15,2,8.2,193,0
6a7fd8e7700f451f4ed7e38e,14,3,8,193,0
6a7fd8e7700f451f4ed7e38e,13,3,7.428571428571429,193,0
6a7fd8e7700f451f4ed7e38e,12,3,7.625,193,0
6a7fd8e7700f451f4ed7e38e,12,3,7.75,193,0
6a7fd8e7700f451f4ed7e38e,11,3,7.777777777777778,193,0
6a7fd8e7700f451f4ed7e38e,10,5,7.5,193,0
6a7fd8e7700f451f4ed7e38e,9,5,7.636363636363637,193,0
6a7fd8e7700f451f4ed7e38e,8,5,7.666666666666667,193,0
6a7fd8e7700f451f4ed7e38e,7,5,7.769230769230769,193,0
6a7fd8e7700f451f4ed7e38e,6,5,8.5,193,0
6a7fd8e7700f451f4ed7e38e,5,6,8.133333333333333,193,0
6a7fd8e7700f451f4ed7e38e,4,6,8.3125,193,0
6a7fd8e7700f451f4ed7e38e,3,6,8.352941176470589,193,0
6a7fd8e7700f451f4ed7e38e,2,6,8.5,193,0
6a7fd8e7700f451f4ed7e38e,1,7,8.368421052631579,193,0
6a7fd8e7700f451f4ed7e392,19,0,15,190,0
6a7fd8e7700f451f4ed7e392,18,0,12.5,190,0
6a7fd8e7700f451f4ed7e392,18,0,13,190,0
6a7fd8e7700f451f4ed7e392,17,0,11,190,0
6a7fd8e7700f451f4ed7e392,16,0,14.25,190,0
6a7fd8e7700f451f4ed7e392,15,1,13.6,190,0
6a7fd8e7700f451f4ed7e392,14,1,13,190,0
6a7fd8e7700f451f4ed7e392,13,1,12.857142857142858,190,0
6a7fd8e7700f451f4ed7e392,12,2,11.625,190,0
6a7fd8e7700f451f4ed7e392,11,2,10.88888888888889,190,0
6a7fd8e7700f451f4ed7e392,10,3,10.2,190,0
6a7fd8e7700f451f4ed7e392,9,3,10.090909090909092,190,0
6a7fd8e7700f451f4ed7e392,8,3,9.666666666666666,190,0
6a7fd8e7700f451f4ed7e392,7,3,9.23076923076923,190,0
6a7fd8e7700f451f4ed7e392,6,3,9.142857142857142,190,0
6a7fd8e7700f451f4ed7e392,5,4,8.733333333333333,190,0
6a7fd8e7700f451f4ed7e392,4,4,8.5625,190,0
6a7fd8e7700f451f4ed7e392,3,6,8.647058823529411,190,0
6a7fd8e7700f451f4ed7e392,2,7,8.777777777777779,190,0
6a7fd8e7700f451f4ed7e392,1,7,8.736842105263158,190,0
6a7fd8e7700f451f4ed7e396,19,0,6,142,0
6a7fd8e7700f451f4ed7e396,18,0,6,142,0
6a7fd8e7700f451f4ed7e396,17,0,8.666666666666666,142,0
6a7fd8e7700f451f4ed7e396,16,0,8.25,142,0
6a7fd8e7700f451f4ed7e396,16,0,8.5,142,0
6a7fd8e7700f451f4ed7e396,15,0,7.6,142,0
6a7fd8e7700f451f4ed7e396,14,2,6.666666666666667,142,0
6a7fd8e7700f451f4ed7e396,13,2,6.285714285714286,142,0
6a7fd8e7700f451f4ed7e396,12,2,6.625,142,0
6a7fd8e7700f451f4ed7e396,11,3,6.888888888888889,142,0
6a7fd8e7700f451f4ed7e396,11,3,7,142,0
6a7fd8e7700f451f4ed7e396,10,3,6.6,142,0
6a7fd8e7700f451f4ed7e396,9,3,7,142,0
6a7fd8e7700f451f4ed7e396,8,3,6.916666666666667,142,0
6a7fd8e7700f451f4ed7e396,7,3,6.923076923076923,142,0
6a7fd8e7700f451f4ed7e396,6,3,7.285714285714286,142,0
6a7fd8e7700f451f4ed7e396,5,3,7.066666666666666,142,0
6a7fd8e7700f451f4ed7e396,4,4,7,142,0
6a7fd8e7700f451f4ed7e396,3,5,6.705882352941177,142,0
6a7fd8e7700f451f4ed7e396,2,6,6.611111111111111,142,0
6a7fd8e7700f451f4ed7e396,1,7,6.842105263157895,142,0
6a7fd8e7700f451f4ed7e39a,19,1,12,201,1
6a7fd8e7700f451f4ed7e39a,18,1,14,201,1
6a7fd8e7700f451f4ed7e39a,17,1,12,201,1
6a7fd8e7700f451f4ed7e39a,16,1,11.75,201,1
6a7fd8e7700f451f4ed7e39a,15,1,10.6,201,1
6a7fd8e7700f451f4ed7e39a,14,1,10.5,201,1
6a7fd8e7700f451f4ed7e39a,13,1,10.714285714285714,201,1
6a7fd8e7700f451f4ed7e39a,13,1,10.857142857142858,201,1
6a7fd8e7700f451f4ed7e39a,12,3,9.875,201,1
6a7fd8e7700f451f4ed7e39a,11,3,9.777777777777779,201,1
6a7fd8e7700f451f4ed7e39a,10,3,9.8,201,1
6a7fd8e7700f451f4ed7e39a,9,3,9.636363636363637,201,1
6a7fd8e7700f451f4ed7e39a,8,3,9.5,201,1
6a7fd8e7700f451f4ed7e39a,7,3,10,201,1
6a7fd8e7700f451f4ed7e39a,6,4,9.857142857142858,201,1
6a7fd8e7700f451f4ed7e39a,6,4,10.142857142857142,201,1
6a7fd8e7700f451f4ed7e39a,5,4,9.733333333333333,201,1
6a7fd8e7700f451f4ed7e39a,4,5,10.0625,201,1
6a7fd8e7700f451f4ed7e39a,3,5,9.764705882352942,201,1
6a7fd8e7700f451f4ed7e39a,2,5,9.777777777777779,201,1
6a7fd8e7700f451f4ed7e39a,1,6,9.31578947368421,201,1
6a7fd8e7700f451f4ed7e39e,19,1,1,203,0
6a7fd8e7700f451f4ed7e39e,18,1,4.5,203,0
6a7fd8e7700f451f4ed7e39e,17,2,3.3333333333333335,203,0
6a7fd8e7700f451f4ed7e39e,16,2,5.25,203,0
6a7fd8e7700f451f4ed7e39e,15,3,5.4,203,0
6a7fd8e7700f451f4ed7e39e,14,3,5.666666666666667,203,0
6a7fd8e7700f451f4ed7e39e,13,3,5.571428571428571,203,0
6a7fd8e7700f451f4ed7e39e,12,3,5.5,203,0
6a7fd8e7700f451f4ed7e39e,11,3,5.888888888888889,203,0
6a7fd8e7700f451f4ed7e39e,10,3,7,203,0
6a7fd8e7700f451f4ed7e39e,9,3,7.363636363636363,203,0
6a7fd8e7700f451f4ed7e39e,8,4,7.25,203,0
6a7fd8e7700f451f4ed7e39e,7,4,7.3076923076923075,203,0
6a7fd8e7700f451f4ed7e39e,6,4,7.285714285714286,203,0
6a7fd8e7700f451f4ed7e39e,5,5,7.266666666666667,203,0
6a7fd8e7700f451f4ed7e39e,4,5,7.5625,203,0
6a7fd8e7700f451f4ed7e39e,3,5,8,203,0
6a7fd8e7700f451f4ed7e39e,2,5,8.222222222222221,203,0
6a7fd8e7700f451f4ed7e39e,1,5,7.894736842105263,203,0
6a7fd8e7700f451f4ed7e3a2,19,1,5,148,1
6a7fd8e7700f451f4ed7e3a2,18,2,5.5,148,1
6a7fd8e7700f451f4ed7e3a2,17,3,8.333333333333334,148,1
6a7fd8e7700f451f4ed7e3a2,16,4,8,148,1
6a7fd8e7700f451f4ed7e3a2,15,5,7,148,1
6a7fd8e7700f451f4ed7e3a2,14,5,7.166666666666667,148,1
6a7fd8e7700f451f4ed7e3a2,13,5,7.857142857142857,148,1
6a7fd8e7700f451f4ed7e3a2,12,5,7.75,148,1
6a7fd8e7700f451f4ed7e3a2,11,6,7.777777777777778,148,1
6a7fd8e7700f451f4ed7e3a2,10,6,8.2,148,1
6a7fd8e7700f451f4ed7e3a2,9,6,8.272727272727273,148,1
6a7fd8e7700f451f4ed7e3a2,8,6,8.25,148,1
6a7fd8e7700f451f4ed7e3a2,7,6,8.538461538461538,148,1
6a7fd8e7700f451f4ed7e3a2,6,6,8.785714285714286,148,1
6a7fd8e7700f451f4ed7e3a2,5,7,9.333333333333334,148,1
6a7fd8e7700f451f4ed7e3a6,19,0,1,171,0
6a7fd8e7700f451f4ed7e3a6,18,0,6,171,0
6a7fd8e7700f451f4ed7e3a6,17,0,7.333333333333333,171,0
6a7fd8e7700f451f4ed7e3a6,16,1,7.25,171,0
6a7fd8e7700f451f4ed7e3a6,15,1,6.6,171,0
6a7fd8e7700f451f4ed7e3a6,14,2,6.666666666666667,171,0
6a7fd8e7700f451f4ed7e3a6,13,2,7.571428571428571,171,0
6a7fd8e7700f451f4ed7e3a6,12,2,7.625,171,0
6a7fd8e7700f451f4ed7e3a6,11,2,8,171,0
6a7fd8e7700f451f4ed7e3a6,11,2,8.11111111111111,171,0
6a7fd8e7700f451f4ed7e3a6,10,2,8.2,171,0
6a7fd8e7700f451f4ed7e3a6,9,2,7.545454545454546,171,0
6a7fd8e7700f451f4ed7e3a6,8,2,7.833333333333333,171,0
6a7fd8e7700f451f4ed7e3a6,7,2,8,171,0
6a7fd8e7700f451f4ed7e3a6,6,3,8,171,0
6a7fd8e7700f451f4ed7e3a6,5,5,7.466666666666667,171,0
6a7fd8e7700f451f4ed7e3a6,4,5,7.1875,171,0
6a7fd8e7700f451f4ed7e3a6,3,6,7.352941176470588,171,0
6a7fd8e7700f451f4ed7e3a6,2,6,7.444444444444445,171,0
6a7fd8e7700f451f4ed7e3a6,1,6,7.473684210526316,171,0
6a7fd8e7700f451f4ed7e3aa,19,0,11,168,1
6a7fd8e7700f451f4ed7e3aa,18,0,7.5,168,1
6a7fd8e7700f451f4ed7e3aa,18,0,8,168,1
6a7fd8e7700f451f4ed7e3aa,17,0,9.666666666666666,168,1
6a7fd8e7700f451f4ed7e3aa,16,0,9,168,1
6a7fd8e7700f451f4ed7e3aa,15,0,9.2,168,1
6a7fd8e7700f451f4ed7e3aa,15,0,9.4,168,1
6a7fd8e7700f451f4ed7e3aa,14,0,9.833333333333334,168,1
6a7fd8e7700f451f4ed7e3aa,13,0,9.714285714285714,168,1
6a7fd8e7700f451f4ed7e3aa,12,0,9.75,168,1
6a7fd8e7700f451f4ed7e3aa,11,0,9,168,1
6a7fd8e7700f451f4ed7e3aa,10,1,9.1,168,1
6a7fd8e7700f451f4ed7e3aa,9,2,8.727272727272727,168,1
6a7fd8e7700f451f4ed7e3aa,8,2,8.666666666666666,168,1
6a7fd8e7700f451f4ed7e3aa,8,2,8.75,168,1
6a7fd8e7700f451f4ed7e3aa,7,2,9.692307692307692,168,1
6a7fd8e7700f451f4ed7e3aa,6,3,9.928571428571429,168,1
6a7fd8e7700f451f4ed7e3aa,5,4,9.866666666666667,168,1
6a7fd8e7700f451f4ed7e3aa,4,4,9.75,168,1
6a7fd8e7700f451f4ed7e3aa,3,4,9.529411764705882,168,1
6a7fd8e7700f451f4ed7e3ae,19,1,9,197,0
6a7fd8e7700f451f4ed7e3ae,18,1,9.5,197,0
6a7fd8e7700f451f4ed7e3ae,17,3,7.333333333333333,197,0
6a7fd8e7700f451f4ed7e3ae,16,4,7,197,0
6a7fd8e7700f451f4ed7e3ae,15,6,6.4,197,0
6a7fd8e7700f451f4ed7e3ae,14,6,8,197,0
6a7fd8e7700f451f4ed7e3ae,13,6,8.428571428571429,197,0
6a7fd8e7700f451f4ed7e3ae,12,6,8.5,197,0
6a7fd8e7700f451f4ed7e3ae,11,7,8.444444444444445,197,0
6a7fd8e7700f451f4ed7e3ae,10,8,8.8,197,0
6a7fd8e7700f451f4ed7e3ae,9,8,9,197,0
6a7fd8e7700f451f4ed7e3ae,8,8,9.333333333333334,197,0
6a7fd8e7700f451f4ed7e3ae,7,8,9.23076923076923,197,0
6a7fd8e7700f451f4ed7e3ae,7,8,9.307692307692308,197,0
6a7fd8e7700f451f4ed7e3ae,6,8,9.5,197,0
6a7fd8e7700f451f4ed7e3ae,5,8,9.866666666666667,197,0
6a7fd8e7700f451f4ed7e3ae,4,8,9.6875,197,0
6a7fd8e7700f451f4ed7e3ae,3,8,9.588235294117647,197,0
6a7fd8e7700f451f4ed7e3ae,2,8,9.333333333333334,197,0
6a7fd8e7700f451f4ed7e3ae,1,8,9.052631578947368,197,0
6a7fd8e7700f451f4ed7e3b2,19,0,8,164,1
6a7fd8e7700f451f4ed7e3b2,18,0,12,164,1
6a7fd8e7700f451f4ed7e3b2,17,1,8.666666666666666,164,1
6a7fd8e7700f451f4ed7e3b2,16,1,8,164,1
6a7fd8e7700f451f4ed7e3b2,15,1,7.4,164,1
6a7fd8e7700f451f4ed7e3b2,14,1,8.666666666666666,164,1
6a7fd8e7700f451f4ed7e3b2,13,2,8.142857142857142,164,1
6a7fd8e7700f451f4ed7e3b2,12,2,7.625,164,1
6a7fd8e7700f451f4ed7e3b2,11,3,7.777777777777778,164,1
6a7fd8e7700f451f4ed7e3b2,10,3,8.2,164,1
6a7fd8e7700f451f4ed7e3b2,9,3,9.181818181818182,164,1
6a7fd8e7700f451f4ed7e3b2,8,3,9.166666666666666,164,1
6a7fd8e7700f451f4ed7e3b2,8,3,9.25,164,1
6a7fd8e7700f451f4ed7e3b2,7,3,9.923076923076923,164,1
6a7fd8e7700f451f4ed7e3b2,6,3,9.928571428571429,164,1
6a7fd8e7700f451f4ed7e3b2,5,3,10.066666666666666,164,1
6a7fd8e7700f451f4ed7e3b2,4,3,10,164,1
6a7fd8e7700f451f4ed7e3b6,19,0,11,150,1
6a7fd8e7700f451f4ed7e3b6,18,1,13,150,1
6a7fd8e7700f451f4ed7e3b6,17,1,12.333333333333334,150,1
6a7fd8e7700f451f4ed7e3b6,16,2,10.25,150,1
6a7fd8e7700f451f4ed7e3b6,15,2,11.4,150,1
6a7fd8e7700f451f4ed7e3b6,14,2,11.166666666666666,150,1
6a7fd8e7700f451f4ed7e3b6,14,2,11.333333333333334,150,1
6a7fd8e7700f451f4ed7e3b6,13,3,10.857142857142858,150,1
6a7fd8e7700f451f4ed7e3b6,12,4,11.25,150,1
6a7fd8e7700f451f4ed7e3b6,11,4,10.444444444444445,150,1
6a7fd8e7700f451f4ed7e3b6,10,4,10,150,1
6a7fd8e7700f451f4ed7e3b6,9,4,10.272727272727273,150,1
6a7fd8e7700f451f4ed7e3b6,8,4,10.416666666666666,150,1
6a7fd8e7700f451f4ed7e3b6,7,4,10.692307692307692,150,1
6a7fd8e7700f451f4ed7e3b6,6,4,10.642857142857142,150,1
6a7fd8e7700f451f4ed7e3ba,19,0,9,148,1
6a7fd8e7700f451f4ed7e3ba,18,0,5,148,1
6a7fd8e7700f451f4ed7e3ba,17,1,5.666666666666667,148,1
6a7fd8e7700f451f4ed7e3ba,16,1,5,148,1
6a7fd8e7700f451f4ed7e3ba,15,1,8.2,148,1
6a7fd8e7700f451f4ed7e3ba,14,1,7.5,148,1
6a7fd8e7700f451f4ed7e3ba,13,1,7.714285714285714,148,1
6a7fd8e7700f451f4ed7e3ba,12,1,8.875,148,1
6a7fd8e7700f451f4ed7e3ba,11,1,8.555555555555555,148,1
6a7fd8e7700f451f4ed7e3ba,11,1,8.666666666666666,148,1
6a7fd8e7700f451f4ed7e3ba,10,2,7.9,148,1
6a7fd8e7700f451f4ed7e3ba,9,2,7.454545454545454,148,1
6a7fd8e7700f451f4ed7e3ba,8,2,8.5,148,1
6a7fd8e7700f451f4ed7e3ba,7,2,8.76923076923077,148,1
6a7fd8e7700f451f4ed7e3ba,7,2,8.846153846153847,148,1
6a7fd8e7700f451f4ed7e3ba,6,2,8.785714285714286,148,1
6a7fd8e7700f451f4ed7e3ba,5,3,9.133333333333333,148,1
6a7fd8e7700f451f4ed7e3ba,5,3,9.2,148,1
6a7fd8e7700f451f4ed7e3be,19,0,15,90,1
6a7fd8e7700f451f4ed7e3be,19,0,16,90,1
6a7fd8e7700f451f4ed7e3be,18,0,14.5,90,1
6a7fd8e7700f451f4ed7e3be,17,0,11.333333333333334,90,1
6a7fd8e7700f451f4ed7e3be,16,0,11.25,90,1
6a7fd8e7700f451f4ed7e3be,15,0,9.8,90,1
6a7fd8e7700f451f4ed7e3be,14,1,8.833333333333334,90,1
6a7fd8e7700f451f4ed7e3be,13,1,8.571428571428571,90,1
6a7fd8e7700f451f4ed7e3be,12,1,8.75,90,1
6a7fd8e7700f451f4ed7e3be,11,2,8.88888888888889,90,1
6a7fd8e7700f451f4ed7e3be,10,2,8.2,90,1
6a7fd8e7700f451f4ed7e3c2,19,0,11,162,1
6a7fd8e7700f451f4ed7e3c2,19,0,12,162,1
6a7fd8e7700f451f4ed7e3c2,18,0,11.5,162,1
6a7fd8e7700f451f4ed7e3c2,18,0,12,162,1
6a7fd8e7700f451f4ed7e3c2,17,0,12.333333333333334,162,1
6a7fd8e7700f451f4ed7e3c2,16,0,11,162,1
6a7fd8e7700f451f4ed7e3c2,15,0,11.8,162,1
6a7fd8e7700f451f4ed7e3c2,14,0,10.833333333333334,162,1
6a7fd8e7700f451f4ed7e3c2,13,0,10.571428571428571,162,1
6a7fd8e7700f451f4ed7e3c2,12,1,11.625,162,1
6a7fd8e7700f451f4ed7e3c2,11,1,11.333333333333334,162,1
6a7fd8e7700f451f4ed7e3c2,10,1,11.3,162,1
6a7fd8e7700f451f4ed7e3c2,9,1,11.363636363636363,162,1
6a7fd8e7700f451f4ed7e3c2,9,1,11.454545454545455,162,1
6a7fd8e7700f451f4ed7e3c2,8,2,11.333333333333334,162,1
6a7fd8e7700f451f4ed7e3c2,7,2,10.846153846153847,162,1
6a7fd8e7700f451f4ed7e3c2,6,2,10.214285714285714,162,1
6a7fd8e7700f451f4ed7e3c2,5,2,10.333333333333334,162,1
6a7fd8e7700f451f4ed7e3c2,5,2,10.4,162,1
6a7fd8e7700f451f4ed7e3c6,19,0,10,232,0
6a7fd8e7700f451f4ed7e3c6,18,0,16.5,232,0
6a7fd8e7700f451f4ed7e3c6,17,0,15,232,0
6a7fd8e7700f451f4ed7e3c6,16,0,12.75,232,0
6a7fd8e7700f451f4ed7e3c6,15,0,12.2,232,0
6a7fd8e7700f451f4ed7e3c6,14,0,11.5,232,0
6a7fd8e7700f451f4ed7e3c6,13,1,11.714285714285714,232,0
6a7fd8e7700f451f4ed7e3c6,12,1,11.375,232,0
6a7fd8e7700f451f4ed7e3c6,11,1,11.666666666666666,232,0
6a7fd8e7700f451f4ed7e3c6,10,2,11.4,232,0
6a7fd8e7700f451f4ed7e3c6,9,2,10.909090909090908,232,0
6a7fd8e7700f451f4ed7e3c6,8,2,11.25,232,0
6a7fd8e7700f451f4ed7e3c6,7,2,11,232,0
6a7fd8e7700f451f4ed7e3c6,6,2,10.642857142857142,232,0
6a7fd8e7700f451f4ed7e3c6,5,2,10.466666666666667,232,0
6a7fd8e7700f451f4ed7e3c6,4,2,10.0625,232,0
6a7fd8e7700f451f4ed7e3c6,3,2,10.176470588235293,232,0
6a7fd8e7700f451f4ed7e3c6,2,2,9.944444444444445,232,0
6a7fd8e7700f451f4ed7e3c6,2,2,10.166666666666666,232,0
6a7fd8e7700f451f4ed7e3c6,1,2,9.947368421052632,232,0
6a7fd8e7700f451f4ed7e3ca,19,0,6,204,0
6a7fd8e7700f451f4ed7e3ca,18,1,8.5,204,0
6a7fd8e7700f451f4ed7e3ca,17,1,9,204,0
6a7fd8e7700f451f4ed7e3ca,17,1,9.333333333333334,204,0
6a7fd8e7700f451f4ed7e3ca,17,1,9.666666666666666,204,0
6a7fd8e7700f451f4ed7e3ca,16,1,12.25,204,0
6a7fd8e7700f451f4ed7e3ca,15,2,11.2,204,0
6a7fd8e7700f451f4ed7e3ca,14,3,11.5,204,0
6a7fd8e7700f451f4ed7e3ca,13,3,11.571428571428571,204,0
6a7fd8e7700f451f4ed7e3ca,12,3,11,204,0
6a7fd8e7700f451f4ed7e3ca,11,3,10,204,0
6a7fd8e7700f451f4ed7e3ca,10,3,10.4,204,0
6a7fd8e7700f451f4ed7e3ca,9,3,10,204,0
6a7fd8e7700f451f4ed7e3ca,8,4,9.916666666666666,204,0
6a7fd8e7700f451f4ed7e3ca,7,4,9.846153846153847,204,0
6a7fd8e7700f451f4ed7e3ca,6,4,9.642857142857142,204,0
6a7fd8e7700f451f4ed7e3ca,5,5,9.266666666666667,204,0
6a7fd8e7700f451f4ed7e3ca,4,5,9.75,204,0
6a7fd8e7700f451f4ed7e3ca,3,5,9.588235294117647,204,0
6a7fd8e7700f451f4ed7e3ca,2,5,9.555555555555555,204,0
6a7fd8e7700f451f4ed7e3ca,1,5,9.210526315789474,204,0
6a7fd8e7700f451f4ed7e3ce,19,1,11,219,0
6a7fd8e7700f451f4ed7e3ce,18,2,7,219,0
6a7fd8e7700f451f4ed7e3ce,17,2,6.666666666666667,219,0
6a7fd8e7700f451f4ed7e3ce,16,2,7.5,219,0
6a7fd8e7700f451f4ed7e3ce,15,2,6.4,219,0
6a7fd8e7700f451f4ed7e3ce,14,2,5.5,219,0
6a7fd8e7700f451f4ed7e3ce,13,3,6,219,0
6a7fd8e7700f451f4ed7e3ce,12,3,6.125,219,0
6a7fd8e7700f451f4ed7e3ce,11,4,5.777777777777778,219,0
6a7fd8e7700f451f4ed7e3ce,10,4,6.4,219,0
6a7fd8e7700f451f4ed7e3ce,9,4,6.545454545454546,219,0
6a7fd8e7700f451f4ed7e3ce,8,5,7.333333333333333,219,0
6a7fd8e7700f451f4ed7e3ce,7,5,7.461538461538462,219,0
6a7fd8e7700f451f4ed7e3ce,6,5,8,219,0
6a7fd8e7700f451f4ed7e3ce,5,5,8.333333333333334,219,0
6a7fd8e7700f451f4ed7e3ce,4,5,8.8125,219,0
6a7fd8e7700f451f4ed7e3ce,3,5,8.823529411764707,219,0
6a7fd8e7700f451f4ed7e3ce,2,5,9.555555555555555,219,0
6a7fd8e7700f451f4ed7e3ce,1,5,9.052631578947368,219,0
6a7fd8e7700f451f4ed7e3d2,19,0,16,206,0
6a7fd8e7700f451f4ed7e3d2,18,1,13,206,0
6a7fd8e7700f451f4ed7e3d2,17,1,12,206,0
6a7fd8e7700f451f4ed7e3d2,16,1,11.5,206,0
6a7fd8e7700f451f4ed7e3d2,15,1,10,206,0
6a7fd8e7700f451f4ed7e3d2,14,1,10.333333333333334,206,0
6a7fd8e7700f451f4ed7e3d2,13,2,10.142857142857142,206,0
6a7fd8e7700f451f4ed7e3d2,12,3,9,206,0
6a7fd8e7700f451f4ed7e3d2,11,3,9.666666666666666,206,0
6a7fd8e7700f451f4ed7e3d2,10,3,9.4,206,0
6a7fd8e7700f451f4ed7e3d2,9,3,10.181818181818182,206,0
6a7fd8e7700f451f4ed7e3d2,8,3,9.916666666666666,206,0
6a7fd8e7700f451f4ed7e3d2,7,3,10.461538461538462,206,0
6a7fd8e7700f451f4ed7e3d2,6,3,10.142857142857142,206,0
6a7fd8e7700f451f4ed7e3d2,5,3,9.866666666666667,206,0
6a7fd8e7700f451f4ed7e3d2,4,4,9.8125,206,0
6a7fd8e7700f451f4ed7e3d2,4,4,9.875,206,0
6a7fd8e7700f451f4ed7e3d2,3,4,9.529411764705882,206,0
6a7fd8e7700f451f4ed7e3d2,2,4,9.277777777777779,206,0
6a7fd8e7700f451f4ed7e3d2,2,4,9.555555555555555,206,0
6a7fd8e7700f451f4ed7e3d2,1,4,9.473684210526315,206,0
6a7fd8e7700f451f4ed7e3d6,19,0,4,177,1
6a7fd8e7700f451f4ed7e3d6,18,1,6,177,1
6a7fd8e7700f451f4ed7e3d6,18,1,6.5,177,1
6a7fd8e7700f451f4ed7e3d6,18,1,7,177,1
6a7fd8e7700f451f4ed7e3d6,17,1,6,177,1
6a7fd8e7700f451f4ed7e3d6,17,1,6.333333333333333,177,1
6a7fd8e7700f451f4ed7e3d6,16,1,7.75,177,1
6a7fd8e7700f451f4ed7e3d6,15,1,9.2,177,1
6a7fd8e7700f451f4ed7e3d6,14,1,8.333333333333334,177,1
6a7fd8e7700f451f4ed7e3d6,13,1,8.428571428571429,177,1
6a7fd8e7700f451f4ed7e3d6,12,1,9,177,1
6a7fd8e7700f451f4ed7e3d6,11,1,9.11111111111111,177,1
6a7fd8e7700f451f4ed7e3d6,10,1,9.8,177,1
6a7fd8e7700f451f4ed7e3d6,9,1,9.454545454545455,177,1
6a7fd8e7700f451f4ed7e3d6,8,1,9.75,177,1
6a7fd8e7700f451f4ed7e3d6,7,2,9.692307692307692,177,1
6a7fd8e7700f451f4ed7e3d6,6,2,9.785714285714286,177,1
6a7fd8e7700f451f4ed7e3d6,5,3,9.8,177,1
6a7fd8e7700f451f4ed7e3d6,4,3,10.1875,177,1
6a7fd8e7700f451f4ed7e3d6,3,3,10.117647058823529,177,1
6a7fd8e7700f451f4ed7e3d6,2,3,9.777777777777779,177,1
6a7fd8e7700f451f4ed7e3da,19,1,10,201,1
6a7fd8e7700f451f4ed7e3da,18,1,9,201,1
6a7fd8e7700f451f4ed7e3da,17,1,13.333333333333334,201,1
6a7fd8e7700f451f4ed7e3da,16,1,12,201,1
6a7fd8e7700f451f4ed7e3da,15,1,11.6,201,1
6a7fd8e7700f451f4ed7e3da,14,1,11.666666666666666,201,1
6a7fd8e7700f451f4ed7e3da,13,2,11,201,1
6a7fd8e7700f451f4ed7e3da,12,3,11,201,1
6a7fd8e7700f451f4ed7e3da,11,4,10.333333333333334,201,1
6a7fd8e7700f451f4ed7e3da,11,4,10.666666666666666,201,1
6a7fd8e7700f451f4ed7e3da,10,6,10.7,201,1
6a7fd8e7700f451f4ed7e3da,9,6,11.181818181818182,201,1
6a7fd8e7700f451f4ed7e3da,9,6,11.272727272727273,201,1
6a7fd8e7700f451f4ed7e3da,8,6,11,201,1
6a7fd8e7700f451f4ed7e3da,7,6,10.615384615384615,201,1
6a7fd8e7700f451f4ed7e3da,6,6,10.642857142857142,201,1
6a7fd8e7700f451f4ed7e3da,5,6,10.133333333333333,201,1
6a7fd8e7700f451f4ed7e3da,4,6,9.625,201,1
6a7fd8e7700f451f4ed7e3da,4,6,9.75,201,1
6a7fd8e7700f451f4ed7e3da,3,6,10.176470588235293,201,1
6a7fd8e7700f451f4ed7e3da,2,6,10.222222222222221,201,1
6a7fd8e7700f451f4ed7e3da,2,6,10.277777777777779,201,1
6a7fd8e7700f451f4ed7e3da,1,7,10.105263157894736,201,1
6a7fd8e7700f451f4ed7e3de,19,1,5,183,1
6a7fd8e7700f451f4ed7e3de,18,1,5.5,183,1
6a7fd8e7700f451f4ed7e3de,17,1,6,183,1
6a7fd8e7700f451f4ed7e3de,16,1,6.75,183,1
6a7fd8e7700f451f4ed7e3de,15,1,7.8,183,1
6a7fd8e7700f451f4ed7e3de,14,1,8,183,1
6a7fd8e7700f451f4ed7e3de,13,3,7.714285714285714,183,1
6a7fd8e7700f451f4ed7e3de,12,3,7.875,183,1
6a7fd8e7700f451f4ed7e3de,11,3,7.666666666666667,183,1
6a7fd8e7700f451f4ed7e3de,10,4,7.4,183,1
6a7fd8e7700f451f4ed7e3de,9,4,7.636363636363637,183,1
6a7fd8e7700f451f4ed7e3de,8,4,8.416666666666666,183,1
6a7fd8e7700f451f4ed7e3de,7,5,8.923076923076923,183,1
6a7fd8e7700f451f4ed7e3de,6,5,8.785714285714286,183,1
6a7fd8e7700f451f4ed7e3de,5,6,8.466666666666667,183,1
6a7fd8e7700f451f4ed7e3de,4,6,8.5,183,1
6a7fd8e7700f451f4ed7e3de,4,6,8.625,183,1
6a7fd8e7700f451f4ed7e3de,3,6,8.705882352941176,183,1
6a7fd8e7700f451f4ed7e3de,2,7,8.555555555555555,183,1
6a7fd8e7700f451f4ed7e3de,1,7,9.052631578947368,183,1
6a7fd8e7700f451f4ed7e3e2,19,0,11,170,0
6a7fd8e7700f451f4ed7e3e2,18,1,7.5,170,0
6a7fd8e7700f451f4ed7e3e2,17,1,7.666666666666667,170,0
6a7fd8e7700f451f4ed7e3e2,16,1,7,170,0
6a7fd8e7700f451f4ed7e3e2,15,1,7.8,170,0
6a7fd8e7700f451f4ed7e3e2,14,1,8.333333333333334,170,0
6a7fd8e7700f451f4ed7e3e2,13,2,7.285714285714286,170,0
6a7fd8e7700f451f4ed7e3e2,12,3,7.5,170,0
6a7fd8e7700f451f4ed7e3e2,11,3,7.111111111111111,170,0
6a7fd8e7700f451f4ed7e3e2,10,3,8.2,170,0
6a7fd8e7700f451f4ed7e3e2,9,3,7.818181818181818,170,0
6a7fd8e7700f451f4ed7e3e2,8,3,7.416666666666667,170,0
6a7fd8e7700f451f4ed7e3e2,7,3,7.230769230769231,170,0
6a7fd8e7700f451f4ed7e3e2,7,3,7.3076923076923075,170,0
6a7fd8e7700f451f4ed7e3e2,6,3,7.357142857142857,170,0
6a7fd8e7700f451f4ed7e3e2,5,4,7.066666666666666,170,0
6a7fd8e7700f451f4ed7e3e2,4,4,7.4375,170,0
6a7fd8e7700f451f4ed7e3e2,3,4,7.352941176470588,170,0
6a7fd8e7700f451f4ed7e3e2,3,4,7.411764705882353,170,0
6a7fd8e7700f451f4ed7e3e2,2,4,7.5,170,0
6a7fd8e7700f451f4ed7e3e2,1,4,7.631578947368421,170,0
6a7fd8e7700f451f4ed7e3e6,19,0,10,174,1
6a7fd8e7700f451f4ed7e3e6,18,1,9.5,174,1
6a7fd8e7700f451f4ed7e3e6,17,1,10.333333333333334,174,1
6a7fd8e7700f451f4ed7e3e6,16,2,9.25,174,1
6a7fd8e7700f451f4ed7e3e6,15,2,9,174,1
6a7fd8e7700f451f4ed7e3e6,14,2,9.166666666666666,174,1
6a7fd8e7700f451f4ed7e3e6,13,2,10.428571428571429,174,1
6a7fd8e7700f451f4ed7e3e6,12,2,9.75,174,1
6a7fd8e7700f451f4ed7e3e6,11,2,10.11111111111111,174,1
6a7fd8e7700f451f4ed7e3e6,10,3,10.1,174,1
6a7fd8e7700f451f4ed7e3e6,10,3,10.2,174,1
6a7fd8e7700f451f4ed7e3e6,9,5,9.363636363636363,174,1
6a7fd8e7700f451f4ed7e3e6,8,5,9.583333333333334,174,1
6a7fd8e7700f451f4ed7e3e6,7,5,9.923076923076923,174,1
6a7fd8e7700f451f4ed7e3e6,6,5,10.285714285714286,174,1
6a7fd8e7700f451f4ed7e3e6,5,5,10.666666666666666,174,1
6a7fd8e7700f451f4ed7e3e6,4,5,10.875,174,1
6a7fd8e7700f451f4ed7e3ea,19,0,5,209,0
6a7fd8e7700f451f4ed7e3ea,18,0,4,209,0
6a7fd8e7700f451f4ed7e3ea,17,2,5,209,0
6a7fd8e7700f451f4ed7e3ea,16,2,6,209,0
6a7fd8e7700f451f4ed7e3ea,15,2,8.8,209,0
6a7fd8e7700f451f4ed7e3ea,14,2,9.333333333333334,209,0
6a7fd8e7700f451f4ed7e3ea,13,2,9.285714285714286,209,0
6a7fd8e7700f451f4ed7e3ea,12,3,8.625,209,0
6a7fd8e7700f451f4ed7e3ea,11,3,8.88888888888889,209,0
6a7fd8e7700f451f4ed7e3ea,10,4,8.5,209,0
6a7fd8e7700f451f4ed7e3ea,10,4,8.6,209,0
6a7fd8e7700f451f4ed7e3ea,9,4,8.636363636363637,209,0
6a7fd8e7700f451f4ed7e3ea,8,4,8.666666666666666,209,0
6a7fd8e7700f451f4ed7e3ea,7,4,8.923076923076923,209,0
6a7fd8e7700f451f4ed7e3ea,6,4,8.642857142857142,209,0
6a7fd8e7700f451f4ed7e3ea,5,4,8.866666666666667,209,0
6a7fd8e7700f451f4ed7e3ea,4,4,8.8125,209,0
6a7fd8e7700f451f4ed7e3ea,3,4,8.764705882352942,209,0
6a7fd8e7700f451f4ed7e3ea,2,4,8.777777777777779,209,0
6a7fd8e7700f451f4ed7e3ea,1,4,9.105263157894736,209,0
6a7fd8e7700f451f4ed7e3ee,19,0,11,184,1
6a7fd8e7700f451f4ed7e3ee,18,0,12.5,184,1
6a7fd8e7700f451f4ed7e3ee,17,1,12.333333333333334,184,1
6a7fd8e7700f451f4ed7e3ee,16,1,11.75,184,1
6a7fd8e7700f451f4ed7e3ee,15,1,9.6,184,1
6a7fd8e7700f451f4ed7e3ee,14,2,9,184,1
6a7fd8e7700f451f4ed7e3ee,13,2,8.285714285714286,184,1
6a7fd8e7700f451f4ed7e3ee,12,2,8.125,184,1
6a7fd8e7700f451f4ed7e3ee,11,2,8.555555555555555,184,1
6a7fd8e7700f451f4ed7e3ee,10,2,8.8,184,1
6a7fd8e7700f451f4ed7e3ee,10,2,9.3,184,1
6a7fd8e7700f451f4ed7e3ee,9,2,9,184,1
6a7fd8e7700f451f4ed7e3ee,8,2,9.416666666666666,184,1
6a7fd8e7700f451f4ed7e3ee,8,2,9.5,184,1
6a7fd8e7700f451f4ed7e3ee,7,2,9.538461538461538,184,1
6a7fd8e7700f451f4ed7e3ee,6,2,9.071428571428571,184,1
6a7fd8e7700f451f4ed7e3ee,5,2,9.066666666666666,184,1
6a7fd8e7700f451f4ed7e3ee,5,2,9.133333333333333,184,1
6a7fd8e7700f451f4ed7e3ee,4,2,9.0625,184,1
6a7fd8e7700f451f4ed7e3ee,4,2,9.125,184,1
6a7fd8e7700f451f4ed7e3ee,3,2,9.941176470588236,184,1
6a7fd8e7700f451f4ed7e3ee,2,2,10,184,1
6a7fd8e7700f451f4ed7e3f2,19,0,7,181,1
6a7fd8e7700f451f4ed7e3f2,19,0,8,181,1
6a7fd8e7700f451f4ed7e3f2,18,0,5.5,181,1
6a7fd8e7700f451f4ed7e3f2,17,0,7.333333333333333,181,1
6a7fd8e7700f451f4ed7e3f2,17,0,9,181,1
6a7fd8e7700f451f4ed7e3f2,16,0,9.75,181,1
6a7fd8e7700f451f4ed7e3f2,15,0,9.8,181,1
6a7fd8e7700f451f4ed7e3f2,14,0,9,181,1
6a7fd8e7700f451f4ed7e3f2,13,0,9.571428571428571,181,1
6a7fd8e7700f451f4ed7e3f2,12,0,9.5,181,1
6a7fd8e7700f451f4ed7e3f2,11,2,9,181,1
6a7fd8e7700f451f4ed7e3f2,10,2,9.7,181,1
6a7fd8e7700f451f4ed7e3f2,9,3,10.272727272727273,181,1
6a7fd8e7700f451f4ed7e3f2,9,3,10.363636363636363,181,1
6a7fd8e7700f451f4ed7e3f2,8,3,10.5,181,1
6a7fd8e7700f451f4ed7e3f2,7,3,10.461538461538462,181,1
6a7fd8e7700f451f4ed7e3f2,6,3,9.928571428571429,181,1
6a7fd8e7700f451f4ed7e3f2,6,3,10,181,1
6a7fd8e7700f451f4ed7e3f2,5,3,10.266666666666667,181,1
6a7fd8e7700f451f4ed7e3f2,5,3,10.333333333333334,181,1
6a7fd8e7700f451f4ed7e3f2,4,3,10.375,181,1
6a7fd8e7700f451f4ed7e3f2,3,3,10.235294117647058,181,1
6a7fd8e7700f451f4ed7e3f2,2,3,9.944444444444445,181,1
6a7fd8e7700f451f4ed7e3f6,19,0,9,198,0
6a7fd8e7700f451f4ed7e3f6,18,0,6.5,198,0
6a7fd8e7700f451f4ed7e3f6,17,1,7.333333333333333,198,0
6a7fd8e7700f451f4ed7e3f6,16,1,7.75,198,0
6a7fd8e7700f451f4ed7e3f6,15,1,7.2,198,0
6a7fd8e7700f451f4ed7e3f6,14,1,7.166666666666667,198,0
6a7fd8e7700f451f4ed7e3f6,13,1,7.142857142857143,198,0
6a7fd8e7700f451f4ed7e3f6,12,3,6.5,198,0
6a7fd8e7700f451f4ed7e3f6,11,3,6.222222222222222,198,0
6a7fd8e7700f451f4ed7e3f6,10,4,6.1,198,0
6a7fd8e7700f451f4ed7e3f6,9,5,6.7272727272727275,198,0
6a7fd8e7700f451f4ed7e3f6,8,5,6.416666666666667,198,0
6a7fd8e7700f451f4ed7e3f6,7,5,6.461538461538462,198,0
6a7fd8e7700f451f4ed7e3f6,6,5,6.285714285714286,198,0
6a7fd8e7700f451f4ed7e3f6,5,6,6.266666666666667,198,0
6a7fd8e7700f451f4ed7e3f6,4,6,6.5625,198,0
6a7fd8e7700f451f4ed7e3f6,3,6,6.588235294117647,198,0
6a7fd8e7700f451f4ed7e3f6,2,6,6.611111111111111,198,0
6a7fd8e7700f451f4ed7e3f6,1,6,6.526315789473684,198,0
6a7fd8e7700f451f4ed7e3fa,19,0,8,124,1
6a7fd8e7700f451f4ed7e3fa,18,0,9,124,1
6a7fd8e7700f451f4ed7e3fa,17,1,9.333333333333334,124,1
6a7fd8e7700f451f4ed7e3fa,16,1,9,124,1
6a7fd8e7700f451f4ed7e3fa,15,3,8.4,124,1
6a7fd8e7700f451f4ed7e3fa,14,4,8.333333333333334,124,1
6a7fd8e7700f451f4ed7e3fa,13,4,9.142857142857142,124,1
6a7fd8e7700f451f4ed7e3fa,13,4,9.428571428571429,124,1
6a7fd8e7700f451f4ed7e3fa,12,4,9.25,124,1
6a7fd8e7700f451f4ed7e3fa,11,4,9.555555555555555,124,1
6a7fd8e7700f451f4ed7e3fa,10,4,9.6,124,1
6a7fd8e7700f451f4ed7e3fa,9,4,9.272727272727273,124,1
6a7fd8e7700f451f4ed7e3fa,8,4,9.166666666666666,124,1
6a7fd8e7700f451f4ed7e3fa,7,4,9.307692307692308,124,1
6a7fd8e7700f451f4ed7e3fe,19,1,12,172,1
6a7fd8e7700f451f4ed7e3fe,18,1,12,172,1
6a7fd8e7700f451f4ed7e3fe,17,2,10,172,1
6a7fd8e7700f451f4ed7e3fe,16,3,10,172,1
6a7fd8e7700f451f4ed7e3fe,15,4,9.6,172,1
6a7fd8e7700f451f4ed7e3fe,14,4,9.833333333333334,172,1
6a7fd8e7700f451f4ed7e3fe,14,4,10,172,1
6a7fd8e7700f451f4ed7e3fe,13,4,9.714285714285714,172,1
6a7fd8e7700f451f4ed7e3fe,12,5,9.875,172,1
6a7fd8e7700f451f4ed7e3fe,11,5,9.88888888888889,172,1
6a7fd8e7700f451f4ed7e3fe,10,5,9.2,172,1
6a7fd8e7700f451f4ed7e3fe,9,5,9.181818181818182,172,1
6a7fd8e7700f451f4ed7e3fe,8,5,9,172,1
6a7fd8e7700f451f4ed7e3fe,7,6,9.538461538461538,172,1
6a7fd8e7700f451f4ed7e3fe,6,6,9.571428571428571,172,1
6a7fd8e7700f451f4ed7e3fe,5,7,9.266666666666667,172,1
6a7fd8e7700f451f4ed7e3fe,4,7,9.125,172,1
6a7fd8e7700f451f4ed7e3fe,3,7,9.117647058823529,172,1
6a7fd8e7700f451f4ed7e3fe,2,7,9.166666666666666,172,1
6a7fd8e7700f451f4ed7e3fe,1,8,9.210526315789474,172,1
6a7fd8e7700f451f4ed7e402,19,1,10,195,0
6a7fd8e7700f451f4ed7e402,18,1,11.5,195,0
6a7fd8e7700f451f4ed7e402,17,1,10.333333333333334,195,0
6a7fd8e7700f451f4ed7e402,16,1,10.5,195,0
6a7fd8e7700f451f4ed7e402,15,2,8.8,195,0
6a7fd8e7700f451f4ed7e402,14,2,9.5,195,0
6a7fd8e7700f451f4ed7e402,13,3,9.571428571428571,195,0
6a7fd8e7700f451f4ed7e402,12,5,8.875,195,0
6a7fd8e7700f451f4ed7e402,11,5,9,195,0
6a7fd8e7700f451f4ed7e402,10,5,8.3,195,0
6a7fd8e7700f451f4ed7e402,9,6,7.909090909090909,195,0
6a7fd8e7700f451f4ed7e402,8,6,7.583333333333333,195,0
6a7fd8e7700f451f4ed7e402,7,6,8.076923076923077,195,0
6a7fd8e7700f451f4ed7e402,7,6,8.153846153846153,195,0
6a7fd8e7700f451f4ed7e402,6,6,8.142857142857142,195,0
6a7fd8e7700f451f4ed7e402,5,6,7.866666666666666,195,0
6a7fd8e7700f451f4ed7e402,5,6,7.933333333333334,195,0
6a7fd8e7700f451f4ed7e402,4,6,7.875,195,0
6a7fd8e7700f451f4ed7e402,3,7,7.705882352941177,195,0
6a7fd8e7700f451f4ed7e402,2,7,7.444444444444445,195,0
6a7fd8e7700f451f4ed7e402,1,7,7.473684210526316,195,0
6a7fd8e7700f451f4ed7e406,19,0,16,197,1
6a7fd8e7700f451f4ed7e406,19,0,17,197,1
6a7fd8e7700f451f4ed7e406,19,0,18,197,1
6a7fd8e7700f451f4ed7e406,18,1,11.5,197,1
6a7fd8e7700f451f4ed7e406,17,1,10.666666666666666,197,1
6a7fd8e7700f451f4ed7e406,16,1,11,197,1
6a7fd8e7700f451f4ed7e406,15,1,9.8,197,1
6a7fd8e7700f451f4ed7e406,14,1,9,197,1
6a7fd8e7700f451f4ed7e406,13,1,10.714285714285714,197,1
6a7fd8e7700f451f4ed7e406,12,1,11.75,197,1
6a7fd8e7700f451f4ed7e406,11,2,10.777777777777779,197,1
6a7fd8e7700f451f4ed7e406,10,2,10.2,197,1
6a7fd8e7700f451f4ed7e406,9,2,9.545454545454545,197,1
6a7fd8e7700f451f4ed7e406,8,2,10,197,1
6a7fd8e7700f451f4ed7e406,7,2,10.23076923076923,197,1
6a7fd8e7700f451f4ed7e406,6,2,10,197,1
6a7fd8e7700f451f4ed7e406,6,2,10.071428571428571,197,1
6a7fd8e7700f451f4ed7e406,5,2,10.333333333333334,197,1
6a7fd8e7700f451f4ed7e406,4,3,10.875,197,1
6a7fd8e7700f451f4ed7e406,3,3,11,197,1
6a7fd8e7700f451f4ed7e406,2,3,10.555555555555555,197,1
6a7fd8e7700f451f4ed7e406,2,3,10.61111111111111,197,1
6a7fd8e7700f451f4ed7e406,1,4,10.526315789473685,197,1
6a7fd8e7700f451f4ed7e40a,19,2,1,189,0
6a7fd8e7700f451f4ed7e40a,18,2,5,189,0
6a7fd8e7700f451f4ed7e40a,17,2,7.333333333333333,189,0
6a7fd8e7700f451f4ed7e40a,16,3,8,189,0
6a7fd8e7700f451f4ed7e40a,15,3,7.8,189,0
6a7fd8e7700f451f4ed7e40a,14,3,8,189,0
6a7fd8e7700f451f4ed7e40a,13,3,7.714285714285714,189,0
6a7fd8e7700f451f4ed7e40a,12,3,7.875,189,0
6a7fd8e7700f451f4ed7e40a,11,5,8.333333333333334,189,0
6a7fd8e7700f451f4ed7e40a,10,5,8.1,189,0
6a7fd8e7700f451f4ed7e40a,9,5,7.909090909090909,189,0
6a7fd8e7700f451f4ed7e40a,8,5,7.5,189,0
6a7fd8e7700f451f4ed7e40a,7,5,7.230769230769231,189,0
6a7fd8e7700f451f4ed7e40a,6,5,7.285714285714286,189,0
6a7fd8e7700f451f4ed7e40a,5,5,7.666666666666667,189,0
6a7fd8e7700f451f4ed7e40a,4,5,8,189,0
6a7fd8e7700f451f4ed7e40a,3,5,8,189,0
6a7fd8e7700f451f4ed7e40a,2,5,7.722222222222222,189,0
6a7fd8e7700f451f4ed7e40a,1,5,7.684210526315789,189,0
6a7fd8e7700f451f4ed7e40a,1,5,7.842105263157895,189,0
6a7fd8e7700f451f4ed7e40e,19,0,11,159,1
6a7fd8e7700f451f4ed7e40e,18,0,14.5,159,1
6a7fd8e7700f451f4ed7e40e,17,0,13,159,1
6a7fd8e7700f451f4ed7e40e,16,0,12.5,159,1
6a7fd8e7700f451f4ed7e40e,15,0,12.2,159,1
6a7fd8e7700f451f4ed7e40e,14,0,13.833333333333334,159,1
6a7fd8e7700f451f4ed7e40e,13,0,12.571428571428571,159,1
6a7fd8e7700f451f4ed7e40e,12,0,11.625,159,1
6a7fd8e7700f451f4ed7e40e,11,0,11.222222222222221,159,1
6a7fd8e7700f451f4ed7e40e,10,0,11.6,159,1
6a7fd8e7700f451f4ed7e40e,9,0,11.272727272727273,159,1
6a7fd8e7700f451f4ed7e40e,8,0,11.083333333333334,159,1
6a7fd8e7700f451f4ed7e40e,7,0,11,159,1
6a7fd8e7700f451f4ed7e40e,6,0,11,159,1
6a7fd8e7700f451f4ed7e40e,5,1,10.4,159,1
6a7fd8e7700f451f4ed7e412,19,0,4,163,1
6a7fd8e7700f451f4ed7e412,18,0,8.5,163,1
6a7fd8e7700f451f4ed7e412,17,0,7.333333333333333,163,1
6a7fd8e7700f451f4ed7e412,16,0,9,163,1
6a7fd8e7700f451f4ed7e412,15,1,8.4,163,1
6a7fd8e7700f451f4ed7e412,14,2,8.166666666666666,163,1
6a7fd8e7700f451f4ed7e412,14,2,8.333333333333334,163,1
6a7fd8e7700f451f4ed7e412,13,2,8,163,1
6a7fd8e7700f451f4ed7e412,12,2,8.125,163,1
6a7fd8e7700f451f4ed7e412,11,2,7.555555555555555,163,1
6a7fd8e7700f451f4ed7e412,11,2,7.666666666666667,163,1
6a7fd8e7700f451f4ed7e412,10,2,8.9,163,1
6a7fd8e7700f451f4ed7e412,9,3,10.454545454545455,163,1
6a7fd8e7700f451f4ed7e412,8,3,10.333333333333334,163,1
6a7fd8e7700f451f4ed7e412,7,3,10.538461538461538,163,1
6a7fd8e7700f451f4ed7e412,6,3,10,163,1
6a7fd8e7700f451f4ed7e412,5,3,9.933333333333334,163,1
6a7fd8e7700f451f4ed7e412,4,3,9.875,163,1
6a7fd8e7700f451f4ed7e416,19,0,2,156,1
6a7fd8e7700f451f4ed7e416,18,0,10,156,1
6a7fd8e7700f451f4ed7e416,17,0,9.666666666666666,156,1
6a7fd8e7700f451f4ed7e416,16,0,7.5,156,1
6a7fd8e7700f451f4ed7e416,15,1,9.4,156,1
6a7fd8e7700f451f4ed7e416,14,2,8.5,156,1
6a7fd8e7700f451f4ed7e416,13,2,9,156,1
6a7fd8e7700f451f4ed7e416,12,2,8.75,156,1
6a7fd8e7700f451f4ed7e416,11,3,8.88888888888889,156,1
6a7fd8e7700f451f4ed7e416,10,3,8.7,156,1
6a7fd8e7700f451f4ed7e416,9,3,8.090909090909092,156,1
6a7fd8e7700f451f4ed7e416,8,3,8.416666666666666,156,1
6a7fd8e7700f451f4ed7e416,7,3,8.384615384615385,156,1
6a7fd8e7700f451f4ed7e416,6,3,8.642857142857142,156,1
6a7fd8e7700f451f4ed7e416,5,6,8.2,156,1
6a7fd8e7700f451f4ed7e416,4,7,8.625,156,1
6a7fd8e7700f451f4ed7e416,3,7,9.058823529411764,156,1
6a7fd8e7700f451f4ed7e41a,19,1,1,199,0
6a7fd8e7700f451f4ed7e41a,18,1,5.5,199,0
6a7fd8e7700f451f4ed7e41a,17,1,7,199,0
6a7fd8e7700f451f4ed7e41a,17,1,7.333333333333333,199,0
6a7fd8e7700f451f4ed7e41a,16,1,8,199,0
6a7fd8e7700f451f4ed7e41a,15,3,7,199,0
6a7fd8e7700f451f4ed7e41a,14,3,6,199,0
6a7fd8e7700f451f4ed7e41a,14,3,6.166666666666667,199,0
6a7fd8e7700f451f4ed7e41a,13,3,6.714285714285714,199,0
6a7fd8e7700f451f4ed7e41a,12,3,6.5,199,0
6a7fd8e7700f451f4ed7e41a,11,3,7.333333333333333,199,0
6a7fd8e7700f451f4ed7e41a,10,3,7.4,199,0
6a7fd8e7700f451f4ed7e41a,9,3,7.545454545454546,199,0
6a7fd8e7700f451f4ed7e41a,8,3,7.666666666666667,199,0
6a7fd8e7700f451f4ed7e41a,7,3,8.153846153846153,199,0
6a7fd8e7700f451f4ed7e41a,6,4,8.142857142857142,199,0
6a7fd8e7700f451f4ed7e41a,5,4,7.866666666666666,199,0
6a7fd8e7700f451f4ed7e41a,4,4,7.5,199,0
6a7fd8e7700f451f4ed7e41a,3,5,7.294117647058823,199,0
6a7fd8e7700f451f4ed7e41a,2,5,7.444444444444445,199,0
6a7fd8e7700f451f4ed7e41a,2,5,7.5,199,0
6a7fd8e7700f451f4ed7e41a,1,6,7.526315789473684,199,0
6a7fd8e7700f451f4ed7e41e,19,0,8,195,0
6a7fd8e7700f451f4ed7e41e,18,0,7,195,0
6a7fd8e7700f451f4ed7e41e,17,0,10.333333333333334,195,0
6a7fd8e7700f451f4ed7e41e,16,0,10,195,0
6a7fd8e7700f451f4ed7e41e,15,0,9.8,195,0
6a7fd8e7700f451f4ed7e41e,14,0,9,195,0
6a7fd8e7700f451f4ed7e41e,14,0,9.166666666666666,195,0
6a7fd8e7700f451f4ed7e41e,13,0,8.428571428571429,195,0
6a7fd8e7700f451f4ed7e41e,12,1,8,195,0
6a7fd8e7700f451f4ed7e41e,11,1,7.333333333333333,195,0
6a7fd8e7700f451f4ed7e41e,10,1,7.3,195,0
6a7fd8e7700f451f4ed7e41e,9,1,8.181818181818182,195,0
6a7fd8e7700f451f4ed7e41e,8,1,8.416666666666666,195,0
6a7fd8e7700f451f4ed7e41e,7,1,8.76923076923077,195,0
6a7fd8e7700f451f4ed7e41e,7,1,8.846153846153847,195,0
6a7fd8e7700f451f4ed7e41e,6,1,9.214285714285714,195,0
6a7fd8e7700f451f4ed7e41e,5,1,9.533333333333333,195,0
6a7fd8e7700f451f4ed7e41e,4,1,9.3125,195,0
6a7fd8e7700f451f4ed7e41e,3,2,9.176470588235293,195,0
6a7fd8e7700f451f4ed7e41e,2,2,8.777777777777779,195,0
6a7fd8e7700f451f4ed7e41e,1,2,8.68421052631579,195,0
6a7fd8e7700f451f4ed7e422,19,0,11,217,0
6a7fd8e7700f451f4ed7e422,19,0,12,217,0
6a7fd8e7700f451f4ed7e422,18,0,11,217,0
6a7fd8e7700f451f4ed7e422,17,1,10.333333333333334,217,0
6a7fd8e7700f451f4ed7e422,16,2,11.5,217,0
6a7fd8e7700f451f4ed7e422,15,3,13.2,217,0
6a7fd8e7700f451f4ed7e422,14,4,12.333333333333334,217,0
6a7fd8e7700f451f4ed7e422,14,4,12.5,217,0
6a7fd8e7700f451f4ed7e422,13,4,12.571428571428571,217,0
6a7fd8e7700f451f4ed7e422,12,4,11.75,217,0
6a7fd8e7700f451f4ed7e422,11,4,11.333333333333334,217,0
6a7fd8e7700f451f4ed7e422,10,4,11,217,0
6a7fd8e7700f451f4ed7e422,9,5,10.727272727272727,217,0
6a7fd8e7700f451f4ed7e422,8,5,10.75,217,0
6a7fd8e7700f451f4ed7e422,7,5,10.76923076923077,217,0
6a7fd8e7700f451f4ed7e422,6,6,11,217,0
6a7fd8e7700f451f4ed7e422,5,6,10.933333333333334,217,0
6a7fd8e7700f451f4ed7e422,4,6,10.375,217,0
6a7fd8e7700f451f4ed7e422,3,6,10.176470588235293,217,0
6a7fd8e7700f451f4ed7e422,2,6,10.11111111111111,217,0
6a7fd8e7700f451f4ed7e422,1,6,10.263157894736842,217,0
6a7fd8e7700f451f4ed7e426,19,0,5,151,1
6a7fd8e7700f451f4ed7e426,19,0,6,151,1
6a7fd8e7700f451f4ed7e426,18,1,6,151,1
6a7fd8e7700f451f4ed7e426,17,1,9,151,1
6a7fd8e7700f451f4ed7e426,16,2,9,151,1
6a7fd8e7700f451f4ed7e426,15,2,8.6,151,1
6a7fd8e7700f451f4ed7e426,14,2,9.833333333333334,151,1
6a7fd8e7700f451f4ed7e426,14,2,10,151,1
6a7fd8e7700f451f4ed7e426,13,2,9.428571428571429,151,1
6a7fd8e7700f451f4ed7e426,12,2,9.25,151,1
6a7fd8e7700f451f4ed7e426,12,2,9.375,151,1
6a7fd8e7700f451f4ed7e426,11,2,8.88888888888889,151,1
6a7fd8e7700f451f4ed7e426,10,2,8.9,151,1
6a7fd8e7700f451f4ed7e426,9,2,9.545454545454545,151,1
6a7fd8e7700f451f4ed7e426,8,2,9.333333333333334,151,1
6a7fd8e7700f451f4ed7e426,7,2,9.692307692307692,151,1
6a7fd8e7700f451f4ed7e426,6,2,10.142857142857142,151,1
6a7fd8e7700f451f4ed7e426,5,3,9.8,151,1
6a7fd8e7700f451f4ed7e42a,19,0,13,168,1
6a7fd8e7700f451f4ed7e42a,18,0,10,168,1
6a7fd8e7700f451f4ed7e42a,17,0,9.666666666666666,168,1
6a7fd8e7700f451f4ed7e42a,16,0,9,168,1
6a7fd8e7700f451f4ed7e42a,15,0,10.8,168,1
6a7fd8e7700f451f4ed7e42a,14,1,10.666666666666666,168,1
6a7fd8e7700f451f4ed7e42a,14,1,10.833333333333334,168,1
6a7fd8e7700f451f4ed7e42a,14,1,11,168,1
6a7fd8e7700f451f4ed7e42a,13,1,10.285714285714286,168,1
6a7fd8e7700f451f4ed7e42a,12,1,10.125,168,1
6a7fd8e7700f451f4ed7e42a,11,1,11,168,1
6a7fd8e7700f451f4ed7e42a,10,2,10.4,168,1
6a7fd8e7700f451f4ed7e42a,10,2,10.5,168,1
6a7fd8e7700f451f4ed7e42a,9,2,10.272727272727273,168,1
6a7fd8e7700f451f4ed7e42a,8,3,9.75,168,1
6a7fd8e7700f451f4ed7e42a,7,3,9.923076923076923,168,1
6a7fd8e7700f451f4ed7e42a,6,3,9.642857142857142,168,1
6a7fd8e7700f451f4ed7e42a,5,3,9.866666666666667,168,1
6a7fd8e7700f451f4ed7e42a,4,3,10.3125,168,1
6a7fd8e7700f451f4ed7e42e,19,0,2,163,0
6a7fd8e7700f451f4ed7e42e,18,0,3.5,163,0
6a7fd8e7700f451f4ed7e42e,17,0,4.666666666666667,163,0
6a7fd8e7700f451f4ed7e42e,16,0,5.5,163,0
6a7fd8e7700f451f4ed7e42e,15,1,5,163,0
6a7fd8e7700f451f4ed7e42e,14,1,5.833333333333333,163,0
6a7fd8e7700f451f4ed7e42e,13,1,6.571428571428571,163,0
6a7fd8e7700f451f4ed7e42e,12,1,7.625,163,0
6a7fd8e7700f451f4ed7e42e,11,2,7.444444444444445,163,0
6a7fd8e7700f451f4ed7e42e,10,2,8.2,163,0
6a7fd8e7700f451f4ed7e42e,9,2,7.7272727272727275,163,0
6a7fd8e7700f451f4ed7e42e,8,2,7.25,163,0
6a7fd8e7700f451f4ed7e42e,8,2,7.333333333333333,163,0
6a7fd8e7700f451f4ed7e42e,7,3,7.153846153846154,163,0
6a7fd8e7700f451f4ed7e42e,6,3,7.142857142857143,163,0
6a7fd8e7700f451f4ed7e42e,5,3,6.8,163,0
6a7fd8e7700f451f4ed7e42e,4,4,7.375,163,0
6a7fd8e7700f451f4ed7e42e,3,4,7.235294117647059,163,0
6a7fd8e7700f451f4ed7e42e,2,4,7,163,0
6a7fd8e7700f451f4ed7e42e,1,5,6.7894736842105265,163,0
6a7fd8e7700f451f4ed7e432,19,0,19,177,0
6a7fd8e7700f451f4ed7e432,18,1,12.5,177,0
6a7fd8e7700f451f4ed7e432,17,1,9.333333333333334,177,0
6a7fd8e7700f451f4ed7e432,16,1,9.75,177,0
6a7fd8e7700f451f4ed7e432,15,1,9.4,177,0
6a7fd8e7700f451f4ed7e432,14,2,10,177,0
6a7fd8e7700f451f4ed7e432,13,2,9.285714285714286,177,0
6a7fd8e7700f451f4ed7e432,12,4,9.25,177,0
6a7fd8e7700f451f4ed7e432,11,4,8.444444444444445,177,0
6a7fd8e7700f451f4ed7e432,10,4,7.9,177,0
6a7fd8e7700f451f4ed7e432,9,4,7.7272727272727275,177,0
6a7fd8e7700f451f4ed7e432,8,4,7.666666666666667,177,0
6a7fd8e7700f451f4ed7e432,7,4,7.3076923076923075,177,0
6a7fd8e7700f451f4ed7e432,6,4,7.5,177,0
6a7fd8e7700f451f4ed7e432,5,4,7.333333333333333,177,0
6a7fd8e7700f451f4ed7e432,4,4,7.5,177,0
6a7fd8e7700f451f4ed7e432,3,4,7.705882352941177,177,0
6a7fd8e7700f451f4ed7e432,2,5,7.666666666666667,177,0
6a7fd8e7700f451f4ed7e432,1,5,7.578947368421052,177,0
6a7fd8e7700f451f4ed7e436,19,0,6,179,0
6a7fd8e7700f451f4ed7e436,18,0,10,179,0
6a7fd8e7700f451f4ed7e436,17,0,10.333333333333334,179,0
6a7fd8e7700f451f4ed7e436,16,0,9,179,0
6a7fd8e7700f451f4ed7e436,15,0,8.2,179,0
6a7fd8e7700f451f4ed7e436,14,2,7.666666666666667,179,0
6a7fd8e7700f451f4ed7e436,13,3,8.428571428571429,179,0
6a7fd8e7700f451f4ed7e436,12,3,8.625,179,0
6a7fd8e7700f451f4ed7e436,12,3,8.875,179,0
6a7fd8e7700f451f4ed7e436,11,3,9.11111111111111,179,0
6a7fd8e7700f451f4ed7e436,10,4,8.6,179,0
6a7fd8e7700f451f4ed7e436,9,4,8.090909090909092,179,0
6a7fd8e7700f451f4ed7e436,8,4,8.416666666666666,179,0
6a7fd8e7700f451f4ed7e436,7,5,8.23076923076923,179,0
6a7fd8e7700f451f4ed7e436,6,5,8.071428571428571,179,0
6a7fd8e7700f451f4ed7e436,5,5,8.066666666666666,179,0
6a7fd8e7700f451f4ed7e436,5,5,8.133333333333333,179,0
6a7fd8e7700f451f4ed7e436,4,5,8.75,179,0
6a7fd8e7700f451f4ed7e436,3,5,8.764705882352942,179,0
6a7fd8e7700f451f4ed7e436,2,5,9.166666666666666,179,0
6a7fd8e7700f451f4ed7e436,1,5,8.842105263157896,179,0
6a7fd8e7700f451f4ed7e43a,19,1,3,158,1
6a7fd8e7700f451f4ed7e43a,18,1,7.5,158,1
6a7fd8e7700f451f4ed7e43a,17,2,10.333333333333334,158,1
6a7fd8e7700f451f4ed7e43a,16,2,9.5,158,1
6a7fd8e7700f451f4ed7e43a,15,2,9,158,1
6a7fd8e7700f451f4ed7e43a,14,2,9.333333333333334,158,1
6a7fd8e7700f451f4ed7e43a,13,2,9.285714285714286,158,1
6a7fd8e7700f451f4ed7e43a,12,2,9,158,1
6a7fd8e7700f451f4ed7e43a,11,3,8.666666666666666,158,1
6a7fd8e7700f451f4ed7e43a,10,3,8.4,158,1
6a7fd8e7700f451f4ed7e43a,9,3,9.181818181818182,158,1
6a7fd8e7700f451f4ed7e43a,8,3,9.583333333333334,158,1
6a7fd8e7700f451f4ed7e43a,7,3,10,158,1
6a7fd8e7700f451f4ed7e43a,6,3,10.285714285714286,158,1
6a7fd8e7700f451f4ed7e43a,5,3,10.133333333333333,158,1
6a7fd8e7700f451f4ed7e43e,19,0,2,192,0
6a7fd8e7700f451f4ed7e43e,18,0,4,192,0
6a7fd8e7700f451f4ed7e43e,18,0,6.5,192,0
6a7fd8e7700f451f4ed7e43e,17,0,6,192,0
6a7fd8e7700f451f4ed7e43e,16,0,7.5,192,0
6a7fd8e7700f451f4ed7e43e,15,0,7,192,0
6a7fd8e7700f451f4ed7e43e,15,0,7.2,192,0
6a7fd8e7700f451f4ed7e43e,14,0,8.333333333333334,192,0
6a7fd8e7700f451f4ed7e43e,13,0,8,192,0
6a7fd8e7700f451f4ed7e43e,12,0,8.5,192,0
6a7fd8e7700f451f4ed7e43e,12,0,8.625,192,0
6a7fd8e7700f451f4ed7e43e,11,0,9,192,0
6a7fd8e7700f451f4ed7e43e,10,0,9.3,192,0
6a7fd8e7700f451f4ed7e43e,9,0,9.090909090909092,192,0
6a7fd8e7700f451f4ed7e43e,8,0,8.916666666666666,192,0
6a7fd8e7700f451f4ed7e43e,7,0,8.538461538461538,192,0
6a7fd8e7700f451f4ed7e43e,6,0,8.571428571428571,192,0
6a7fd8e7700f451f4ed7e43e,5,0,8.266666666666667,192,0
6a7fd8e7700f451f4ed7e43e,4,0,8.4375,192,0
6a7fd8e7700f451f4ed7e43e,3,0,8.529411764705882,192,0
6a7fd8e7700f451f4ed7e43e,2,0,8.61111111111111,192,0
6a7fd8e7700f451f4ed7e43e,1,0,8.631578947368421,192,0
6a7fd8e7700f451f4ed7e442,19,0,9,149,1
6a7fd8e7700f451f4ed7e442,18,0,6.5,149,1
6a7fd8e7700f451f4ed7e442,17,0,6.666666666666667,149,1
6a7fd8e7700f451f4ed7e442,16,0,6.5,149,1
6a7fd8e7700f451f4ed7e442,15,0,6.6,149,1
6a7fd8e7700f451f4ed7e442,14,0,6.166666666666667,149,1
6a7fd8e7700f451f4ed7e442,13,0,7.285714285714286,149,1
6a7fd8e7700f451f4ed7e442,12,0,7.875,149,1
6a7fd8e7700f451f4ed7e442,11,0,7.777777777777778,149,1
6a7fd8e7700f451f4ed7e442,10,1,8.1,149,1
6a7fd8e7700f451f4ed7e442,9,1,7.909090909090909,149,1
6a7fd8e7700f451f4ed7e442,8,1,7.833333333333333,149,1
6a7fd8e7700f451f4ed7e442,7,1,7.769230769230769,149,1
6a7fd8e7700f451f4ed7e442,6,1,8,149,1
6a7fd8e7700f451f4ed7e442,5,1,7.866666666666666,149,1
6a7fd8e7700f451f4ed7e442,4,1,7.625,149,1
6a7fd8e7700f451f4ed7e442,4,1,7.6875,149,1
6a7fd8e7700f451f4ed7e442,3,1,7.588235294117647,149,1
6a7fd8e7700f451f4ed7e442,2,1,7.5,149,1
6a7fd8e7700f451f4ed7e446,19,0,11,177,1
6a7fd8e7700f451f4ed7e446,18,0,8.5,177,1
6a7fd8e7700f451f4ed7e446,17,0,9,177,1
6a7fd8e7700f451f4ed7e446,16,0,8.75,177,1
6a7fd8e7700f451f4ed7e446,15,0,7.6,177,1
6a7fd8e7700f451f4ed7e446,14,1,9,177,1
6a7fd8e7700f451f4ed7e446,13,1,8.571428571428571,177,1
6a7fd8e7700f451f4ed7e446,12,1,8.625,177,1
6a7fd8e7700f451f4ed7e446,11,1,9.333333333333334,177,1
6a7fd8e7700f451f4ed7e446,10,1,9.5,177,1
6a7fd8e7700f451f4ed7e446,9,1,9.181818181818182,177,1
6a7fd8e7700f451f4ed7e446,8,1,10,177,1
6a7fd8e7700f451f4ed7e446,7,1,10.538461538461538,177,1
6a7fd8e7700f451f4ed7e446,6,1,10.285714285714286,177,1
6a7fd8e7700f451f4ed7e446,5,1,10.133333333333333,177,1
6a7fd8e7700f451f4ed7e446,4,1,10.3125,177,1
6a7fd8e7700f451f4ed7e44a,19,0,10,207,0
6a7fd8e7700f451f4ed7e44a,18,0,8.5,207,0
6a7fd8e7700f451f4ed7e44a,17,0,9.666666666666666,207,0
6a7fd8e7700f451f4ed7e44a,17,0,10,207,0
6a7fd8e7700f451f4ed7e44a,16,0,9.25,207,0
6a7fd8e7700f451f4ed7e44a,15,0,8,207,0
6a7fd8e7700f451f4ed7e44a,14,1,7.666666666666667,207,0
6a7fd8e7700f451f4ed7e44a,13,1,7.142857142857143,207,0
6a7fd8e7700f451f4ed7e44a,12,1,8,207,0
6a7fd8e7700f451f4ed7e44a,11,1,7.444444444444445,207,0
6a7fd8e7700f451f4ed7e44a,10,1,7.1,207,0
6a7fd8e7700f451f4ed7e44a,9,2,7.909090909090909,207,0
6a7fd8e7700f451f4ed7e44a,9,2,8,207,0
6a7fd8e7700f451f4ed7e44a,8,2,8.333333333333334,207,0
6a7fd8e7700f451f4ed7e44a,7,2,8.307692307692308,207,0
6a7fd8e7700f451f4ed7e44a,6,2,8.285714285714286,207,0
6a7fd8e7700f451f4ed7e44a,5,2,8.066666666666666,207,0
6a7fd8e7700f451f4ed7e44a,4,2,8.1875,207,0
6a7fd8e7700f451f4ed7e44a,3,2,8.117647058823529,207,0
6a7fd8e7700f451f4ed7e44a,3,2,8.235294117647058,207,0
6a7fd8e7700f451f4ed7e44a,2,2,8.166666666666666,207,0
6a7fd8e7700f451f4ed7e44a,1,3,7.894736842105263,207,0
6a7fd8e7700f451f4ed7e44a,1,3,7.947368421052632,207,0
6a7fd8e7700f451f4ed7e44e,19,1,8,164,1
6a7fd8e7700f451f4ed7e44e,18,1,8,164,1
6a7fd8e7700f451f4ed7e44e,17,1,7,164,1
6a7fd8e7700f451f4ed7e44e,16,1,9.25,164,1
6a7fd8e7700f451f4ed7e44e,15,1,10.6,164,1
6a7fd8e7700f451f4ed7e44e,14,2,9.166666666666666,164,1
6a7fd8e7700f451f4ed7e44e,13,2,7.857142857142857,164,1
6a7fd8e7700f451f4ed7e44e,12,2,9.5,164,1
6a7fd8e7700f451f4ed7e44e,11,3,9,164,1
6a7fd8e7700f451f4ed7e44e,10,3,9.7,164,1
6a7fd8e7700f451f4ed7e44e,9,3,9.727272727272727,164,1
6a7fd8e7700f451f4ed7e44e,8,3,10.416666666666666,164,1
6a7fd8e7700f451f4ed7e44e,7,4,10,164,1
6a7fd8e7700f451f4ed7e44e,7,4,10.076923076923077,164,1
6a7fd8e7700f451f4ed7e44e,6,5,9.857142857142858,164,1
6a7fd8e7700f451f4ed7e44e,5,5,9.533333333333333,164,1
6a7fd8e7700f451f4ed7e44e,4,5,9.3125,164,1
6a7fd8e7700f451f4ed7e44e,3,5,9.235294117647058,164,1
6a7fd8e7700f451f4ed7e44e,2,6,8.88888888888889,164,1
6a7fd8e7700f451f4ed7e452,19,0,15,193,0
6a7fd8e7700f451f4ed7e452,18,0,14,193,0
6a7fd8e7700f451f4ed7e452,17,0,13,193,0
6a7fd8e7700f451f4ed7e452,17,0,13.333333333333334,193,0
6a7fd8e7700f451f4ed7e452,16,0,13,193,0
6a7fd8e7700f451f4ed7e452,15,0,11,193,0
6a7fd8e7700f451f4ed7e452,14,0,10.166666666666666,193,0
6a7fd8e7700f451f4ed7e452,13,0,9.428571428571429,193,0
6a7fd8e7700f451f4ed7e452,12,0,10.125,193,0
6a7fd8e7700f451f4ed7e452,11,0,9.333333333333334,193,0
6a7fd8e7700f451f4ed7e452,10,1,9.6,193,0
6a7fd8e7700f451f4ed7e452,9,1,9.181818181818182,193,0
6a7fd8e7700f451f4ed7e452,8,1,9,193,0
6a7fd8e7700f451f4ed7e452,7,1,8.76923076923077,193,0
6a7fd8e7700f451f4ed7e452,6,2,8.285714285714286,193,0
6a7fd8e7700f451f4ed7e452,5,2,7.933333333333334,193,0
6a7fd8e7700f451f4ed7e452,4,2,8.1875,193,0
6a7fd8e7700f451f4ed7e452,3,2,8.117647058823529,193,0
6a7fd8e7700f451f4ed7e452,2,2,8,193,0
6a7fd8e7700f451f4ed7e452,1,2,8.052631578947368,193,0
6a7fd8e7700f451f4ed7e456,19,1,11,153,1
6a7fd8e7700f451f4ed7e456,18,1,10.5,153,1
6a7fd8e7700f451f4ed7e456,17,1,9,153,1
6a7fd8e7700f451f4ed7e456,16,1,7.75,153,1
6a7fd8e7700f451f4ed7e456,15,1,9.4,153,1
6a7fd8e7700f451f4ed7e456,14,1,8.5,153,1
6a7fd8e7700f451f4ed7e456,13,1,8.285714285714286,153,1
6a7fd8e7700f451f4ed7e456,12,1,9.25,153,1
6a7fd8e7700f451f4ed7e456,11,2,9,153,1
6a7fd8e7700f451f4ed7e456,10,2,9.4,153,1
6a7fd8e7700f451f4ed7e456,9,2,9.181818181818182,153,1
6a7fd8e7700f451f4ed7e456,8,2,9.333333333333334,153,1
6a7fd8e7700f451f4ed7e456,7,3,9.307692307692308,153,1
6a7fd8e7700f451f4ed7e456,6,3,9.285714285714286,153,1
6a7fd8e7700f451f4ed7e456,5,3,9.266666666666667,153,1
6a7fd8e7700f451f4ed7e456,4,3,9,153,1
6a7fd8e7700f451f4ed7e456,3,3,8.705882352941176,153,1
6a7fd8e7700f451f4ed7e45a,19,0,5,173,1
6a7fd8e7700f451f4ed7e45a,18,0,5.5,173,1
6a7fd8e7700f451f4ed7e45a,17,1,7,173,1
6a7fd8e7700f451f4ed7e45a,16,1,7,173,1
6a7fd8e7700f451f4ed7e45a,15,1,7,173,1
6a7fd8e7700f451f4ed7e45a,14,2,8.166666666666666,173,1
6a7fd8e7700f451f4ed7e45a,13,2,8.285714285714286,173,1
6a7fd8e7700f451f4ed7e45a,13,2,8.428571428571429,173,1
6a7fd8e7700f451f4ed7e45a,12,3,9.5,173,1
6a7fd8e7700f451f4ed7e45a,11,3,8.777777777777779,173,1
6a7fd8e7700f451f4ed7e45a,10,3,9,173,1
6a7fd8e7700f451f4ed7e45a,9,3,8.636363636363637,173,1
6a7fd8e7700f451f4ed7e45a,8,3,8.916666666666666,173,1
6a7fd8e7700f451f4ed7e45a,7,3,8.846153846153847,173,1
6a7fd8e7700f451f4ed7e45a,6,3,9.071428571428571,173,1
6a7fd8e7700f451f4ed7e45a,5,3,8.933333333333334,173,1
6a7fd8e7700f451f4ed7e45a,4,3,9,173,1
6a7fd8e7700f451f4ed7e45a,3,4,9,173,1
6a7fd8e7700f451f4ed7e45a,3,4,9.058823529411764,173,1
6a7fd8e7700f451f4ed7e45a,3,4,9.117647058823529,173,1
6a7fd8e7700f451f4ed7e45a,2,4,9.166666666666666,173,1
6a7fd8e7700f451f4ed7e45e,19,0,10,209,0
6a7fd8e7700f451f4ed7e45e,18,0,8.5,209,0
6a7fd8e7700f451f4ed7e45e,17,0,9,209,0
6a7fd8e7700f451f4ed7e45e,16,0,9,209,0
6a7fd8e7700f451f4ed7e45e,15,0,8.6,209,0
6a7fd8e7700f451f4ed7e45e,14,1,7.5,209,0
6a7fd8e7700f451f4ed7e45e,14,1,7.833333333333333,209,0
6a7fd8e7700f451f4ed7e45e,13,1,8.428571428571429,209,0
6a7fd8e7700f451f4ed7e45e,12,1,7.75,209,0
6a7fd8e7700f451f4ed7e45e,11,1,7.888888888888889,209,0
6a7fd8e7700f451f4ed7e45e,10,1,8.2,209,0
6a7fd8e7700f451f4ed7e45e,10,1,8.3,209,0
6a7fd8e7700f451f4ed7e45e,9,1,7.909090909090909,209,0
6a7fd8e7700f451f4ed7e45e,8,1,8.166666666666666,209,0
6a7fd8e7700f451f4ed7e45e,7,1,8.384615384615385,209,0
6a7fd8e7700f451f4ed7e45e,6,1,8.142857142857142,209,0
6a7fd8e7700f451f4ed7e45e,5,1,8.2,209,0
6a7fd8e7700f451f4ed7e45e,4,1,8.0625,209,0
6a7fd8e7700f451f4ed7e45e,3,1,7.823529411764706,209,0
6a7fd8e7700f451f4ed7e45e,2,1,7.777777777777778,209,0
6a7fd8e7700f451f4ed7e45e,1,1,7.578947368421052,209,0
6a7fd8e7700f451f4ed7e462,19,0,5,143,1
6a7fd8e7700f451f4ed7e462,18,0,4,143,1
6a7fd8e7700f451f4ed7e462,17,1,4,143,1
6a7fd8e7700f451f4ed7e462,16,1,5.25,143,1
6a7fd8e7700f451f4ed7e462,15,1,5.8,143,1
6a7fd8e7700f451f4ed7e462,14,1,6.666666666666667,143,1
6a7fd8e7700f451f4ed7e462,13,2,6.571428571428571,143,1
6a7fd8e7700f451f4ed7e462,12,2,6,143,1
6a7fd8e7700f451f4ed7e462,11,3,5.555555555555555,143,1
6a7fd8e7700f451f4ed7e462,10,3,7.7,143,1
6a7fd8e7700f451f4ed7e462,9,3,7.545454545454546,143,1
6a7fd8e7700f451f4ed7e462,9,3,7.636363636363637,143,1
6a7fd8e7700f451f4ed7e462,8,3,7.5,143,1
6a7fd8e7700f451f4ed7e462,7,3,7.615384615384615,143,1
6a7fd8e7700f451f4ed7e462,6,3,7.571428571428571,143,1
6a7fd8e7700f451f4ed7e462,6,3,7.642857142857143,143,1
6a7fd8e7700f451f4ed7e462,5,4,7.6,143,1
6a7fd8e7700f451f4ed7e462,4,4,7.375,143,1
6a7fd8e7700f451f4ed7e462,3,4,7.352941176470588,143,1
6a7fd8e7700f451f4ed7e462,2,4,7.5,143,1
6a7fd8e7700f451f4ed7e466,19,0,18,156,1
6a7fd8e7700f451f4ed7e466,18,1,13.5,156,1
6a7fd8e7700f451f4ed7e466,17,1,12,156,1
6a7fd8e7700f451f4ed7e466,17,1,12.333333333333334,156,1
6a7fd8e7700f451f4ed7e466,16,1,13.25,156,1
6a7fd8e7700f451f4ed7e466,15,1,12.8,156,1
6a7fd8e7700f451f4ed7e466,14,1,12.333333333333334,156,1
6a7fd8e7700f451f4ed7e466,13,2,11.285714285714286,156,1
6a7fd8e7700f451f4ed7e466,13,2,11.428571428571429,156,1
6a7fd8e7700f451f4ed7e466,12,3,10.375,156,1
6a7fd8e7700f451f4ed7e466,11,3,9.88888888888889,156,1
6a7fd8e7700f451f4ed7e466,10,3,9.7,156,1
6a7fd8e7700f451f4ed7e466,9,3,9.545454545454545,156,1
6a7fd8e7700f451f4ed7e466,8,4,9.583333333333334,156,1
6a7fd8e7700f451f4ed7e466,7,4,9,156,1
6a7fd8e7700f451f4ed7e466,6,4,8.714285714285714,156,1
6a7fd8e7700f451f4ed7e466,5,4,8.733333333333333,156,1
6a7fd8e7700f451f4ed7e466,4,4,8.5,156,1
6a7fd8e7700f451f4ed7e466,3,4,8.470588235294118,156,1
6a7fd8e7700f451f4ed7e466,2,4,8.222222222222221,156,1
6a7fd8e7700f451f4ed7e466,1,4,8.210526315789474,156,1
6a7fd8e7700f451f4ed7e46a,19,0,10,188,0
6a7fd8e7700f451f4ed7e46a,18,0,7,188,0
6a7fd8e7700f451f4ed7e46a,17,0,6.333333333333333,188,0
6a7fd8e7700f451f4ed7e46a,16,0,6.75,188,0
6a7fd8e7700f451f4ed7e46a,15,0,7.8,188,0
6a7fd8e7700f451f4ed7e46a,14,1,8.666666666666666,188,0
6a7fd8e7700f451f4ed7e46a,13,1,8,188,0
6a7fd8e7700f451f4ed7e46a,12,1,8.125,188,0
6a7fd8e7700f451f4ed7e46a,11,1,7.777777777777778,188,0
6a7fd8e7700f451f4ed7e46a,10,1,8.8,188,0
6a7fd8e7700f451f4ed7e46a,9,2,8.545454545454545,188,0
6a7fd8e7700f451f4ed7e46a,8,3,8.833333333333334,188,0
6a7fd8e7700f451f4ed7e46a,7,3,8.692307692307692,188,0
6a7fd8e7700f451f4ed7e46a,6,3,8.714285714285714,188,0
6a7fd8e7700f451f4ed7e46a,5,3,8.533333333333333,188,0
6a7fd8e7700f451f4ed7e46a,4,5,9.0625,188,0
6a7fd8e7700f451f4ed7e46a,3,5,8.823529411764707,188,0
6a7fd8e7700f451f4ed7e46a,2,5,9.38888888888889,188,0
6a7fd8e7700f451f4ed7e46a,2,5,9.444444444444445,188,0
6a7fd8e7700f451f4ed7e46a,1,5,9.31578947368421,188,0
6a7fd8e7700f451f4ed7e46e,19,1,8,183,1
6a7fd8e7700f451f4ed7e46e,18,2,7.5,183,1
6a7fd8e7700f451f4ed7e46e,17,2,11.333333333333334,183,1
6a7fd8e7700f451f4ed7e46e,16,2,11.5,183,1
6a7fd8e7700f451f4ed7e46e,15,2,11.2,183,1
6a7fd8e7700f451f4ed7e46e,14,2,10.666666666666666,183,1
6a7fd8e7700f451f4ed7e46e,13,2,10.857142857142858,183,1
6a7fd8e7700f451f4ed7e46e,12,2,10.125,183,1
6a7fd8e7700f451f4ed7e46e,11,2,9.333333333333334,183,1
6a7fd8e7700f451f4ed7e46e,11,2,9.444444444444445,183,1
6a7fd8e7700f451f4ed7e46e,10,2,9.7,183,1
6a7fd8e7700f451f4ed7e46e,9,3,9.818181818181818,183,1
6a7fd8e7700f451f4ed7e46e,9,3,9.909090909090908,183,1
6a7fd8e7700f451f4ed7e46e,8,3,9.333333333333334,183,1
6a7fd8e7700f451f4ed7e46e,8,3,9.416666666666666,183,1
6a7fd8e7700f451f4ed7e46e,8,3,9.5,183,1
6a7fd8e7700f451f4ed7e46e,7,4,9.153846153846153,183,1
6a7fd8e7700f451f4ed7e46e,6,4,8.857142857142858,183,1
6a7fd8e7700f451f4ed7e46e,5,4,8.933333333333334,183,1
6a7fd8e7700f451f4ed7e46e,4,5,9.3125,183,1
6a7fd8e7700f451f4ed7e46e,3,5,9.470588235294118,183,1
6a7fd8e7700f451f4ed7e46e,2,6,9.444444444444445,183,1
6a7fd8e7700f451f4ed7e46e,1,6,9.473684210526315,183,1
6a7fd8e7700f451f4ed7e472,19,0,4,187,1
6a7fd8e7700f451f4ed7e472,18,0,8.5,187,1
6a7fd8e7700f451f4ed7e472,17,0,6.666666666666667,187,1
6a7fd8e7700f451f4ed7e472,16,0,9.5,187,1
6a7fd8e7700f451f4ed7e472,15,0,11,187,1
6a7fd8e7700f451f4ed7e472,14,0,10.5,187,1
6a7fd8e7700f451f4ed7e472,13,0,9.857142857142858,187,1
6a7fd8e7700f451f4ed7e472,12,0,9.125,187,1
6a7fd8e7700f451f4ed7e472,11,0,9.88888888888889,187,1
6a7fd8e7700f451f4ed7e472,10,1,9.5,187,1
6a7fd8e7700f451f4ed7e472,9,1,9.363636363636363,187,1
6a7fd8e7700f451f4ed7e472,8,1,9.333333333333334,187,1
6a7fd8e7700f451f4ed7e472,7,1,9.692307692307692,187,1
6a7fd8e7700f451f4ed7e472,6,2,9.928571428571429,187,1
6a7fd8e7700f451f4ed7e472,5,2,9.533333333333333,187,1
6a7fd8e7700f451f4ed7e472,4,3,9.4375,187,1
6a7fd8e7700f451f4ed7e472,3,3,9.117647058823529,187,1
6a7fd8e7700f451f4ed7e472,2,3,9.222222222222221,187,1
6a7fd8e7700f451f4ed7e472,1,3,9.578947368421053,187,1
6a7fd8e7700f451f4ed7e476,19,0,17,188,1
6a7fd8e7700f451f4ed7e476,18,1,10,188,1
6a7fd8e7700f451f4ed7e476,17,1,9.666666666666666,188,1
6a7fd8e7700f451f4ed7e476,16,1,8.75,188,1
6a7fd8e7700f451f4ed7e476,15,2,9.6,188,1
6a7fd8e7700f451f4ed7e476,14,2,10.833333333333334,188,1
6a7fd8e7700f451f4ed7e476,13,2,10.857142857142858,188,1
6a7fd8e7700f451f4ed7e476,12,3,9.625,188,1
6a7fd8e7700f451f4ed7e476,11,3,9.333333333333334,188,1
6a7fd8e7700f451f4ed7e476,10,5,8.6,188,1
6a7fd8e7700f451f4ed7e476,9,5,9.363636363636363,188,1
6a7fd8e7700f451f4ed7e476,8,5,9.916666666666666,188,1
6a7fd8e7700f451f4ed7e476,7,5,10.538461538461538,188,1
6a7fd8e7700f451f4ed7e476,6,5,10,188,1
6a7fd8e7700f451f4ed7e476,5,5,10.466666666666667,188,1
6a7fd8e7700f451f4ed7e476,4,5,10.375,188,1
6a7fd8e7700f451f4ed7e476,3,6,10.235294117647058,188,1
6a7fd8e7700f451f4ed7e476,2,6,9.944444444444445,188,1
6a7fd8e7700f451f4ed7e476,1,6,9.68421052631579,188,1
6a7fd8e7700f451f4ed7e47a,19,0,8,155,1
6a7fd8e7700f451f4ed7e47a,18,0,6,155,1
6a7fd8e7700f451f4ed7e47a,17,0,6.333333333333333,155,1
6a7fd8e7700f451f4ed7e47a,16,0,6,155,1
6a7fd8e7700f451f4ed7e47a,15,0,6.8,155,1
6a7fd8e7700f451f4ed7e47a,15,0,7,155,1
6a7fd8e7700f451f4ed7e47a,14,1,6.833333333333333,155,1
6a7fd8e7700f451f4ed7e47a,13,1,6.857142857142857,155,1
6a7fd8e7700f451f4ed7e47a,13,1,7,155,1
6a7fd8e7700f451f4ed7e47a,12,1,8.125,155,1
6a7fd8e7700f451f4ed7e47a,11,1,8,155,1
6a7fd8e7700f451f4ed7e47a,10,1,8.1,155,1
6a7fd8e7700f451f4ed7e47a,9,2,7.909090909090909,155,1
6a7fd8e7700f451f4ed7e47a,8,3,8.083333333333334,155,1
6a7fd8e7700f451f4ed7e47a,7,3,7.615384615384615,155,1
6a7fd8e7700f451f4ed7e47a,6,3,7.928571428571429,155,1
6a7fd8e7700f451f4ed7e47a,5,4,8.4,155,1
6a7fd8e7700f451f4ed7e47a,4,4,8.5625,155,1
6a7fd8e7700f451f4ed7e47a,3,4,8.705882352941176,155,1
6a7fd8e7700f451f4ed7e47a,2,4,8.38888888888889,155,1
6a7fd8e7700f451f4ed7e47e,19,1,8,169,1
6a7fd8e7700f451f4ed7e47e,18,1,11.5,169,1
6a7fd8e7700f451f4ed7e47e,17,1,10.666666666666666,169,1
6a7fd8e7700f451f4ed7e47e,16,1,9.25,169,1
6a7fd8e7700f451f4ed7e47e,15,1,8.6,169,1
6a7fd8e7700f451f4ed7e47e,14,1,8.5,169,1
6a7fd8e7700f451f4ed7e47e,13,1,8.428571428571429,169,1
6a7fd8e7700f451f4ed7e47e,12,1,9,169,1
6a7fd8e7700f451f4ed7e47e,11,2,8.555555555555555,169,1
6a7fd8e7700f451f4ed7e47e,10,2,8.2,169,1
6a7fd8e7700f451f4ed7e47e,9,3,8.636363636363637,169,1
6a7fd8e7700f451f4ed7e47e,8,3,8.5,169,1
6a7fd8e7700f451f4ed7e47e,7,3,9.076923076923077,169,1
6a7fd8e7700f451f4ed7e47e,6,3,8.785714285714286,169,1
6a7fd8e7700f451f4ed7e47e,5,4,8.4,169,1
6a7fd8e7700f451f4ed7e47e,4,5,8.125,169,1
6a7fd8e7700f451f4ed7e47e,3,5,8.411764705882353,169,1
6a7fd8e7700f451f4ed7e47e,2,5,8.444444444444445,169,1
6a7fd8e7700f451f4ed7e47e,1,5,8.421052631578947,169,1
6a7fd8e7700f451f4ed7e482,19,0,4,167,1
6a7fd8e7700f451f4ed7e482,18,0,6,167,1
6a7fd8e7700f451f4ed7e482,17,0,4.666666666666667,167,1
6a7fd8e7700f451f4ed7e482,16,2,3.75,167,1
6a7fd8e7700f451f4ed7e482,15,2,4.6,167,1
6a7fd8e7700f451f4ed7e482,14,2,4.833333333333333,167,1
6a7fd8e7700f451f4ed7e482,13,2,6,167,1
6a7fd8e7700f451f4ed7e482,12,2,7.375,167,1
6a7fd8e7700f451f4ed7e482,11,2,7.333333333333333,167,1
6a7fd8e7700f451f4ed7e482,10,2,8,167,1
6a7fd8e7700f451f4ed7e482,9,2,8.181818181818182,167,1
6a7fd8e7700f451f4ed7e482,8,2,8.166666666666666,167,1
6a7fd8e7700f451f4ed7e482,7,2,8.846153846153847,167,1
6a7fd8e7700f451f4ed7e482,6,2,9.357142857142858,167,1
6a7fd8e7700f451f4ed7e482,5,3,9.533333333333333,167,1
6a7fd8e7700f451f4ed7e482,4,3,9.5625,167,1
6a7fd8e7700f451f4ed7e482,4,3,9.625,167,1
6a7fd8e7700f451f4ed7e482,3,3,9.470588235294118,167,1
6a7fd8e7700f451f4ed7e482,2,5,9.11111111111111,167,1
6a7fd8e7700f451f4ed7e486,19,1,5,170,1
6a7fd8e7700f451f4ed7e486,18,1,4,170,1
6a7fd8e7700f451f4ed7e486,17,2,4,170,1
6a7fd8e7700f451f4ed7e486,16,2,7,170,1
6a7fd8e7700f451f4ed7e486,15,3,6.6,170,1
6a7fd8e7700f451f4ed7e486,14,5,6.666666666666667,170,1
6a7fd8e7700f451f4ed7e486,13,5,7.428571428571429,170,1
6a7fd8e7700f451f4ed7e486,13,5,7.571428571428571,170,1
6a7fd8e7700f451f4ed7e486,12,5,7.5,170,1
6a7fd8e7700f451f4ed7e486,11,5,7.333333333333333,170,1
6a7fd8e7700f451f4ed7e486,10,5,8.4,170,1
6a7fd8e7700f451f4ed7e486,9,5,8.545454545454545,170,1
6a7fd8e7700f451f4ed7e486,8,5,8.916666666666666,170,1
6a7fd8e7700f451f4ed7e486,7,5,8.923076923076923,170,1
6a7fd8e7700f451f4ed7e486,6,5,8.571428571428571,170,1
6a7fd8e7700f451f4ed7e486,6,5,8.642857142857142,170,1
6a7fd8e7700f451f4ed7e486,6,5,9,170,1
6a7fd8e7700f451f4ed7e486,5,6,8.933333333333334,170,1
6a7fd8e7700f451f4ed7e486,4,6,9.25,170,1
6a7fd8e7700f451f4ed7e486,3,7,9.176470588235293,170,1
6a7fd8e7700f451f4ed7e486,2,7,9.055555555555555,170,1
6a7fd8e7700f451f4ed7e486,1,7,9.105263157894736,170,1
6a7fd8e7700f451f4ed7e48a,19,0,8,201,0
6a7fd8e7700f451f4ed7e48a,18,1,5,201,0
6a7fd8e7700f451f4ed7e48a,18,1,6.5,201,0
6a7fd8e7700f451f4ed7e48a,17,2,5.666666666666667,201,0
6a7fd8e7700f451f4ed7e48a,16,2,5.5,201,0
6a7fd8e7700f451f4ed7e48a,15,3,5.4,201,0
6a7fd8e7700f451f4ed7e48a,14,3,5.833333333333333,201,0
6a7fd8e7700f451f4ed7e48a,13,3,6.857142857142857,201,0
6a7fd8e7700f451f4ed7e48a,12,4,6.25,201,0
6a7fd8e7700f451f4ed7e48a,11,4,6.333333333333333,201,0
6a7fd8e7700f451f4ed7e48a,10,4,6.1,201,0
6a7fd8e7700f451f4ed7e48a,9,4,6.181818181818182,201,0
6a7fd8e7700f451f4ed7e48a,9,4,6.2727272727272725,201,0
6a7fd8e7700f451f4ed7e48a,8,4,6.583333333333333,201,0
6a7fd8e7700f451f4ed7e48a,7,4,7.384615384615385,201,0
6a7fd8e7700f451f4ed7e48a,6,4,8,201,0
6a7fd8e7700f451f4ed7e48a,5,4,8.266666666666667,201,0
6a7fd8e7700f451f4ed7e48a,4,4,8,201,0
6a7fd8e7700f451f4ed7e48a,3,5,8.176470588235293,201,0
6a7fd8e7700f451f4ed7e48a,2,6,8.277777777777779,201,0
6a7fd8e7700f451f4ed7e48a,1,6,8.421052631578947,201,0
6a7fd8e7700f451f4ed7e48e,19,0,6,197,0
6a7fd8e7700f451f4ed7e48e,18,0,8,197,0
6a7fd8e7700f451f4ed7e48e,17,0,8,197,0
6a7fd8e7700f451f4ed7e48e,16,0,10.25,197,0
6a7fd8e7700f451f4ed7e48e,15,1,9.4,197,0
6a7fd8e7700f451f4ed7e48e,14,1,9.666666666666666,197,0
6a7fd8e7700f451f4ed7e48e,14,1,10,197,0
6a7fd8e7700f451f4ed7e48e,13,1,9.142857142857142,197,0
6a7fd8e7700f451f4ed7e48e,12,2,8.875,197,0
6a7fd8e7700f451f4ed7e48e,11,3,9.333333333333334,197,0
6a7fd8e7700f451f4ed7e48e,10,3,9.2,197,0
6a7fd8e7700f451f4ed7e48e,9,3,9.272727272727273,197,0
6a7fd8e7700f451f4ed7e48e,8,3,9.083333333333334,197,0
6a7fd8e7700f451f4ed7e48e,8,3,9.166666666666666,197,0
6a7fd8e7700f451f4ed7e48e,7,4,9,197,0
6a7fd8e7700f451f4ed7e48e,6,6,8.714285714285714,197,0
6a7fd8e7700f451f4ed7e48e,5,6,8.333333333333334,197,0
6a7fd8e7700f451f4ed7e48e,4,6,8.6875,197,0
6a7fd8e7700f451f4ed7e48e,3,6,8.411764705882353,197,0
6a7fd8e7700f451f4ed7e48e,2,6,8.722222222222221,197,0
6a7fd8e7700f451f4ed7e48e,1,6,8.631578947368421,197,0
6a7fd8e7700f451f4ed7e492,19,1,6,180,0
6a7fd8e7700f451f4ed7e492,18,1,4.5,180,0
6a7fd8e7700f451f4ed7e492,17,2,3.6666666666666665,180,0
6a7fd8e7700f451f4ed7e492,16,3,5,180,0
6a7fd8e7700f451f4ed7e492,15,4,5.6,180,0
6a7fd8e7700f451f4ed7e492,14,4,5.833333333333333,180,0
6a7fd8e7700f451f4ed7e492,13,4,6.571428571428571,180,0
6a7fd8e7700f451f4ed7e492,12,4,8.5,180,0
6a7fd8e7700f451f4ed7e492,11,4,8.333333333333334,180,0
6a7fd8e7700f451f4ed7e492,10,4,8.5,180,0
6a7fd8e7700f451f4ed7e492,9,4,8.363636363636363,180,0
6a7fd8e7700f451f4ed7e492,8,4,8.5,180,0
6a7fd8e7700f451f4ed7e492,7,5,8.615384615384615,180,0
6a7fd8e7700f451f4ed7e492,6,5,9.071428571428571,180,0
6a7fd8e7700f451f4ed7e492,5,5,8.733333333333333,180,0
6a7fd8e7700f451f4ed7e492,4,5,8.4375,180,0
6a7fd8e7700f451f4ed7e492,3,5,8.529411764705882,180,0
6a7fd8e7700f451f4ed7e492,2,5,8.444444444444445,180,0
6a7fd8e7700f451f4ed7e492,2,5,8.5,180,0
6a7fd8e7700f451f4ed7e492,1,5,8.421052631578947,180,0
6a7fd8e7700f451f4ed7e496,19,1,7,159,0
6a7fd8e7700f451f4ed7e496,18,2,8,159,0
6a7fd8e7700f451f4ed7e496,17,2,8.333333333333334,159,0
6a7fd8e7700f451f4ed7e496,16,2,9,159,0
6a7fd8e7700f451f4ed7e496,15,4,8.8,159,0
6a7fd8e7700f451f4ed7e496,14,4,8.833333333333334,159,0
6a7fd8e7700f451f4ed7e496,13,5,8,159,0
6a7fd8e7700f451f4ed7e496,12,5,8.125,159,0
6a7fd8e7700f451f4ed7e496,11,5,7.444444444444445,159,0
6a7fd8e7700f451f4ed7e496,10,5,7.6,159,0
6a7fd8e7700f451f4ed7e496,9,6,7.090909090909091,159,0
6a7fd8e7700f451f4ed7e496,8,6,6.833333333333333,159,0
6a7fd8e7700f451f4ed7e496,7,6,6.6923076923076925,159,0
6a7fd8e7700f451f4ed7e496,6,6,7.142857142857143,159,0
6a7fd8e7700f451f4ed7e496,5,6,6.8,159,0
6a7fd8e7700f451f4ed7e496,4,7,6.5625,159,0
6a7fd8e7700f451f4ed7e496,3,7,6.823529411764706,159,0
6a7fd8e7700f451f4ed7e496,2,7,6.833333333333333,159,0
6a7fd8e7700f451f4ed7e496,1,7,7.473684210526316,159,0
6a7fd8e7700f451f4ed7e49a,19,0,5,218,0
6a7fd8e7700f451f4ed7e49a,18,0,6,218,0
6a7fd8e7700f451f4ed7e49a,17,0,6.333333333333333,218,0
6a7fd8e7700f451f4ed7e49a,16,1,6.25,218,0
6a7fd8e7700f451f4ed7e49a,15,2,7.6,218,0
6a7fd8e7700f451f4ed7e49a,14,2,9.666666666666666,218,0
6a7fd8e7700f451f4ed7e49a,13,2,9.714285714285714,218,0
6a7fd8e7700f451f4ed7e49a,12,2,9.125,218,0
6a7fd8e7700f451f4ed7e49a,11,2,8.88888888888889,218,0
6a7fd8e7700f451f4ed7e49a,10,3,8.9,218,0
6a7fd8e7700f451f4ed7e49a,9,3,8.727272727272727,218,0
6a7fd8e7700f451f4ed7e49a,8,3,8.333333333333334,218,0
6a7fd8e7700f451f4ed7e49a,7,3,8.76923076923077,218,0
6a7fd8e7700f451f4ed7e49a,7,3,8.846153846153847,218,0
6a7fd8e7700f451f4ed7e49a,6,3,9.571428571428571,218,0
6a7fd8e7700f451f4ed7e49a,5,3,9.4,218,0
6a7fd8e7700f451f4ed7e49a,4,4,9.0625,218,0
6a7fd8e7700f451f4ed7e49a,3,4,8.705882352941176,218,0
6a7fd8e7700f451f4ed7e49a,2,4,8.61111111111111,218,0
6a7fd8e7700f451f4ed7e49a,1,5,8.473684210526315,218,0
6a7fd8e7700f451f4ed7e49e,19,1,7,190,1
6a7fd8e7700f451f4ed7e49e,18,1,7,190,1
6a7fd8e7700f451f4ed7e49e,17,1,7.333333333333333,190,1
6a7fd8e7700f451f4ed7e49e,16,1,10.25,190,1
6a7fd8e7700f451f4ed7e49e,15,1,10.8,190,1
6a7fd8e7700f451f4ed7e49e,14,1,10,190,1
6a7fd8e7700f451f4ed7e49e,14,1,10.166666666666666,190,1
6a7fd8e7700f451f4ed7e49e,13,1,11.571428571428571,190,1
6a7fd8e7700f451f4ed7e49e,12,2,12,190,1
6a7fd8e7700f451f4ed7e49e,11,3,11.88888888888889,190,1
6a7fd8e7700f451f4ed7e49e,11,3,12,190,1
6a7fd8e7700f451f4ed7e49e,10,3,11.2,190,1
6a7fd8e7700f451f4ed7e49e,9,3,10.818181818181818,190,1
6a7fd8e7700f451f4ed7e49e,8,3,10.583333333333334,190,1
6a7fd8e7700f451f4ed7e49e,7,3,10.23076923076923,190,1
6a7fd8e7700f451f4ed7e49e,6,4,10.428571428571429,190,1
6a7fd8e7700f451f4ed7e49e,6,4,10.571428571428571,190,1
6a7fd8e7700f451f4ed7e49e,5,4,10.2,190,1
6a7fd8e7700f451f4ed7e49e,4,4,10.1875,190,1
6a7fd8e7700f451f4ed7e49e,3,5,10.058823529411764,190,1
6a7fd8e7700f451f4ed7e49e,2,6,10.166666666666666,190,1
6a7fd8e7700f451f4ed7e4a2,19,0,13,152,1
6a7fd8e7700f451f4ed7e4a2,18,0,17,152,1
6a7fd8e7700f451f4ed7e4a2,17,0,15.666666666666666,152,1
6a7fd8e7700f451f4ed7e4a2,16,0,13.5,152,1
6a7fd8e7700f451f4ed7e4a2,15,0,12.6,152,1
6a7fd8e7700f451f4ed7e4a2,14,0,11.333333333333334,152,1
6a7fd8e7700f451f4ed7e4a2,13,0,11.714285714285714,152,1
6a7fd8e7700f451f4ed7e4a2,12,0,11.5,152,1
6a7fd8e7700f451f4ed7e4a2,11,0,10.777777777777779,152,1
6a7fd8e7700f451f4ed7e4a2,10,0,11,152,1
6a7fd8e7700f451f4ed7e4a2,9,1,10.545454545454545,152,1
6a7fd8e7700f451f4ed7e4a2,8,1,9.916666666666666,152,1
6a7fd8e7700f451f4ed7e4a2,7,2,9.615384615384615,152,1
6a7fd8e7700f451f4ed7e4a2,6,2,9.428571428571429,152,1
6a7fd8e7700f451f4ed7e4a2,5,2,9.866666666666667,152,1
6a7fd8e7700f451f4ed7e4a6,19,0,17,151,1
6a7fd8e7700f451f4ed7e4a6,18,1,12.5,151,1
6a7fd8e7700f451f4ed7e4a6,17,2,13.666666666666666,151,1
6a7fd8e7700f451f4ed7e4a6,16,2,11.5,151,1
6a7fd8e7700f451f4ed7e4a6,15,2,9.6,151,1
6a7fd8e7700f451f4ed7e4a6,14,2,9.166666666666666,151,1
6a7fd8e7700f451f4ed7e4a6,13,2,10.285714285714286,151,1
6a7fd8e7700f451f4ed7e4a6,12,2,9.75,151,1
6a7fd8e7700f451f4ed7e4a6,11,2,11,151,1
6a7fd8e7700f451f4ed7e4a6,10,4,10.7,151,1
6a7fd8e7700f451f4ed7e4a6,9,4,10.454545454545455,151,1
6a7fd8e7700f451f4ed7e4a6,8,4,10.166666666666666,151,1
6a7fd8e7700f451f4ed7e4a6,7,4,10.23076923076923,151,1
6a7fd8e7700f451f4ed7e4a6,6,4,9.714285714285714,151,1
6a7fd8e7700f451f4ed7e4a6,5,4,10,151,1
6a7fd8e7700f451f4ed7e4aa,19,0,5,162,1
6a7fd8e7700f451f4ed7e4aa,18,0,5,162,1
6a7fd8e7700f451f4ed7e4aa,17,0,5.666666666666667,162,1
6a7fd8e7700f451f4ed7e4aa,16,0,7.75,162,1
6a7fd8e7700f451f4ed7e4aa,15,0,9.4,162,1
6a7fd8e7700f451f4ed7e4aa,14,0,8.5,162,1
6a7fd8e7700f451f4ed7e4aa,13,0,7.857142857142857,162,1
6a7fd8e7700f451f4ed7e4aa,12,0,7.875,162,1
6a7fd8e7700f451f4ed7e4aa,11,0,8.11111111111111,162,1
6a7fd8e7700f451f4ed7e4aa,10,1,8.1,162,1
6a7fd8e7700f451f4ed7e4aa,9,2,8.545454545454545,162,1
6a7fd8e7700f451f4ed7e4aa,8,2,8.833333333333334,162,1
6a7fd8e7700f451f4ed7e4aa,7,2,9.384615384615385,162,1
6a7fd8e7700f451f4ed7e4aa,6,4,9.214285714285714,162,1
6a7fd8e7700f451f4ed7e4aa,5,4,8.866666666666667,162,1
6a7fd8e7700f451f4ed7e4aa,4,5,8.9375,162,1
6a7fd8e7700f451f4ed7e4aa,3,5,9.117647058823529,162,1
6a7fd8e7700f451f4ed7e4ae,19,0,7,153,1
6a7fd8e7700f451f4ed7e4ae,18,0,8,153,1
6a7fd8e7700f451f4ed7e4ae,17,0,8,153,1
6a7fd8e7700f451f4ed7e4ae,16,0,7.25,153,1
6a7fd8e7700f451f4ed7e4ae,15,0,7.4,153,1
6a7fd8e7700f451f4ed7e4ae,14,0,7.333333333333333,153,1
6a7fd8e7700f451f4ed7e4ae,13,0,7.857142857142857,153,1
6a7fd8e7700f451f4ed7e4ae,12,0,7.5,153,1
6a7fd8e7700f451f4ed7e4ae,11,1,8,153,1
6a7fd8e7700f451f4ed7e4ae,10,1,8,153,1
6a7fd8e7700f451f4ed7e4ae,9,3,8,153,1
6a7fd8e7700f451f4ed7e4ae,8,3,8,153,1
6a7fd8e7700f451f4ed7e4ae,7,3,7.769230769230769,153,1
6a7fd8e7700f451f4ed7e4ae,6,3,7.785714285714286,153,1
6a7fd8e7700f451f4ed7e4ae,6,3,8.142857142857142,153,1
6a7fd8e7700f451f4ed7e4ae,5,3,8.2,153,1
6a7fd8e7700f451f4ed7e4ae,4,4,8.125,153,1
6a7fd8e7700f451f4ed7e4ae,3,4,8.647058823529411,153,1
6a7fd8e7700f451f4ed7e4ae,2,4,8.555555555555555,153,1
6a7fd8e7700f451f4ed7e4b2,19,0,11,151,1
6a7fd8e7700f451f4ed7e4b2,19,0,12,151,1
6a7fd8e7700f451f4ed7e4b2,18,1,8,151,1
6a7fd8e7700f451f4ed7e4b2,17,1,7.333333333333333,151,1
6a7fd8e7700f451f4ed7e4b2,16,2,8.5,151,1
6a7fd8e7700f451f4ed7e4b2,15,2,9.6,151,1
6a7fd8e7700f451f4ed7e4b2,14,2,9.5,151,1
6a7fd8e7700f451f4ed7e4b2,13,2,9.714285714285714,151,1
6a7fd8e7700f451f4ed7e4b2,12,2,10.25,151,1
6a7fd8e7700f451f4ed7e4b2,11,2,10.222222222222221,151,1
6a7fd8e7700f451f4ed7e4b2,10,2,9.5,151,1
6a7fd8e7700f451f4ed7e4b2,10,2,9.6,151,1
6a7fd8e7700f451f4ed7e4b2,9,4,9.272727272727273,151,1
6a7fd8e7700f451f4ed7e4b2,8,4,8.916666666666666,151,1
6a7fd8e7700f451f4ed7e4b2,7,4,8.76923076923077,151,1
6a7fd8e7700f451f4ed7e4b2,6,4,9,151,1
6a7fd8e7700f451f4ed7e4b2,5,5,9,151,1
6a7fd8e7700f451f4ed7e4b2,4,6,8.625,151,1
6a7fd8e7700f451f4ed7e4b2,3,6,8.352941176470589,151,1
6a7fd8e7700f451f4ed7e4b2,2,6,8.277777777777779,151,1
6a7fd8e7700f451f4ed7e4b6,19,0,4,188,0
6a7fd8e7700f451f4ed7e4b6,18,0,6.5,188,0
6a7fd8e7700f451f4ed7e4b6,17,1,7,188,0
6a7fd8e7700f451f4ed7e4b6,16,1,7.25,188,0
6a7fd8e7700f451f4ed7e4b6,15,1,7.6,188,0
6a7fd8e7700f451f4ed7e4b6,14,1,7.666666666666667,188,0
6a7fd8e7700f451f4ed7e4b6,13,1,7.571428571428571,188,0
6a7fd8e7700f451f4ed7e4b6,12,1,7.625,188,0
6a7fd8e7700f451f4ed7e4b6,11,1,7.555555555555555,188,0
6a7fd8e7700f451f4ed7e4b6,10,1,8.6,188,0
6a7fd8e7700f451f4ed7e4b6,9,1,9,188,0
6a7fd8e7700f451f4ed7e4b6,8,1,8.5,188,0
6a7fd8e7700f451f4ed7e4b6,7,2,8.23076923076923,188,0
6a7fd8e7700f451f4ed7e4b6,6,2,8.214285714285714,188,0
6a7fd8e7700f451f4ed7e4b6,5,2,8.133333333333333,188,0
6a7fd8e7700f451f4ed7e4b6,4,2,8.5625,188,0
6a7fd8e7700f451f4ed7e4b6,3,2,8.647058823529411,188,0
6a7fd8e7700f451f4ed7e4b6,2,2,8.5,188,0
6a7fd8e7700f451f4ed7e4b6,1,2,8.473684210526315,188,0
6a7fd8e7700f451f4ed7e4ba,19,0,11,232,0
6a7fd8e7700f451f4ed7e4ba,19,0,12,232,0
6a7fd8e7700f451f4ed7e4ba,18,0,10,232,0
6a7fd8e7700f451f4ed7e4ba,17,0,8.666666666666666,232,0
6a7fd8e7700f451f4ed7e4ba,16,0,8.5,232,0
6a7fd8e7700f451f4ed7e4ba,15,0,9.2,232,0
6a7fd8e7700f451f4ed7e4ba,14,0,9,232,0
6a7fd8e7700f451f4ed7e4ba,13,0,8.857142857142858,232,0
6a7fd8e7700f451f4ed7e4ba,12,0,8,232,0
6a7fd8e7700f451f4ed7e4ba,11,0,8.444444444444445,232,0
6a7fd8e7700f451f4ed7e4ba,10,0,8.8,232,0
6a7fd8e7700f451f4ed7e4ba,9,0,9.454545454545455,232,0
6a7fd8e7700f451f4ed7e4ba,9,0,9.545454545454545,232,0
6a7fd8e7700f451f4ed7e4ba,8,1,9.166666666666666,232,0
6a7fd8e7700f451f4ed7e4ba,7,1,8.923076923076923,232,0
6a7fd8e7700f451f4ed7e4ba,6,2,9.285714285714286,232,0
6a7fd8e7700f451f4ed7e4ba,5,2,9,232,0
6a7fd8e7700f451f4ed7e4ba,5,2,9.066666666666666,232,0
6a7fd8e7700f451f4ed7e4ba,5,2,9.133333333333333,232,0
6a7fd8e7700f451f4ed7e4ba,4,2,8.9375,232,0
6a7fd8e7700f451f4ed7e4ba,3,3,8.764705882352942,232,0
6a7fd8e7700f451f4ed7e4ba,2,3,8.333333333333334,232,0
6a7fd8e7700f451f4ed7e4ba,1,3,8.473684210526315,232,0
6a7fd8e7700f451f4ed7e4be,19,0,14,200,0
6a7fd8e7700f451f4ed7e4be,19,0,15,200,0
6a7fd8e7700f451f4ed7e4be,18,1,10.5,200,0
6a7fd8e7700f451f4ed7e4be,17,1,9,200,0
6a7fd8e7700f451f4ed7e4be,16,1,8.75,200,0
6a7fd8e7700f451f4ed7e4be,15,1,9,200,0
6a7fd8e7700f451f4ed7e4be,14,1,10,200,0
6a7fd8e7700f451f4ed7e4be,13,3,9,200,0
6a7fd8e7700f451f4ed7e4be,12,3,9.5,200,0
6a7fd8e7700f451f4ed7e4be,11,4,9.444444444444445,200,0
6a7fd8e7700f451f4ed7e4be,10,6,9,200,0
6a7fd8e7700f451f4ed7e4be,9,6,9.181818181818182,200,0
6a7fd8e7700f451f4ed7e4be,8,6,8.833333333333334,200,0
6a7fd8e7700f451f4ed7e4be,7,6,9.153846153846153,200,0
6a7fd8e7700f451f4ed7e4be,6,6,9,200,0
6a7fd8e7700f451f4ed7e4be,5,6,8.6,200,0
6a7fd8e7700f451f4ed7e4be,4,6,9.0625,200,0
6a7fd8e7700f451f4ed7e4be,3,6,9,200,0
6a7fd8e7700f451f4ed7e4be,2,6,8.833333333333334,200,0
6a7fd8e7700f451f4ed7e4be,1,6,8.842105263157896,200,0
6a7fd8e7700f451f4ed7e4c2,19,0,11,156,1
6a7fd8e7700f451f4ed7e4c2,18,0,10,156,1
6a7fd8e7700f451f4ed7e4c2,18,0,10.5,156,1
6a7fd8e7700f451f4ed7e4c2,17,0,10.666666666666666,156,1
6a7fd8e7700f451f4ed7e4c2,16,0,9.5,156,1
6a7fd8e7700f451f4ed7e4c2,16,0,9.75,156,1
6a7fd8e7700f451f4ed7e4c2,15,0,9,156,1
6a7fd8e7700f451f4ed7e4c2,15,0,9.2,156,1
6a7fd8e7700f451f4ed7e4c2,14,1,9,156,1
6a7fd8e7700f451f4ed7e4c2,13,2,9.571428571428571,156,1
6a7fd8e7700f451f4ed7e4c2,12,2,9.75,156,1
6a7fd8e7700f451f4ed7e4c2,12,2,9.875,156,1
6a7fd8e7700f451f4ed7e4c2,11,2,9.444444444444445,156,1
6a7fd8e7700f451f4ed7e4c2,10,2,9.6,156,1
6a7fd8e7700f451f4ed7e4c2,9,2,9.363636363636363,156,1
6a7fd8e7700f451f4ed7e4c2,9,2,9.454545454545455,156,1
6a7fd8e7700f451f4ed7e4c2,8,2,9.083333333333334,156,1
6a7fd8e7700f451f4ed7e4c2,7,2,9.461538461538462,156,1
6a7fd8e7700f451f4ed7e4c2,7,2,9.538461538461538,156,1
6a7fd8e7700f451f4ed7e4c2,6,3,9.357142857142858,156,1
6a7fd8e7700f451f4ed7e4c2,5,3,9.066666666666666,156,1
6a7fd8e7700f451f4ed7e4c2,4,3,9.125,156,1
6a7fd8e7700f451f4ed7e4c2,4,3,9.1875,156,1
6a7fd8e7700f451f4ed7e4c2,3,3,9,156,1
6a7fd8e7700f451f4ed7e4c6,19,1,13,191,0
6a7fd8e7700f451f4ed7e4c6,18,2,13,191,0
6a7fd8e7700f451f4ed7e4c6,17,2,12.333333333333334,191,0
6a7fd8e7700f451f4ed7e4c6,16,2,11,191,0
6a7fd8e7700f451f4ed7e4c6,15,2,11.6,191,0
6a7fd8e7700f451f4ed7e4c6,14,2,10.166666666666666,191,0
6a7fd8e7700f451f4ed7e4c6,13,2,10,191,0
6a7fd8e7700f451f4ed7e4c6,12,3,9.75,191,0
6a7fd8e7700f451f4ed7e4c6,11,4,9.222222222222221,191,0
6a7fd8e7700f451f4ed7e4c6,10,6,8.9,191,0
6a7fd8e7700f451f4ed7e4c6,9,7,8.909090909090908,191,0
6a7fd8e7700f451f4ed7e4c6,8,7,8.333333333333334,191,0
6a7fd8e7700f451f4ed7e4c6,7,7,8,191,0
6a7fd8e7700f451f4ed7e4c6,6,9,7.642857142857143,191,0
6a7fd8e7700f451f4ed7e4ca,19,1,1,164,0
6a7fd8e7700f451f4ed7e4ca,18,1,10,164,0
6a7fd8e7700f451f4ed7e4ca,17,1,9,164,0
6a7fd8e7700f451f4ed7e4ca,16,2,7.75,164,0
6a7fd8e7700f451f4ed7e4ca,15,2,8.2,164,0
6a7fd8e7700f451f4ed7e4ca,14,3,7.333333333333333,164,0
6a7fd8e7700f451f4ed7e4ca,13,3,7.571428571428571,164,0
6a7fd8e7700f451f4ed7e4ca,12,4,7.125,164,0
6a7fd8e7700f451f4ed7e4ca,11,4,7.333333333333333,164,0
6a7fd8e7700f451f4ed7e4ca,10,4,7,164,0
6a7fd8e7700f451f4ed7e4ca,9,4,6.818181818181818,164,0
6a7fd8e7700f451f4ed7e4ca,8,4,7.25,164,0
6a7fd8e7700f451f4ed7e4ca,7,4,7.076923076923077,164,0
6a7fd8e7700f451f4ed7e4ca,7,4,7.153846153846154,164,0
6a7fd8e7700f451f4ed7e4ca,6,4,7.214285714285714,164,0
6a7fd8e7700f451f4ed7e4ca,5,4,6.866666666666666,164,0
6a7fd8e7700f451f4ed7e4ca,4,5,7,164,0
6a7fd8e7700f451f4ed7e4ca,3,5,7.117647058823529,164,0
6a7fd8e7700f451f4ed7e4ca,2,7,6.833333333333333,164,0
6a7fd8e7700f451f4ed7e4ca,1,7,7.052631578947368,164,0
6a7fd8e7700f451f4ed7e4ce,19,0,4,174,0
6a7fd8e7700f451f4ed7e4ce,18,0,8,174,0
6a7fd8e7700f451f4ed7e4ce,17,0,7.666666666666667,174,0
6a7fd8e7700f451f4ed7e4ce,16,0,10,174,0
6a7fd8e7700f451f4ed7e4ce,15,1,8.8,174,0
6a7fd8e7700f451f4ed7e4ce,14,2,8,174,0
6a7fd8e7700f451f4ed7e4ce,13,2,7.428571428571429,174,0
6a7fd8e7700f451f4ed7e4ce,12,2,7.25,174,0
6a7fd8e7700f451f4ed7e4ce,11,2,6.888888888888889,174,0
6a7fd8e7700f451f4ed7e4ce,10,2,7.2,174,0
6a7fd8e7700f451f4ed7e4ce,9,2,7.909090909090909,174,0
6a7fd8e7700f451f4ed7e4ce,8,2,8.25,174,0
6a7fd8e7700f451f4ed7e4ce,7,2,8.076923076923077,174,0
6a7fd8e7700f451f4ed7e4ce,6,2,7.642857142857143,174,0
6a7fd8e7700f451f4ed7e4ce,5,2,7.533333333333333,174,0
6a7fd8e7700f451f4ed7e4ce,4,2,7.8125,174,0
6a7fd8e7700f451f4ed7e4ce,3,2,7.9411764705882355,174,0
6a7fd8e7700f451f4ed7e4ce,2,3,7.611111111111111,174,0
6a7fd8e7700f451f4ed7e4ce,1,3,7.473684210526316,174,0
6a7fd8e7700f451f4ed7e4d2,19,0,10,172,1
6a7fd8e7700f451f4ed7e4d2,18,0,9,172,1
6a7fd8e7700f451f4ed7e4d2,17,0,9,172,1
6a7fd8e7700f451f4ed7e4d2,16,0,8.5,172,1
6a7fd8e7700f451f4ed7e4d2,15,0,8.8,172,1
6a7fd8e7700f451f4ed7e4d2,14,0,9,172,1
6a7fd8e7700f451f4ed7e4d2,13,0,9.142857142857142,172,1
6a7fd8e7700f451f4ed7e4d2,12,0,9.5,172,1
6a7fd8e7700f451f4ed7e4d2,11,0,9.444444444444445,172,1
6a7fd8e7700f451f4ed7e4d2,10,1,9.4,172,1
6a7fd8e7700f451f4ed7e4d2,9,1,9.727272727272727,172,1
6a7fd8e7700f451f4ed7e4d2,8,2,9.083333333333334,172,1
6a7fd8e7700f451f4ed7e4d2,7,2,9.384615384615385,172,1
6a7fd8e7700f451f4ed7e4d2,6,4,9.285714285714286,172,1
6a7fd8e7700f451f4ed7e4d2,5,4,9,172,1
6a7fd8e7700f451f4ed7e4d2,4,4,9.0625,172,1
6a7fd8e7700f451f4ed7e4d2,3,4,9.058823529411764,172,1
6a7fd8e7700f451f4ed7e4d2,2,4,9.166666666666666,172,1
6a7fd8e7700f451f4ed7e4d6,19,0,7,208,0
6a7fd8e7700f451f4ed7e4d6,18,0,8.5,208,0
6a7fd8e7700f451f4ed7e4d6,17,0,7.333333333333333,208,0
6a7fd8e7700f451f4ed7e4d6,16,0,6.5,208,0
6a7fd8e7700f451f4ed7e4d6,15,1,6.4,208,0
6a7fd8e7700f451f4ed7e4d6,14,1,6.166666666666667,208,0
6a7fd8e7700f451f4ed7e4d6,13,1,7.142857142857143,208,0
6a7fd8e7700f451f4ed7e4d6,12,1,7,208,0
6a7fd8e7700f451f4ed7e4d6,11,1,7.555555555555555,208,0
6a7fd8e7700f451f4ed7e4d6,10,1,8.1,208,0
6a7fd8e7700f451f4ed7e4d6,9,2,7.636363636363637,208,0
6a7fd8e7700f451f4ed7e4d6,8,3,7.666666666666667,208,0
6a7fd8e7700f451f4ed7e4d6,7,3,7.230769230769231,208,0
6a7fd8e7700f451f4ed7e4d6,7,3,7.384615384615385,208,0
6a7fd8e7700f451f4ed7e4d6,6,3,8.071428571428571,208,0
6a7fd8e7700f451f4ed7e4d6,5,3,8.466666666666667,208,0
6a7fd8e7700f451f4ed7e4d6,4,4,8.5625,208,0
6a7fd8e7700f451f4ed7e4d6,3,4,8.176470588235293,208,0
6a7fd8e7700f451f4ed7e4d6,2,4,8.333333333333334,208,0
6a7fd8e7700f451f4ed7e4d6,1,4,8.894736842105264,208,0
6a7fd8e7700f451f4ed7e4da,19,2,2,200,0
6a7fd8e7700f451f4ed7e4da,18,2,6.5,200,0
6a7fd8e7700f451f4ed7e4da,17,2,7.333333333333333,200,0
6a7fd8e7700f451f4ed7e4da,16,2,6.25,200,0
6a7fd8e7700f451f4ed7e4da,15,3,6.8,200,0
6a7fd8e7700f451f4ed7e4da,14,3,6.833333333333333,200,0
6a7fd8e7700f451f4ed7e4da,13,3,7.142857142857143,200,0
6a7fd8e7700f451f4ed7e4da,12,3,6.75,200,0
6a7fd8e7700f451f4ed7e4da,11,3,7.222222222222222,200,0
6a7fd8e7700f451f4ed7e4da,10,4,6.7,200,0
6a7fd8e7700f451f4ed7e4da,9,4,8.090909090909092,200,0
6a7fd8e7700f451f4ed7e4da,8,4,8.333333333333334,200,0
6a7fd8e7700f451f4ed7e4da,7,4,8.307692307692308,200,0
6a7fd8e7700f451f4ed7e4da,6,4,8.357142857142858,200,0
6a7fd8e7700f451f4ed7e4da,5,4,8.6,200,0
6a7fd8e7700f451f4ed7e4da,4,4,9.0625,200,0
6a7fd8e7700f451f4ed7e4da,3,4,8.823529411764707,200,0
6a7fd8e7700f451f4ed7e4da,2,5,8.444444444444445,200,0
6a7fd8e7700f451f4ed7e4da,1,5,8.473684210526315,200,0
6a7fd8e7700f451f4ed7e4de,19,1,15,182,0
6a7fd8e7700f451f4ed7e4de,18,1,11,182,0
6a7fd8e7700f451f4ed7e4de,18,1,11.5,182,0
6a7fd8e7700f451f4ed7e4de,17,1,13,182,0
6a7fd8e7700f451f4ed7e4de,16,1,11.25,182,0
6a7fd8e7700f451f4ed7e4de,15,1,11,182,0
6a7fd8e7700f451f4ed7e4de,14,1,11,182,0
6a7fd8e7700f451f4ed7e4de,13,1,11.285714285714286,182,0
6a7fd8e7700f451f4ed7e4de,12,2,10.25,182,0
6a7fd8e7700f451f4ed7e4de,11,2,9.88888888888889,182,0
6a7fd8e7700f451f4ed7e4de,10,3,9.2,182,0
6a7fd8e7700f451f4ed7e4de,9,4,8.545454545454545,182,0
6a7fd8e7700f451f4ed7e4de,8,4,8.75,182,0
6a7fd8e7700f451f4ed7e4de,7,4,8.538461538461538,182,0
6a7fd8e7700f451f4ed7e4de,6,4,8.571428571428571,182,0
6a7fd8e7700f451f4ed7e4de,5,5,8.533333333333333,182,0
6a7fd8e7700f451f4ed7e4de,4,6,8.625,182,0
6a7fd8e7700f451f4ed7e4de,3,7,8.411764705882353,182,0
6a7fd8e7700f451f4ed7e4de,2,7,8.5,182,0
6a7fd8e7700f451f4ed7e4de,1,7,8.526315789473685,182,0
6a7fd8e7700f451f4ed7e4e2,19,0,16,126,1
6a7fd8e7700f451f4ed7e4e2,18,0,10,126,1
6a7fd8e7700f451f4ed7e4e2,17,0,11.333333333333334,126,1
6a7fd8e7700f451f4ed7e4e2,16,0,13.5,126,1
6a7fd8e7700f451f4ed7e4e2,15,0,11.6,126,1
6a7fd8e7700f451f4ed7e4e2,14,0,10.333333333333334,126,1
6a7fd8e7700f451f4ed7e4e2,13,0,10.142857142857142,126,1
6a7fd8e7700f451f4ed7e4e2,12,0,9.375,126,1
6a7fd8e7700f451f4ed7e4e2,11,1,9.777777777777779,126,1
6a7fd8e7700f451f4ed7e4e2,10,1,10.2,126,1
6a7fd8e7700f451f4ed7e4e2,9,2,9.909090909090908,126,1
6a7fd8e7700f451f4ed7e4e2,8,2,9.5,126,1
6a7fd8e7700f451f4ed7e4e2,7,2,9.076923076923077,126,1
6a7fd8e7700f451f4ed7e4e2,6,2,9.071428571428571,126,1
6a7fd8e7700f451f4ed7e4e6,19,0,8,182,1
6a7fd8e7700f451f4ed7e4e6,18,0,5.5,182,1
6a7fd8e7700f451f4ed7e4e6,17,0,6.333333333333333,182,1
6a7fd8e7700f451f4ed7e4e6,16,0,6.25,182,1
6a7fd8e7700f451f4ed7e4e6,15,1,7.2,182,1
6a7fd8e7700f451f4ed7e4e6,14,2,7.166666666666667,182,1
6a7fd8e7700f451f4ed7e4e6,13,2,8.428571428571429,182,1
6a7fd8e7700f451f4ed7e4e6,13,2,8.714285714285714,182,1
6a7fd8e7700f451f4ed7e4e6,12,2,8.5,182,1
6a7fd8e7700f451f4ed7e4e6,11,2,8.555555555555555,182,1
6a7fd8e7700f451f4ed7e4e6,10,2,8.9,182,1
6a7fd8e7700f451f4ed7e4e6,9,2,9.545454545454545,182,1
6a7fd8e7700f451f4ed7e4e6,8,2,9.583333333333334,182,1
6a7fd8e7700f451f4ed7e4e6,7,3,10.384615384615385,182,1
6a7fd8e7700f451f4ed7e4e6,6,4,10.142857142857142,182,1
6a7fd8e7700f451f4ed7e4e6,5,4,9.8,182,1
6a7fd8e7700f451f4ed7e4e6,4,4,9.875,182,1
6a7fd8e7700f451f4ed7e4e6,3,5,9.470588235294118,182,1
6a7fd8e7700f451f4ed7e4e6,2,5,9.5,182,1
6a7fd8e7700f451f4ed7e4e6,1,5,9.421052631578947,182,1
6a7fd8e7700f451f4ed7e4ea,19,0,16,165,0
6a7fd8e7700f451f4ed7e4ea,18,0,10,165,0
6a7fd8e7700f451f4ed7e4ea,17,0,9.333333333333334,165,0
6a7fd8e7700f451f4ed7e4ea,16,0,11.75,165,0
6a7fd8e7700f451f4ed7e4ea,15,0,10.4,165,0
6a7fd8e7700f451f4ed7e4ea,14,0,9.5,165,0
6a7fd8e7700f451f4ed7e4ea,13,0,8.571428571428571,165,0
6a7fd8e7700f451f4ed7e4ea,12,0,8.875,165,0
6a7fd8e7700f451f4ed7e4ea,11,0,9.88888888888889,165,0
6a7fd8e7700f451f4ed7e4ea,10,1,9.2,165,0
6a7fd8e7700f451f4ed7e4ea,9,1,9.090909090909092,165,0
6a7fd8e7700f451f4ed7e4ea,8,1,8.583333333333334,165,0
6a7fd8e7700f451f4ed7e4ea,8,1,8.666666666666666,165,0
6a7fd8e7700f451f4ed7e4ea,7,1,8.384615384615385,165,0
6a7fd8e7700f451f4ed7e4ea,7,1,8.461538461538462,165,0
6a7fd8e7700f451f4ed7e4ea,6,2,8.071428571428571,165,0
6a7fd8e7700f451f4ed7e4ea,5,2,8,165,0
6a7fd8e7700f451f4ed7e4ea,4,2,7.8125,165,0
6a7fd8e7700f451f4ed7e4ea,3,2,7.882352941176471,165,0
6a7fd8e7700f451f4ed7e4ea,2,2,7.666666666666667,165,0
6a7fd8e7700f451f4ed7e4ea,1,2,7.7368421052631575,165,0
6a7fd8e7700f451f4ed7e4ee,19,0,3,204,0
6a7fd8e7700f451f4ed7e4ee,18,0,5.5,204,0
6a7fd8e7700f451f4ed7e4ee,17,0,4.333333333333333,204,0
6a7fd8e7700f451f4ed7e4ee,16,0,3.5,204,0
6a7fd8e7700f451f4ed7e4ee,15,0,4.2,204,0
6a7fd8e7700f451f4ed7e4ee,14,0,4.5,204,0
6a7fd8e7700f451f4ed7e4ee,13,0,4.285714285714286,204,0
6a7fd8e7700f451f4ed7e4ee,13,0,4.428571428571429,204,0
6a7fd8e7700f451f4ed7e4ee,12,1,4.625,204,0
6a7fd8e7700f451f4ed7e4ee,11,2,4.777777777777778,204,0
6a7fd8e7700f451f4ed7e4ee,10,2,5.1,204,0
6a7fd8e7700f451f4ed7e4ee,9,2,5,204,0
6a7fd8e7700f451f4ed7e4ee,8,2,5.25,204,0
6a7fd8e7700f451f4ed7e4ee,7,2,5.615384615384615,204,0
6a7fd8e7700f451f4ed7e4ee,6,2,5.714285714285714,204,0
6a7fd8e7700f451f4ed7e4ee,5,2,6.133333333333334,204,0
6a7fd8e7700f451f4ed7e4ee,4,2,6.4375,204,0
6a7fd8e7700f451f4ed7e4ee,3,2,6.9411764705882355,204,0
6a7fd8e7700f451f4ed7e4ee,2,2,6.944444444444445,204,0
6a7fd8e7700f451f4ed7e4ee,2,2,7,204,0
6a7fd8e7700f451f4ed7e4ee,1,2,7.052631578947368,204,0
6a7fd8e7700f451f4ed7e4f2,19,0,9,146,1
6a7fd8e7700f451f4ed7e4f2,19,0,10,146,1
6a7fd8e7700f451f4ed7e4f2,18,0,11,146,1
6a7fd8e7700f451f4ed7e4f2,17,0,10,146,1
6a7fd8e7700f451f4ed7e4f2,16,1,11,146,1
6a7fd8e7700f451f4ed7e4f2,15,1,9.6,146,1
6a7fd8e7700f451f4ed7e4f2,14,1,9.833333333333334,146,1
6a7fd8e7700f451f4ed7e4f2,13,1,9.285714285714286,146,1
6a7fd8e7700f451f4ed7e4f2,13,1,9.428571428571429,146,1
6a7fd8e7700f451f4ed7e4f2,12,1,9.875,146,1
6a7fd8e7700f451f4ed7e4f2,11,1,9.666666666666666,146,1
6a7fd8e7700f451f4ed7e4f2,10,1,9.7,146,1
6a7fd8e7700f451f4ed7e4f2,9,1,11.090909090909092,146,1
6a7fd8e7700f451f4ed7e4f2,8,1,11.25,146,1
6a7fd8e7700f451f4ed7e4f6,19,0,2,186,0
6a7fd8e7700f451f4ed7e4f6,18,1,5.5,186,0
6a7fd8e7700f451f4ed7e4f6,17,1,7,186,0
6a7fd8e7700f451f4ed7e4f6,17,1,7.333333333333333,186,0
6a7fd8e7700f451f4ed7e4f6,16,1,6.25,186,0
6a7fd8e7700f451f4ed7e4f6,15,1,7,186,0
6a7fd8e7700f451f4ed7e4f6,15,1,7.2,186,0
6a7fd8e7700f451f4ed7e4f6,14,2,6.666666666666667,186,0
6a7fd8e7700f451f4ed7e4f6,13,2,7.285714285714286,186,0
6a7fd8e7700f451f4ed7e4f6,12,3,7.5,186,0
6a7fd8e7700f451f4ed7e4f6,11,3,7.555555555555555,186,0
6a7fd8e7700f451f4ed7e4f6,10,4,7.1,186,0
6a7fd8e7700f451f4ed7e4f6,9,4,7.818181818181818,186,0
6a7fd8e7700f451f4ed7e4f6,8,5,7.5,186,0
6a7fd8e7700f451f4ed7e4f6,7,5,7.538461538461538,186,0
6a7fd8e7700f451f4ed7e4f6,6,5,7.5,186,0
6a7fd8e7700f451f4ed7e4f6,5,5,7.4,186,0
6a7fd8e7700f451f4ed7e4f6,4,6,7.0625,186,0
6a7fd8e7700f451f4ed7e4f6,3,6,7.0588235294117645,186,0
6a7fd8e7700f451f4ed7e4f6,2,7,7,186,0
6a7fd8e7700f451f4ed7e4f6,2,7,7.055555555555555,186,0
6a7fd8e7700f451f4ed7e4f6,1,7,6.947368421052632,186,0
6a7fd8e7700f451f4ed7e4fa,19,2,4,205,0
6a7fd8e7700f451f4ed7e4fa,18,2,12,205,0
6a7fd8e7700f451f4ed7e4fa,17,4,9,205,0
6a7fd8e7700f451f4ed7e4fa,16,4,8.5,205,0
6a7fd8e7700f451f4ed7e4fa,15,4,8.6,205,0
6a7fd8e7700f451f4ed7e4fa,14,5,8.166666666666666,205,0
6a7fd8e7700f451f4ed7e4fa,13,5,8.428571428571429,205,0
6a7fd8e7700f451f4ed7e4fa,12,6,8.375,205,0
6a7fd8e7700f451f4ed7e4fa,11,7,8.444444444444445,205,0
6a7fd8e7700f451f4ed7e4fa,10,7,8.1,205,0
6a7fd8e7700f451f4ed7e4fa,9,8,8,205,0
6a7fd8e7700f451f4ed7e4fa,9,8,8.454545454545455,205,0
6a7fd8e7700f451f4ed7e4fa,8,8,8.333333333333334,205,0
6a7fd8e7700f451f4ed7e4fa,7,8,8.23076923076923,205,0
6a7fd8e7700f451f4ed7e4fa,6,8,8.785714285714286,205,0
6a7fd8e7700f451f4ed7e4fa,5,8,8.866666666666667,205,0
6a7fd8e7700f451f4ed7e4fa,4,8,8.875,205,0
6a7fd8e7700f451f4ed7e4fa,4,8,8.9375,205,0
6a7fd8e7700f451f4ed7e4fa,3,8,8.882352941176471,205,0
6a7fd8e7700f451f4ed7e4fa,2,8,9.055555555555555,205,0
6a7fd8e7700f451f4ed7e4fa,1,8,8.789473684210526,205,0
6a7fd8e7700f451f4ed7e4fe,19,0,8,188,1
6a7fd8e7700f451f4ed7e4fe,19,0,9,188,1
6a7fd8e7700f451f4ed7e4fe,18,0,11,188,1
6a7fd8e7700f451f4ed7e4fe,17,0,9.333333333333334,188,1
6a7fd8e7700f451f4ed7e4fe,16,0,9.5,188,1
6a7fd8e7700f451f4ed7e4fe,15,1,8.8,188,1
6a7fd8e7700f451f4ed7e4fe,14,1,9.166666666666666,188,1
6a7fd8e7700f451f4ed7e4fe,13,1,8.714285714285714,188,1
6a7fd8e7700f451f4ed7e4fe,12,1,8,188,1
6a7fd8e7700f451f4ed7e4fe,11,1,8,188,1
6a7fd8e7700f451f4ed7e4fe,10,2,7.8,188,1
6a7fd8e7700f451f4ed7e4fe,9,2,7.909090909090909,188,1
6a7fd8e7700f451f4ed7e4fe,8,2,7.75,188,1
6a7fd8e7700f451f4ed7e4fe,7,2,7.923076923076923,188,1
6a7fd8e7700f451f4ed7e4fe,6,3,7.642857142857143,188,1
6a7fd8e7700f451f4ed7e4fe,5,3,8.6,188,1
6a7fd8e7700f451f4ed7e4fe,4,3,9.5,188,1
6a7fd8e7700f451f4ed7e4fe,3,3,9.764705882352942,188,1
6a7fd8e7700f451f4ed7e4fe,2,5,9.277777777777779,188,1
6a7fd8e7700f451f4ed7e4fe,1,5,9.263157894736842,188,1
6a7fd8e7700f451f4ed7e502,19,0,6,197,0
6a7fd8e7700f451f4ed7e502,19,0,7,197,0
6a7fd8e7700f451f4ed7e502,18,1,8.5,197,0
6a7fd8e7700f451f4ed7e502,17,1,10.333333333333334,197,0
6a7fd8e7700f451f4ed7e502,16,2,10.5,197,0
6a7fd8e7700f451f4ed7e502,16,2,10.75,197,0
6a7fd8e7700f451f4ed7e502,16,2,11,197,0
6a7fd8e7700f451f4ed7e502,15,2,10.8,197,0
6a7fd8e7700f451f4ed7e502,14,2,10.833333333333334,197,0
6a7fd8e7700f451f4ed7e502,13,2,10.714285714285714,197,0
6a7fd8e7700f451f4ed7e502,12,2,9.5,197,0
6a7fd8e7700f451f4ed7e502,11,2,9.222222222222221,197,0
6a7fd8e7700f451f4ed7e502,10,3,8.9,197,0
6a7fd8e7700f451f4ed7e502,10,3,9,197,0
6a7fd8e7700f451f4ed7e502,9,3,9.272727272727273,197,0
6a7fd8e7700f451f4ed7e502,8,3,9.833333333333334,197,0
6a7fd8e7700f451f4ed7e502,7,4,9.538461538461538,197,0
6a7fd8e7700f451f4ed7e502,6,4,9.285714285714286,197,0
6a7fd8e7700f451f4ed7e502,6,4,9.357142857142858,197,0
6a7fd8e7700f451f4ed7e502,5,4,9.066666666666666,197,0
6a7fd8e7700f451f4ed7e502,4,4,9.3125,197,0
6a7fd8e7700f451f4ed7e502,3,5,9.647058823529411,197,0
6a7fd8e7700f451f4ed7e502,2,5,9.222222222222221,197,0
6a7fd8e7700f451f4ed7e502,1,5,9.210526315789474,197,0
6a7fd8e7700f451f4ed7e506,19,1,8,196,0
6a7fd8e7700f451f4ed7e506,18,3,5.5,196,0
6a7fd8e7700f451f4ed7e506,17,4,4.666666666666667,196,0
6a7fd8e7700f451f4ed7e506,16,4,5,196,0
6a7fd8e7700f451f4ed7e506,15,4,6.2,196,0
6a7fd8e7700f451f4ed7e506,14,4,7,196,0
6a7fd8e7700f451f4ed7e506,13,5,6.285714285714286,196,0
6a7fd8e7700f451f4ed7e506,12,5,7.25,196,0
6a7fd8e7700f451f4ed7e506,11,5,7.777777777777778,196,0
6a7fd8e7700f451f4ed7e506,10,5,7.9,196,0
6a7fd8e7700f451f4ed7e506,9,5,7.909090909090909,196,0
6a7fd8e7700f451f4ed7e506,8,5,7.916666666666667,196,0
6a7fd8e7700f451f4ed7e506,7,5,8.153846153846153,196,0
6a7fd8e7700f451f4ed7e506,6,5,8.428571428571429,196,0
6a7fd8e7700f451f4ed7e506,5,5,9.2,196,0
6a7fd8e7700f451f4ed7e506,4,5,8.875,196,0
6a7fd8e7700f451f4ed7e506,3,5,8.941176470588236,196,0
6a7fd8e7700f451f4ed7e506,2,5,8.833333333333334,196,0
6a7fd8e7700f451f4ed7e506,1,5,8.473684210526315,196,0
6a7fd8e7700f451f4ed7e50a,19,0,7,201,0
6a7fd8e7700f451f4ed7e50a,18,0,5,201,0
6a7fd8e7700f451f4ed7e50a,17,0,7.666666666666667,201,0
6a7fd8e7700f451f4ed7e50a,16,0,7.75,201,0
6a7fd8e7700f451f4ed7e50a,15,0,7.8,201,0
6a7fd8e7700f451f4ed7e50a,15,0,8,201,0
6a7fd8e7700f451f4ed7e50a,14,0,7.833333333333333,201,0
6a7fd8e7700f451f4ed7e50a,13,0,8.142857142857142,201,0
6a7fd8e7700f451f4ed7e50a,12,0,8,201,0
6a7fd8e7700f451f4ed7e50a,11,0,7.666666666666667,201,0
6a7fd8e7700f451f4ed7e50a,10,1,7.5,201,0
6a7fd8e7700f451f4ed7e50a,9,2,8.272727272727273,201,0
6a7fd8e7700f451f4ed7e50a,8,2,8.916666666666666,201,0
6a7fd8e7700f451f4ed7e50a,7,2,8.923076923076923,201,0
6a7fd8e7700f451f4ed7e50a,7,2,9,201,0
6a7fd8e7700f451f4ed7e50a,7,2,9.076923076923077,201,0
6a7fd8e7700f451f4ed7e50a,6,3,8.928571428571429,201,0
6a7fd8e7700f451f4ed7e50a,5,3,9.266666666666667,201,0
6a7fd8e7700f451f4ed7e50a,4,3,9.375,201,0
6a7fd8e7700f451f4ed7e50a,3,3,10.235294117647058,201,0
6a7fd8e7700f451f4ed7e50a,2,3,10,201,0
6a7fd8e7700f451f4ed7e50a,1,3,9.631578947368421,201,0
6a7fd8e7700f451f4ed7e50e,19,0,10,159,1
6a7fd8e7700f451f4ed7e50e,18,0,12,159,1
6a7fd8e7700f451f4ed7e50e,17,0,11,159,1
6a7fd8e7700f451f4ed7e50e,16,0,13.75,159,1
6a7fd8e7700f451f4ed7e50e,15,0,12,159,1
6a7fd8e7700f451f4ed7e50e,14,0,11.166666666666666,159,1
6a7fd8e7700f451f4ed7e50e,13,0,10.285714285714286,159,1
6a7fd8e7700f451f4ed7e50e,12,0,9.875,159,1
6a7fd8e7700f451f4ed7e50e,11,0,8.88888888888889,159,1
6a7fd8e7700f451f4ed7e50e,10,0,9.4,159,1
6a7fd8e7700f451f4ed7e50e,9,1,9.363636363636363,159,1
6a7fd8e7700f451f4ed7e50e,8,2,9.416666666666666,159,1
6a7fd8e7700f451f4ed7e50e,7,3,8.846153846153847,159,1
6a7fd8e7700f451f4ed7e50e,6,3,9.285714285714286,159,1
6a7fd8e7700f451f4ed7e50e,5,3,9.2,159,1
6a7fd8e7700f451f4ed7e50e,4,3,8.8125,159,1
6a7fd8e7700f451f4ed7e50e,3,3,8.529411764705882,159,1
6a7fd8e7700f451f4ed7e512,19,0,6,194,0
6a7fd8e7700f451f4ed7e512,18,1,6.5,194,0
6a7fd8e7700f451f4ed7e512,17,1,5.333333333333333,194,0
6a7fd8e7700f451f4ed7e512,16,1,6,194,0
6a7fd8e7700f451f4ed7e512,15,1,8.4,194,0
6a7fd8e7700f451f4ed7e512,14,1,7.666666666666667,194,0
6a7fd8e7700f451f4ed7e512,13,1,8.142857142857142,194,0
6a7fd8e7700f451f4ed7e512,12,1,8.75,194,0
6a7fd8e7700f451f4ed7e512,11,1,8.88888888888889,194,0
6a7fd8e7700f451f4ed7e512,11,1,9,194,0
6a7fd8e7700f451f4ed7e512,10,2,9.3,194,0
6a7fd8e7700f451f4ed7e512,9,2,9.181818181818182,194,0
6a7fd8e7700f451f4ed7e512,8,2,9,194,0
6a7fd8e7700f451f4ed7e512,7,2,8.846153846153847,194,0
6a7fd8e7700f451f4ed7e512,6,2,9,194,0
6a7fd8e7700f451f4ed7e512,5,3,8.733333333333333,194,0
6a7fd8e7700f451f4ed7e512,4,4,8.5625,194,0
6a7fd8e7700f451f4ed7e512,3,4,8.529411764705882,194,0
6a7fd8e7700f451f4ed7e512,2,5,8.61111111111111,194,0
6a7fd8e7700f451f4ed7e512,1,6,8.578947368421053,194,0
6a7fd8e7700f451f4ed7e516,19,0,4,166,1
6a7fd8e7700f451f4ed7e516,18,1,4.5,166,1
6a7fd8e7700f451f4ed7e516,17,1,8.333333333333334,166,1
6a7fd8e7700f451f4ed7e516,16,1,9.75,166,1
6a7fd8e7700f451f4ed7e516,15,2,8.4,166,1
6a7fd8e7700f451f4ed7e516,14,4,8.333333333333334,166,1
6a7fd8e7700f451f4ed7e516,13,4,9.285714285714286,166,1
6a7fd8e7700f451f4ed7e516,12,4,9.5,166,1
6a7fd8e7700f451f4ed7e516,11,5,9.666666666666666,166,1
6a7fd8e7700f451f4ed7e516,10,5,11,166,1
6a7fd8e7700f451f4ed7e516,9,5,10.909090909090908,166,1
6a7fd8e7700f451f4ed7e516,8,5,10.5,166,1
6a7fd8e7700f451f4ed7e516,7,5,10.384615384615385,166,1
6a7fd8e7700f451f4ed7e516,6,5,10.214285714285714,166,1
6a7fd8e7700f451f4ed7e516,5,5,10.466666666666667,166,1
6a7fd8e7700f451f4ed7e51a,19,0,4,170,0
6a7fd8e7700f451f4ed7e51a,18,0,5.5,170,0
6a7fd8e7700f451f4ed7e51a,17,1,5,170,0
6a7fd8e7700f451f4ed7e51a,16,2,6.25,170,0
6a7fd8e7700f451f4ed7e51a,15,2,6.2,170,0
6a7fd8e7700f451f4ed7e51a,14,2,6,170,0
6a7fd8e7700f451f4ed7e51a,13,2,7.428571428571429,170,0
6a7fd8e7700f451f4ed7e51a,12,2,8.25,170,0
6a7fd8e7700f451f4ed7e51a,11,2,7.777777777777778,170,0
6a7fd8e7700f451f4ed7e51a,10,2,8.2,170,0
6a7fd8e7700f451f4ed7e51a,9,2,8,170,0
6a7fd8e7700f451f4ed7e51a,8,2,8.583333333333334,170,0
6a7fd8e7700f451f4ed7e51a,7,2,8.846153846153847,170,0
6a7fd8e7700f451f4ed7e51a,7,2,9.23076923076923,170,0
6a7fd8e7700f451f4ed7e51a,6,3,8.785714285714286,170,0
6a7fd8e7700f451f4ed7e51a,5,3,8.6,170,0
6a7fd8e7700f451f4ed7e51a,4,3,8.3125,170,0
6a7fd8e7700f451f4ed7e51a,3,3,8.058823529411764,170,0
6a7fd8e7700f451f4ed7e51a,2,3,7.888888888888889,170,0
6a7fd8e7700f451f4ed7e51a,1,3,7.947368421052632,170,0
6a7fd8e7700f451f4ed7e51e,19,0,10,172,1
6a7fd8e7700f451f4ed7e51e,18,0,9.5,172,1
6a7fd8e7700f451f4ed7e51e,17,0,12,172,1
6a7fd8e7700f451f4ed7e51e,16,0,11.75,172,1
6a7fd8e7700f451f4ed7e51e,15,1,10.8,172,1
6a7fd8e7700f451f4ed7e51e,14,1,9.5,172,1
6a7fd8e7700f451f4ed7e51e,13,1,9.857142857142858,172,1
6a7fd8e7700f451f4ed7e51e,12,1,9.75,172,1
6a7fd8e7700f451f4ed7e51e,11,1,9.333333333333334,172,1
6a7fd8e7700f451f4ed7e51e,10,2,8.7,172,1
6a7fd8e7700f451f4ed7e51e,9,3,8.454545454545455,172,1
6a7fd8e7700f451f4ed7e51e,8,3,8.916666666666666,172,1
6a7fd8e7700f451f4ed7e51e,8,3,9,172,1
6a7fd8e7700f451f4ed7e51e,7,3,8.76923076923077,172,1
6a7fd8e7700f451f4ed7e51e,6,3,9.214285714285714,172,1
6a7fd8e7700f451f4ed7e51e,5,3,9.466666666666667,172,1
6a7fd8e7700f451f4ed7e51e,5,3,9.533333333333333,172,1
6a7fd8e7700f451f4ed7e51e,4,3,9.5,172,1
6a7fd8e7700f451f4ed7e51e,3,3,9.352941176470589,172,1
6a7fd8e7700f451f4ed7e51e,2,4,9.222222222222221,172,1
6a7fd8e7700f451f4ed7e522,19,0,10,201,0
6a7fd8e7700f451f4ed7e522,18,1,10,201,0
6a7fd8e7700f451f4ed7e522,17,1,10,201,0
6a7fd8e7700f451f4ed7e522,16,1,9,201,0
6a7fd8e7700f451f4ed7e522,15,1,9.8,201,0
6a7fd8e7700f451f4ed7e522,14,2,8.5,201,0
6a7fd8e7700f451f4ed7e522,13,3,8,201,0
6a7fd8e7700f451f4ed7e522,12,5,8.375,201,0
6a7fd8e7700f451f4ed7e522,11,5,7.555555555555555,201,0
6a7fd8e7700f451f4ed7e522,10,5,7.9,201,0
6a7fd8e7700f451f4ed7e522,9,6,7.818181818181818,201,0
6a7fd8e7700f451f4ed7e522,8,6,7.833333333333333,201,0
6a7fd8e7700f451f4ed7e522,8,6,7.916666666666667,201,0
6a7fd8e7700f451f4ed7e522,7,6,7.6923076923076925,201,0
6a7fd8e7700f451f4ed7e522,6,7,7.714285714285714,201,0
6a7fd8e7700f451f4ed7e522,5,7,8.333333333333334,201,0
6a7fd8e7700f451f4ed7e522,4,8,8.625,201,0
6a7fd8e7700f451f4ed7e522,3,8,8.294117647058824,201,0
6a7fd8e7700f451f4ed7e522,2,8,8.333333333333334,201,0
6a7fd8e7700f451f4ed7e522,1,8,8.421052631578947,201,0
6a7fd8e7700f451f4ed7e526,19,0,16,212,0
6a7fd8e7700f451f4ed7e526,18,0,12,212,0
6a7fd8e7700f451f4ed7e526,17,0,12.333333333333334,212,0
6a7fd8e7700f451f4ed7e526,16,1,10.75,212,0
6a7fd8e7700f451f4ed7e526,15,2,10.6,212,0
6a7fd8e7700f451f4ed7e526,14,2,11.166666666666666,212,0
6a7fd8e7700f451f4ed7e526,13,3,10.571428571428571,212,0
6a7fd8e7700f451f4ed7e526,12,3,10.75,212,0
6a7fd8e7700f451f4ed7e526,11,3,11.444444444444445,212,0
6a7fd8e7700f451f4ed7e526,11,3,11.666666666666666,212,0
6a7fd8e7700f451f4ed7e526,10,3,10.7,212,0
6a7fd8e7700f451f4ed7e526,9,3,10.818181818181818,212,0
6a7fd8e7700f451f4ed7e526,8,3,11.083333333333334,212,0
6a7fd8e7700f451f4ed7e526,7,4,10.615384615384615,212,0
6a7fd8e7700f451f4ed7e526,6,4,10.214285714285714,212,0
6a7fd8e7700f451f4ed7e526,5,4,10.133333333333333,212,0
6a7fd8e7700f451f4ed7e526,4,4,10.0625,212,0
6a7fd8e7700f451f4ed7e526,3,4,10.235294117647058,212,0
6a7fd8e7700f451f4ed7e526,2,6,9.944444444444445,212,0
6a7fd8e7700f451f4ed7e526,1,6,10.105263157894736,212,0
6a7fd8e7700f451f4ed7e52a,19,0,9,191,0
6a7fd8e7700f451f4ed7e52a,18,0,9,191,0
6a7fd8e7700f451f4ed7e52a,17,0,9.666666666666666,191,0
6a7fd8e7700f451f4ed7e52a,16,0,9,191,0
6a7fd8e7700f451f4ed7e52a,15,0,10.2,191,0
6a7fd8e7700f451f4ed7e52a,14,0,9,191,0
6a7fd8e7700f451f4ed7e52a,13,0,9.714285714285714,191,0
6a7fd8e7700f451f4ed7e52a,12,1,9.25,191,0
6a7fd8e7700f451f4ed7e52a,11,1,8.666666666666666,191,0
6a7fd8e7700f451f4ed7e52a,10,1,8.8,191,0
6a7fd8e7700f451f4ed7e52a,9,1,8.363636363636363,191,0
6a7fd8e7700f451f4ed7e52a,8,1,8.833333333333334,191,0
6a7fd8e7700f451f4ed7e52a,7,1,8.76923076923077,191,0
6a7fd8e7700f451f4ed7e52a,6,1,9,191,0
6a7fd8e7700f451f4ed7e52a,5,3,9.266666666666667,191,0
6a7fd8e7700f451f4ed7e52a,4,3,9,191,0
6a7fd8e7700f451f4ed7e52a,3,3,9.470588235294118,191,0
6a7fd8e7700f451f4ed7e52a,2,3,9.444444444444445,191,0
6a7fd8e7700f451f4ed7e52a,1,3,9.052631578947368,191,0
6a7fd8e7700f451f4ed7e52e,19,0,6,177,0
6a7fd8e7700f451f4ed7e52e,18,1,8,177,0
6a7fd8e7700f451f4ed7e52e,17,1,9.666666666666666,177,0
6a7fd8e7700f451f4ed7e52e,16,1,10.25,177,0
6a7fd8e7700f451f4ed7e52e,15,1,10,177,0
6a7fd8e7700f451f4ed7e52e,14,2,8.833333333333334,177,0
6a7fd8e7700f451f4ed7e52e,13,2,9.428571428571429,177,0
6a7fd8e7700f451f4ed7e52e,12,3,9.625,177,0
6a7fd8e7700f451f4ed7e52e,11,5,10,177,0
6a7fd8e7700f451f4ed7e52e,10,5,10.4,177,0
6a7fd8e7700f451f4ed7e52e,9,6,10.272727272727273,177,0
6a7fd8e7700f451f4ed7e52e,8,7,9.666666666666666,177,0
6a7fd8e7700f451f4ed7e52e,7,7,9.153846153846153,177,0
6a7fd8e7700f451f4ed7e52e,6,8,9.214285714285714,177,0
6a7fd8e7700f451f4ed7e52e,5,8,9.133333333333333,177,0
6a7fd8e7700f451f4ed7e52e,4,8,9,177,0
6a7fd8e7700f451f4ed7e532,19,0,8,200,0
6a7fd8e7700f451f4ed7e532,18,0,6,200,0
6a7fd8e7700f451f4ed7e532,17,0,6.666666666666667,200,0
6a7fd8e7700f451f4ed7e532,16,0,7.25,200,0
6a7fd8e7700f451f4ed7e532,15,0,8.2,200,0
6a7fd8e7700f451f4ed7e532,15,0,8.4,200,0
6a7fd8e7700f451f4ed7e532,15,0,9,200,0
6a7fd8e7700f451f4ed7e532,14,0,8.833333333333334,200,0
6a7fd8e7700f451f4ed7e532,13,0,8.571428571428571,200,0
6a7fd8e7700f451f4ed7e532,12,0,8.625,200,0
6a7fd8e7700f451f4ed7e532,11,0,8.222222222222221,200,0
6a7fd8e7700f451f4ed7e532,11,0,8.333333333333334,200,0
6a7fd8e7700f451f4ed7e532,10,0,8.9,200,0
6a7fd8e7700f451f4ed7e532,9,0,8.454545454545455,200,0
6a7fd8e7700f451f4ed7e532,8,1,8.833333333333334,200,0
6a7fd8e7700f451f4ed7e532,7,2,8.923076923076923,200,0
6a7fd8e7700f451f4ed7e532,6,2,8.571428571428571,200,0
6a7fd8e7700f451f4ed7e532,5,2,8.733333333333333,200,0
6a7fd8e7700f451f4ed7e532,4,2,8.5625,200,0
6a7fd8e7700f451f4ed7e532,3,2,8.647058823529411,200,0
6a7fd8e7700f451f4ed7e532,2,2,9.11111111111111,200,0
6a7fd8e7700f451f4ed7e532,1,2,8.894736842105264,200,0
6a7fd8e7700f451f4ed7e536,19,0,3,158,1
6a7fd8e7700f451f4ed7e536,18,0,8,158,1
6a7fd8e7700f451f4ed7e536,17,0,8.666666666666666,158,1
6a7fd8e7700f451f4ed7e536,16,0,7.75,158,1
6a7fd8e7700f451f4ed7e536,15,0,7.6,158,1
6a7fd8e7700f451f4ed7e536,14,0,7.5,158,1
6a7fd8e7700f451f4ed7e536,13,0,8.285714285714286,158,1
6a7fd8e7700f451f4ed7e536,12,1,7.75,158,1
6a7fd8e7700f451f4ed7e536,11,1,8.11111111111111,158,1
6a7fd8e7700f451f4ed7e536,10,1,7.9,158,1
6a7fd8e7700f451f4ed7e536,9,1,7.636363636363637,158,1
6a7fd8e7700f451f4ed7e536,8,1,7.583333333333333,158,1
6a7fd8e7700f451f4ed7e536,7,1,7.461538461538462,158,1
6a7fd8e7700f451f4ed7e536,6,1,7.285714285714286,158,1
6a7fd8e7700f451f4ed7e536,5,1,7.6,158,1
6a7fd8e7700f451f4ed7e536,4,1,7.4375,158,1
6a7fd8e7700f451f4ed7e536,3,1,7.705882352941177,158,1
6a7fd8e7700f451f4ed7e536,3,1,7.764705882352941,158,1
6a7fd8e7700f451f4ed7e536,2,1,7.555555555555555,158,1
6a7fd8e7700f451f4ed7e536,1,1,7.947368421052632,158,1
6a7fd8e7700f451f4ed7e53a,19,0,10,140,1
6a7fd8e7700f451f4ed7e53a,18,0,12,140,1
6a7fd8e7700f451f4ed7e53a,17,0,10,140,1
6a7fd8e7700f451f4ed7e53a,16,1,8.75,140,1
6a7fd8e7700f451f4ed7e53a,15,1,10.6,140,1
6a7fd8e7700f451f4ed7e53a,14,1,9.166666666666666,140,1
6a7fd8e7700f451f4ed7e53a,13,1,10.142857142857142,140,1
6a7fd8e7700f451f4ed7e53a,12,2,9.75,140,1
6a7fd8e7700f451f4ed7e53a,11,2,10,140,1
6a7fd8e7700f451f4ed7e53a,10,2,9.7,140,1
6a7fd8e7700f451f4ed7e53a,9,2,9.727272727272727,140,1
6a7fd8e7700f451f4ed7e53a,8,2,9.333333333333334,140,1
6a7fd8e7700f451f4ed7e53a,7,2,9.461538461538462,140,1
6a7fd8e7700f451f4ed7e53a,6,2,9,140,1
6a7fd8e7700f451f4ed7e53a,6,2,9.071428571428571,140,1
6a7fd8e7700f451f4ed7e53a,6,2,9.142857142857142,140,1
6a7fd8e7700f451f4ed7e53a,5,4,9.2,140,1
6a7fd8e7700f451f4ed7e53e,19,2,6,173,0
6a7fd8e7700f451f4ed7e53e,18,2,7.5,173,0
6a7fd8e7700f451f4ed7e53e,17,3,8,173,0
6a7fd8e7700f451f4ed7e53e,16,4,7.25,173,0
6a7fd8e7700f451f4ed7e53e,15,4,6.4,173,0
6a7fd8e7700f451f4ed7e53e,14,4,7.5,173,0
6a7fd8e7700f451f4ed7e53e,13,4,7.571428571428571,173,0
6a7fd8e7700f451f4ed7e53e,12,4,7.75,173,0
6a7fd8e7700f451f4ed7e53e,11,4,7.333333333333333,173,0
6a7fd8e7700f451f4ed7e53e,10,4,7.5,173,0
6a7fd8e7700f451f4ed7e53e,9,5,7.818181818181818,173,0
6a7fd8e7700f451f4ed7e53e,8,5,8.333333333333334,173,0
6a7fd8e7700f451f4ed7e53e,7,5,7.923076923076923,173,0
6a7fd8e7700f451f4ed7e53e,7,5,8,173,0
6a7fd8e7700f451f4ed7e53e,6,5,8.071428571428571,173,0
6a7fd8e7700f451f4ed7e53e,5,5,7.8,173,0
6a7fd8e7700f451f4ed7e53e,4,5,8.125,173,0
6a7fd8e7700f451f4ed7e53e,3,6,8.058823529411764,173,0
6a7fd8e7700f451f4ed7e53e,2,6,7.944444444444445,173,0
6a7fd8e7700f451f4ed7e53e,1,6,8.421052631578947,173,0
6a7fd8e7700f451f4ed7e542,19,0,9,201,0
6a7fd8e7700f451f4ed7e542,18,0,9.5,201,0
6a7fd8e7700f451f4ed7e542,17,1,8,201,0
6a7fd8e7700f451f4ed7e542,16,1,8.5,201,0
6a7fd8e7700f451f4ed7e542,15,1,8.8,201,0
6a7fd8e7700f451f4ed7e542,14,1,8.333333333333334,201,0
6a7fd8e7700f451f4ed7e542,13,1,8,201,0
6a7fd8e7700f451f4ed7e542,12,1,9.25,201,0
6a7fd8e7700f451f4ed7e542,12,1,9.625,201,0
6a7fd8e7700f451f4ed7e542,11,1,8.88888888888889,201,0
6a7fd8e7700f451f4ed7e542,10,1,9.2,201,0
6a7fd8e7700f451f4ed7e542,9,1,9.545454545454545,201,0
6a7fd8e7700f451f4ed7e542,8,1,9.166666666666666,201,0
6a7fd8e7700f451f4ed7e542,7,1,9.153846153846153,201,0
6a7fd8e7700f451f4ed7e542,7,1,9.307692307692308,201,0
6a7fd8e7700f451f4ed7e542,6,1,9.357142857142858,201,0
6a7fd8e7700f451f4ed7e542,5,1,9.133333333333333,201,0
6a7fd8e7700f451f4ed7e542,4,1,8.6875,201,0
6a7fd8e7700f451f4ed7e542,3,2,8.647058823529411,201,0
6a7fd8e7700f451f4ed7e542,2,2,8.555555555555555,201,0
6a7fd8e7700f451f4ed7e542,1,3,8.736842105263158,201,0
6a7fd8e7700f451f4ed7e546,19,0,13,167,0
6a7fd8e7700f451f4ed7e546,18,0,10,167,0
6a7fd8e7700f451f4ed7e546,17,0,8.666666666666666,167,0
6a7fd8e7700f451f4ed7e546,16,0,7,167,0
6a7fd8e7700f451f4ed7e546,15,0,7.8,167,0
6a7fd8e7700f451f4ed7e546,14,0,7,167,0
6a7fd8e7700f451f4ed7e546,13,0,6.285714285714286,167,0
6a7fd8e7700f451f4ed7e546,12,0,6.375,167,0
6a7fd8e7700f451f4ed7e546,11,0,7.666666666666667,167,0
6a7fd8e7700f451f4ed7e546,10,0,7.5,167,0
6a7fd8e7700f451f4ed7e546,9,1,7,167,0
6a7fd8e7700f451f4ed7e546,8,1,6.583333333333333,167,0
6a7fd8e7700f451f4ed7e546,7,2,6.846153846153846,167,0
6a7fd8e7700f451f4ed7e546,6,2,7.571428571428571,167,0
6a7fd8e7700f451f4ed7e546,5,2,7.8,167,0
6a7fd8e7700f451f4ed7e546,4,2,7.9375,167,0
6a7fd8e7700f451f4ed7e546,3,3,7.882352941176471,167,0
6a7fd8e7700f451f4ed7e546,3,3,7.9411764705882355,167,0
6a7fd8e7700f451f4ed7e546,3,3,8,167,0
6a7fd8e7700f451f4ed7e546,2,4,7.722222222222222,167,0
6a7fd8e7700f451f4ed7e546,1,5,7.684210526315789,167,0
6a7fd8e7700f451f4ed7e54a,19,0,8,155,1
6a7fd8e7700f451f4ed7e54a,19,0,9,155,1
6a7fd8e7700f451f4ed7e54a,18,0,8,155,1
6a7fd8e7700f451f4ed7e54a,17,1,6,155,1
6a7fd8e7700f451f4ed7e54a,16,1,7.5,155,1
6a7fd8e7700f451f4ed7e54a,15,1,7.2,155,1
6a7fd8e7700f451f4ed7e54a,14,2,7,155,1
6a7fd8e7700f451f4ed7e54a,13,2,7.142857142857143,155,1
6a7fd8e7700f451f4ed7e54a,12,2,7.625,155,1
6a7fd8e7700f451f4ed7e54a,11,2,8.333333333333334,155,1
6a7fd8e7700f451f4ed7e54a,10,2,8.6,155,1
6a7fd8e7700f451f4ed7e54a,9,2,8.090909090909092,155,1
6a7fd8e7700f451f4ed7e54a,8,2,8,155,1
6a7fd8e7700f451f4ed7e54a,7,4,7.6923076923076925,155,1
6a7fd8e7700f451f4ed7e54a,6,5,7.428571428571429,155,1
6a7fd8e7700f451f4ed7e54a,5,6,7.466666666666667,155,1
6a7fd8e7700f451f4ed7e54a,4,6,7.625,155,1
6a7fd8e7700f451f4ed7e54a,3,6,7.764705882352941,155,1
6a7fd8e7700f451f4ed7e54a,2,6,7.777777777777778,155,1
6a7fd8e7700f451f4ed7e54a,1,6,7.578947368421052,155,1
6a7fd8e7700f451f4ed7e54e,19,0,7,174,1
6a7fd8e7700f451f4ed7e54e,18,0,5.5,174,1
6a7fd8e7700f451f4ed7e54e,17,0,7,174,1
6a7fd8e7700f451f4ed7e54e,16,0,8.75,174,1
6a7fd8e7700f451f4ed7e54e,15,0,8.2,174,1
6a7fd8e7700f451f4ed7e54e,14,0,7.666666666666667,174,1
6a7fd8e7700f451f4ed7e54e,13,0,7.285714285714286,174,1
6a7fd8e7700f451f4ed7e54e,12,0,7.125,174,1
6a7fd8e7700f451f4ed7e54e,11,0,6.666666666666667,174,1
6a7fd8e7700f451f4ed7e54e,10,0,6.9,174,1
6a7fd8e7700f451f4ed7e54e,9,1,6.818181818181818,174,1
6a7fd8e7700f451f4ed7e54e,8,1,7,174,1
6a7fd8e7700f451f4ed7e54e,7,1,7.6923076923076925,174,1
6a7fd8e7700f451f4ed7e54e,6,1,8.071428571428571,174,1
6a7fd8e7700f451f4ed7e54e,6,1,8.142857142857142,174,1
6a7fd8e7700f451f4ed7e54e,5,1,8.2,174,1
6a7fd8e7700f451f4ed7e54e,4,1,8.375,174,1
6a7fd8e7700f451f4ed7e54e,3,1,8.647058823529411,174,1
6a7fd8e7700f451f4ed7e54e,2,1,8.555555555555555,174,1
6a7fd8e7700f451f4ed7e54e,1,2,8.789473684210526,174,1
6a7fd8e7700f451f4ed7e552,19,0,8,176,0
6a7fd8e7700f451f4ed7e552,18,0,5.5,176,0
6a7fd8e7700f451f4ed7e552,17,0,5.666666666666667,176,0
6a7fd8e7700f451f4ed7e552,16,1,5.5,176,0
6a7fd8e7700f451f4ed7e552,15,2,4.4,176,0
6a7fd8e7700f451f4ed7e552,14,2,5.166666666666667,176,0
6a7fd8e7700f451f4ed7e552,13,2,5.714285714285714,176,0
6a7fd8e7700f451f4ed7e552,12,2,5.75,176,0
6a7fd8e7700f451f4ed7e552,11,2,7.111111111111111,176,0
6a7fd8e7700f451f4ed7e552,10,2,6.8,176,0
6a7fd8e7700f451f4ed7e552,9,2,7.2727272727272725,176,0
6a7fd8e7700f451f4ed7e552,8,2,7.416666666666667,176,0
6a7fd8e7700f451f4ed7e552,7,2,7.615384615384615,176,0
6a7fd8e7700f451f4ed7e552,6,2,7.857142857142857,176,0
6a7fd8e7700f451f4ed7e552,5,3,8.2,176,0
6a7fd8e7700f451f4ed7e552,4,3,8.125,176,0
6a7fd8e7700f451f4ed7e552,3,3,8,176,0
6a7fd8e7700f451f4ed7e552,2,3,8.333333333333334,176,0
6a7fd8e7700f451f4ed7e552,1,4,8.421052631578947,176,0
6a7fd8e7700f451f4ed7e556,19,0,11,149,1
6a7fd8e7700f451f4ed7e556,18,0,9,149,1
6a7fd8e7700f451f4ed7e556,17,0,9.666666666666666,149,1
6a7fd8e7700f451f4ed7e556,16,0,9,149,1
6a7fd8e7700f451f4ed7e556,15,0,8.6,149,1
6a7fd8e7700f451f4ed7e556,14,0,7.833333333333333,149,1
6a7fd8e7700f451f4ed7e556,13,0,7.285714285714286,149,1
6a7fd8e7700f451f4ed7e556,13,0,7.428571428571429,149,1
6a7fd8e7700f451f4ed7e556,12,0,8.125,149,1
6a7fd8e7700f451f4ed7e556,11,0,8.11111111111111,149,1
6a7fd8e7700f451f4ed7e556,10,0,8.5,149,1
6a7fd8e7700f451f4ed7e556,9,0,8.545454545454545,149,1
6a7fd8e7700f451f4ed7e556,8,0,8.583333333333334,149,1
6a7fd8e7700f451f4ed7e556,7,0,8.076923076923077,149,1
6a7fd8e7700f451f4ed7e556,6,0,8.071428571428571,149,1
6a7fd8e7700f451f4ed7e556,5,0,8.6,149,1
6a7fd8e7700f451f4ed7e556,4,0,8.3125,149,1
6a7fd8e7700f451f4ed7e556,3,0,8,149,1
6a7fd8e7700f451f4ed7e556,2,0,7.888888888888889,149,1
6a7fd8e7700f451f4ed7e556,1,0,7.7894736842105265,149,1
6a7fd8e7700f451f4ed7e55a,19,1,13,196,1
6a7fd8e7700f451f4ed7e55a,18,1,13.5,196,1
6a7fd8e7700f451f4ed7e55a,17,2,10.666666666666666,196,1
6a7fd8e7700f451f4ed7e55a,16,2,12.75,196,1
6a7fd8e7700f451f4ed7e55a,15,2,11.4,196,1
6a7fd8e7700f451f4ed7e55a,14,2,12,196,1
6a7fd8e7700f451f4ed7e55a,13,2,11.428571428571429,196,1
6a7fd8e7700f451f4ed7e55a,12,2,11.25,196,1
6a7fd8e7700f451f4ed7e55a,11,2,11.222222222222221,196,1
6a7fd8e7700f451f4ed7e55a,10,2,10.9,196,1
6a7fd8e7700f451f4ed7e55a,9,3,10.181818181818182,196,1
6a7fd8e7700f451f4ed7e55a,8,3,10.666666666666666,196,1
6a7fd8e7700f451f4ed7e55a,7,3,10.23076923076923,196,1
6a7fd8e7700f451f4ed7e55a,6,3,10.071428571428571,196,1
6a7fd8e7700f451f4ed7e55a,5,3,10.066666666666666,196,1
6a7fd8e7700f451f4ed7e55a,5,3,10.4,196,1
6a7fd8e7700f451f4ed7e55a,4,3,9.8125,196,1
6a7fd8e7700f451f4ed7e55a,3,3,10.176470588235293,196,1
6a7fd8e7700f451f4ed7e55a,2,3,9.88888888888889,196,1
6a7fd8e7700f451f4ed7e55a,1,3,10.105263157894736,196,1
6a7fd8e7700f451f4ed7e55e,19,2,5,175,1
6a7fd8e7700f451f4ed7e55e,18,3,9,175,1
6a7fd8e7700f451f4ed7e55e,17,3,10.333333333333334,175,1
6a7fd8e7700f451f4ed7e55e,16,3,10,175,1
6a7fd8e7700f451f4ed7e55e,15,3,9.6,175,1
6a7fd8e7700f451f4ed7e55e,14,3,9.166666666666666,175,1
6a7fd8e7700f451f4ed7e55e,13,4,9.428571428571429,175,1
6a7fd8e7700f451f4ed7e55e,12,4,10.25,175,1
6a7fd8e7700f451f4ed7e55e,11,4,10.222222222222221,175,1
6a7fd8e7700f451f4ed7e55e,10,4,11.2,175,1
6a7fd8e7700f451f4ed7e55e,9,4,11.181818181818182,175,1
6a7fd8e7700f451f4ed7e55e,9,4,11.272727272727273,175,1
6a7fd8e7700f451f4ed7e55e,8,4,11.166666666666666,175,1
6a7fd8e7700f451f4ed7e55e,7,4,11.538461538461538,175,1
6a7fd8e7700f451f4ed7e55e,6,5,11,175,1
6a7fd8e7700f451f4ed7e55e,5,5,10.733333333333333,175,1
6a7fd8e7700f451f4ed7e55e,5,5,10.8,175,1
6a7fd8e7700f451f4ed7e55e,4,6,10.375,175,1
6a7fd8e7700f451f4ed7e562,19,1,4,186,0
6a7fd8e7700f451f4ed7e562,18,1,5.5,186,0
6a7fd8e7700f451f4ed7e562,17,1,6.666666666666667,186,0
6a7fd8e7700f451f4ed7e562,16,1,6.75,186,0
6a7fd8e7700f451f4ed7e562,15,1,7.2,186,0
6a7fd8e7700f451f4ed7e562,14,1,7.166666666666667,186,0
6a7fd8e7700f451f4ed7e562,13,1,7.428571428571429,186,0
6a7fd8e7700f451f4ed7e562,12,1,7.375,186,0
6a7fd8e7700f451f4ed7e562,11,3,6.555555555555555,186,0
6a7fd8e7700f451f4ed7e562,11,3,6.666666666666667,186,0
6a7fd8e7700f451f4ed7e562,10,4,6.8,186,0
6a7fd8e7700f451f4ed7e562,9,4,6.636363636363637,186,0
6a7fd8e7700f451f4ed7e562,8,5,6.583333333333333,186,0
6a7fd8e7700f451f4ed7e562,7,5,7.230769230769231,186,0
6a7fd8e7700f451f4ed7e562,6,6,7.214285714285714,186,0
6a7fd8e7700f451f4ed7e562,5,6,7.466666666666667,186,0
6a7fd8e7700f451f4ed7e562,5,6,7.533333333333333,186,0
6a7fd8e7700f451f4ed7e562,4,6,7.1875,186,0
6a7fd8e7700f451f4ed7e562,3,6,7.411764705882353,186,0
6a7fd8e7700f451f4ed7e562,2,7,7.444444444444445,186,0
6a7fd8e7700f451f4ed7e562,1,7,7.473684210526316,186,0
6a7fd8e7700f451f4ed7e566,19,0,14,219,0
6a7fd8e7700f451f4ed7e566,18,0,13.5,219,0
6a7fd8e7700f451f4ed7e566,17,0,13,219,0
6a7fd8e7700f451f4ed7e566,17,0,13.333333333333334,219,0
6a7fd8e7700f451f4ed7e566,16,0,12.5,219,0
6a7fd8e7700f451f4ed7e566,15,0,11.8,219,0
6a7fd8e7700f451f4ed7e566,14,0,11.666666666666666,219,0
6a7fd8e7700f451f4ed7e566,14,0,11.833333333333334,219,0
6a7fd8e7700f451f4ed7e566,13,0,11.714285714285714,219,0
6a7fd8e7700f451f4ed7e566,12,0,11.125,219,0
6a7fd8e7700f451f4ed7e566,11,0,11,219,0
6a7fd8e7700f451f4ed7e566,10,0,10.8,219,0
6a7fd8e7700f451f4ed7e566,10,0,10.9,219,0
6a7fd8e7700f451f4ed7e566,9,0,10.090909090909092,219,0
6a7fd8e7700f451f4ed7e566,8,0,10.25,219,0
6a7fd8e7700f451f4ed7e566,7,0,10.384615384615385,219,0
6a7fd8e7700f451f4ed7e566,6,0,9.785714285714286,219,0
6a7fd8e7700f451f4ed7e566,5,0,9.6,219,0
6a7fd8e7700f451f4ed7e566,4,1,9.1875,219,0
6a7fd8e7700f451f4ed7e566,3,1,9.352941176470589,219,0
6a7fd8e7700f451f4ed7e566,2,1,9.444444444444445,219,0
6a7fd8e7700f451f4ed7e566,1,2,9.157894736842104,219,0
6a7fd8e7700f451f4ed7e56a,19,0,7,171,1
6a7fd8e7700f451f4ed7e56a,18,0,9.5,171,1
6a7fd8e7700f451f4ed7e56a,17,1,9.333333333333334,171,1
6a7fd8e7700f451f4ed7e56a,16,1,7.75,171,1
6a7fd8e7700f451f4ed7e56a,15,1,8,171,1
6a7fd8e7700f451f4ed7e56a,14,1,7.166666666666667,171,1
6a7fd8e7700f451f4ed7e56a,14,1,7.333333333333333,171,1
6a7fd8e7700f451f4ed7e56a,13,1,7.857142857142857,171,1
6a7fd8e7700f451f4ed7e56a,12,1,9,171,1
6a7fd8e7700f451f4ed7e56a,11,1,8.11111111111111,171,1
6a7fd8e7700f451f4ed7e56a,10,1,7.5,171,1
6a7fd8e7700f451f4ed7e56a,9,1,8.454545454545455,171,1
6a7fd8e7700f451f4ed7e56a,8,1,8.416666666666666,171,1
6a7fd8e7700f451f4ed7e56a,8,1,8.583333333333334,171,1
6a7fd8e7700f451f4ed7e56a,7,1,8.692307692307692,171,1
6a7fd8e7700f451f4ed7e56a,6,1,8.857142857142858,171,1
6a7fd8e7700f451f4ed7e56a,5,1,8.933333333333334,171,1
6a7fd8e7700f451f4ed7e56a,4,2,8.9375,171,1
6a7fd8e7700f451f4ed7e56a,3,2,8.588235294117647,171,1
6a7fd8e7700f451f4ed7e56a,2,3,8.666666666666666,171,1
6a7fd8e7700f451f4ed7e56a,1,4,8.578947368421053,171,1
6a7fd8e7700f451f4ed7e56e,19,1,6,197,0
6a7fd8e7700f451f4ed7e56e,18,1,5,197,0
6a7fd8e7700f451f4ed7e56e,17,1,7.666666666666667,197,0
6a7fd8e7700f451f4ed7e56e,16,1,7,197,0
6a7fd8e7700f451f4ed7e56e,15,2,8,197,0
6a7fd8e7700f451f4ed7e56e,14,2,7.333333333333333,197,0
6a7fd8e7700f451f4ed7e56e,13,2,8.285714285714286,197,0
6a7fd8e7700f451f4ed7e56e,12,2,8.75,197,0
6a7fd8e7700f451f4ed7e56e,11,2,8.666666666666666,197,0
6a7fd8e7700f451f4ed7e56e,10,2,8.6,197,0
6a7fd8e7700f451f4ed7e56e,9,2,8.545454545454545,197,0
6a7fd8e7700f451f4ed7e56e,9,2,8.636363636363637,197,0
6a7fd8e7700f451f4ed7e56e,8,2,8.75,197,0
6a7fd8e7700f451f4ed7e56e,7,2,8.538461538461538,197,0
6a7fd8e7700f451f4ed7e56e,6,3,8.785714285714286,197,0
6a7fd8e7700f451f4ed7e56e,5,3,8.866666666666667,197,0
6a7fd8e7700f451f4ed7e56e,4,3,9.625,197,0
6a7fd8e7700f451f4ed7e56e,3,3,10,197,0
6a7fd8e7700f451f4ed7e56e,2,3,9.722222222222221,197,0
6a7fd8e7700f451f4ed7e56e,1,5,9.31578947368421,197,0
6a7fd8e7700f451f4ed7e572,19,0,16,191,0
6a7fd8e7700f451f4ed7e572,18,0,15,191,0
6a7fd8e7700f451f4ed7e572,17,0,15.666666666666666,191,0
6a7fd8e7700f451f4ed7e572,17,0,16,191,0
6a7fd8e7700f451f4ed7e572,16,0,15,191,0
6a7fd8e7700f451f4ed7e572,16,0,15.25,191,0
6a7fd8e7700f451f4ed7e572,15,0,13.4,191,0
6a7fd8e7700f451f4ed7e572,14,1,12.166666666666666,191,0
6a7fd8e7700f451f4ed7e572,13,2,10.571428571428571,191,0
6a7fd8e7700f451f4ed7e572,12,2,10.625,191,0
6a7fd8e7700f451f4ed7e572,11,2,10.333333333333334,191,0
6a7fd8e7700f451f4ed7e572,10,2,10,191,0
6a7fd8e7700f451f4ed7e572,9,2,9.636363636363637,191,0
6a7fd8e7700f451f4ed7e572,8,2,9.916666666666666,191,0
6a7fd8e7700f451f4ed7e572,7,3,10.076923076923077,191,0
6a7fd8e7700f451f4ed7e572,6,3,10,191,0
6a7fd8e7700f451f4ed7e572,5,3,9.6,191,0
6a7fd8e7700f451f4ed7e572,4,3,9.375,191,0
6a7fd8e7700f451f4ed7e572,3,3,9.352941176470589,191,0
6a7fd8e7700f451f4ed7e572,2,4,9.222222222222221,191,0
6a7fd8e7700f451f4ed7e572,1,4,9.052631578947368,191,0
6a7fd8e7700f451f4ed7e576,19,0,3,184,0
6a7fd8e7700f451f4ed7e576,18,0,3,184,0
6a7fd8e7700f451f4ed7e576,17,0,3.6666666666666665,184,0
6a7fd8e7700f451f4ed7e576,16,0,5.75,184,0
6a7fd8e7700f451f4ed7e576,15,0,5.8,184,0
6a7fd8e7700f451f4ed7e576,14,0,6.333333333333333,184,0
6a7fd8e7700f451f4ed7e576,13,0,7.142857142857143,184,0
6a7fd8e7700f451f4ed7e576,12,0,7,184,0
6a7fd8e7700f451f4ed7e576,11,0,7.111111111111111,184,0
6a7fd8e7700f451f4ed7e576,10,1,7,184,0
6a7fd8e7700f451f4ed7e576,9,1,8,184,0
6a7fd8e7700f451f4ed7e576,8,1,7.416666666666667,184,0
6a7fd8e7700f451f4ed7e576,7,1,7.384615384615385,184,0
6a7fd8e7700f451f4ed7e576,6,1,7.285714285714286,184,0
6a7fd8e7700f451f4ed7e576,5,1,7.466666666666667,184,0
6a7fd8e7700f451f4ed7e576,4,1,7.5625,184,0
6a7fd8e7700f451f4ed7e576,3,2,7.176470588235294,184,0
6a7fd8e7700f451f4ed7e576,2,4,7.277777777777778,184,0
6a7fd8e7700f451f4ed7e576,1,4,7.631578947368421,184,0
6a7fd8e7700f451f4ed7e57a,19,1,10,161,1
6a7fd8e7700f451f4ed7e57a,18,1,16,161,1
6a7fd8e7700f451f4ed7e57a,17,1,15.333333333333334,161,1
6a7fd8e7700f451f4ed7e57a,16,1,14.75,161,1
6a7fd8e7700f451f4ed7e57a,15,1,13.8,161,1
6a7fd8e7700f451f4ed7e57a,14,1,12.166666666666666,161,1
6a7fd8e7700f451f4ed7e57a,13,1,11.142857142857142,161,1
6a7fd8e7700f451f4ed7e57a,12,1,10.875,161,1
6a7fd8e7700f451f4ed7e57a,11,1,10.777777777777779,161,1
6a7fd8e7700f451f4ed7e57a,10,1,10.4,161,1
6a7fd8e7700f451f4ed7e57a,9,2,10,161,1
6a7fd8e7700f451f4ed7e57a,8,2,9.666666666666666,161,1
6a7fd8e7700f451f4ed7e57a,7,3,9.461538461538462,161,1
6a7fd8e7700f451f4ed7e57a,6,3,9.5,161,1
6a7fd8e7700f451f4ed7e57a,5,3,9.266666666666667,161,1
6a7fd8e7700f451f4ed7e57a,4,3,8.9375,161,1
6a7fd8e7700f451f4ed7e57a,3,3,8.823529411764707,161,1
6a7fd8e7700f451f4ed7e57a,2,4,8.722222222222221,161,1
6a7fd8e7700f451f4ed7e57e,19,2,6,173,0
6a7fd8e7700f451f4ed7e57e,18,2,9.5,173,0
6a7fd8e7700f451f4ed7e57e,17,2,8,173,0
6a7fd8e7700f451f4ed7e57e,17,2,8.333333333333334,173,0
6a7fd8e7700f451f4ed7e57e,16,2,7.5,173,0
6a7fd8e7700f451f4ed7e57e,15,2,8.4,173,0
6a7fd8e7700f451f4ed7e57e,14,2,7.666666666666667,173,0
6a7fd8e7700f451f4ed7e57e,13,2,7.714285714285714,173,0
6a7fd8e7700f451f4ed7e57e,12,2,7.625,173,0
6a7fd8e7700f451f4ed7e57e,11,2,7.333333333333333,173,0
6a7fd8e7700f451f4ed7e57e,10,2,7.4,173,0
6a7fd8e7700f451f4ed7e57e,9,3,7.181818181818182,173,0
6a7fd8e7700f451f4ed7e57e,8,3,6.833333333333333,173,0
6a7fd8e7700f451f4ed7e57e,7,4,6.923076923076923,173,0
6a7fd8e7700f451f4ed7e57e,6,4,7,173,0
6a7fd8e7700f451f4ed7e57e,5,4,6.666666666666667,173,0
6a7fd8e7700f451f4ed7e57e,4,4,7.0625,173,0
6a7fd8e7700f451f4ed7e57e,3,5,7.176470588235294,173,0
6a7fd8e7700f451f4ed7e57e,3,5,7.235294117647059,173,0
6a7fd8e7700f451f4ed7e57e,2,5,7.166666666666667,173,0
6a7fd8e7700f451f4ed7e57e,1,5,6.947368421052632,173,0
6a7fd8e7700f451f4ed7e582,19,0,17,167,1
6a7fd8e7700f451f4ed7e582,18,0,13,167,1
6a7fd8e7700f451f4ed7e582,17,0,10.333333333333334,167,1
6a7fd8e7700f451f4ed7e582,16,0,10.25,167,1
6a7fd8e7700f451f4ed7e582,15,1,10.2,167,1
6a7fd8e7700f451f4ed7e582,14,1,9.833333333333334,167,1
6a7fd8e7700f451f4ed7e582,13,2,10.571428571428571,167,1
6a7fd8e7700f451f4ed7e582,12,3,10.375,167,1
6a7fd8e7700f451f4ed7e582,12,3,10.5,167,1
6a7fd8e7700f451f4ed7e582,11,3,10.222222222222221,167,1
6a7fd8e7700f451f4ed7e582,10,3,10.9,167,1
6a7fd8e7700f451f4ed7e582,9,4,10.545454545454545,167,1
6a7fd8e7700f451f4ed7e582,8,4,10.833333333333334,167,1
6a7fd8e7700f451f4ed7e582,7,4,10.461538461538462,167,1
6a7fd8e7700f451f4ed7e582,6,4,9.857142857142858,167,1
6a7fd8e7700f451f4ed7e582,5,5,10.333333333333334,167,1
6a7fd8e7700f451f4ed7e582,4,5,10.0625,167,1
6a7fd8e7700f451f4ed7e582,3,5,9.647058823529411,167,1
6a7fd8e7700f451f4ed7e586,19,0,10,183,0
6a7fd8e7700f451f4ed7e586,18,2,7,183,0
6a7fd8e7700f451f4ed7e586,18,2,7.5,183,0
6a7fd8e7700f451f4ed7e586,17,2,9,183,0
6a7fd8e7700f451f4ed7e586,16,3,8,183,0
6a7fd8e7700f451f4ed7e586,15,3,6.6,183,0
6a7fd8e7700f451f4ed7e586,14,4,6.666666666666667,183,0
6a7fd8e7700f451f4ed7e586,13,5,7.428571428571429,183,0
6a7fd8e7700f451f4ed7e586,12,5,7.5,183,0
6a7fd8e7700f451f4ed7e586,11,5,7.555555555555555,183,0
6a7fd8e7700f451f4ed7e586,10,5,8.7,183,0
6a7fd8e7700f451f4ed7e586,9,5,9.090909090909092,183,0
6a7fd8e7700f451f4ed7e586,8,5,9.166666666666666,183,0
6a7fd8e7700f451f4ed7e586,7,5,8.692307692307692,183,0
6a7fd8e7700f451f4ed7e586,6,5,8.428571428571429,183,0
6a7fd8e7700f451f4ed7e586,5,6,8.466666666666667,183,0
6a7fd8e7700f451f4ed7e586,5,6,8.6,183,0
6a7fd8e7700f451f4ed7e586,4,6,8.375,183,0
6a7fd8e7700f451f4ed7e586,3,6,8.529411764705882,183,0
6a7fd8e7700f451f4ed7e586,2,6,8.166666666666666,183,0
6a7fd8e7700f451f4ed7e586,1,6,8.421052631578947,183,0
6a7fd8e7700f451f4ed7e58a,19,0,24,160,1
6a7fd8e7700f451f4ed7e58a,18,1,16.5,160,1
6a7fd8e7700f451f4ed7e58a,17,2,13,160,1
6a7fd8e7700f451f4ed7e58a,16,2,15.25,160,1
6a7fd8e7700f451f4ed7e58a,15,3,13.2,160,1
6a7fd8e7700f451f4ed7e58a,14,3,13.5,160,1
6a7fd8e7700f451f4ed7e58a,13,3,12.285714285714286,160,1
6a7fd8e7700f451f4ed7e58a,12,3,11.5,160,1
6a7fd8e7700f451f4ed7e58a,11,3,10.777777777777779,160,1
6a7fd8e7700f451f4ed7e58a,10,3,10.1,160,1
6a7fd8e7700f451f4ed7e58a,9,3,9.909090909090908,160,1
6a7fd8e7700f451f4ed7e58a,8,3,9.083333333333334,160,1
6a7fd8e7700f451f4ed7e58a,7,3,8.538461538461538,160,1
6a7fd8e7700f451f4ed7e58a,6,3,8.571428571428571,160,1
6a7fd8e7700f451f4ed7e58a,5,3,8.866666666666667,160,1
6a7fd8e7700f451f4ed7e58a,4,3,8.875,160,1
6a7fd8e7700f451f4ed7e58a,3,3,8.529411764705882,160,1
6a7fd8e7700f451f4ed7e58a,2,4,8.277777777777779,160,1
6a7fd8e7700f451f4ed7e58e,19,1,12,130,1
6a7fd8e7700f451f4ed7e58e,18,1,12,130,1
6a7fd8e7700f451f4ed7e58e,17,1,10,130,1
6a7fd8e7700f451f4ed7e58e,16,1,9.5,130,1
6a7fd8e7700f451f4ed7e58e,15,1,9.8,130,1
6a7fd8e7700f451f4ed7e58e,14,1,9.166666666666666,130,1
6a7fd8e7700f451f4ed7e58e,13,1,8.571428571428571,130,1
6a7fd8e7700f451f4ed7e58e,12,3,7.625,130,1
6a7fd8e7700f451f4ed7e58e,11,3,7.444444444444445,130,1
6a7fd8e7700f451f4ed7e58e,10,4,7.4,130,1
6a7fd8e7700f451f4ed7e58e,9,4,7.7272727272727275,130,1
6a7fd8e7700f451f4ed7e58e,8,4,8.5,130,1
6a7fd8e7700f451f4ed7e58e,7,4,8.384615384615385,130,1
6a7fd8e7700f451f4ed7e58e,6,5,8.214285714285714,130,1
6a7fd8e7700f451f4ed7e58e,5,5,8.066666666666666,130,1
6a7fd8e7700f451f4ed7e58e,4,5,7.9375,130,1
6a7fd8e7700f451f4ed7e592,19,0,5,169,1
6a7fd8e7700f451f4ed7e592,18,0,6,169,1
6a7fd8e7700f451f4ed7e592,17,0,8.666666666666666,169,1
6a7fd8e7700f451f4ed7e592,16,1,7.5,169,1
6a7fd8e7700f451f4ed7e592,15,2,7.6,169,1
6a7fd8e7700f451f4ed7e592,14,2,9,169,1
6a7fd8e7700f451f4ed7e592,14,2,9.166666666666666,169,1
6a7fd8e7700f451f4ed7e592,13,2,9.571428571428571,169,1
6a7fd8e7700f451f4ed7e592,12,2,9.75,169,1
6a7fd8e7700f451f4ed7e592,11,2,9.444444444444445,169,1
6a7fd8e7700f451f4ed7e592,11,2,9.555555555555555,169,1
6a7fd8e7700f451f4ed7e592,10,3,9.9,169,1
6a7fd8e7700f451f4ed7e592,9,4,10.181818181818182,169,1
6a7fd8e7700f451f4ed7e592,8,4,10.916666666666666,169,1
6a7fd8e7700f451f4ed7e592,7,4,11.076923076923077,169,1
6a7fd8e7700f451f4ed7e592,6,4,10.928571428571429,169,1
6a7fd8e7700f451f4ed7e592,5,5,10.4,169,1
6a7fd8e7700f451f4ed7e592,4,5,10.4375,169,1
6a7fd8e7700f451f4ed7e596,19,0,9,197,0
6a7fd8e7700f451f4ed7e596,18,0,6.5,197,0
6a7fd8e7700f451f4ed7e596,17,0,7.666666666666667,197,0
6a7fd8e7700f451f4ed7e596,16,1,6.75,197,0
6a7fd8e7700f451f4ed7e596,15,1,7.4,197,0
6a7fd8e7700f451f4ed7e596,14,1,8.5,197,0
6a7fd8e7700f451f4ed7e596,13,1,8,197,0
6a7fd8e7700f451f4ed7e596,12,1,7.375,197,0
6a7fd8e7700f451f4ed7e596,12,1,7.75,197,0
6a7fd8e7700f451f4ed7e596,11,3,7,197,0
6a7fd8e7700f451f4ed7e596,10,3,7.6,197,0
6a7fd8e7700f451f4ed7e596,9,3,7.090909090909091,197,0
6a7fd8e7700f451f4ed7e596,8,3,6.916666666666667,197,0
6a7fd8e7700f451f4ed7e596,7,4,7.153846153846154,197,0
6a7fd8e7700f451f4ed7e596,6,4,7.571428571428571,197,0
6a7fd8e7700f451f4ed7e596,5,4,7.6,197,0
6a7fd8e7700f451f4ed7e596,4,4,7.6875,197,0
6a7fd8e7700f451f4ed7e596,3,4,8.058823529411764,197,0
6a7fd8e7700f451f4ed7e596,2,4,8.11111111111111,197,0
6a7fd8e7700f451f4ed7e596,1,4,8.368421052631579,197,0
6a7fd8e7700f451f4ed7e596,1,4,8.421052631578947,197,0
6a7fd8e7700f451f4ed7e59a,19,0,9,181,0
6a7fd8e7700f451f4ed7e59a,18,1,6,181,0
6a7fd8e7700f451f4ed7e59a,17,2,4.666666666666667,181,0
6a7fd8e7700f451f4ed7e59a,16,2,6.25,181,0
6a7fd8e7700f451f4ed7e59a,15,2,5.2,181,0
6a7fd8e7700f451f4ed7e59a,14,4,5.833333333333333,181,0
6a7fd8e7700f451f4ed7e59a,13,4,5.285714285714286,181,0
6a7fd8e7700f451f4ed7e59a,12,5,5.75,181,0
6a7fd8e7700f451f4ed7e59a,11,5,5.222222222222222,181,0
6a7fd8e7700f451f4ed7e59a,10,5,6,181,0
6a7fd8e7700f451f4ed7e59a,9,5,5.818181818181818,181,0
6a7fd8e7700f451f4ed7e59a,8,5,6.416666666666667,181,0
6a7fd8e7700f451f4ed7e59a,7,5,6.538461538461538,181,0
6a7fd8e7700f451f4ed7e59a,6,5,7.142857142857143,181,0
6a7fd8e7700f451f4ed7e59a,5,6,6.933333333333334,181,0
6a7fd8e7700f451f4ed7e59a,4,6,7,181,0
6a7fd8e7700f451f4ed7e59a,3,6,6.882352941176471,181,0
6a7fd8e7700f451f4ed7e59a,2,6,6.833333333333333,181,0
6a7fd8e7700f451f4ed7e59a,1,6,6.631578947368421,181,0
6a7fd8e7700f451f4ed7e59e,19,0,4,195,0
6a7fd8e7700f451f4ed7e59e,18,0,5.5,195,0
6a7fd8e7700f451f4ed7e59e,17,0,8,195,0
6a7fd8e7700f451f4ed7e59e,17,0,8.333333333333334,195,0
6a7fd8e7700f451f4ed7e59e,16,1,8.25,195,0
6a7fd8e7700f451f4ed7e59e,15,1,8,195,0
6a7fd8e7700f451f4ed7e59e,15,1,8.4,195,0
6a7fd8e7700f451f4ed7e59e,14,1,8.333333333333334,195,0
6a7fd8e7700f451f4ed7e59e,13,1,8,195,0
6a7fd8e7700f451f4ed7e59e,12,1,7.5,195,0
6a7fd8e7700f451f4ed7e59e,11,2,7.555555555555555,195,0
6a7fd8e7700f451f4ed7e59e,10,2,7.2,195,0
6a7fd8e7700f451f4ed7e59e,9,2,7.2727272727272725,195,0
6a7fd8e7700f451f4ed7e59e,9,2,7.363636363636363,195,0
6a7fd8e7700f451f4ed7e59e,8,2,7.083333333333333,195,0
6a7fd8e7700f451f4ed7e59e,7,2,7.153846153846154,195,0
6a7fd8e7700f451f4ed7e59e,6,2,7.214285714285714,195,0
6a7fd8e7700f451f4ed7e59e,6,2,7.285714285714286,195,0
6a7fd8e7700f451f4ed7e59e,5,4,7.133333333333334,195,0
6a7fd8e7700f451f4ed7e59e,4,4,7.0625,195,0
6a7fd8e7700f451f4ed7e59e,3,5,7.470588235294118,195,0
6a7fd8e7700f451f4ed7e59e,3,5,7.529411764705882,195,0
6a7fd8e7700f451f4ed7e59e,2,5,7.333333333333333,195,0
6a7fd8e7700f451f4ed7e59e,1,5,7.368421052631579,195,0
6a7fd8e7700f451f4ed7e5a2,19,0,15,160,1
6a7fd8e7700f451f4ed7e5a2,18,2,9,160,1
6a7fd8e7700f451f4ed7e5a2,17,2,9,160,1
6a7fd8e7700f451f4ed7e5a2,16,3,7.5,160,1
6a7fd8e7700f451f4ed7e5a2,15,4,7.2,160,1
6a7fd8e7700f451f4ed7e5a2,14,4,7.333333333333333,160,1
6a7fd8e7700f451f4ed7e5a2,14,4,8.166666666666666,160,1
6a7fd8e7700f451f4ed7e5a2,13,4,8.142857142857142,160,1
6a7fd8e7700f451f4ed7e5a2,12,4,7.5,160,1
6a7fd8e7700f451f4ed7e5a2,11,4,7.111111111111111,160,1
6a7fd8e7700f451f4ed7e5a2,10,4,6.7,160,1
6a7fd8e7700f451f4ed7e5a2,9,4,7.545454545454546,160,1
6a7fd8e7700f451f4ed7e5a2,9,4,8,160,1
6a7fd8e7700f451f4ed7e5a2,8,4,8,160,1
6a7fd8e7700f451f4ed7e5a2,7,4,7.923076923076923,160,1
6a7fd8e7700f451f4ed7e5a2,6,4,7.785714285714286,160,1
6a7fd8e7700f451f4ed7e5a2,5,4,7.866666666666666,160,1
6a7fd8e7700f451f4ed7e5a2,4,4,8.25,160,1
6a7fd8e7700f451f4ed7e5a2,3,4,8.176470588235293,160,1
6a7fd8e7700f451f4ed7e5a2,2,4,8,160,1
6a7fd8e7700f451f4ed7e5a2,1,5,7.842105263157895,160,1
6a7fd8e7700f451f4ed7e5a6,19,0,3,193,0
6a7fd8e7700f451f4ed7e5a6,18,0,5,193,0
6a7fd8e7700f451f4ed7e5a6,17,0,7.333333333333333,193,0
6a7fd8e7700f451f4ed7e5a6,16,0,7.75,193,0
6a7fd8e7700f451f4ed7e5a6,15,0,10,193,0
6a7fd8e7700f451f4ed7e5a6,14,1,9.833333333333334,193,0
6a7fd8e7700f451f4ed7e5a6,13,1,9.142857142857142,193,0
6a7fd8e7700f451f4ed7e5a6,12,1,8.875,193,0
6a7fd8e7700f451f4ed7e5a6,11,1,9.11111111111111,193,0
6a7fd8e7700f451f4ed7e5a6,10,1,8.6,193,0
6a7fd8e7700f451f4ed7e5a6,9,1,8.727272727272727,193,0
6a7fd8e7700f451f4ed7e5a6,8,1,8.583333333333334,193,0
6a7fd8e7700f451f4ed7e5a6,7,2,8.76923076923077,193,0
6a7fd8e7700f451f4ed7e5a6,6,2,8.785714285714286,193,0
6a7fd8e7700f451f4ed7e5a6,5,2,8.866666666666667,193,0
6a7fd8e7700f451f4ed7e5a6,4,2,8.4375,193,0
6a7fd8e7700f451f4ed7e5a6,3,2,8.117647058823529,193,0
6a7fd8e7700f451f4ed7e5a6,2,3,7.833333333333333,193,0
6a7fd8e7700f451f4ed7e5a6,1,3,7.684210526315789,193,0
6a7fd8e7700f451f4ed7e5aa,19,0,18,168,1
6a7fd8e7700f451f4ed7e5aa,18,0,17.5,168,1
6a7fd8e7700f451f4ed7e5aa,17,0,14.333333333333334,168,1
6a7fd8e7700f451f4ed7e5aa,16,1,12,168,1
6a7fd8e7700f451f4ed7e5aa,15,1,12.2,168,1
6a7fd8e7700f451f4ed7e5aa,14,2,11.5,168,1
6a7fd8e7700f451f4ed7e5aa,13,2,10.285714285714286,168,1
6a7fd8e7700f451f4ed7e5aa,12,2,10,168,1
6a7fd8e7700f451f4ed7e5aa,11,2,9.666666666666666,168,1
6a7fd8e7700f451f4ed7e5aa,10,3,9.1,168,1
6a7fd8e7700f451f4ed7e5aa,9,4,8.818181818181818,168,1
6a7fd8e7700f451f4ed7e5aa,8,4,9.25,168,1
6a7fd8e7700f451f4ed7e5aa,7,4,8.923076923076923,168,1
6a7fd8e7700f451f4ed7e5aa,6,5,8.857142857142858,168,1
6a7fd8e7700f451f4ed7e5aa,5,5,9.066666666666666,168,1
6a7fd8e7700f451f4ed7e5aa,4,5,9.3125,168,1
6a7fd8e7700f451f4ed7e5aa,3,5,9.176470588235293,168,1
6a7fd8e7700f451f4ed7e5aa,2,5,9.055555555555555,168,1
6a7fd8e7700f451f4ed7e5ae,19,0,11,207,0
6a7fd8e7700f451f4ed7e5ae,18,0,11,207,0
6a7fd8e7700f451f4ed7e5ae,17,1,10.333333333333334,207,0
6a7fd8e7700f451f4ed7e5ae,16,1,10,207,0
6a7fd8e7700f451f4ed7e5ae,15,1,10.8,207,0
6a7fd8e7700f451f4ed7e5ae,14,2,10,207,0
6a7fd8e7700f451f4ed7e5ae,13,2,9.857142857142858,207,0
6a7fd8e7700f451f4ed7e5ae,12,3,8.75,207,0
6a7fd8e7700f451f4ed7e5ae,11,4,8.555555555555555,207,0
6a7fd8e7700f451f4ed7e5ae,10,4,8.1,207,0
6a7fd8e7700f451f4ed7e5ae,9,4,8.545454545454545,207,0
6a7fd8e7700f451f4ed7e5ae,8,4,8.666666666666666,207,0
6a7fd8e7700f451f4ed7e5ae,7,4,8.461538461538462,207,0
6a7fd8e7700f451f4ed7e5ae,6,4,8.571428571428571,207,0
6a7fd8e7700f451f4ed7e5ae,5,5,8.133333333333333,207,0
6a7fd8e7700f451f4ed7e5ae,4,6,8.375,207,0
6a7fd8e7700f451f4ed7e5ae,3,6,8.235294117647058,207,0
6a7fd8e7700f451f4ed7e5ae,2,6,8.38888888888889,207,0
6a7fd8e7700f451f4ed7e5ae,1,7,8.157894736842104,207,0
6a7fd8e7700f451f4ed7e5b2,19,0,10,184,1
6a7fd8e7700f451f4ed7e5b2,18,1,6,184,1
6a7fd8e7700f451f4ed7e5b2,17,1,8.666666666666666,184,1
6a7fd8e7700f451f4ed7e5b2,16,2,8.5,184,1
6a7fd8e7700f451f4ed7e5b2,15,2,10.2,184,1
6a7fd8e7700f451f4ed7e5b2,14,2,9.833333333333334,184,1
6a7fd8e7700f451f4ed7e5b2,13,2,9.857142857142858,184,1
6a7fd8e7700f451f4ed7e5b2,13,2,10,184,1
6a7fd8e7700f451f4ed7e5b2,12,3,9.75,184,1
6a7fd8e7700f451f4ed7e5b2,11,4,9.11111111111111,184,1
6a7fd8e7700f451f4ed7e5b2,11,4,9.222222222222221,184,1
6a7fd8e7700f451f4ed7e5b2,10,4,10.2,184,1
6a7fd8e7700f451f4ed7e5b2,9,4,10,184,1
6a7fd8e7700f451f4ed7e5b2,8,5,9.833333333333334,184,1
6a7fd8e7700f451f4ed7e5b2,7,5,10.153846153846153,184,1
6a7fd8e7700f451f4ed7e5b2,7,5,10.23076923076923,184,1
6a7fd8e7700f451f4ed7e5b2,6,5,10.357142857142858,184,1
6a7fd8e7700f451f4ed7e5b2,5,6,9.866666666666667,184,1
6a7fd8e7700f451f4ed7e5b2,5,6,9.933333333333334,184,1
6a7fd8e7700f451f4ed7e5b2,4,7,9.6875,184,1
6a7fd8e7700f451f4ed7e5b2,3,7,9.882352941176471,184,1
6a7fd8e7700f451f4ed7e5b2,2,7,9.777777777777779,184,1
6a7fd8e7700f451f4ed7e5b2,1,7,9.736842105263158,184,1
6a7fd8e7700f451f4ed7e5b6,19,0,12,203,0
6a7fd8e7700f451f4ed7e5b6,19,0,13,203,0
6a7fd8e7700f451f4ed7e5b6,18,1,15,203,0
6a7fd8e7700f451f4ed7e5b6,17,2,11.666666666666666,203,0
6a7fd8e7700f451f4ed7e5b6,16,2,12,203,0
6a7fd8e7700f451f4ed7e5b6,15,2,11.4,203,0
6a7fd8e7700f451f4ed7e5b6,14,3,10.5,203,0
6a7fd8e7700f451f4ed7e5b6,13,3,10.571428571428571,203,0
6a7fd8e7700f451f4ed7e5b6,12,3,11.25,203,0
6a7fd8e7700f451f4ed7e5b6,11,3,11.444444444444445,203,0
6a7fd8e7700f451f4ed7e5b6,10,5,11.9,203,0
6a7fd8e7700f451f4ed7e5b6,9,6,11.545454545454545,203,0
6a7fd8e7700f451f4ed7e5b6,8,6,11,203,0
6a7fd8e7700f451f4ed7e5b6,7,6,10.615384615384615,203,0
6a7fd8e7700f451f4ed7e5b6,6,7,10.285714285714286,203,0
6a7fd8e7700f451f4ed7e5b6,5,7,10.266666666666667,203,0
6a7fd8e7700f451f4ed7e5b6,4,8,10.5,203,0
6a7fd8e7700f451f4ed7e5b6,3,9,10.941176470588236,203,0
6a7fd8e7700f451f4ed7e5ba,19,0,9,164,1
6a7fd8e7700f451f4ed7e5ba,18,0,6.5,164,1
6a7fd8e7700f451f4ed7e5ba,17,1,7.333333333333333,164,1
6a7fd8e7700f451f4ed7e5ba,16,1,7.25,164,1
6a7fd8e7700f451f4ed7e5ba,15,2,7.4,164,1
6a7fd8e7700f451f4ed7e5ba,15,2,7.6,164,1
6a7fd8e7700f451f4ed7e5ba,14,3,7.666666666666667,164,1
6a7fd8e7700f451f4ed7e5ba,13,3,7.285714285714286,164,1
6a7fd8e7700f451f4ed7e5ba,12,5,6.625,164,1
6a7fd8e7700f451f4ed7e5ba,11,5,7.333333333333333,164,1
6a7fd8e7700f451f4ed7e5ba,10,5,7.3,164,1
6a7fd8e7700f451f4ed7e5ba,9,5,7.2727272727272725,164,1
6a7fd8e7700f451f4ed7e5ba,8,5,7.333333333333333,164,1
6a7fd8e7700f451f4ed7e5ba,7,5,7.230769230769231,164,1
6a7fd8e7700f451f4ed7e5ba,6,5,8,164,1
6a7fd8e7700f451f4ed7e5ba,5,5,8,164,1
6a7fd8e7700f451f4ed7e5ba,4,5,8.125,164,1
6a7fd8e7700f451f4ed7e5ba,3,5,8.117647058823529,164,1
6a7fd8e7700f451f4ed7e5ba,3,5,8.176470588235293,164,1
6a7fd8e7700f451f4ed7e5ba,2,5,8.5,164,1
6a7fd8e7700f451f4ed7e5be,19,0,6,187,0
6a7fd8e7700f451f4ed7e5be,18,0,8,187,0
6a7fd8e7700f451f4ed7e5be,17,0,8.333333333333334,187,0
6a7fd8e7700f451f4ed7e5be,16,0,8.75,187,0
6a7fd8e7700f451f4ed7e5be,15,0,11,187,0
6a7fd8e7700f451f4ed7e5be,14,0,11.666666666666666,187,0
6a7fd8e7700f451f4ed7e5be,13,0,12.142857142857142,187,0
6a7fd8e7700f451f4ed7e5be,12,0,11.75,187,0
6a7fd8e7700f451f4ed7e5be,11,0,10.777777777777779,187,0
6a7fd8e7700f451f4ed7e5be,10,1,11.1,187,0
6a7fd8e7700f451f4ed7e5be,9,2,10.636363636363637,187,0
6a7fd8e7700f451f4ed7e5be,8,4,10.833333333333334,187,0
6a7fd8e7700f451f4ed7e5be,7,5,10.76923076923077,187,0
6a7fd8e7700f451f4ed7e5be,6,6,10.285714285714286,187,0
6a7fd8e7700f451f4ed7e5be,5,7,10.133333333333333,187,0
6a7fd8e7700f451f4ed7e5be,4,7,9.75,187,0
6a7fd8e7700f451f4ed7e5be,3,7,9.470588235294118,187,0
6a7fd8e7700f451f4ed7e5be,2,7,9.5,187,0
6a7fd8e7700f451f4ed7e5be,1,7,9.31578947368421,187,0
6a7fd8e7700f451f4ed7e5c2,19,0,7,203,0
6a7fd8e7700f451f4ed7e5c2,18,1,12.5,203,0
6a7fd8e7700f451f4ed7e5c2,17,1,14,203,0
6a7fd8e7700f451f4ed7e5c2,16,1,11.25,203,0
6a7fd8e7700f451f4ed7e5c2,15,1,10,203,0
6a7fd8e7700f451f4ed7e5c2,14,1,10.333333333333334,203,0
6a7fd8e7700f451f4ed7e5c2,13,2,9.857142857142858,203,0
6a7fd8e7700f451f4ed7e5c2,12,2,9.875,203,0
6a7fd8e7700f451f4ed7e5c2,11,3,9.11111111111111,203,0
6a7fd8e7700f451f4ed7e5c2,11,3,9.222222222222221,203,0
6a7fd8e7700f451f4ed7e5c2,10,4,8.7,203,0
6a7fd8e7700f451f4ed7e5c2,9,4,9.090909090909092,203,0
6a7fd8e7700f451f4ed7e5c2,8,4,8.833333333333334,203,0
6a7fd8e7700f451f4ed7e5c2,7,4,9,203,0
6a7fd8e7700f451f4ed7e5c2,6,6,8.5,203,0
6a7fd8e7700f451f4ed7e5c2,5,6,8.866666666666667,203,0
6a7fd8e7700f451f4ed7e5c2,5,6,8.933333333333334,203,0
6a7fd8e7700f451f4ed7e5c2,4,7,8.5,203,0
6a7fd8e7700f451f4ed7e5c2,4,7,8.5625,203,0
6a7fd8e7700f451f4ed7e5c2,3,7,8.588235294117647,203,0
6a7fd8e7700f451f4ed7e5c2,2,7,8.333333333333334,203,0
6a7fd8e7700f451f4ed7e5c2,1,7,8.052631578947368,203,0
6a7fd8e7700f451f4ed7e5c6,19,1,3,160,1
6a7fd8e7700f451f4ed7e5c6,18,2,6,160,1
6a7fd8e7700f451f4ed7e5c6,17,2,7.666666666666667,160,1
6a7fd8e7700f451f4ed7e5c6,16,2,8.25,160,1
6a7fd8e7700f451f4ed7e5c6,15,2,8.8,160,1
6a7fd8e7700f451f4ed7e5c6,15,2,9,160,1
6a7fd8e7700f451f4ed7e5c6,14,2,9.166666666666666,160,1
6a7fd8e7700f451f4ed7e5c6,13,2,8.857142857142858,160,1
6a7fd8e7700f451f4ed7e5c6,12,3,9.125,160,1
6a7fd8e7700f451f4ed7e5c6,11,4,8.666666666666666,160,1
6a7fd8e7700f451f4ed7e5c6,10,4,8.7,160,1
6a7fd8e7700f451f4ed7e5c6,10,4,8.8,160,1
6a7fd8e7700f451f4ed7e5c6,10,4,8.9,160,1
6a7fd8e7700f451f4ed7e5c6,9,4,9.272727272727273,160,1
6a7fd8e7700f451f4ed7e5c6,8,4,9.333333333333334,160,1
6a7fd8e7700f451f4ed7e5c6,7,6,9.076923076923077,160,1
6a7fd8e7700f451f4ed7e5c6,6,8,9.285714285714286,160,1
6a7fd8e7700f451f4ed7e5c6,5,8,9.466666666666667,160,1
6a7fd8e7700f451f4ed7e5c6,4,8,9.875,160,1
6a7fd8e7700f451f4ed7e5ca,19,1,11,223,0
6a7fd8e7700f451f4ed7e5ca,18,1,10,223,0
6a7fd8e7700f451f4ed7e5ca,17,1,11,223,0
6a7fd8e7700f451f4ed7e5ca,16,1,12.25,223,0
6a7fd8e7700f451f4ed7e5ca,15,1,12.2,223,0
6a7fd8e7700f451f4ed7e5ca,14,1,11,223,0
6a7fd8e7700f451f4ed7e5ca,13,2,11.571428571428571,223,0
6a7fd8e7700f451f4ed7e5ca,12,2,10.875,223,0
6a7fd8e7700f451f4ed7e5ca,11,3,10.11111111111111,223,0
6a7fd8e7700f451f4ed7e5ca,10,3,9.5,223,0
6a7fd8e7700f451f4ed7e5ca,9,3,9.363636363636363,223,0
6a7fd8e7700f451f4ed7e5ca,8,6,8.916666666666666,223,0
6a7fd8e7700f451f4ed7e5ca,7,6,8.846153846153847,223,0
6a7fd8e7700f451f4ed7e5ca,6,7,8.714285714285714,223,0
6a7fd8e7700f451f4ed7e5ca,5,7,8.533333333333333,223,0
6a7fd8e7700f451f4ed7e5ca,4,7,8.9375,223,0
6a7fd8e7700f451f4ed7e5ca,3,7,8.941176470588236,223,0
6a7fd8e7700f451f4ed7e5ca,3,7,9,223,0
6a7fd8e7700f451f4ed7e5ca,2,7,8.777777777777779,223,0
6a7fd8e7700f451f4ed7e5ca,2,7,8.833333333333334,223,0
6a7fd8e7700f451f4ed7e5ca,1,7,8.68421052631579,223,0
6a7fd8e7700f451f4ed7e5ce,19,0,6,154,1
6a7fd8e7700f451f4ed7e5ce,18,1,5,154,1
6a7fd8e7700f451f4ed7e5ce,17,1,9,154,1
6a7fd8e7700f451f4ed7e5ce,16,1,8.25,154,1
6a7fd8e7700f451f4ed7e5ce,15,1,7.4,154,1
6a7fd8e7700f451f4ed7e5ce,14,1,7.166666666666667,154,1
6a7fd8e7700f451f4ed7e5ce,13,1,9.285714285714286,154,1
6a7fd8e7700f451f4ed7e5ce,12,1,9.875,154,1
6a7fd8e7700f451f4ed7e5ce,11,1,10.222222222222221,154,1
6a7fd8e7700f451f4ed7e5ce,10,1,9.6,154,1
6a7fd8e7700f451f4ed7e5ce,9,2,9.363636363636363,154,1
6a7fd8e7700f451f4ed7e5ce,9,2,9.727272727272727,154,1
6a7fd8e7700f451f4ed7e5ce,8,3,10.25,154,1
6a7fd8e7700f451f4ed7e5ce,7,4,10.153846153846153,154,1
6a7fd8e7700f451f4ed7e5ce,6,4,10.071428571428571,154,1
6a7fd8e7700f451f4ed7e5ce,5,4,10.133333333333333,154,1
6a7fd8e7700f451f4ed7e5d2,19,0,4,210,0
6a7fd8e7700f451f4ed7e5d2,18,0,3.5,210,0
6a7fd8e7700f451f4ed7e5d2,17,0,7.333333333333333,210,0
6a7fd8e7700f451f4ed7e5d2,16,0,8,210,0
6a7fd8e7700f451f4ed7e5d2,15,1,7.4,210,0
6a7fd8e7700f451f4ed7e5d2,14,1,9.5,210,0
6a7fd8e7700f451f4ed7e5d2,13,1,8.571428571428571,210,0
6a7fd8e7700f451f4ed7e5d2,12,1,8.25,210,0
6a7fd8e7700f451f4ed7e5d2,11,2,8.444444444444445,210,0
6a7fd8e7700f451f4ed7e5d2,11,2,8.555555555555555,210,0
6a7fd8e7700f451f4ed7e5d2,10,2,8.3,210,0
6a7fd8e7700f451f4ed7e5d2,9,3,8.363636363636363,210,0
6a7fd8e7700f451f4ed7e5d2,8,3,8.833333333333334,210,0
6a7fd8e7700f451f4ed7e5d2,7,4,8.538461538461538,210,0
6a7fd8e7700f451f4ed7e5d2,6,4,8.5,210,0
6a7fd8e7700f451f4ed7e5d2,5,4,8.533333333333333,210,0
6a7fd8e7700f451f4ed7e5d2,5,4,8.6,210,0
6a7fd8e7700f451f4ed7e5d2,4,4,8.625,210,0
6a7fd8e7700f451f4ed7e5d2,3,4,8.941176470588236,210,0
6a7fd8e7700f451f4ed7e5d2,2,5,8.944444444444445,210,0
6a7fd8e7700f451f4ed7e5d2,1,5,9.263157894736842,210,0
6a7fd8e7700f451f4ed7e5d6,19,0,8,140,1
6a7fd8e7700f451f4ed7e5d6,18,0,8.5,140,1
6a7fd8e7700f451f4ed7e5d6,17,0,9.333333333333334,140,1
6a7fd8e7700f451f4ed7e5d6,17,0,9.666666666666666,140,1
6a7fd8e7700f451f4ed7e5d6,16,0,8,140,1
6a7fd8e7700f451f4ed7e5d6,15,1,8.2,140,1
6a7fd8e7700f451f4ed7e5d6,14,1,10.333333333333334,140,1
6a7fd8e7700f451f4ed7e5d6,13,1,10.428571428571429,140,1
6a7fd8e7700f451f4ed7e5d6,12,1,9.625,140,1
6a7fd8e7700f451f4ed7e5d6,11,3,9.666666666666666,140,1
6a7fd8e7700f451f4ed7e5d6,10,3,10,140,1
6a7fd8e7700f451f4ed7e5d6,9,3,9.636363636363637,140,1
6a7fd8e7700f451f4ed7e5d6,8,3,9,140,1
6a7fd8e7700f451f4ed7e5d6,7,3,8.846153846153847,140,1
6a7fd8e7700f451f4ed7e5d6,6,4,8.785714285714286,140,1
6a7fd8e7700f451f4ed7e5d6,5,5,9.266666666666667,140,1
6a7fd8e7700f451f4ed7e5da,19,1,9,178,0
6a7fd8e7700f451f4ed7e5da,18,1,9.5,178,0
6a7fd8e7700f451f4ed7e5da,17,1,10.333333333333334,178,0
6a7fd8e7700f451f4ed7e5da,16,1,9.5,178,0
6a7fd8e7700f451f4ed7e5da,15,1,8.6,178,0
6a7fd8e7700f451f4ed7e5da,14,1,9.666666666666666,178,0
6a7fd8e7700f451f4ed7e5da,13,1,8.428571428571429,178,0
6a7fd8e7700f451f4ed7e5da,12,1,8.125,178,0
6a7fd8e7700f451f4ed7e5da,11,1,7.666666666666667,178,0
6a7fd8e7700f451f4ed7e5da,10,2,7.3,178,0
6a7fd8e7700f451f4ed7e5da,9,2,7.545454545454546,178,0
6a7fd8e7700f451f4ed7e5da,8,2,7.25,178,0
6a7fd8e7700f451f4ed7e5da,7,2,7.153846153846154,178,0
6a7fd8e7700f451f4ed7e5da,6,3,7.071428571428571,178,0
6a7fd8e7700f451f4ed7e5da,5,5,7.2,178,0
6a7fd8e7700f451f4ed7e5da,4,5,8.0625,178,0
6a7fd8e7700f451f4ed7e5da,3,5,8,178,0
6a7fd8e7700f451f4ed7e5da,2,6,8.166666666666666,178,0
6a7fd8e7700f451f4ed7e5da,1,7,8.157894736842104,178,0
6a7fd8e7700f451f4ed7e5de,19,0,11,173,1
6a7fd8e7700f451f4ed7e5de,18,1,7.5,173,1
6a7fd8e7700f451f4ed7e5de,17,2,6.333333333333333,173,1
6a7fd8e7700f451f4ed7e5de,16,2,5.75,173,1
6a7fd8e7700f451f4ed7e5de,15,2,5.6,173,1
6a7fd8e7700f451f4ed7e5de,14,2,6,173,1
6a7fd8e7700f451f4ed7e5de,14,2,6.166666666666667,173,1
6a7fd8e7700f451f4ed7e5de,13,2,6.857142857142857,173,1
6a7fd8e7700f451f4ed7e5de,12,2,7.5,173,1
6a7fd8e7700f451f4ed7e5de,11,2,7.888888888888889,173,1
6a7fd8e7700f451f4ed7e5de,10,2,8,173,1
6a7fd8e7700f451f4ed7e5de,9,2,8.454545454545455,173,1
6a7fd8e7700f451f4ed7e5de,8,2,8.666666666666666,173,1
6a7fd8e7700f451f4ed7e5de,7,2,8.615384615384615,173,1
6a7fd8e7700f451f4ed7e5de,6,2,9,173,1
6a7fd8e7700f451f4ed7e5de,5,2,9.066666666666666,173,1
6a7fd8e7700f451f4ed7e5de,4,2,8.8125,173,1
6a7fd8e7700f451f4ed7e5de,4,2,8.875,173,1
6a7fd8e7700f451f4ed7e5de,3,3,8.882352941176471,173,1
6a7fd8e7700f451f4ed7e5de,2,3,8.444444444444445,173,1
6a7fd8e7700f451f4ed7e5de,1,3,8.789473684210526,173,1
6a7fd8e7700f451f4ed7e5e2,19,0,10,179,0
6a7fd8e7700f451f4ed7e5e2,18,0,8,179,0
6a7fd8e7700f451f4ed7e5e2,17,2,7.333333333333333,179,0
6a7fd8e7700f451f4ed7e5e2,16,2,8,179,0
6a7fd8e7700f451f4ed7e5e2,15,2,7.2,179,0
6a7fd8e7700f451f4ed7e5e2,14,2,7.5,179,0
6a7fd8e7700f451f4ed7e5e2,13,2,7.428571428571429,179,0
6a7fd8e7700f451f4ed7e5e2,12,2,6.75,179,0
6a7fd8e7700f451f4ed7e5e2,11,4,6.555555555555555,179,0
6a7fd8e7700f451f4ed7e5e2,10,5,6.2,179,0
6a7fd8e7700f451f4ed7e5e2,9,5,6,179,0
6a7fd8e7700f451f4ed7e5e2,8,5,6,179,0
6a7fd8e7700f451f4ed7e5e2,7,5,6.538461538461538,179,0
6a7fd8e7700f451f4ed7e5e2,6,5,6.642857142857143,179,0
6a7fd8e7700f451f4ed7e5e2,5,5,6.866666666666666,179,0
6a7fd8e7700f451f4ed7e5e2,4,5,7.375,179,0
6a7fd8e7700f451f4ed7e5e2,3,5,7.529411764705882,179,0
6a7fd8e7700f451f4ed7e5e2,2,6,7.777777777777778,179,0
6a7fd8e7700f451f4ed7e5e2,1,6,7.631578947368421,179,0
6a7fd8e7700f451f4ed7e5e6,19,0,5,200,0
6a7fd8e7700f451f4ed7e5e6,18,1,7.5,200,0
6a7fd8e7700f451f4ed7e5e6,17,1,7.333333333333333,200,0
6a7fd8e7700f451f4ed7e5e6,16,1,8,200,0
6a7fd8e7700f451f4ed7e5e6,15,1,7.4,200,0
6a7fd8e7700f451f4ed7e5e6,15,1,7.6,200,0
6a7fd8e7700f451f4ed7e5e6,14,2,6.666666666666667,200,0
6a7fd8e7700f451f4ed7e5e6,14,2,6.833333333333333,200,0
6a7fd8e7700f451f4ed7e5e6,13,2,7,200,0
6a7fd8e7700f451f4ed7e5e6,12,2,7.875,200,0
6a7fd8e7700f451f4ed7e5e6,11,2,8.11111111111111,200,0
6a7fd8e7700f451f4ed7e5e6,10,2,9,200,0
6a7fd8e7700f451f4ed7e5e6,9,2,8.909090909090908,200,0
6a7fd8e7700f451f4ed7e5e6,8,2,9.333333333333334,200,0
6a7fd8e7700f451f4ed7e5e6,7,2,9.307692307692308,200,0
6a7fd8e7700f451f4ed7e5e6,6,2,9,200,0
6a7fd8e7700f451f4ed7e5e6,6,2,9.071428571428571,200,0
6a7fd8e7700f451f4ed7e5e6,6,2,9.142857142857142,200,0
6a7fd8e7700f451f4ed7e5e6,5,2,9,200,0
6a7fd8e7700f451f4ed7e5e6,4,2,9.1875,200,0
6a7fd8e7700f451f4ed7e5e6,3,3,8.882352941176471,200,0
6a7fd8e7700f451f4ed7e5e6,2,4,8.722222222222221,200,0
6a7fd8e7700f451f4ed7e5e6,1,4,8.947368421052632,200,0
6a7fd8e7700f451f4ed7e5ea,19,0,10,190,0
6a7fd8e7700f451f4ed7e5ea,18,0,10,190,0
6a7fd8e7700f451f4ed7e5ea,17,1,9.333333333333334,190,0
6a7fd8e7700f451f4ed7e5ea,16,1,8.5,190,0
6a7fd8e7700f451f4ed7e5ea,15,1,11,190,0
6a7fd8e7700f451f4ed7e5ea,14,1,10.333333333333334,190,0
6a7fd8e7700f451f4ed7e5ea,13,1,10.285714285714286,190,0
6a7fd8e7700f451f4ed7e5ea,12,1,10.5,190,0
6a7fd8e7700f451f4ed7e5ea,12,1,10.625,190,0
6a7fd8e7700f451f4ed7e5ea,11,1,9.88888888888889,190,0
6a7fd8e7700f451f4ed7e5ea,10,1,10,190,0
6a7fd8e7700f451f4ed7e5ea,9,1,9.545454545454545,190,0
6a7fd8e7700f451f4ed7e5ea,8,1,9.083333333333334,190,0
6a7fd8e7700f451f4ed7e5ea,7,1,9.153846153846153,190,0
6a7fd8e7700f451f4ed7e5ea,6,1,9.285714285714286,190,0
6a7fd8e7700f451f4ed7e5ea,5,1,9.4,190,0
6a7fd8e7700f451f4ed7e5ea,4,1,9.1875,190,0
6a7fd8e7700f451f4ed7e5ea,3,1,8.941176470588236,190,0
6a7fd8e7700f451f4ed7e5ea,3,1,9,190,0
6a7fd8e7700f451f4ed7e5ea,2,1,9.11111111111111,190,0
6a7fd8e7700f451f4ed7e5ea,1,1,8.947368421052632,190,0
6a7fd8e8700f451f4ed7e5ee,19,0,2,189,1
6a7fd8e8700f451f4ed7e5ee,19,0,3,189,1
6a7fd8e8700f451f4ed7e5ee,18,0,7,189,1
6a7fd8e8700f451f4ed7e5ee,17,1,7.333333333333333,189,1
6a7fd8e8700f451f4ed7e5ee,16,1,8.5,189,1
6a7fd8e8700f451f4ed7e5ee,15,1,9.4,189,1
6a7fd8e8700f451f4ed7e5ee,14,1,8.5,189,1
6a7fd8e8700f451f4ed7e5ee,13,1,8.428571428571429,189,1
6a7fd8e8700f451f4ed7e5ee,12,1,9.375,189,1
6a7fd8e8700f451f4ed7e5ee,11,2,9.333333333333334,189,1
6a7fd8e8700f451f4ed7e5ee,10,2,9.8,189,1
6a7fd8e8700f451f4ed7e5ee,9,3,9.181818181818182,189,1
6a7fd8e8700f451f4ed7e5ee,8,3,8.833333333333334,189,1
6a7fd8e8700f451f4ed7e5ee,7,3,9.384615384615385,189,1
6a7fd8e8700f451f4ed7e5ee,7,3,9.615384615384615,189,1
6a7fd8e8700f451f4ed7e5ee,6,3,9.571428571428571,189,1
6a7fd8e8700f451f4ed7e5ee,5,3,9.866666666666667,189,1
6a7fd8e8700f451f4ed7e5ee,4,3,10,189,1
6a7fd8e8700f451f4ed7e5ee,3,3,10.470588235294118,189,1
6a7fd8e8700f451f4ed7e5ee,2,3,10.277777777777779,189,1
6a7fd8e8700f451f4ed7e5f2,19,0,10,201,0
6a7fd8e8700f451f4ed7e5f2,18,1,6,201,0
6a7fd8e8700f451f4ed7e5f2,17,1,10,201,0
6a7fd8e8700f451f4ed7e5f2,17,1,10.333333333333334,201,0
6a7fd8e8700f451f4ed7e5f2,16,1,11.25,201,0
6a7fd8e8700f451f4ed7e5f2,15,1,10.4,201,0
6a7fd8e8700f451f4ed7e5f2,14,2,9.166666666666666,201,0
6a7fd8e8700f451f4ed7e5f2,13,2,9.285714285714286,201,0
6a7fd8e8700f451f4ed7e5f2,12,3,8.875,201,0
6a7fd8e8700f451f4ed7e5f2,11,3,9.11111111111111,201,0
6a7fd8e8700f451f4ed7e5f2,10,3,9.2,201,0
6a7fd8e8700f451f4ed7e5f2,9,3,8.818181818181818,201,0
6a7fd8e8700f451f4ed7e5f2,8,4,8.583333333333334,201,0
6a7fd8e8700f451f4ed7e5f2,7,4,8.76923076923077,201,0
6a7fd8e8700f451f4ed7e5f2,6,5,8.928571428571429,201,0
6a7fd8e8700f451f4ed7e5f2,5,5,8.933333333333334,201,0
6a7fd8e8700f451f4ed7e5f2,4,5,8.75,201,0
6a7fd8e8700f451f4ed7e5f2,3,5,8.588235294117647,201,0
6a7fd8e8700f451f4ed7e5f2,2,5,8.444444444444445,201,0
6a7fd8e8700f451f4ed7e5f2,1,5,8.789473684210526,201,0
6a7fd8e8700f451f4ed7e5f6,19,0,6,177,0
6a7fd8e8700f451f4ed7e5f6,18,1,7,177,0
6a7fd8e8700f451f4ed7e5f6,17,2,7.333333333333333,177,0
6a7fd8e8700f451f4ed7e5f6,16,2,6.75,177,0
6a7fd8e8700f451f4ed7e5f6,15,2,8.8,177,0
6a7fd8e8700f451f4ed7e5f6,14,3,8.833333333333334,177,0
6a7fd8e8700f451f4ed7e5f6,13,5,8.142857142857142,177,0
6a7fd8e8700f451f4ed7e5f6,12,6,8.125,177,0
6a7fd8e8700f451f4ed7e5f6,11,6,8.11111111111111,177,0
6a7fd8e8700f451f4ed7e5f6,10,6,7.9,177,0
6a7fd8e8700f451f4ed7e5f6,9,6,7.909090909090909,177,0
6a7fd8e8700f451f4ed7e5f6,8,7,8.25,177,0
6a7fd8e8700f451f4ed7e5f6,7,7,8.076923076923077,177,0
6a7fd8e8700f451f4ed7e5f6,6,7,8,177,0
6a7fd8e8700f451f4ed7e5f6,5,7,8.333333333333334,177,0
6a7fd8e8700f451f4ed7e5f6,4,7,8.125,177,0
6a7fd8e8700f451f4ed7e5f6,3,8,8.235294117647058,177,0
6a7fd8e8700f451f4ed7e5f6,2,8,8.11111111111111,177,0
6a7fd8e8700f451f4ed7e5f6,1,8,8.105263157894736,177,0
6a7fd8e8700f451f4ed7e5fa,19,0,13,183,0
6a7fd8e8700f451f4ed7e5fa,18,0,7.5,183,0
6a7fd8e8700f451f4ed7e5fa,17,0,9,183,0
6a7fd8e8700f451f4ed7e5fa,16,0,9.25,183,0
6a7fd8e8700f451f4ed7e5fa,15,0,8.6,183,0
6a7fd8e8700f451f4ed7e5fa,14,0,8.333333333333334,183,0
6a7fd8e8700f451f4ed7e5fa,13,0,8.714285714285714,183,0
6a7fd8e8700f451f4ed7e5fa,12,0,8.25,183,0
6a7fd8e8700f451f4ed7e5fa,12,0,8.375,183,0
6a7fd8e8700f451f4ed7e5fa,11,0,9.555555555555555,183,0
6a7fd8e8700f451f4ed7e5fa,10,0,9.2,183,0
6a7fd8e8700f451f4ed7e5fa,9,0,8.727272727272727,183,0
6a7fd8e8700f451f4ed7e5fa,8,0,8.833333333333334,183,0
6a7fd8e8700f451f4ed7e5fa,7,0,9.076923076923077,183,0
6a7fd8e8700f451f4ed7e5fa,6,1,8.5,183,0
6a7fd8e8700f451f4ed7e5fa,5,1,8.4,183,0
6a7fd8e8700f451f4ed7e5fa,4,1,8.375,183,0
6a7fd8e8700f451f4ed7e5fa,3,2,8.705882352941176,183,0
6a7fd8e8700f451f4ed7e5fa,2,2,8.555555555555555,183,0
6a7fd8e8700f451f4ed7e5fa,1,3,9.052631578947368,183,0
6a7fd920700f451f4edaba4e,19,0,17,210,0
6a7fd920700f451f4edaba4e,18,0,11,210,0
6a7fd920700f451f4edaba4e,17,1,8.666666666666666,210,0
6a7fd920700f451f4edaba4e,16,1,8,210,0
6a7fd920700f451f4edaba4e,15,2,7.8,210,0
6a7fd920700f451f4edaba4e,14,3,7.5,210,0
6a7fd920700f451f4edaba4e,13,4,7.428571428571429,210,0
6a7fd920700f451f4edaba4e,12,5,7.75,210,0
6a7fd920700f451f4edaba4e,11,5,8,210,0
6a7fd920700f451f4edaba4e,10,5,8.2,210,0
6a7fd920700f451f4edaba4e,9,7,7.545454545454546,210,0
6a7fd920700f451f4edaba4e,8,7,7.666666666666667,210,0
6a7fd920700f451f4edaba4e,8,7,7.75,210,0
6a7fd920700f451f4edaba4e,7,7,7.923076923076923,210,0
6a7fd920700f451f4edaba4e,6,7,7.928571428571429,210,0
6a7fd920700f451f4edaba4e,5,7,7.933333333333334,210,0
6a7fd920700f451f4edaba4e,4,8,8.125,210,0
6a7fd920700f451f4edaba4e,3,8,8.470588235294118,210,0
6a7fd920700f451f4edaba4e,2,8,8.666666666666666,210,0
6a7fd920700f451f4edaba4e,1,8,8.68421052631579,210,0
6a7fd920700f451f4edaba52,19,0,8,159,1
6a7fd920700f451f4edaba52,19,0,9,159,1
6a7fd920700f451f4edaba52,19,0,10,159,1
6a7fd920700f451f4edaba52,18,1,6,159,1
6a7fd920700f451f4edaba52,17,1,6,159,1
6a7fd920700f451f4edaba52,16,1,7.5,159,1
6a7fd920700f451f4edaba52,15,3,7.2,159,1
6a7fd920700f451f4edaba52,14,3,7.833333333333333,159,1
6a7fd920700f451f4edaba52,13,3,8,159,1
6a7fd920700f451f4edaba52,12,3,8,159,1
6a7fd920700f451f4edaba52,11,3,8.555555555555555,159,1
6a7fd920700f451f4edaba52,10,3,9.2,159,1
6a7fd920700f451f4edaba52,9,3,9,159,1
6a7fd920700f451f4edaba52,8,3,8.75,159,1
6a7fd920700f451f4edaba52,7,3,8.846153846153847,159,1
6a7fd920700f451f4edaba52,6,3,8.5,159,1
6a7fd920700f451f4edaba52,6,3,8.571428571428571,159,1
6a7fd920700f451f4edaba52,6,3,8.642857142857142,159,1
6a7fd920700f451f4edaba52,5,3,8.666666666666666,159,1
6a7fd920700f451f4edaba52,4,3,8.25,159,1
6a7fd920700f451f4edaba52,3,3,8.352941176470589,159,1
6a7fd920700f451f4edaba52,2,3,8.277777777777779,159,1
6a7fd920700f451f4edaba52,1,3,8.421052631578947,159,1
6a7fd920700f451f4edaba56,19,1,4,181,0
6a7fd920700f451f4edaba56,18,1,7.5,181,0
6a7fd920700f451f4edaba56,17,2,6.666666666666667,181,0
6a7fd920700f451f4edaba56,16,3,8.5,181,0
6a7fd920700f451f4edaba56,15,3,8.2,181,0
6a7fd920700f451f4edaba56,14,3,8.666666666666666,181,0
6a7fd920700f451f4edaba56,13,3,7.857142857142857,181,0
6a7fd920700f451f4edaba56,12,5,7.875,181,0
6a7fd920700f451f4edaba56,11,5,7.888888888888889,181,0
6a7fd920700f451f4edaba56,10,5,7.9,181,0
6a7fd920700f451f4edaba56,9,5,7.7272727272727275,181,0
6a7fd920700f451f4edaba56,8,5,7.916666666666667,181,0
6a7fd920700f451f4edaba56,7,6,7.384615384615385,181,0
6a7fd920700f451f4edaba56,6,6,7.5,181,0
6a7fd920700f451f4edaba56,5,6,7.266666666666667,181,0
6a7fd920700f451f4edaba56,4,7,6.9375,181,0
6a7fd920700f451f4edaba56,3,7,7,181,0
6a7fd920700f451f4edaba56,2,7,7.111111111111111,181,0
6a7fd920700f451f4edaba56,1,8,6.947368421052632,181,0
6a7fd920700f451f4edaba5a,19,0,9,153,1
6a7fd920700f451f4edaba5a,18,0,6.5,153,1
6a7fd920700f451f4edaba5a,18,0,7,153,1
6a7fd920700f451f4edaba5a,17,0,6.666666666666667,153,1
6a7fd920700f451f4edaba5a,16,0,7,153,1
6a7fd920700f451f4edaba5a,15,1,6.6,153,1
6a7fd920700f451f4edaba5a,15,1,6.8,153,1
6a7fd920700f451f4edaba5a,14,2,6.833333333333333,153,1
6a7fd920700f451f4edaba5a,13,2,7.142857142857143,153,1
6a7fd920700f451f4edaba5a,12,2,6.5,153,1
6a7fd920700f451f4edaba5a,11,2,7.333333333333333,153,1
6a7fd920700f451f4edaba5a,10,2,8,153,1
6a7fd920700f451f4edaba5a,9,2,7.7272727272727275,153,1
6a7fd920700f451f4edaba5a,8,2,7.916666666666667,153,1
6a7fd920700f451f4edaba5a,7,2,8.307692307692308,153,1
6a7fd920700f451f4edaba5a,6,2,8.714285714285714,153,1
6a7fd920700f451f4edaba5a,5,3,8.333333333333334,153,1
6a7fd920700f451f4edaba5a,4,3,8.8125,153,1
6a7fd920700f451f4edaba5a,3,3,8.882352941176471,153,1
6a7fd922700f451f4edac8d9,19,0,3,136,1
6a7fd922700f451f4edac8d9,18,0,8,136,1
6a7fd922700f451f4edac8d9,17,0,8.333333333333334,136,1
6a7fd922700f451f4edac8d9,16,1,8.5,136,1
6a7fd922700f451f4edac8d9,15,1,10.2,136,1
6a7fd922700f451f4edac8d9,14,1,10.166666666666666,136,1
6a7fd922700f451f4edac8d9,13,1,10.428571428571429,136,1
6a7fd922700f451f4edac8d9,12,2,9.5,136,1
6a7fd922700f451f4edac8d9,11,2,9,136,1
6a7fd922700f451f4edac8d9,10,3,8.8,136,1
6a7fd922700f451f4edac8d9,9,3,8.545454545454545,136,1
6a7fd922700f451f4edac8d9,8,3,8.583333333333334,136,1
6a7fd922700f451f4edac8d9,7,3,9.076923076923077,136,1
6a7fd922700f451f4edac8d9,6,3,9,136,1
6a7fd922700f451f4edac8d9,5,3,8.866666666666667,136,1
6a7fd922700f451f4edac8dd,19,1,13,126,0
6a7fd922700f451f4edac8dd,18,3,7.5,126,0
6a7fd922700f451f4edac8dd,17,3,8.666666666666666,126,0
6a7fd922700f451f4edac8dd,16,4,7.5,126,0
6a7fd922700f451f4edac8dd,15,5,6.6,126,0
6a7fd922700f451f4edac8dd,14,6,6.5,126,0
6a7fd922700f451f4edac8dd,13,6,8.142857142857142,126,0
6a7fd922700f451f4edac8dd,12,6,8.5,126,0
6a7fd922700f451f4edac8dd,11,7,8.444444444444445,126,0
6a7fd922700f451f4edac8dd,10,7,8.3,126,0
6a7fd922700f451f4edac8dd,9,8,8.090909090909092,126,0
6a7fd922700f451f4edac8dd,8,8,7.833333333333333,126,0
6a7fd922700f451f4edac8dd,7,8,8.23076923076923,126,0
6a7fd922700f451f4edac8dd,6,9,8.071428571428571,126,0
6a7fd922700f451f4edac8dd,5,9,8.133333333333333,126,0
6a7fd922700f451f4edacf9e,19,0,4,188,0
6a7fd922700f451f4edacf9e,18,1,6,188,0
6a7fd922700f451f4edacf9e,17,1,5.666666666666667,188,0
6a7fd922700f451f4edacf9e,16,1,6.75,188,0
6a7fd922700f451f4edacf9e,15,1,6,188,0
6a7fd922700f451f4edacf9e,14,2,6.166666666666667,188,0
6a7fd922700f451f4edacf9e,13,3,6.714285714285714,188,0
6a7fd922700f451f4edacf9e,12,4,7.375,188,0
6a7fd922700f451f4edacf9e,11,4,8.222222222222221,188,0
6a7fd922700f451f4edacf9e,10,4,9.5,188,0
6a7fd922700f451f4edacf9e,9,5,9,188,0
6a7fd922700f451f4edacf9e,8,5,9.416666666666666,188,0
6a7fd922700f451f4edacf9e,8,5,9.5,188,0
6a7fd922700f451f4edacf9e,7,5,9.384615384615385,188,0
6a7fd922700f451f4edacf9e,6,5,9.285714285714286,188,0
6a7fd922700f451f4edacf9e,5,6,9,188,0
6a7fd922700f451f4edacf9e,4,6,8.75,188,0
6a7fd922700f451f4edacf9e,3,7,8.588235294117647,188,0
6a7fd922700f451f4edacf9e,2,7,8.555555555555555,188,0
6a7fd922700f451f4edacf9e,1,7,8.736842105263158,188,0
6a7fd925700f451f4edb2c93,19,0,2,183,0
6a7fd925700f451f4edb2c93,18,0,7,183,0
6a7fd925700f451f4edb2c93,17,1,8,183,0
6a7fd925700f451f4edb2c93,16,1,10.25,183,0
6a7fd925700f451f4edb2c93,15,1,9.2,183,0
6a7fd925700f451f4edb2c93,14,1,10.666666666666666,183,0
6a7fd925700f451f4edb2c93,13,4,9.857142857142858,183,0
6a7fd925700f451f4edb2c93,12,5,9.25,183,0
6a7fd925700f451f4edb2c93,11,5,9.333333333333334,183,0
6a7fd925700f451f4edb2c93,10,5,8.6,183,0
6a7fd925700f451f4edb2c93,9,6,7.909090909090909,183,0
6a7fd925700f451f4edb2c93,8,6,7.75,183,0
6a7fd925700f451f4edb2c93,7,6,8.23076923076923,183,0
6a7fd925700f451f4edb2c93,6,6,8.642857142857142,183,0
6a7fd925700f451f4edb2c93,5,6,8.733333333333333,183,0
6a7fd925700f451f4edb2c93,4,6,8.875,183,0
6a7fd925700f451f4edb2c93,3,6,8.705882352941176,183,0
6a7fd925700f451f4edb2c93,2,6,8.61111111111111,183,0
6a7fd925700f451f4edb2c93,1,6,8.578947368421053,183,0
6a7fd925700f451f4edb2c97,19,1,6,194,0
6a7fd925700f451f4edb2c97,18,1,5.5,194,0
6a7fd925700f451f4edb2c97,17,1,6.333333333333333,194,0
6a7fd925700f451f4edb2c97,16,1,7,194,0
6a7fd925700f451f4edb2c97,15,1,8,194,0
6a7fd925700f451f4edb2c97,14,3,8.166666666666666,194,0
6a7fd925700f451f4edb2c97,13,3,8.428571428571429,194,0
6a7fd925700f451f4edb2c97,12,3,8.5,194,0
6a7fd925700f451f4edb2c97,11,4,7.888888888888889,194,0
6a7fd925700f451f4edb2c97,10,5,8.5,194,0
6a7fd925700f451f4edb2c97,9,5,8.454545454545455,194,0
6a7fd925700f451f4edb2c97,9,5,8.545454545454545,194,0
6a7fd925700f451f4edb2c97,8,6,8.5,194,0
6a7fd925700f451f4edb2c97,7,6,8.153846153846153,194,0
6a7fd925700f451f4edb2c97,6,6,8.214285714285714,194,0
6a7fd925700f451f4edb2c97,5,6,8.266666666666667,194,0
6a7fd925700f451f4edb2c97,4,7,8.1875,194,0
6a7fd925700f451f4edb2c97,3,7,8.294117647058824,194,0
6a7fd925700f451f4edb2c97,2,7,8.222222222222221,194,0
6a7fd925700f451f4edb2c97,1,7,8,194,0
6a7fd925700f451f4edb2c9b,19,0,14,168,0
6a7fd925700f451f4edb2c9b,18,2,8.5,168,0
6a7fd925700f451f4edb2c9b,17,2,8.666666666666666,168,0
6a7fd925700f451f4edb2c9b,16,2,7,168,0
6a7fd925700f451f4edb2c9b,15,2,6.4,168,0
6a7fd925700f451f4edb2c9b,14,2,6.666666666666667,168,0
6a7fd925700f451f4edb2c9b,13,3,6.714285714285714,168,0
6a7fd925700f451f4edb2c9b,12,3,7.25,168,0
6a7fd925700f451f4edb2c9b,11,3,8.222222222222221,168,0
6a7fd925700f451f4edb2c9b,10,4,7.9,168,0
6a7fd925700f451f4edb2c9b,9,4,8.272727272727273,168,0
6a7fd925700f451f4edb2c9b,8,4,8.25,168,0
6a7fd925700f451f4edb2c9b,7,4,7.846153846153846,168,0
6a7fd925700f451f4edb2c9b,6,5,7.785714285714286,168,0
6a7fd925700f451f4edb2c9b,5,6,7.8,168,0
6a7fd925700f451f4edb2c9b,4,6,7.6875,168,0
6a7fd925700f451f4edb2c9b,4,6,7.75,168,0
6a7fd925700f451f4edb2c9b,3,7,8,168,0
6a7fd925700f451f4edb2c9b,2,7,8.277777777777779,168,0
6a7fd925700f451f4edb2c9b,1,7,8.263157894736842,168,0
6a7fd925700f451f4edb2c9f,19,1,15,181,0
6a7fd925700f451f4edb2c9f,18,1,13,181,0
6a7fd925700f451f4edb2c9f,17,1,10,181,0
6a7fd925700f451f4edb2c9f,16,1,8.25,181,0
6a7fd925700f451f4edb2c9f,15,1,8.8,181,0
6a7fd925700f451f4edb2c9f,15,1,9,181,0
6a7fd925700f451f4edb2c9f,14,2,9.166666666666666,181,0
6a7fd925700f451f4edb2c9f,13,2,9.285714285714286,181,0
6a7fd925700f451f4edb2c9f,12,2,10,181,0
6a7fd925700f451f4edb2c9f,11,2,9.88888888888889,181,0
6a7fd925700f451f4edb2c9f,10,2,10.2,181,0
6a7fd925700f451f4edb2c9f,9,2,9.636363636363637,181,0
6a7fd925700f451f4edb2c9f,8,2,9.75,181,0
6a7fd925700f451f4edb2c9f,7,2,9.615384615384615,181,0
6a7fd925700f451f4edb2c9f,6,2,9.642857142857142,181,0
6a7fd925700f451f4edb2c9f,5,2,9.133333333333333,181,0
6a7fd925700f451f4edb2c9f,4,2,8.8125,181,0
6a7fd925700f451f4edb2c9f,3,2,8.764705882352942,181,0
6a7fd925700f451f4edb2c9f,2,4,8.38888888888889,181,0
6a7fd925700f451f4edb2c9f,1,4,8.473684210526315,181,0
6a7fd926700f451f4edb3b6d,19,0,11,160,1
6a7fd926700f451f4edb3b6d,18,0,8.5,160,1
6a7fd926700f451f4edb3b6d,17,0,8,160,1
6a7fd926700f451f4edb3b6d,16,0,9,160,1
6a7fd926700f451f4edb3b6d,15,0,9.6,160,1
6a7fd926700f451f4edb3b6d,14,0,8.333333333333334,160,1
6a7fd926700f451f4edb3b6d,13,0,9.428571428571429,160,1
6a7fd926700f451f4edb3b6d,12,1,10,160,1
6a7fd926700f451f4edb3b6d,11,1,9.666666666666666,160,1
6a7fd926700f451f4edb3b6d,11,1,9.777777777777779,160,1
6a7fd926700f451f4edb3b6d,10,1,9.3,160,1
6a7fd926700f451f4edb3b6d,9,2,9,160,1
6a7fd926700f451f4edb3b6d,8,3,8.5,160,1
6a7fd926700f451f4edb3b6d,7,4,8.615384615384615,160,1
6a7fd926700f451f4edb3b6d,6,4,8.714285714285714,160,1
6a7fd926700f451f4edb3b6d,5,5,9.2,160,1
6a7fd926700f451f4edb3b6d,4,6,9.0625,160,1
6a7fd926700f451f4edb3b6d,3,7,8.882352941176471,160,1
6a7fd926700f451f4edb3b6d,2,8,8.833333333333334,160,1
6a7fd926700f451f4edb3b71,19,0,6,161,1
6a7fd926700f451f4edb3b71,18,0,5.5,161,1
6a7fd926700f451f4edb3b71,17,0,7,161,1
6a7fd926700f451f4edb3b71,16,0,6.5,161,1
6a7fd926700f451f4edb3b71,15,1,7.8,161,1
6a7fd926700f451f4edb3b71,14,1,7.166666666666667,161,1
6a7fd926700f451f4edb3b71,13,1,6.857142857142857,161,1
6a7fd926700f451f4edb3b71,12,1,6.375,161,1
6a7fd926700f451f4edb3b71,11,1,6.888888888888889,161,1
6a7fd926700f451f4edb3b71,11,1,7,161,1
6a7fd926700f451f4edb3b71,10,2,6.6,161,1
6a7fd926700f451f4edb3b71,9,2,6.363636363636363,161,1
6a7fd926700f451f4edb3b71,8,2,7.583333333333333,161,1
6a7fd926700f451f4edb3b71,7,3,8.153846153846153,161,1
6a7fd926700f451f4edb3b71,6,3,8.5,161,1
6a7fd926700f451f4edb3b71,5,3,8.333333333333334,161,1
6a7fd926700f451f4edb3b71,5,3,8.666666666666666,161,1
6a7fd926700f451f4edb3b71,5,3,8.733333333333333,161,1
6a7fd926700f451f4edb3b71,4,3,9.4375,161,1
6a7fd926700f451f4edb3b71,3,3,9.411764705882353,161,1
6a7fd927700f451f4edb42a5,19,0,8,170,1
6a7fd927700f451f4edb42a5,18,0,9.5,170,1
6a7fd927700f451f4edb42a5,17,0,8,170,1
6a7fd927700f451f4edb42a5,16,0,7.5,170,1
6a7fd927700f451f4edb42a5,15,1,7.2,170,1
6a7fd927700f451f4edb42a5,14,1,7.333333333333333,170,1
6a7fd927700f451f4edb42a5,13,1,7.428571428571429,170,1
6a7fd927700f451f4edb42a5,12,1,8.375,170,1
6a7fd927700f451f4edb42a5,11,1,8.11111111111111,170,1
6a7fd927700f451f4edb42a5,10,1,8.1,170,1
6a7fd927700f451f4edb42a5,9,2,8.090909090909092,170,1
6a7fd927700f451f4edb42a5,8,2,8.416666666666666,170,1
6a7fd927700f451f4edb42a5,7,2,8.153846153846153,170,1
6a7fd927700f451f4edb42a5,6,2,8.785714285714286,170,1
6a7fd927700f451f4edb42a5,5,2,9.066666666666666,170,1
6a7fd927700f451f4edb42a5,4,2,8.9375,170,1
6a7fd927700f451f4edb42a5,3,2,9.411764705882353,170,1
6a7fd927700f451f4edb42a5,2,2,9.055555555555555,170,1
