match_id,overs_remaining,wickets_down,current_run_rate,target_score,win_probability,balls_remaining,runs_needed,oracle_p
6a7fa1bcd3a7ec788d633e5f,19,1,6,185,0,114,179,0.2947347573967169
6a7fa1bcd3a7ec788d633e5f,18,1,5.5,185,0,108,174,0.22576326861592716
6a7fa1bcd3a7ec788d633e5f,17,1,7.333333333333333,185,0,102,163,0.2560637345178286
6a7fa1bcd3a7ec788d633e5f,16,1,7.75,185,0,96,154,0.25273382456513355
6a7fa1bcd3a7ec788d633e5f,15,2,8,185,0,90,145,0.2461686317243651
6a7fa1bcd3a7ec788d633e5f,14,2,8,185,0,84,137,0.22397686117613852
6a7fa1bcd3a7ec788d633e5f,13,2,7.428571428571429,185,0,78,133,0.13915270876931987
6a7fa1bcd3a7ec788d633e5f,12,2,7.125,185,0,72,128,0.08533892086937887
6a7fa1bcd3a7ec788d633e5f,11,3,7.222222222222222,185,0,66,120,0.06856571110763163
6a7fa1bcd3a7ec788d633e5f,10,4,6.9,185,0,60,116,0.02974323894706008
6a7fa1bcd3a7ec788d633e5f,9,4,7.636363636363637,185,0,54,101,0.06115003920006957
6a7fa1bcd3a7ec788d633e5f,8,4,8.5,185,0,48,83,0.17441047754980207
6a7fa1bcd3a7ec788d633e5f,7,4,8.538461538461538,185,0,42,74,0.16177252298642694
6a7fa1bcd3a7ec788d633e5f,6,5,8.071428571428571,185,0,36,72,0.04864265393009362
6a7fa1bcd3a7ec788d633e5f,5,5,7.733333333333333,185,0,30,69,0.009908669116404277
6a7fa1bcd3a7ec788d633e5f,4,5,7.75,185,0,24,61,0.0040411857065341256
6a7fa1bcd3a7ec788d633e5f,3,6,7.588235294117647,185,0,18,56,0.0003391619382388901
6a7fa1bcd3a7ec788d633e5f,2,6,8.166666666666666,185,0,12,38,0.002194495742630636
6a7fa1bcd3a7ec788d633e5f,1,6,8.263157894736842,185,0,6,28,0.00019288611424018737
6a7fa1bcd3a7ec788d633e63,19,0,7,172,1,114,165,0.5821774224788857
6a7fa1bcd3a7ec788d633e63,18,0,10,172,1,108,152,0.6714425563300875
6a7fa1bcd3a7ec788d633e63,17,0,11.666666666666666,172,1,102,137,0.7916285151980273
6a7fa1bcd3a7ec788d633e63,16,0,10.25,172,1,96,131,0.7485565042208137
6a7fa1bcd3a7ec788d633e63,15,0,11,172,1,90,117,0.8445228646366966
6a7fa1bcd3a7ec788d633e63,14,1,11,172,1,84,106,0.8809952717755035
6a7fa1bcd3a7ec788d633e63,13,2,11,172,1,78,95,0.9114554435444306
6a7fa1bcd3a7ec788d633e63,12,3,10.5,172,1,72,88,0.8929143017665861
6a7fa1bcd3a7ec788d633e63,11,3,10.444444444444445,172,1,66,78,0.9203045493618316
6a7fa1bcd3a7ec788d633e63,10,3,10.2,172,1,60,70,0.9243445733805317
6a7fa1bcd3a7ec788d633e63,9,3,10.363636363636363,172,1,54,58,0.9638909054934082
6a7fa1bcd3a7ec788d633e63,8,3,10.416666666666666,172,1,48,47,0.9836108643438611
6a7fa1bcd3a7ec788d633e63,7,3,10.538461538461538,172,1,42,35,0.9960661758576739
6a7fa1bcd3a7ec788d633e63,6,5,10.571428571428571,172,1,36,24,0.9975616877375219
6a7fa1bcd3a7ec788d633e63,5,5,10.466666666666667,172,1,30,15,0.9995134922665757
6a7fa1bcd3a7ec788d633e63,4,5,10.5,172,1,24,4,0.9999891691464298
6a7fa1bcd3a7ec788d633e67,19,0,15,170,1,114,155,0.7704976971791322
6a7fa1bcd3a7ec788d633e67,18,0,12,170,1,108,146,0.7811466915290319
6a7fa1bcd3a7ec788d633e67,17,0,13,170,1,102,131,0.8769589118957499
6a7fa1bcd3a7ec788d633e67,16,2,11,170,1,96,126,0.8155694365046625
6a7fa1bcd3a7ec788d633e67,15,3,10,170,1,90,120,0.7603326197577981
6a7fa1bcd3a7ec788d633e67,14,3,11,170,1,84,104,0.8802374459669474
6a7fa1bcd3a7ec788d633e67,13,3,10.571428571428571,170,1,78,96,0.887498747702453
6a7fa1bcd3a7ec788d633e67,12,3,9.875,170,1,72,91,0.851342762092164
6a7fa1bcd3a7ec788d633e67,11,3,9.11111111111111,170,1,66,88,0.7551071387171954
6a7fa1bcd3a7ec788d633e67,10,4,8.6,170,1,60,84,0.6347119400497241
6a7fa1bcd3a7ec788d633e67,9,4,8.090909090909092,170,1,54,81,0.46979582208574117
6a7fa1bcd3a7ec788d633e67,8,5,8.583333333333334,170,1,48,67,0.6234831739645933
6a7fa1bcd3a7ec788d633e67,7,5,8.153846153846153,170,1,42,64,0.43839385416159776
6a7fa1bcd3a7ec788d633e67,6,5,7.928571428571429,170,1,36,59,0.3025812816438938
6a7fa1bcd3a7ec788d633e67,5,5,8,170,1,30,50,0.290987269574373
6a7fa1bcd3a7ec788d633e67,4,5,8.375,170,1,24,36,0.4853858801637803
6a7fa1bcd3a7ec788d633e67,3,5,8.588235294117647,170,1,18,24,0.6481083349217301
6a7fa1bcd3a7ec788d633e67,2,6,8.833333333333334,170,1,12,11,0.8907684640305715
6a7fa1bcd3a7ec788d633e67,1,6,8.842105263157896,170,1,6,2,0.9862184616792173
6a7fa1bcd3a7ec788d633e6b,19,0,15,150,1,114,135,0.9634844388527166
6a7fa1bcd3a7ec788d633e6b,18,0,11.5,150,1,108,127,0.9661961016036453
6a7fa1bcd3a7ec788d633e6b,17,1,10.666666666666666,150,1,102,118,0.9658178415115907
6a7fa1bcd3a7ec788d633e6b,16,1,10,150,1,96,110,0.9695861940993411
6a7fa1bcd3a7ec788d633e6b,15,1,10.8,150,1,90,96,0.9883531533872874
6a7fa1bcd3a7ec788d633e6b,14,1,10.5,150,1,84,87,0.9918914109002901
6a7fa1bcd3a7ec788d633e6b,13,1,10.571428571428571,150,1,78,76,0.9963095243119828
6a7fa1bcd3a7ec788d633e6b,12,1,10.25,150,1,72,68,0.9972640647373362
6a7fa1bcd3a7ec788d633e6b,11,2,10,150,1,66,60,0.9972851974123116
6a7fa1bcd3a7ec788d633e6b,10,3,9.9,150,1,60,51,0.9973124510474384
6a7fa1bcd3a7ec788d633e6b,9,3,9.818181818181818,150,1,54,42,0.9988698442234492
6a7fa1bcd3a7ec788d633e6b,8,4,9.666666666666666,150,1,48,34,0.9984399547333032
6a7fa1bcd3a7ec788d633e6b,7,4,9.692307692307692,150,1,42,24,0.9996353105935931
6a7fa1bcd3a7ec788d633e6b,6,4,9.571428571428571,150,1,36,16,0.999924658630148
6a7fa1bcd3a7ec788d633e6b,5,4,9.8,150,1,30,3,0.9999995736853997
6a7fa1bcd3a7ec788d633e6b,4,4,9.5,150,1,24,-2,1
6a7fa1bcd3a7ec788d633e6f,19,0,3,149,1,114,146,0.8890567364974277
6a7fa1bcd3a7ec788d633e6f,18,0,5.5,149,1,108,138,0.8891169250938534
6a7fa1bcd3a7ec788d633e6f,17,1,6.666666666666667,149,1,102,129,0.8916741181315917
6a7fa1bcd3a7ec788d633e6f,16,2,6,149,1,96,125,0.8299923756496029
6a7fa1bcd3a7ec788d633e6f,15,2,5.8,149,1,90,120,0.7830696888702918
6a7fa1bcd3a7ec788d633e6f,14,2,5.833333333333333,149,1,84,114,0.7410939333141858
6a7fa1bcd3a7ec788d633e6f,13,2,6.857142857142857,149,1,78,101,0.8295998630118976
6a7fa1bcd3a7ec788d633e6f,12,2,7.375,149,1,72,90,0.8750805585866245
6a7fa1bcd3a7ec788d633e6f,11,2,8.222222222222221,149,1,66,75,0.952762166023815
6a7fa1bcd3a7ec788d633e6f,10,2,8.7,149,1,60,62,0.9825550234822227
6a7fa1bcd3a7ec788d633e6f,9,2,8.545454545454545,149,1,54,55,0.981435526104604
6a7fa1bcd3a7ec788d633e6f,8,3,8.5,149,1,48,47,0.9836108643438611
6a7fa1bcd3a7ec788d633e6f,7,3,8.153846153846153,149,1,42,43,0.9655685273724403
6a7fa1bcd3a7ec788d633e6f,6,3,7.785714285714286,149,1,36,40,0.9113230412171138
6a7fa1bcd3a7ec788d633e6f,5,3,7.8,149,1,30,32,0.917746534567004
6a7fa1bcd3a7ec788d633e6f,4,3,7.5625,149,1,24,28,0.8245251917321421
6a7fa1bcd3a7ec788d633e6f,3,3,8.235294117647058,149,1,18,9,0.9982603154051848
6a7fa1bcd3a7ec788d633e6f,2,4,8.333333333333334,149,1,12,-1,1
6a7fa1bcd3a7ec788d633e73,19,0,3,199,0,114,196,0.08149835332145033
6a7fa1bcd3a7ec788d633e73,18,2,6.5,199,0,108,186,0.08228214912301718
6a7fa1bcd3a7ec788d633e73,17,2,5.666666666666667,199,0,102,182,0.04664534990584422
6a7fa1bcd3a7ec788d633e73,16,2,6.25,199,0,96,174,0.038317924257611304
6a7fa1bcd3a7ec788d633e73,15,4,6,199,0,90,169,0.01947108979684726
6a7fa1bcd3a7ec788d633e73,14,4,5.5,199,0,84,166,0.007175318173128872
6a7fa1bcd3a7ec788d633e73,13,4,6.714285714285714,199,0,78,152,0.012846229781827237
6a7fa1bcd3a7ec788d633e73,12,5,6.75,199,0,72,145,0.007368095472175621
6a7fa1bcd3a7ec788d633e73,11,5,6.333333333333333,199,0,66,142,0.001947616249234352
6a7fa1bcd3a7ec788d633e73,10,5,6.8,199,0,60,131,0.002053915921745398
6a7fa1bcd3a7ec788d633e73,9,5,6.7272727272727275,199,0,54,125,0.0007048210206582808
6a7fa1bcd3a7ec788d633e73,8,5,7.333333333333333,199,0,48,111,0.0013524518738270992
6a7fa1bcd3a7ec788d633e73,7,5,7.615384615384615,199,0,42,100,0.0012717644402857084
6a7fa1bcd3a7ec788d633e73,6,5,7.571428571428571,199,0,36,93,0.00037468898419212805
6a7fa1bcd3a7ec788d633e73,5,5,7.6,199,0,30,85,0.00010318847858009557
6a7fa1bcd3a7ec788d633e73,4,6,7.75,199,0,24,75,0.00003704510648633883
6a7fa1bcd3a7ec788d633e73,3,6,8.058823529411764,199,0,18,62,0.000028597232072198732
6a7fa1bcd3a7ec788d633e73,2,6,8.333333333333334,199,0,12,49,0.00001207692960917536
6a7fa1bcd3a7ec788d633e73,1,6,8.210526315789474,199,0,6,43,1.4607335716983558e-9
6a7fa1bcd3a7ec788d633e77,19,0,11,175,0,114,164,0.6027633718288312
6a7fa1bcd3a7ec788d633e77,18,0,7,175,0,108,161,0.48070894554304394
6a7fa1bcd3a7ec788d633e77,17,0,7.666666666666667,175,0,102,152,0.483659179720636
6a7fa1bcd3a7ec788d633e77,16,0,6.75,175,0,96,148,0.3739170902096839
6a7fa1bcd3a7ec788d633e77,15,0,6.8,175,0,90,141,0.3290883110552242
6a7fa1bcd3a7ec788d633e77,14,1,6.666666666666667,175,0,84,135,0.2630752844355428
6a7fa1bcd3a7ec788d633e77,13,1,7.285714285714286,175,0,78,124,0.2999622575940968
6a7fa1bcd3a7ec788d633e77,12,1,7.375,175,0,72,116,0.2732613107900152
6a7fa1bcd3a7ec788d633e77,11,1,6.666666666666667,175,0,66,115,0.12377103551937518
6a7fa1bcd3a7ec788d633e77,10,1,6.3,175,0,60,112,0.05355250586098363
6a7fa1bcd3a7ec788d633e77,9,2,6.454545454545454,175,0,54,104,0.0396845162009278
6a7fa1bcd3a7ec788d633e77,8,2,6.833333333333333,175,0,48,93,0.04511349117837512
6a7fa1bcd3a7ec788d633e77,7,2,7.153846153846154,175,0,42,82,0.051233528796376354
6a7fa1bcd3a7ec788d633e77,6,2,6.928571428571429,175,0,36,78,0.015363141730360411
6a7fa1bcd3a7ec788d633e77,5,2,6.933333333333334,175,0,30,71,0.006088507164789996
6a7fa1bcd3a7ec788d633e77,4,3,7.3125,175,0,24,58,0.009223802264154094
6a7fa1bcd3a7ec788d633e77,3,3,7.294117647058823,175,0,18,51,0.0020919550567768275
6a7fa1bcd3a7ec788d633e77,2,3,7.222222222222222,175,0,12,45,0.00009530341709339191
6a7fa1bcd3a7ec788d633e77,1,3,7.2105263157894735,175,0,6,38,1.069882924405232e-7
6a7fa1bcd3a7ec788d633e7b,19,0,7,133,1,114,126,0.9864504346306885
6a7fa1bcd3a7ec788d633e7b,18,0,7,133,1,108,119,0.9873902096603442
6a7fa1bcd3a7ec788d633e7b,17,0,9.666666666666666,133,1,102,104,0.9959476634240253
6a7fa1bcd3a7ec788d633e7b,16,0,9.5,133,1,96,95,0.997425138602636
6a7fa1bcd3a7ec788d633e7b,15,0,11.2,133,1,90,77,0.9996130150373728
6a7fa1bcd3a7ec788d633e7b,14,0,10.333333333333334,133,1,84,71,0.9997174357148709
6a7fa1bcd3a7ec788d633e7b,13,1,11.428571428571429,133,1,78,53,0.9998761383527688
6a7fa1bcd3a7ec788d633e7b,12,1,11.875,133,1,72,38,0.9999829994358826
6a7fa1bcd3a7ec788d633e7b,11,1,11.777777777777779,133,1,66,27,0.9999976422947198
6a7fa1bcd3a7ec788d633e7b,10,1,11,133,1,60,23,0.9999990358632267
6a7fa1bcd3a7ec788d633e7b,9,2,10.636363636363637,133,1,54,16,0.9999988218144862
6a7fa1bcd3a7ec788d633e7b,8,2,10.416666666666666,133,1,48,8,0.9999999395273288
6a7fa1bcd3a7ec788d633e7b,7,2,10,133,1,42,3,0.9999999978195586
6a7fa1bcd3a7ec788d633e7f,19,0,7,183,0,114,176,0.35540987813491126
6a7fa1bcd3a7ec788d633e7f,18,0,7,183,0,108,169,0.3159360420503814
6a7fa1bcd3a7ec788d633e7f,17,0,7,183,0,102,162,0.27600938936145286
6a7fa1bcd3a7ec788d633e7f,16,0,6,183,0,96,159,0.1731295727088793
6a7fa1bcd3a7ec788d633e7f,15,0,6.2,183,0,90,152,0.14018925661028941
6a7fa1bcd3a7ec788d633e7f,14,0,6.833333333333333,183,0,84,142,0.14686265327148545
6a7fa1bcd3a7ec788d633e7f,13,0,7.285714285714286,183,0,78,132,0.15390112852385202
6a7fa1bcd3a7ec788d633e7f,12,0,8,183,0,72,119,0.21284834062873903
6a7fa1bcd3a7ec788d633e7f,11,1,7.666666666666667,183,0,66,114,0.13780416354900832
6a7fa1bcd3a7ec788d633e7f,10,2,7.5,183,0,60,108,0.09017805995655905
6a7fa1bcd3a7ec788d633e7f,9,2,8.454545454545455,183,0,54,90,0.22858423941736658
6a7fa1bcd3a7ec788d633e7f,8,2,8.416666666666666,183,0,48,82,0.19591494035140347
6a7fa1bcd3a7ec788d633e7f,7,2,7.923076923076923,183,0,42,80,0.07032524240430452
6a7fa1bcd3a7ec788d633e7f,6,3,7.857142857142857,183,0,36,73,0.0407973348495349
6a7fa1bcd3a7ec788d633e7f,5,3,7.8,183,0,30,66,0.019684978248644555
6a7fa1bcd3a7ec788d633e7f,4,3,7.75,183,0,24,59,0.007057056798030773
6a7fa1bcd3a7ec788d633e7f,3,3,7.647058823529412,183,0,18,53,0.0010378762017160452
6a7fa1bcd3a7ec788d633e7f,2,3,7.722222222222222,183,0,12,44,0.00015488437900101302
6a7fa1bcd3a7ec788d633e7f,1,3,7.7894736842105265,183,0,6,35,0.000001245192935556801
6a7fa1bcd3a7ec788d633e83,19,0,1,190,0,114,189,0.14903918519401274
6a7fa1bcd3a7ec788d633e83,18,1,5,190,0,108,180,0.14303566340926258
6a7fa1bcd3a7ec788d633e83,17,1,4,190,0,102,178,0.07213351035864751
6a7fa1bcd3a7ec788d633e83,16,2,6.75,190,0,96,163,0.12019653603315669
6a7fa1bcd3a7ec788d633e83,15,2,8,190,0,90,150,0.16523474358650472
6a7fa1bcd3a7ec788d633e83,14,2,9.166666666666666,190,0,84,135,0.261281351779957
6a7fa1bcd3a7ec788d633e83,13,2,9.428571428571429,190,0,78,124,0.2986159574736684
6a7fa1bcd3a7ec788d633e83,12,3,9.375,190,0,72,115,0.29181404317331155
6a7fa1bcd3a7ec788d633e83,11,3,8.777777777777779,190,0,66,111,0.18533922462976593
6a7fa1bcd3a7ec788d633e83,10,3,8.5,190,0,60,105,0.12817256291947646
6a7fa1bcd3a7ec788d633e83,9,3,9,190,0,54,91,0.2065014068239592
6a7fa1bcd3a7ec788d633e83,8,4,8.416666666666666,190,0,48,89,0.08142054622285523
6a7fa1bcd3a7ec788d633e83,7,4,8.384615384615385,190,0,42,81,0.06008555243891002
6a7fa1bcd3a7ec788d633e83,6,5,9,190,0,36,64,0.1672712370458106
6a7fa1bcd3a7ec788d633e83,5,5,9.2,190,0,30,52,0.22740033780331362
6a7fa1bcd3a7ec788d633e83,4,7,9.125,190,0,24,44,0.17226180359213075
6a7fa1bcd3a7ec788d633e83,3,7,8.705882352941176,190,0,18,42,0.030895733976464605
6a7fa1bcd3a7ec788d633e83,2,7,8.944444444444445,190,0,12,29,0.049144290581872516
6a7fa1bcd3a7ec788d633e83,1,7,9.263157894736842,190,0,6,14,0.14630829231797096
6a7fa1bcd3a7ec788d633e87,19,0,4,157,1,114,153,0.8016539313087332
6a7fa1bcd3a7ec788d633e87,18,0,6.5,157,1,108,144,0.8125499688775368
6a7fa1bcd3a7ec788d633e87,17,0,8.333333333333334,157,1,102,132,0.8647163905441276
6a7fa1bcd3a7ec788d633e87,16,0,10,157,1,96,117,0.9352311386322821
6a7fa1bcd3a7ec788d633e87,15,2,9.8,157,1,90,108,0.930643103671104
6a7fa1bcd3a7ec788d633e87,14,2,8.666666666666666,157,1,84,105,0.8866703243862316
6a7fa1bcd3a7ec788d633e87,13,2,8.714285714285714,157,1,78,96,0.9003515860407425
6a7fa1bcd3a7ec788d633e87,12,2,8.5,157,1,72,89,0.8889466740997382
6a7fa1bcd3a7ec788d633e87,11,3,8.11111111111111,157,1,66,84,0.8356266817524849
6a7fa1bcd3a7ec788d633e87,10,3,7.6,157,1,60,81,0.7233052453745693
6a7fa1bcd3a7ec788d633e87,9,3,7.909090909090909,157,1,54,70,0.7884446734375997
6a7fa1bcd3a7ec788d633e87,8,3,8.916666666666666,157,1,48,50,0.9681400513957794
6a7fa1bcd3a7ec788d633e87,7,4,8.384615384615385,157,1,42,48,0.9050896192006427
6a7fa1bcd3a7ec788d633e87,6,4,8.428571428571429,157,1,36,39,0.9263869281185365
6a7fa1bcd3a7ec788d633e87,5,4,8.666666666666666,157,1,30,27,0.9772723366942845
6a7fa1bcd3a7ec788d633e87,4,4,8.4375,157,1,24,22,0.9588470546301324
6a7fa1bcd3a7ec788d633e87,3,5,8.470588235294118,157,1,18,13,0.9825655894047863
6a7fa1bcd3a7ec788d633e87,2,5,8.333333333333334,157,1,12,7,0.9831207088950127
6a7fa1bcd3a7ec788d633e8b,19,1,7,208,0,114,201,0.04934818092991056
6a7fa1bcd3a7ec788d633e8b,18,2,12.5,208,0,108,183,0.10817523790031415
6a7fa1bcd3a7ec788d633e8b,17,2,11.333333333333334,208,0,102,174,0.1042422519477236
6a7fa1bcd3a7ec788d633e8b,16,2,9.75,208,0,96,169,0.06669863588672084
6a7fa1bcd3a7ec788d633e8b,15,2,9.2,208,0,90,162,0.04954470370843172
6a7fa1bcd3a7ec788d633e8b,14,2,9.666666666666666,208,0,84,150,0.06401394016955654
6a7fa1bcd3a7ec788d633e8b,13,2,9.857142857142858,208,0,78,139,0.07386503280247922
6a7fa1bcd3a7ec788d633e8b,12,2,10.25,208,0,72,126,0.10668895132779056
6a7fa1bcd3a7ec788d633e8b,11,3,10.444444444444445,208,0,66,114,0.13696973486271213
6a7fa1bcd3a7ec788d633e8b,10,3,10.5,208,0,60,103,0.15946788168380763
6a7fa1bcd3a7ec788d633e8b,9,3,10.181818181818182,208,0,54,96,0.11823788224884325
6a7fa1bcd3a7ec788d633e8b,8,3,10.25,208,0,48,85,0.13809296948846195
6a7fa1bcd3a7ec788d633e8b,7,3,10.307692307692308,208,0,42,74,0.16202976142614625
6a7fa1bcd3a7ec788d633e8b,6,3,10.5,208,0,36,61,0.24390974794270537
6a7fa1bcd3a7ec788d633e8b,5,3,10,208,0,30,58,0.09303144500302674
6a7fa1bcd3a7ec788d633e8b,4,3,9.5625,208,0,24,55,0.01970421394019634
6a7fa1bcd3a7ec788d633e8b,3,3,9.882352941176471,208,0,18,40,0.05111096988304856
6a7fa1bcd3a7ec788d633e8b,2,3,10.166666666666666,208,0,12,25,0.13846230986742494
6a7fa1bcd3a7ec788d633e8b,1,3,9.947368421052632,208,0,6,19,0.02334147384678794
6a7fa1bcd3a7ec788d633e8f,19,0,7,152,1,114,145,0.8987832689374369
6a7fa1bcd3a7ec788d633e8f,18,0,6.5,152,1,108,139,0.8782097314184866
6a7fa1bcd3a7ec788d633e8f,17,0,5.666666666666667,152,1,102,135,0.8232178109505882
6a7fa1bcd3a7ec788d633e8f,16,0,6.5,152,1,96,126,0.8338220567074006
6a7fa1bcd3a7ec788d633e8f,15,0,6.4,152,1,90,120,0.7955720112192918
6a7fa1bcd3a7ec788d633e8f,14,0,7,152,1,84,110,0.8237800590944455
6a7fa1bcd3a7ec788d633e8f,13,0,7.571428571428571,152,1,78,99,0.8668065642482572
6a7fa1bcd3a7ec788d633e8f,12,0,7.5,152,1,72,92,0.8474557406595788
6a7fa1bcd3a7ec788d633e8f,11,0,7.888888888888889,152,1,66,81,0.8911030724452231
6a7fa1bcd3a7ec788d633e8f,10,0,8.8,152,1,60,64,0.9750506087908315
6a7fa1bcd3a7ec788d633e8f,9,1,8.727272727272727,152,1,54,56,0.9773735350340221
6a7fa1bcd3a7ec788d633e8f,8,1,9,152,1,48,44,0.9929149354902916
6a7fa1bcd3a7ec788d633e8f,7,1,8.615384615384615,152,1,42,40,0.9836781510017958
6a7fa1bcd3a7ec788d633e8f,6,1,8.428571428571429,152,1,36,34,0.9778652878955333
6a7fa1bcd3a7ec788d633e8f,5,2,8.8,152,1,30,20,0.9984940252179162
6a7fa1bcd3a7ec788d633e8f,4,4,8.625,152,1,24,14,0.9986093229734865
6a7fa1bcd3a7ec788d633e8f,3,4,8.529411764705882,152,1,18,7,0.9996680820354911
6a7fa1bcd3a7ec788d633e8f,2,4,8.277777777777779,152,1,12,3,0.9996809063428902
6a7fa1bcd3a7ec788d633e93,19,0,10,196,0,114,186,0.18745223394951233
6a7fa1bcd3a7ec788d633e93,18,0,8.5,196,0,108,179,0.1566652419290904
6a7fa1bcd3a7ec788d633e93,17,0,7.333333333333333,196,0,102,174,0.10674966227663686
6a7fa1bcd3a7ec788d633e93,16,2,7.5,196,0,96,166,0.09047144601692217
6a7fa1bcd3a7ec788d633e93,15,2,7,196,0,90,161,0.055517445582240844
6a7fa1bcd3a7ec788d633e93,14,2,7.666666666666667,196,0,84,150,0.06401394016955654
6a7fa1bcd3a7ec788d633e93,13,3,8.428571428571429,196,0,78,137,0.09120007389282885
6a7fa1bcd3a7ec788d633e93,12,3,8.625,196,0,72,127,0.0948545775767275
6a7fa1bcd3a7ec788d633e93,11,3,8.444444444444445,196,0,66,120,0.06856571110763163
6a7fa1bcd3a7ec788d633e93,10,3,8.5,196,0,60,111,0.061166613335852646
6a7fa1bcd3a7ec788d633e93,9,3,8.363636363636363,196,0,54,104,0.03964447429939318
6a7fa1bcd3a7ec788d633e93,8,3,8.25,196,0,48,97,0.023268404937635608
6a7fa1bcd3a7ec788d633e93,7,3,8.384615384615385,196,0,42,87,0.021354320496635906
6a7fa1bcd3a7ec788d633e93,6,4,8.285714285714286,196,0,36,80,0.010011587020379211
6a7fa1bcd3a7ec788d633e93,5,5,8.2,196,0,30,73,0.0036469629925431272
6a7fa1bcd3a7ec788d633e93,4,5,8,196,0,24,68,0.0004587695570121376
6a7fa1bcd3a7ec788d633e93,3,5,8.470588235294118,196,0,18,52,0.001480123333166024
6a7fa1bcd3a7ec788d633e93,2,5,8.166666666666666,196,0,12,49,0.000012076942867561166
6a7fa1bcd3a7ec788d633e93,1,5,8.105263157894736,196,0,6,42,3.5613353396045394e-9
6a7fa1bcd3a7ec788d633e97,19,0,8,191,1,114,183,0.23169154298638622
6a7fa1bcd3a7ec788d633e97,18,0,5.5,191,1,108,180,0.1444307331416726
6a7fa1bcd3a7ec788d633e97,17,0,7.333333333333333,191,1,102,169,0.1646758763251764
6a7fa1bcd3a7ec788d633e97,16,0,7.75,191,1,96,160,0.15926020629189033
6a7fa1bcd3a7ec788d633e97,15,1,7.2,191,1,90,155,0.10530312785213841
6a7fa1bcd3a7ec788d633e97,14,1,7.5,191,1,84,146,0.09916484686664141
6a7fa1bcd3a7ec788d633e97,13,1,7.857142857142857,191,1,78,136,0.10302258576611267
6a7fa1bcd3a7ec788d633e97,12,1,8.125,191,1,72,126,0.10691177504944864
6a7fa1bcd3a7ec788d633e97,11,2,8,191,1,66,119,0.07790580145973267
6a7fa1bcd3a7ec788d633e97,10,3,8.3,191,1,60,108,0.08995515327541125
6a7fa1bcd3a7ec788d633e97,9,4,9.181818181818182,191,1,54,90,0.2266305055996831
6a7fa1bcd3a7ec788d633e97,8,4,9.583333333333334,191,1,48,76,0.3493057902318044
6a7fa1bcd3a7ec788d633e97,7,4,10.076923076923077,191,1,42,60,0.5818633165773411
6a7fa1bcd3a7ec788d633e97,6,4,9.642857142857142,191,1,36,56,0.40640392525334584
6a7fa1bcd3a7ec788d633e97,5,5,9.866666666666667,191,1,30,43,0.5644277039352787
6a7fa1bcd3a7ec788d633e97,4,5,10.0625,191,1,24,30,0.7514635833129368
6a7fa1bcd3a7ec788d633e97,3,5,10.529411764705882,191,1,18,12,0.9891803600608085
6a7fa1bcd3a7ec788d633e97,2,5,10.38888888888889,191,1,12,4,0.9987584609293287
6a7fa1bcd3a7ec788d633e9b,19,0,13,190,0,114,177,0.3362163434420851
6a7fa1bcd3a7ec788d633e9b,18,0,10,190,0,108,170,0.2972007249012399
6a7fa1bcd3a7ec788d633e9b,17,0,8.333333333333334,190,0,102,165,0.22405496548312767
6a7fa1bcd3a7ec788d633e9b,16,1,7.75,190,0,96,159,0.1723093003257271
6a7fa1bcd3a7ec788d633e9b,15,2,6.8,190,0,90,156,0.09454710924394108
6a7fa1bcd3a7ec788d633e9b,14,2,7.833333333333333,190,0,84,143,0.132676237515979
6a7fa1bcd3a7ec788d633e9b,13,2,7.714285714285714,190,0,78,136,0.10265954588580439
6a7fa1bcd3a7ec788d633e9b,12,2,7.125,190,0,72,133,0.0463456781696971
6a7fa1bcd3a7ec788d633e9b,11,2,7.222222222222222,190,0,66,125,0.03537809417439563
6a7fa1bcd3a7ec788d633e9b,10,2,7.7,190,0,60,113,0.04657414910894401
6a7fa1bcd3a7ec788d633e9b,9,2,7.818181818181818,190,0,54,104,0.0396845162009278
6a7fa1bcd3a7ec788d633e9b,8,3,7.666666666666667,190,0,48,98,0.019514913459012018
6a7fa1bcd3a7ec788d633e9b,7,3,7.461538461538462,190,0,42,93,0.006403719282051945
6a7fa1bcd3a7ec788d633e9b,6,3,7.357142857142857,190,0,36,87,0.0019006006406628035
6a7fa1bcd3a7ec788d633e9b,5,3,7.733333333333333,190,0,30,74,0.0027996934929301405
6a7fa1bcd3a7ec788d633e9b,4,3,7.75,190,0,24,66,0.0008849366054903159
6a7fa1bcd3a7ec788d633e9b,3,4,7.823529411764706,190,0,18,57,0.00022956170788003525
6a7fa1bcd3a7ec788d633e9b,2,4,7.833333333333333,190,0,12,49,0.00001207694295055226
6a7fa1bcd3a7ec788d633e9b,1,4,8.368421052631579,190,0,6,31,0.000024850702551176676
6a7fa1bcd3a7ec788d633e9f,19,0,15,212,0,114,197,0.0741780404631083
6a7fa1bcd3a7ec788d633e9f,18,0,11,212,0,108,190,0.05717207038930367
6a7fa1bcd3a7ec788d633e9f,17,0,9,212,0,102,185,0.03394940278364618
6a7fa1bcd3a7ec788d633e9f,16,0,9.75,212,0,96,173,0.04363256045435181
6a7fa1bcd3a7ec788d633e9f,15,0,9.8,212,0,90,163,0.04453531758868226
6a7fa1bcd3a7ec788d633e9f,14,0,11.166666666666666,212,0,84,145,0.10995635385446703
6a7fa1bcd3a7ec788d633e9f,13,0,11.571428571428571,212,0,78,131,0.16893069992057425
6a7fa1bcd3a7ec788d633e9f,12,0,10.625,212,0,72,127,0.09580212799809126
6a7fa1bcd3a7ec788d633e9f,11,0,10.222222222222221,212,0,66,120,0.06893790932465832
6a7fa1bcd3a7ec788d633e9f,10,1,9.7,212,0,60,115,0.03490591793087967
6a7fa1bcd3a7ec788d633e9f,9,2,9.454545454545455,212,0,54,108,0.02095740552001307
6a7fa1bcd3a7ec788d633e9f,8,2,9.333333333333334,212,0,48,100,0.013560427052654483
6a7fa1bcd3a7ec788d633e9f,7,2,10.538461538461538,212,0,42,75,0.14272735327304273
6a7fa1bcd3a7ec788d633e9f,6,3,10.214285714285714,212,0,36,69,0.08085329844130747
6a7fa1bcd3a7ec788d633e9f,5,3,10.533333333333333,212,0,30,54,0.17346029547998135
6a7fa1bcd3a7ec788d633e9f,4,3,10.0625,212,0,24,51,0.048813436642985805
6a7fa1bcd3a7ec788d633e9f,3,3,9.647058823529411,212,0,18,48,0.0055930238750290144
6a7fa1bcd3a7ec788d633e9f,2,3,9.88888888888889,212,0,12,34,0.009965367805508475
6a7fa1bcd3a7ec788d633e9f,1,3,9.894736842105264,212,0,6,24,0.002061620179551989
6a7fa1bcd3a7ec788d633ea3,19,0,12,167,0,114,155,0.7704976971791322
6a7fa1bcd3a7ec788d633ea3,18,0,7,167,0,108,153,0.6512964200505271
6a7fa1bcd3a7ec788d633ea3,17,0,6.333333333333333,167,0,102,148,0.5729582175833777
6a7fa1bcd3a7ec788d633ea3,16,0,6.5,167,0,96,141,0.532582042919981
6a7fa1bcd3a7ec788d633ea3,15,0,7,167,0,90,132,0.5367398692593923
6a7fa1bcd3a7ec788d633ea3,14,0,6.5,167,0,84,128,0.4182126095285974
6a7fa1bcd3a7ec788d633ea3,13,1,6.285714285714286,167,0,78,123,0.32214340439584843
6a7fa1bcd3a7ec788d633ea3,12,1,7.25,167,0,72,109,0.44316906530956607
6a7fa1bcd3a7ec788d633ea3,11,1,8.444444444444445,167,0,66,91,0.6895494067839572
6a7fa1bcd3a7ec788d633ea3,10,1,8.9,167,0,60,78,0.7978258115365822
6a7fa1bcd3a7ec788d633ea3,9,3,8.363636363636363,167,0,54,75,0.6559192956215277
6a7fa1bcd3a7ec788d633ea3,8,3,8.25,167,0,48,68,0.6064335752193581
6a7fa1bcd3a7ec788d633ea3,7,3,8.153846153846153,167,0,42,61,0.54834101720264
6a7fa1bcd3a7ec788d633ea3,6,3,8.142857142857142,167,0,36,53,0.5183928819247127
6a7fa1bcd3a7ec788d633ea3,5,4,7.933333333333334,167,0,30,48,0.36359180859598894
6a7fa1bcd3a7ec788d633ea3,4,4,7.625,167,0,24,45,0.15117559711828285
6a7fa1bcd3a7ec788d633ea3,3,4,7.294117647058823,167,0,18,43,0.023937979404930258
6a7fa1bcd3a7ec788d633ea3,2,4,7.611111111111111,167,0,12,30,0.0367239296081946
6a7fa1bcd3a7ec788d633ea3,1,4,7.631578947368421,167,0,6,22,0.005838666701822086
6a7fa1bcd3a7ec788d633ea7,19,1,12,169,1,114,157,0.7246407833323671
6a7fa1bcd3a7ec788d633ea7,18,1,12,169,1,108,145,0.7874956928181494
6a7fa1bcd3a7ec788d633ea7,17,1,11.333333333333334,169,1,102,135,0.8160169692948277
6a7fa1bcd3a7ec788d633ea7,16,1,13,169,1,96,117,0.9301569496542446
6a7fa1bcd3a7ec788d633ea7,15,1,13.2,169,1,90,103,0.9686059725071945
6a7fa1bcd3a7ec788d633ea7,14,1,14.166666666666666,169,1,84,84,0.9950671368660035
6a7fa1bcd3a7ec788d633ea7,13,1,13.714285714285714,169,1,78,73,0.9979175157873824
6a7fa1bcd3a7ec788d633ea7,12,1,12.625,169,1,72,68,0.9972640647373362
6a7fa1bcd3a7ec788d633ea7,11,1,12.444444444444445,169,1,66,57,0.9990877524908627
6a7fa1bcd3a7ec788d633ea7,10,1,11.6,169,1,60,53,0.9981660233535751
6a7fa1bcd3a7ec788d633ea7,9,1,10.909090909090908,169,1,54,49,0.9959170520988789
6a7fa1bcd3a7ec788d633ea7,8,2,11,169,1,48,37,0.9992061118460465
6a7fa1bcd3a7ec788d633ea7,7,2,10.692307692307692,169,1,42,30,0.999424215440414
6a7fa1bcd3a7ec788d633ea7,6,3,10.071428571428571,169,1,36,28,0.9967348980008942
6a7fa1bcd3a7ec788d633ea7,5,3,10.266666666666667,169,1,30,15,0.9999098998859091
6a7fa1bcd3a7ec788d633ea7,4,3,10.125,169,1,24,7,0.9999959897843715
6a7fa1bcd3a7ec788d633ea7,3,3,9.764705882352942,169,1,18,3,0.9999985186149282
6a7fa1bcd3a7ec788d633eab,19,1,5,157,1,114,152,0.8030371842007316
6a7fa1bcd3a7ec788d633eab,18,2,3.5,157,1,108,150,0.6814676689397149
6a7fa1bcd3a7ec788d633eab,17,2,5.333333333333333,157,1,102,141,0.6976533363196029
6a7fa1bcd3a7ec788d633eab,16,3,5.75,157,1,96,134,0.6472468090570416
6a7fa1bcd3a7ec788d633eab,15,3,5.6,157,1,90,129,0.5805200942734887
6a7fa1bcd3a7ec788d633eab,14,4,6,157,1,84,121,0.5412616610281902
6a7fa1bcd3a7ec788d633eab,13,6,6.285714285714286,157,1,78,113,0.39883615151165414
6a7fa1bcd3a7ec788d633eab,12,6,7.25,157,1,72,99,0.5282994527327775
6a7fa1bcd3a7ec788d633eab,11,7,6.777777777777778,157,1,66,96,0.3296808189614197
6a7fa1bcd3a7ec788d633eab,10,8,6.8,157,1,60,89,0.1934214983613629
6a7fa1bcd3a7ec788d633eab,9,8,7.636363636363637,157,1,54,73,0.3233586571129857
6a7fa1bcd3a7ec788d633eab,8,9,7.833333333333333,157,1,48,63,0.15481219744338232
6a7fa1bcd3a7ec788d633eab,7,9,7.461538461538462,157,1,42,60,0.1448030264007563
6a7fa1bcd3a7ec788d633eab,6,9,8,157,1,36,45,0.25625589253633463
6a7fa1bcd3a7ec788d633eab,5,9,8.2,157,1,30,34,0.3609099119441302
6a7fa1bcd3a7ec788d633eab,4,9,8.125,157,1,24,27,0.429211267319981
6a7fa1bcd3a7ec788d633eab,3,9,8.529411764705882,157,1,18,12,0.6938987048486709
6a7fa1bcd3a7ec788d633eab,2,9,8.222222222222221,157,1,12,9,0.7362226025734796
6a7fa1bcd3a7ec788d633eab,1,9,8.157894736842104,157,1,6,2,0.9036821431585342
6a7fa1bcd3a7ec788d633eaf,19,0,14,178,1,114,164,0.6027633718288312
6a7fa1bcd3a7ec788d633eaf,18,0,9.5,178,1,108,159,0.5240545818167843
6a7fa1bcd3a7ec788d633eaf,17,1,7,178,1,102,157,0.37167703838864996
6a7fa1bcd3a7ec788d633eaf,16,1,8.25,178,1,96,145,0.4380274512525972
6a7fa1bcd3a7ec788d633eaf,15,1,9.6,178,1,90,130,0.5818925613625887
6a7fa1bcd3a7ec788d633eaf,14,1,9.5,178,1,84,121,0.5886347483846657
6a7fa1bcd3a7ec788d633eaf,13,1,9.142857142857142,178,1,78,114,0.544579498502251
6a7fa1bcd3a7ec788d633eaf,12,1,9,178,1,72,106,0.5229380007410331
6a7fa1bcd3a7ec788d633eaf,11,1,9,178,1,66,97,0.5271134626223932
6a7fa1bcd3a7ec788d633eaf,10,1,9,178,1,60,88,0.5315931397909383
6a7fa1bcd3a7ec788d633eaf,9,1,9.181818181818182,178,1,54,77,0.5979799523029605
6a7fa1bcd3a7ec788d633eaf,8,2,9.25,178,1,48,67,0.6388762555119157
6a7fa1bcd3a7ec788d633eaf,7,3,9.153846153846153,178,1,42,59,0.6176784003584035
6a7fa1bcd3a7ec788d633eaf,6,3,9.214285714285714,178,1,36,49,0.6670790848577957
6a7fa1bcd3a7ec788d633eaf,5,3,9.533333333333333,178,1,30,35,0.8510554500181822
6a7fa1bcd3a7ec788d633eaf,4,3,9.4375,178,1,24,27,0.8557373729462187
6a7fa1bcd3a7ec788d633eaf,3,3,9.470588235294118,178,1,18,17,0.923001326385827
6a7fa1bcd3a7ec788d633eaf,2,3,9.833333333333334,178,1,12,1,0.9999954230401906
6a7fa1bcd3a7ec788d633eb3,19,0,3,190,0,114,187,0.17399580299594936
6a7fa1bcd3a7ec788d633eb3,18,0,5.5,190,0,108,179,0.1566652419290904
6a7fa1bcd3a7ec788d633eb3,17,1,5,190,0,102,175,0.09663669024107559
6a7fa1bcd3a7ec788d633eb3,16,1,6.75,190,0,96,163,0.12173982326206338
6a7fa1bcd3a7ec788d633eb3,15,1,7.4,190,0,90,153,0.12749820448687357
6a7fa1bcd3a7ec788d633eb3,14,1,8.5,190,0,84,139,0.1912717213710681
6a7fa1bcd3a7ec788d633eb3,13,1,8,190,0,78,134,0.1265525435379089
6a7fa1bcd3a7ec788d633eb3,12,1,8.125,190,0,72,125,0.11901146211587849
6a7fa1bcd3a7ec788d633eb3,11,1,8.444444444444445,190,0,66,114,0.13780416354900832
6a7fa1bcd3a7ec788d633eb3,10,1,8.3,190,0,60,107,0.10189571089559613
6a7fa1bcd3a7ec788d633eb3,9,1,8.636363636363637,190,0,54,95,0.13343170679691355
6a7fa1bcd3a7ec788d633eb3,8,1,9.333333333333334,190,0,48,78,0.29400031299771223
6a7fa1bcd3a7ec788d633eb3,7,3,8.846153846153847,190,0,42,75,0.1426925001867879
6a7fa1bcd3a7ec788d633eb3,6,3,8.5,190,0,36,71,0.05806342564611125
6a7fa1bcd3a7ec788d633eb3,5,3,8.333333333333334,190,0,30,65,0.02443577803505718
6a7fa1bcd3a7ec788d633eb3,4,3,8.5625,190,0,24,53,0.03148628729616517
6a7fa1bcd3a7ec788d633eb3,3,3,8.647058823529411,190,0,18,43,0.023938000896540357
6a7fa1bcd3a7ec788d633eb3,2,3,8.555555555555555,190,0,12,36,0.004798531555475825
6a7fa1bcd3a7ec788d633eb3,1,3,8.736842105263158,190,0,6,24,0.002061620179551989
6a7fa1bcd3a7ec788d633eb7,19,0,2,207,0,114,205,0.03253703102970837
6a7fa1bcd3a7ec788d633eb7,18,0,7.5,207,0,108,192,0.0463318888780906
6a7fa1bcd3a7ec788d633eb7,17,0,9.666666666666666,207,0,102,178,0.07256559482914238
6a7fa1bcd3a7ec788d633eb7,16,1,8.75,207,0,96,172,0.048694206786626434
6a7fa1bcd3a7ec788d633eb7,15,2,8.4,207,0,90,165,0.03470009979252807
6a7fa1bcd3a7ec788d633eb7,14,2,8,207,0,84,159,0.020798036143914116
6a7fa1bcd3a7ec788d633eb7,13,3,8.571428571428571,207,0,78,147,0.02691838028008435
6a7fa1bcd3a7ec788d633eb7,12,3,8.375,207,0,72,140,0.017305858617922807
6a7fa1bcd3a7ec788d633eb7,11,3,8.11111111111111,207,0,66,134,0.008701234339021478
6a7fa1bcd3a7ec788d633eb7,10,3,7.9,207,0,60,128,0.003810338821381717
6a7fa1bcd3a7ec788d633eb7,9,3,7.909090909090909,207,0,54,120,0.0021531296788556316
6a7fa1bcd3a7ec788d633eb7,8,3,8.416666666666666,207,0,48,106,0.004115626965953418
6a7fa1bcd3a7ec788d633eb7,7,4,7.846153846153846,207,0,42,105,0.0003529265637892947
6a7fa1bcd3a7ec788d633eb7,6,4,7.428571428571429,207,0,36,103,0.000016951858948591677
6a7fa1bcd3a7ec788d633eb7,5,6,7.2,207,0,30,99,5.783284372463947e-7
6a7fa1bcd3a7ec788d633eb7,4,7,7.6875,207,0,24,84,8.971080854998101e-7
6a7fa1bcd3a7ec788d633eb7,3,8,7.470588235294118,207,0,18,80,2.74326645993657e-9
6a7fa1bcd3a7ec788d633eb7,2,8,7.333333333333333,207,0,12,75,2.2746121833117607e-13
6a7fa1bcd3a7ec788d633eb7,1,8,7.2631578947368425,207,0,6,69,3.084479245595821e-20
6a7fa1bcd3a7ec788d633ebb,19,0,10,197,0,114,187,0.17399580299594936
6a7fa1bcd3a7ec788d633ebb,18,0,13.5,197,0,108,170,0.2972007249012399
6a7fa1bcd3a7ec788d633ebb,17,0,12.333333333333334,197,0,102,160,0.31386089225367814
6a7fa1bcd3a7ec788d633ebb,16,0,11,197,0,96,153,0.27244443173663935
6a7fa1bcd3a7ec788d633ebb,15,0,10.4,197,0,90,145,0.24949538502777446
6a7fa1bcd3a7ec788d633ebb,14,0,11.833333333333334,197,0,84,126,0.4668186859360978
6a7fa1bcd3a7ec788d633ebb,13,0,12.285714285714286,197,0,78,111,0.6214665230333122
6a7fa1bcd3a7ec788d633ebb,12,2,11.25,197,0,72,107,0.49467336440018955
6a7fa1bcd3a7ec788d633ebb,11,4,10.222222222222221,197,0,66,105,0.3053858401968616
6a7fa1bcd3a7ec788d633ebb,10,4,10.8,197,0,60,89,0.4931654713722725
6a7fa1bcd3a7ec788d633ebb,9,4,10.636363636363637,197,0,54,80,0.5002059041393203
6a7fa1bcd3a7ec788d633ebb,8,4,10.75,197,0,48,68,0.603550065337759
6a7fa1bcd3a7ec788d633ebb,7,4,10.76923076923077,197,0,42,57,0.6826027726669559
6a7fa1bcd3a7ec788d633ebb,6,5,10.357142857142858,197,0,36,52,0.5527529688333
6a7fa1bcd3a7ec788d633ebb,5,5,10.066666666666666,197,0,30,46,0.44116524768167287
6a7fa1bcd3a7ec788d633ebb,4,5,9.5,197,0,24,45,0.1511146410316655
6a7fa1bcd3a7ec788d633ebb,3,5,9.352941176470589,197,0,18,38,0.08072985933855803
6a7fa1bcd3a7ec788d633ebb,2,5,9.277777777777779,197,0,12,30,0.03672389991150391
6a7fa1bcd3a7ec788d633ebb,1,5,9.157894736842104,197,0,6,23,0.0035015208137963265
6a7fa1bcd3a7ec788d633ebf,19,1,9,186,0,114,177,0.33108764897687026
6a7fa1bcd3a7ec788d633ebf,18,1,9,186,0,108,168,0.33143496229283775
6a7fa1bcd3a7ec788d633ebf,17,1,9.666666666666666,186,0,102,157,0.37167703838864996
6a7fa1bcd3a7ec788d633ebf,16,1,8,186,0,96,154,0.25273382456513355
6a7fa1bcd3a7ec788d633ebf,15,1,7.8,186,0,90,147,0.21348259459812086
6a7fa1bcd3a7ec788d633ebf,14,2,8.333333333333334,186,0,84,136,0.24221828975925916
6a7fa1bcd3a7ec788d633ebf,13,2,8.142857142857142,186,0,78,129,0.2008058070419239
6a7fa1bcd3a7ec788d633ebf,12,3,8.25,186,0,72,120,0.19241373172552342
6a7fa1bcd3a7ec788d633ebf,11,3,8.333333333333334,186,0,66,111,0.18533922462976593
6a7fa1bcd3a7ec788d633ebf,10,3,7.9,186,0,60,107,0.10158043697875328
6a7fa1bcd3a7ec788d633ebf,9,3,8.181818181818182,186,0,54,96,0.11823788224884325
6a7fa1bcd3a7ec788d633ebf,8,3,8.416666666666666,186,0,48,85,0.13809296948846195
6a7fa1bcd3a7ec788d633ebf,7,3,8.538461538461538,186,0,42,75,0.1426925001867879
6a7fa1bcd3a7ec788d633ebf,6,4,9,186,0,36,60,0.2729404560694286
6a7fa1bcd3a7ec788d633ebf,5,4,9.266666666666667,186,0,30,47,0.4021900331324644
6a7fa1bcd3a7ec788d633ebf,4,4,9.4375,186,0,24,35,0.5319540423331014
6a7fa1bcd3a7ec788d633ebf,3,4,9.235294117647058,186,0,18,29,0.3857363366834644
6a7fa1bcd3a7ec788d633ebf,2,5,9.055555555555555,186,0,12,23,0.21365127364616282
6a7fa1bcd3a7ec788d633ebf,1,6,9.052631578947368,186,0,6,14,0.14631564317564028
6a7fa1bcd3a7ec788d633ec3,19,0,8,179,1,114,171,0.45653401739093846
6a7fa1bcd3a7ec788d633ec3,18,0,10.5,179,1,108,158,0.5457128736899441
6a7fa1bcd3a7ec788d633ec3,17,0,12,179,1,102,143,0.6800091418011696
6a7fa1bcd3a7ec788d633ec3,16,0,11.75,179,1,96,132,0.7292305729400987
6a7fa1bcd3a7ec788d633ec3,15,0,12,179,1,90,119,0.8127760787605128
6a7fa1bcd3a7ec788d633ec3,14,1,11.666666666666666,179,1,84,109,0.8379111465142495
6a7fa1bcd3a7ec788d633ec3,13,1,10.714285714285714,179,1,78,104,0.7789708795373043
6a7fa1bcd3a7ec788d633ec3,12,1,9.875,179,1,72,100,0.6789921667149147
6a7fa1bcd3a7ec788d633ec3,11,1,10.444444444444445,179,1,66,85,0.8243312556610632
6a7fa1bcd3a7ec788d633ec3,10,1,9.8,179,1,60,81,0.7269939605604152
6a7fa1bcd3a7ec788d633ec3,9,1,9.909090909090908,179,1,54,70,0.7905995981077103
6a7fa1bcd3a7ec788d633ec3,8,1,9.666666666666666,179,1,48,63,0.7568086371376637
6a7fa1bcd3a7ec788d633ec3,7,1,10.307692307692308,179,1,42,45,0.9476799909962449
6a7fa1bcd3a7ec788d633ec3,6,1,10,179,1,36,39,0.9274531978483475
6a7fa1bcd3a7ec788d633ec3,5,1,9.733333333333333,179,1,30,33,0.8983971920111455
6a7fa1bcd3a7ec788d633ec3,4,2,10.1875,179,1,24,16,0.9960341198255243
6a7fa1bcd3a7ec788d633ec3,3,2,10.176470588235293,179,1,18,6,0.99988326989577
6a7fa1bcd3a7ec788d633ec3,2,3,9.666666666666666,179,1,12,5,0.9964167418140336
6a7fa1bcd3a7ec788d633ec7,19,0,13,182,0,114,169,0.49842719842351263
6a7fa1bcd3a7ec788d633ec7,18,1,7.5,182,0,108,167,0.3509135449654409
6a7fa1bcd3a7ec788d633ec7,17,1,8,182,0,102,158,0.35110206790206344
6a7fa1bcd3a7ec788d633ec7,16,1,8,182,0,96,150,0.32980258239820925
6a7fa1bcd3a7ec788d633ec7,15,1,8.8,182,0,90,138,0.3937935989289303
6a7fa1bcd3a7ec788d633ec7,14,2,7.666666666666667,182,0,84,136,0.24221828975925916
6a7fa1bcd3a7ec788d633ec7,13,2,8.142857142857142,182,0,78,125,0.277331580396419
6a7fa1bcd3a7ec788d633ec7,12,2,8,182,0,72,118,0.23133159214149743
6a7fa1bcd3a7ec788d633ec7,11,3,8.11111111111111,182,0,66,109,0.22313207822973483
6a7fa1bcd3a7ec788d633ec7,10,4,8.3,182,0,60,99,0.23390970428030866
6a7fa1bcd3a7ec788d633ec7,9,4,8.090909090909092,182,0,54,93,0.16605617409690016
6a7fa1bcd3a7ec788d633ec7,8,4,7.75,182,0,48,89,0.08142054622285523
6a7fa1bcd3a7ec788d633ec7,7,4,7.846153846153846,182,0,42,80,0.07022366730231218
6a7fa1bcd3a7ec788d633ec7,6,4,7.642857142857143,182,0,36,75,0.028041543326813138
6a7fa1bcd3a7ec788d633ec7,5,4,7.933333333333334,182,0,30,63,0.03695034678769898
6a7fa1bcd3a7ec788d633ec7,4,4,8.25,182,0,24,50,0.0600845575637362
6a7fa1bcd3a7ec788d633ec7,3,4,7.9411764705882355,182,0,18,47,0.00762154940279077
6a7fa1bcd3a7ec788d633ec7,2,4,8.38888888888889,182,0,12,31,0.027038174798606204
6a7fa1bcd3a7ec788d633ec7,1,4,8.368421052631579,182,0,6,23,0.0035015208138023586
6a7fa1bcd3a7ec788d633ecb,19,1,1,229,0,114,228,0.001501913160852655
6a7fa1bcd3a7ec788d633ecb,18,1,3.5,229,0,108,222,0.0007349993411267946
6a7fa1bcd3a7ec788d633ecb,17,1,5,229,0,102,214,0.0004722579136233454
6a7fa1bcd3a7ec788d633ecb,16,1,4.75,229,0,96,210,0.0001336000537863045
6a7fa1bcd3a7ec788d633ecb,15,1,5.6,229,0,90,201,0.0000905775360193999
6a7fa1bcd3a7ec788d633ecb,14,1,6.333333333333333,229,0,84,191,0.00007270369078722748
6a7fa1bcd3a7ec788d633ecb,13,1,7,229,0,78,180,0.00007052994227271867
6a7fa1bcd3a7ec788d633ecb,12,2,7.25,229,0,72,171,0.00004178418168205653
6a7fa1bcd3a7ec788d633ecb,11,2,7,229,0,66,166,0.000008095496896223413
6a7fa1bcd3a7ec788d633ecb,10,3,6.9,229,0,60,160,0.0000015523755200712385
6a7fa1bcd3a7ec788d633ecb,9,3,7,229,0,54,152,4.1439372625117064e-7
6a7fa1bcd3a7ec788d633ecb,8,4,7.25,229,0,48,142,1.6976091442881825e-7
6a7fa1bcd3a7ec788d633ecb,7,4,7.3076923076923075,229,0,42,134,2.5758655687777275e-8
6a7fa1bcd3a7ec788d633ecb,6,4,7.571428571428571,229,0,36,123,8.524526444053723e-9
6a7fa1bcd3a7ec788d633ecb,5,4,7.333333333333333,229,0,30,119,5.802223500392495e-11
6a7fa1bcd3a7ec788d633ecb,4,4,7.375,229,0,24,111,5.909662373358288e-13
6a7fa1bcd3a7ec788d633ecb,3,4,7.470588235294118,229,0,18,102,1.1552384269956123e-15
6a7fa1bcd3a7ec788d633ecb,2,4,7.555555555555555,229,0,12,93,5.166004928815238e-20
6a7fa1bcd3a7ec788d633ecb,1,5,8.157894736842104,229,0,6,74,2.1883245796432137e-22
6a7fa1bcd3a7ec788d633ecf,19,0,10,191,1,114,181,0.26429774707085496
6a7fa1bcd3a7ec788d633ecf,18,0,8.5,191,1,108,174,0.22815304229146166
6a7fa1bcd3a7ec788d633ecf,17,0,7,191,1,102,170,0.15165660412411966
6a7fa1bcd3a7ec788d633ecf,16,1,7.75,191,1,96,160,0.15851884080660603
6a7fa1bcd3a7ec788d633ecf,15,1,7.8,191,1,90,152,0.13978068820418058
6a7fa1bcd3a7ec788d633ecf,14,1,8.5,191,1,84,140,0.1754946290392955
6a7fa1bcd3a7ec788d633ecf,13,2,9.571428571428571,191,1,78,124,0.2986159574736684
6a7fa1bcd3a7ec788d633ecf,12,3,9.25,191,1,72,117,0.24921227533714937
6a7fa1bcd3a7ec788d633ecf,11,3,8.88888888888889,191,1,66,111,0.18533922462976593
6a7fa1bcd3a7ec788d633ecf,10,3,8.7,191,1,60,104,0.1432177633204767
6a7fa1bcd3a7ec788d633ecf,9,3,8.272727272727273,191,1,54,100,0.07060703786669023
6a7fa1bcd3a7ec788d633ecf,8,4,8.5,191,1,48,89,0.08142054622285523
6a7fa1bcd3a7ec788d633ecf,7,4,9.23076923076923,191,1,42,71,0.2300632972787934
6a7fa1bcd3a7ec788d633ecf,6,4,8.642857142857142,191,1,36,70,0.06867343133702333
6a7fa1bcd3a7ec788d633ecf,5,4,8.733333333333333,191,1,30,60,0.06553882182043652
6a7fa1bcd3a7ec788d633ecf,4,4,9.125,191,1,24,45,0.15117559711828285
6a7fa1bcd3a7ec788d633ecf,3,4,9.176470588235293,191,1,18,35,0.14883331548183357
6a7fa1bcd3a7ec788d633ecf,2,4,9.38888888888889,191,1,12,22,0.2598288976723787
6a7fa1bcd3a7ec788d633ecf,1,4,9.473684210526315,191,1,6,11,0.32867704463528885
6a7fa1bcd3a7ec788d633ed3,19,0,5,99,1,114,94,0.9988838789431611
6a7fa1bcd3a7ec788d633ed3,18,0,10,99,1,108,79,0.9996359332662624
6a7fa1bcd3a7ec788d633ed3,17,1,7.333333333333333,99,1,102,77,0.9988823545326585
6a7fa1bcd3a7ec788d633ed3,16,1,7.5,99,1,96,69,0.9994122588713754
6a7fa1bcd3a7ec788d633ed3,15,1,10.2,99,1,90,48,0.9999321203160553
6a7fa1bcd3a7ec788d633ed3,14,1,9.333333333333334,99,1,84,43,0.9999647159482734
6a7fa1bcd3a7ec788d633ed3,13,2,8.714285714285714,99,1,78,38,0.999908659918987
6a7fa1bcd3a7ec788d633ed3,12,3,8.75,99,1,72,29,0.9998690546907092
6a7fa1bcd3a7ec788d633ed3,11,4,9.222222222222221,99,1,66,16,0.9999287691887957
6a7fa1bcd3a7ec788d633ed3,10,4,8.8,99,1,60,11,0.9999814541916542
6a7fa1bcd3a7ec788d633ed3,9,4,8.636363636363637,99,1,54,4,0.9999991217053882
6a7fa1bcd3a7ec788d633ed7,19,0,16,186,0,114,170,0.47743303714295826
6a7fa1bcd3a7ec788d633ed7,18,1,13.5,186,0,108,159,0.5177381037810302
6a7fa1bcd3a7ec788d633ed7,17,2,11.666666666666666,186,0,102,151,0.4908294121072503
6a7fa1bcd3a7ec788d633ed7,16,2,9.75,186,0,96,147,0.38747231687821765
6a7fa1bcd3a7ec788d633ed7,15,3,9.4,186,0,90,139,0.3569985012819
6a7fa1bcd3a7ec788d633ed7,14,3,9.833333333333334,186,0,84,127,0.4287235632892646
6a7fa1bcd3a7ec788d633ed7,13,3,10.428571428571429,186,0,78,113,0.5584448352047255
6a7fa1bcd3a7ec788d633ed7,12,3,10.75,186,0,72,100,0.6696041812089066
6a7fa1bcd3a7ec788d633ed7,11,3,10.444444444444445,186,0,66,92,0.658036182757166
6a7fa1bcd3a7ec788d633ed7,10,3,10,186,0,60,86,0.5870632928817763
6a7fa1bcd3a7ec788d633ed7,9,3,9.363636363636363,186,0,54,83,0.41326815930979033
6a7fa1bcd3a7ec788d633ed7,8,3,10.25,186,0,48,63,0.7558193746448105
6a7fa1bcd3a7ec788d633ed7,7,3,9.923076923076923,186,0,42,57,0.684257721436255
6a7fa1bcd3a7ec788d633ed7,6,3,10.214285714285714,186,0,36,43,0.8495963407099959
6a7fa1bcd3a7ec788d633ed7,5,3,9.866666666666667,186,0,30,38,0.759345502071977
6a7fa1bcd3a7ec788d633ed7,4,3,9.375,186,0,24,36,0.4857381671179579
6a7fa1bcd3a7ec788d633ed7,3,4,9.058823529411764,186,0,18,32,0.2507346139935505
6a7fa1bcd3a7ec788d633ed7,2,4,8.944444444444445,186,0,12,25,0.13846230487610414
6a7fa1bcd3a7ec788d633ed7,1,4,9,186,0,6,15,0.10626025634381536
6a7fa1bcd3a7ec788d633edb,19,1,9,151,1,114,142,0.9106804254109441
6a7fa1bcd3a7ec788d633edb,18,1,11,151,1,108,129,0.9477980858440342
6a7fa1bcd3a7ec788d633edb,17,1,10.666666666666666,151,1,102,119,0.9618062165540966
6a7fa1bcd3a7ec788d633edb,16,1,11.75,151,1,96,104,0.9857230996320091
6a7fa1bcd3a7ec788d633edb,15,1,10.4,151,1,90,99,0.9820547958466048
6a7fa1bcd3a7ec788d633edb,14,1,9.833333333333334,151,1,84,92,0.981739770031273
6a7fa1bcd3a7ec788d633edb,13,1,9.285714285714286,151,1,78,86,0.9772889802797642
6a7fa1bcd3a7ec788d633edb,12,1,9.75,151,1,72,73,0.992038800520131
6a7fa1bcd3a7ec788d633edb,11,1,9,151,1,66,70,0.9812117570362079
6a7fa1bcd3a7ec788d633edb,10,1,9.4,151,1,60,57,0.994686972782269
6a7fa1bcd3a7ec788d633edb,9,1,9,151,1,54,52,0.9909941121415073
6a7fa1bcd3a7ec788d633edb,8,2,8.75,151,1,48,46,0.9877771764426845
6a7fa1bcd3a7ec788d633edb,7,2,8.923076923076923,151,1,42,35,0.996280006269052
6a7fa1bcd3a7ec788d633edb,6,2,8.857142857142858,151,1,36,27,0.9978384280060867
6a7fa1bcd3a7ec788d633edb,5,3,8.666666666666666,151,1,30,21,0.9975808849174396
6a7fa1bcd3a7ec788d633edb,4,4,8.625,151,1,24,13,0.999236499289634
6a7fa1bcd3a7ec788d633edb,3,5,8.352941176470589,151,1,18,9,0.9981939204076564
6a7fa1bcd3a7ec788d633edb,2,6,8.277777777777779,151,1,12,2,0.999911507509861
6a7fa1bcd3a7ec788d633edf,19,0,14,165,1,114,151,0.8301098961024049
6a7fa1bcd3a7ec788d633edf,18,1,10,165,1,108,145,0.7874956928181494
6a7fa1bcd3a7ec788d633edf,17,2,8,165,1,102,141,0.6976533363196029
6a7fa1bcd3a7ec788d633edf,16,2,6.5,165,1,96,139,0.5657330069214175
6a7fa1bcd3a7ec788d633edf,15,3,7.6,165,1,90,127,0.6242044215710233
6a7fa1bcd3a7ec788d633edf,14,3,8.833333333333334,165,1,84,112,0.7629721937473699
6a7fa1bcd3a7ec788d633edf,13,3,8.285714285714286,165,1,78,107,0.7005718549940235
6a7fa1bcd3a7ec788d633edf,12,3,9.125,165,1,72,92,0.8352774509356676
6a7fa1bcd3a7ec788d633edf,11,3,9.444444444444445,165,1,66,80,0.8968500677729805
6a7fa1bcd3a7ec788d633edf,10,3,9,165,1,60,75,0.8528762626484251
6a7fa1bcd3a7ec788d633edf,9,3,9.090909090909092,165,1,54,65,0.8869197121523477
6a7fa1bcd3a7ec788d633edf,8,4,9.416666666666666,165,1,48,52,0.9486377624892783
6a7fa1bcd3a7ec788d633edf,7,4,9.384615384615385,165,1,42,43,0.9637062113099056
6a7fa1bcd3a7ec788d633edf,6,4,9.571428571428571,165,1,36,31,0.9901899173023267
6a7fa1bcd3a7ec788d633edf,5,4,9.733333333333333,165,1,30,19,0.9989661701499191
6a7fa1bcd3a7ec788d633edf,4,4,9.875,165,1,24,7,0.9999921850198937
6a7fa1bcd3a7ec788d633ee3,19,0,7,173,1,114,166,0.5613922711408769
6a7fa1bcd3a7ec788d633ee3,18,0,5,173,1,108,163,0.4377512218467989
6a7fa1bcd3a7ec788d633ee3,17,0,8,173,1,102,149,0.5507308229933352
6a7fa1bcd3a7ec788d633ee3,16,0,8.5,173,1,96,139,0.5785747518784419
6a7fa1bcd3a7ec788d633ee3,15,1,7.4,173,1,90,136,0.4398883152875868
6a7fa1bcd3a7ec788d633ee3,14,1,7.833333333333333,173,1,84,126,0.4656836330503966
6a7fa1bcd3a7ec788d633ee3,13,1,8.142857142857142,173,1,78,116,0.4932673090281535
6a7fa1bcd3a7ec788d633ee3,12,1,9.5,173,1,72,97,0.7491900227256949
6a7fa1bcd3a7ec788d633ee3,11,1,9.11111111111111,173,1,66,91,0.6895494067839572
6a7fa1bcd3a7ec788d633ee3,10,1,8.6,173,1,60,87,0.5608761233229448
6a7fa1bcd3a7ec788d633ee3,9,1,8.727272727272727,173,1,54,77,0.5979799523029605
6a7fa1bcd3a7ec788d633ee3,8,1,8.833333333333334,173,1,48,67,0.639003142938785
6a7fa1bcd3a7ec788d633ee3,7,3,8.615384615384615,173,1,42,61,0.54834101720264
6a7fa1bcd3a7ec788d633ee3,6,3,9.214285714285714,173,1,36,44,0.8243262183982415
6a7fa1bcd3a7ec788d633ee3,5,3,8.8,173,1,30,41,0.6473116567329436
6a7fa1bcd3a7ec788d633ee3,4,3,8.75,173,1,24,33,0.6240973225156424
6a7fa1bcd3a7ec788d633ee3,3,5,8.823529411764707,173,1,18,23,0.6987151528496652
6a7fa1bcd3a7ec788d633ee3,2,5,9.333333333333334,173,1,12,5,0.9964082342018876
6a7fa1bcd3a7ec788d633ee7,19,0,1,190,0,114,189,0.14903918519401274
6a7fa1bcd3a7ec788d633ee7,18,0,2.5,190,0,108,185,0.0932536233723174
6a7fa1bcd3a7ec788d633ee7,17,0,4.333333333333333,190,0,102,177,0.08017933601609742
6a7fa1bcd3a7ec788d633ee7,16,0,4,190,0,96,174,0.03886383880487579
6a7fa1bcd3a7ec788d633ee7,15,0,6.2,190,0,90,159,0.06993031893554309
6a7fa1bcd3a7ec788d633ee7,14,0,7.333333333333333,190,0,84,146,0.09932700866786866
6a7fa1bcd3a7ec788d633ee7,13,1,6.714285714285714,190,0,78,143,0.04594153207957007
6a7fa1bcd3a7ec788d633ee7,12,1,6.75,190,0,72,136,0.031051242757584637
6a7fa1bcd3a7ec788d633ee7,11,1,6.888888888888889,190,0,66,128,0.022847404361008516
6a7fa1bcd3a7ec788d633ee7,10,1,6.5,190,0,60,125,0.006693379128541896
6a7fa1bcd3a7ec788d633ee7,9,1,6.363636363636363,190,0,54,120,0.002154420816298952
6a7fa1bcd3a7ec788d633ee7,8,1,6.75,190,0,48,109,0.0021470843831090597
6a7fa1bcd3a7ec788d633ee7,7,1,7.615384615384615,190,0,42,91,0.009746832783017363
6a7fa1bcd3a7ec788d633ee7,6,2,7.642857142857143,190,0,36,83,0.005067291770700278
6a7fa1bcd3a7ec788d633ee7,5,3,7.733333333333333,190,0,30,74,0.0027996934929301405
6a7fa1bcd3a7ec788d633ee7,4,3,7.875,190,0,24,64,0.0016596796207794303
6a7fa1bcd3a7ec788d633ee7,3,4,7.9411764705882355,190,0,18,55,0.000496828659264846
6a7fa1bcd3a7ec788d633ee7,2,5,7.888888888888889,190,0,12,48,0.00002061798841455112
6a7fa1bcd3a7ec788d633ee7,1,5,8.157894736842104,190,0,6,35,0.0000012451929355567269
6a7fa1bcd3a7ec788d633eeb,19,0,12,174,1,114,162,0.6431121232791293
6a7fa1bcd3a7ec788d633eeb,18,0,13,174,1,108,148,0.7469907020095012
6a7fa1bcd3a7ec788d633eeb,17,0,12.333333333333334,174,1,102,137,0.7916285151980273
6a7fa1bcd3a7ec788d633eeb,16,0,10,174,1,96,134,0.6886346452733977
6a7fa1bcd3a7ec788d633eeb,15,0,10.2,174,1,90,123,0.7389664512303108
6a7fa1bcd3a7ec788d633eeb,14,0,10.166666666666666,174,1,84,113,0.7691255332653966
6a7fa1bcd3a7ec788d633eeb,13,0,11,174,1,78,97,0.8940958098316103
6a7fa1bcd3a7ec788d633eeb,12,1,11.5,174,1,72,82,0.9593753175390491
6a7fa1bcd3a7ec788d633eeb,11,1,11.11111111111111,174,1,66,74,0.9612694546088216
6a7fa1bcd3a7ec788d633eeb,10,1,10.6,174,1,60,68,0.9481955286870654
6a7fa1bcd3a7ec788d633eeb,9,1,10.454545454545455,174,1,54,59,0.9588045343363146
6a7fa1bcd3a7ec788d633eeb,8,2,9.916666666666666,174,1,48,55,0.9196481064415514
6a7fa1bcd3a7ec788d633eeb,7,2,9.461538461538462,174,1,42,51,0.8502513698284923
6a7fa1bcd3a7ec788d633eeb,6,2,10.071428571428571,174,1,36,33,0.9832602069960442
6a7fa1bcd3a7ec788d633eeb,5,2,9.666666666666666,174,1,30,29,0.9602933171062598
6a7fa1bcd3a7ec788d633eeb,4,3,9.3125,174,1,24,25,0.9073945764629604
6a7fa1bcd3a7ec788d633eeb,3,3,9.117647058823529,174,1,18,19,0.8666236080972394
6a7fa1bcd3a7ec788d633eeb,2,3,9.11111111111111,174,1,12,10,0.924597527795671
6a7fa1bcd3a7ec788d633eeb,1,3,8.947368421052632,174,1,6,4,0.9060435382056079
6a7fa1bcd3a7ec788d633eef,19,0,6,159,1,114,153,0.8016539313087332
6a7fa1bcd3a7ec788d633eef,18,0,7.5,159,1,108,144,0.8125499688775368
6a7fa1bcd3a7ec788d633eef,17,0,9,159,1,102,132,0.8647163905441276
6a7fa1bcd3a7ec788d633eef,16,0,8.75,159,1,96,124,0.8621608326163153
6a7fa1bcd3a7ec788d633eef,15,0,9.6,159,1,90,111,0.9180994730310454
6a7fa1bcd3a7ec788d633eef,14,0,9,159,1,84,105,0.895675368225782
6a7fa1bcd3a7ec788d633eef,13,1,9.142857142857142,159,1,78,95,0.9158907979453402
6a7fa1bcd3a7ec788d633eef,12,1,9.75,159,1,72,81,0.9653924655029078
6a7fa1bcd3a7ec788d633eef,11,1,9.11111111111111,159,1,66,77,0.937482686734349
6a7fa1bcd3a7ec788d633eef,10,1,8.9,159,1,60,70,0.9285857690076357
6a7fa1bcd3a7ec788d633eef,9,1,9.818181818181818,159,1,54,51,0.9930124586634212
6a7fa1bcd3a7ec788d633eef,8,2,9.666666666666666,159,1,48,43,0.9945599343957883
6a7fa1bcd3a7ec788d633eef,7,2,9.461538461538462,159,1,42,36,0.9948512914462114
6a7fa1bcd3a7ec788d633eef,6,2,9.214285714285714,159,1,36,30,0.9934581243797924
6a7fa1bcd3a7ec788d633eef,5,3,9,159,1,30,24,0.9917931796745986
6a7fa1bcd3a7ec788d633eef,4,4,8.9375,159,1,24,16,0.9959860066311432
6a7fa1bcd3a7ec788d633eef,3,4,8.882352941176471,159,1,18,8,0.9991940942792135
6a7fa1bcd3a7ec788d633ef3,19,0,6,173,1,114,167,0.5404661050381683
6a7fa1bcd3a7ec788d633ef3,18,1,13,173,1,108,147,0.7550162159757831
6a7fa1bcd3a7ec788d633ef3,17,1,12.666666666666666,173,1,102,135,0.8160169692948277
6a7fa1bcd3a7ec788d633ef3,16,2,12.5,173,1,96,123,0.8564169519809115
6a7fa1bcd3a7ec788d633ef3,15,4,11.6,173,1,90,115,0.783728362865906
6a7fa1bcd3a7ec788d633ef3,14,4,11.666666666666666,173,1,84,103,0.8491111032376547
6a7fa1bcd3a7ec788d633ef3,13,4,11.428571428571429,173,1,78,93,0.8862776838481096
6a7fa1bcd3a7ec788d633ef3,12,4,10.625,173,1,72,88,0.8687052590311862
6a7fa1bcd3a7ec788d633ef3,11,4,10,173,1,66,83,0.8357055651007235
6a7fa1bcd3a7ec788d633ef3,10,5,10.4,173,1,60,69,0.8910575986102522
6a7fa1bcd3a7ec788d633ef3,9,5,10.363636363636363,173,1,54,59,0.9282104409559027
6a7fa1bcd3a7ec788d633ef3,8,5,10,173,1,48,53,0.9241699302676414
6a7fa1bcd3a7ec788d633ef3,7,7,9.615384615384615,173,1,42,48,0.7714623664839526
6a7fa1bcd3a7ec788d633ef3,6,7,10,173,1,36,33,0.9046905820366199
6a7fa1bcd3a7ec788d633ef3,5,7,10.933333333333334,173,1,30,9,0.9940659165376103
6a7fa1bcd3a7ec788d633ef3,4,7,10.75,173,1,24,1,0.999803067287953
6a7fa1bcd3a7ec788d633ef7,19,2,11,163,1,114,152,0.7746882762377075
6a7fa1bcd3a7ec788d633ef7,18,2,11,163,1,108,141,0.8209954083701533
6a7fa1bcd3a7ec788d633ef7,17,2,10.666666666666666,163,1,102,131,0.8515815037514713
6a7fa1bcd3a7ec788d633ef7,16,3,9.5,163,1,96,125,0.799424025997294
6a7fa1bcd3a7ec788d633ef7,15,3,8.8,163,1,90,119,0.7769835594806092
6a7fa1bcd3a7ec788d633ef7,14,3,9.333333333333334,163,1,84,107,0.8430101684820477
6a7fa1bcd3a7ec788d633ef7,13,3,9.285714285714286,163,1,78,98,0.8622893131520133
6a7fa1bcd3a7ec788d633ef7,12,3,9.75,163,1,72,85,0.9249929734088026
6a7fa1bcd3a7ec788d633ef7,11,3,9.666666666666666,163,1,66,76,0.9393899891674904
6a7fa1bcd3a7ec788d633ef7,10,3,9.9,163,1,60,64,0.971214085299533
6a7fa1bcd3a7ec788d633ef7,9,3,9.727272727272727,163,1,54,56,0.9754344925645757
6a7fa1bcd3a7ec788d633ef7,8,3,9.583333333333334,163,1,48,48,0.9793656833288995
6a7fa1bcd3a7ec788d633ef7,7,3,10,163,1,42,33,0.9979737433299409
6a7fa1bcd3a7ec788d633ef7,6,4,9.857142857142858,163,1,36,25,0.9987121906916864
6a7fa1bcd3a7ec788d633ef7,5,4,9.933333333333334,163,1,30,14,0.9999168569901347
6a7fa1bcd3a7ec788d633efb,19,1,3,189,1,114,186,0.1848504527365916
6a7fa1bcd3a7ec788d633efb,18,2,3,189,1,108,183,0.10817523790031415
6a7fa1bcd3a7ec788d633efb,17,2,8.333333333333334,189,1,102,164,0.2342471834027558
6a7fa1bcd3a7ec788d633efb,16,2,11,189,1,96,145,0.4311702510589349
6a7fa1bcd3a7ec788d633efb,15,2,10.4,189,1,90,137,0.4120758416743145
6a7fa1bcd3a7ec788d633efb,14,2,10.5,189,1,84,126,0.46211839672708277
6a7fa1bcd3a7ec788d633efb,13,3,10.714285714285714,189,1,78,114,0.5334849478047359
6a7fa1bcd3a7ec788d633efb,12,3,11.375,189,1,72,98,0.7165644818442531
6a7fa1bcd3a7ec788d633efb,11,3,11.222222222222221,189,1,66,88,0.7551071387171954
6a7fa1bcd3a7ec788d633efb,10,3,10.8,189,1,60,81,0.7233052453745693
6a7fa1bcd3a7ec788d633efb,9,4,10.545454545454545,189,1,54,73,0.7061513210119693
6a7fa1bcd3a7ec788d633efb,8,4,10.416666666666666,189,1,48,64,0.7246501547263713
6a7fa1bcd3a7ec788d633efb,7,4,10.076923076923077,189,1,42,58,0.6498806890620934
6a7fa1bcd3a7ec788d633efb,6,4,10.428571428571429,189,1,36,43,0.8487090331739555
6a7fa1bcd3a7ec788d633efb,5,4,10.533333333333333,189,1,30,31,0.9341044149183626
6a7fa1bcd3a7ec788d633efb,4,5,10.875,189,1,24,15,0.9972801238340758
6a7fa1bcd3a7ec788d633efb,3,5,10.588235294117647,189,1,18,9,0.9981939204076564
6a7fa1bcd3a7ec788d633efb,2,6,10.222222222222221,189,1,12,5,0.9962806030827678
6a7fa1bcd3a7ec788d633eff,19,0,4,208,0,114,204,0.036317825432571095
6a7fa1bcd3a7ec788d633eff,18,0,6,208,0,108,196,0.029679647484823272
6a7fa1bcd3a7ec788d633eff,17,0,8.333333333333334,208,0,102,183,0.042641518155363226
6a7fa1bcd3a7ec788d633eff,16,0,10.25,208,0,96,167,0.08324511196026764
6a7fa1bcd3a7ec788d633eff,15,0,9.8,208,0,90,159,0.06993031893554309
6a7fa1bcd3a7ec788d633eff,14,0,9,208,0,84,154,0.04010196736203206
6a7fa1bcd3a7ec788d633eff,13,0,8.857142857142858,208,0,78,146,0.03119664976601979
6a7fa1bcd3a7ec788d633eff,12,0,9.125,208,0,72,135,0.035624950231440744
6a7fa1bcd3a7ec788d633eff,11,0,9.444444444444445,208,0,66,123,0.046674626170181664
6a7fa1bcd3a7ec788d633eff,10,0,9.3,208,0,60,115,0.03490841527367378
6a7fa1bcd3a7ec788d633eff,9,0,9,208,0,54,109,0.017699893120173307
6a7fa1bcd3a7ec788d633eff,8,1,8.5,208,0,48,106,0.0041167438955176895
6a7fa1bcd3a7ec788d633eff,7,1,8.076923076923077,208,0,42,103,0.000598197711565354
6a7fa1bcd3a7ec788d633eff,6,1,8.285714285714286,208,0,36,92,0.0004977848249617137
6a7fa1bcd3a7ec788d633eff,5,2,8.066666666666666,208,0,30,87,0.00005258499268552393
6a7fa1bcd3a7ec788d633eff,4,2,7.8125,208,0,24,83,0.000001397872750432829
6a7fa1bcd3a7ec788d633eff,3,3,8.117647058823529,208,0,18,70,6.549337251377083e-7
6a7fa1bcd3a7ec788d633eff,2,3,8.277777777777779,208,0,12,59,2.975824365258052e-8
6a7fa1bcd3a7ec788d633eff,1,3,7.894736842105263,208,0,6,58,1.3640315421351007e-15
6a7fa1bcd3a7ec788d633f03,19,0,7,151,1,114,144,0.907850038035092
6a7fa1bcd3a7ec788d633f03,18,1,5.5,151,1,108,140,0.8563930975564988
6a7fa1bcd3a7ec788d633f03,17,1,6.666666666666667,151,1,102,131,0.8695469757536195
6a7fa1bcd3a7ec788d633f03,16,2,5.75,151,1,96,128,0.7843321205165266
6a7fa1bcd3a7ec788d633f03,15,2,7,151,1,90,116,0.845911490348881
6a7fa1bcd3a7ec788d633f03,14,2,8,151,1,84,103,0.9087549938900648
6a7fa1bcd3a7ec788d633f03,13,2,8.142857142857142,151,1,78,94,0.9216004762520249
6a7fa1bcd3a7ec788d633f03,12,2,8.25,151,1,72,85,0.9335668396771403
6a7fa1bcd3a7ec788d633f03,11,2,7.666666666666667,151,1,66,82,0.874350160279091
6a7fa1bcd3a7ec788d633f03,10,2,7.6,151,1,60,75,0.856261141378319
6a7fa1bcd3a7ec788d633f03,9,2,7.363636363636363,151,1,54,70,0.7902041841881561
6a7fa1bcd3a7ec788d633f03,8,3,7.333333333333333,151,1,48,63,0.7558193746448105
6a7fa1bcd3a7ec788d633f03,7,3,7,151,1,42,60,0.5832234642092858
6a7fa1bcd3a7ec788d633f03,6,3,7.357142857142857,151,1,36,48,0.7020113654875636
6a7fa1bcd3a7ec788d633f03,5,3,7.2,151,1,30,43,0.565878593151932
6a7fa1bcd3a7ec788d633f03,4,3,7.1875,151,1,24,36,0.4857381671179579
6a7fa1bcd3a7ec788d633f03,3,3,7.529411764705882,151,1,18,23,0.698828590622268
6a7fa1bcd3a7ec788d633f03,2,3,7.333333333333333,151,1,12,19,0.4290215012953792
6a7fa1bcd3a7ec788d633f03,1,3,7.368421052631579,151,1,6,11,0.32867704463528885
6a7fa1bcd3a7ec788d633f07,19,0,5,196,0,114,191,0.12666824944565946
6a7fa1bcd3a7ec788d633f07,18,0,7.5,196,0,108,181,0.13287814363258835
6a7fa1bcd3a7ec788d633f07,17,0,6.666666666666667,196,0,102,176,0.08839857063241585
6a7fa1bcd3a7ec788d633f07,16,0,7,196,0,96,168,0.07518081304056043
6a7fa1bcd3a7ec788d633f07,15,0,9,196,0,90,151,0.15333015719733384
6a7fa1bcd3a7ec788d633f07,14,0,9,196,0,84,142,0.14686265327148545
6a7fa1bcd3a7ec788d633f07,13,1,8.142857142857142,196,0,78,139,0.07410837370827904
6a7fa1bcd3a7ec788d633f07,12,1,7.625,196,0,72,135,0.03561183828403543
6a7fa1bcd3a7ec788d633f07,11,1,8.88888888888889,196,0,66,116,0.11080870811549491
6a7fa1bcd3a7ec788d633f07,10,2,8.6,196,0,60,110,0.0699664353722632
6a7fa1bcd3a7ec788d633f07,9,2,9.181818181818182,196,0,54,95,0.13339639603727846
6a7fa1bcd3a7ec788d633f07,8,2,9.25,196,0,48,85,0.13818028385222636
6a7fa1bcd3a7ec788d633f07,7,2,9.153846153846153,196,0,42,77,0.10909975068945071
6a7fa1bcd3a7ec788d633f07,6,2,8.714285714285714,196,0,36,74,0.03392205253590893
6a7fa1bcd3a7ec788d633f07,5,3,8.6,196,0,30,67,0.015759658617223744
6a7fa1bcd3a7ec788d633f07,4,3,8.1875,196,0,24,65,0.0012161825248033131
6a7fa1bcd3a7ec788d633f07,3,3,8.588235294117647,196,0,18,50,0.00293005772517304
6a7fa1bcd3a7ec788d633f07,2,3,8.555555555555555,196,0,12,42,0.0003940888210579297
6a7fa1bcd3a7ec788d633f07,1,3,8.421052631578947,196,0,6,36,5.548822320741699e-7
6a7fa1bcd3a7ec788d633f0b,19,0,16,178,0,114,162,0.6431121232791293
6a7fa1bcd3a7ec788d633f0b,18,1,13.5,178,0,108,151,0.6825997382345969
6a7fa1bcd3a7ec788d633f0b,17,1,11.666666666666666,178,0,102,143,0.67394796078687
6a7fa1bcd3a7ec788d633f0b,16,1,11.75,178,0,96,131,0.7439020707114087
6a7fa1bcd3a7ec788d633f0b,15,2,11.2,178,0,90,122,0.7466266336408804
6a7fa1bcd3a7ec788d633f0b,14,2,9.833333333333334,178,0,84,119,0.6314514023465299
6a7fa1bcd3a7ec788d633f0b,13,2,10.285714285714286,178,0,78,106,0.7335803249191518
6a7fa1bcd3a7ec788d633f0b,12,2,9.5,178,0,72,102,0.6265510478532272
6a7fa1bcd3a7ec788d633f0b,11,2,8.666666666666666,178,0,66,100,0.44297664450002616
6a7fa1bcd3a7ec788d633f0b,10,2,8.8,178,0,60,90,0.4726222797096692
6a7fa1bcd3a7ec788d633f0b,9,2,9,178,0,54,79,0.5362953986958795
6a7fa1bcd3a7ec788d633f0b,8,2,8.666666666666666,178,0,48,74,0.41237591601809165
6a7fa1bcd3a7ec788d633f0b,7,2,8.615384615384615,178,0,42,66,0.37691846709441434
6a7fa1bcd3a7ec788d633f0b,6,2,8.857142857142858,178,0,36,54,0.48070476588411915
6a7fa1bcd3a7ec788d633f0b,5,2,8.733333333333333,178,0,30,47,0.4023104887302537
6a7fa1bcd3a7ec788d633f0b,4,4,8.625,178,0,24,40,0.3126714999581599
6a7fa1bcd3a7ec788d633f0b,3,4,8.823529411764707,178,0,18,28,0.4364273309188948
6a7fa1bcd3a7ec788d633f0b,2,4,8.5,178,0,12,25,0.13846230487610414
6a7fa1bcd3a7ec788d633f0b,1,5,8.789473684210526,178,0,6,11,0.3286770443846401
6a7fa1bcd3a7ec788d633f0f,19,1,11,165,1,114,154,0.7735596428947507
6a7fa1bcd3a7ec788d633f0f,18,1,12,165,1,108,141,0.8440583064262721
6a7fa1bcd3a7ec788d633f0f,17,2,11,165,1,102,132,0.8394355843804202
6a7fa1bcd3a7ec788d633f0f,16,2,10.75,165,1,96,122,0.8684243020681854
6a7fa1bcd3a7ec788d633f0f,15,2,10.4,165,1,90,113,0.8838895837522727
6a7fa1bcd3a7ec788d633f0f,14,2,9.666666666666666,165,1,84,107,0.860884830118326
6a7fa1bcd3a7ec788d633f0f,13,2,9.571428571428571,165,1,78,98,0.8751476591328707
6a7fa1bcd3a7ec788d633f0f,12,2,8.625,165,1,72,96,0.7682536577578472
6a7fa1bcd3a7ec788d633f0f,11,2,8.666666666666666,165,1,66,87,0.7822429027404293
6a7fa1bcd3a7ec788d633f0f,10,2,8.2,165,1,60,83,0.6737481299988403
6a7fa1bcd3a7ec788d633f0f,9,2,7.7272727272727275,165,1,54,80,0.5053920768999478
6a7fa1bcd3a7ec788d633f0f,8,2,7.583333333333333,165,1,48,74,0.41237591601809165
6a7fa1bcd3a7ec788d633f0f,7,2,7.846153846153846,165,1,42,63,0.4785596630025304
6a7fa1bcd3a7ec788d633f0f,6,2,7.642857142857143,165,1,36,58,0.33699137018032205
6a7fa1bcd3a7ec788d633f0f,5,2,7.666666666666667,165,1,30,50,0.2915895774743927
6a7fa1bcd3a7ec788d633f0f,4,2,8.125,165,1,24,35,0.5319938260158539
6a7fa1bcd3a7ec788d633f0f,3,2,8.470588235294118,165,1,18,21,0.790991263526011
6a7fa1bcd3a7ec788d633f0f,2,2,8.5,165,1,12,12,0.8498229754962128
6a7fa1bcd3a7ec788d633f13,19,0,10,155,1,114,145,0.8987832689374369
6a7fa1bcd3a7ec788d633f13,18,0,15.5,155,1,108,124,0.976513864171737
6a7fa1bcd3a7ec788d633f13,17,2,13.333333333333334,155,1,102,115,0.960752646005754
6a7fa1bcd3a7ec788d633f13,16,3,12.25,155,1,96,106,0.9457967551516866
6a7fa1bcd3a7ec788d633f13,15,4,10.6,155,1,90,102,0.895804710349165
6a7fa1bcd3a7ec788d633f13,14,4,11.333333333333334,155,1,84,87,0.9438354481925224
6a7fa1bcd3a7ec788d633f13,13,4,10.428571428571429,155,1,78,82,0.9504242985717769
6a7fa1bcd3a7ec788d633f13,12,5,9.5,155,1,72,79,0.8918675932002896
6a7fa1bcd3a7ec788d633f13,11,5,10.666666666666666,155,1,66,59,0.9607721283261743
6a7fa1bcd3a7ec788d633f13,10,5,11.1,155,1,60,44,0.985159787858203
6a7fa1bcd3a7ec788d633f13,9,5,10.727272727272727,155,1,54,37,0.9916844368423408
6a7fa1bcd3a7ec788d633f13,8,6,10.5,155,1,48,29,0.9835159413046796
6a7fa1bcd3a7ec788d633f13,7,6,10.153846153846153,155,1,42,23,0.9912599152407676
6a7fa1bcd3a7ec788d633f13,6,7,10,155,1,36,15,0.9834037611514008
6a7fa1bcd3a7ec788d633f13,5,7,9.933333333333334,155,1,30,6,0.997227749331282
6a7fa1bcd3a7ec788d633f17,19,2,2,195,0,114,193,0.1022959980595923
6a7fa1bcd3a7ec788d633f17,18,2,7.5,195,0,108,180,0.1395982584641062
6a7fa1bcd3a7ec788d633f17,17,2,7,195,0,102,174,0.1042422519477236
6a7fa1bcd3a7ec788d633f17,16,2,6.5,195,0,96,169,0.06669863588672084
6a7fa1bcd3a7ec788d633f17,15,2,6.8,195,0,90,161,0.055517445582240844
6a7fa1bcd3a7ec788d633f17,14,3,6.666666666666667,195,0,84,155,0.03467301514041735
6a7fa1bcd3a7ec788d633f17,13,3,7,195,0,78,146,0.030793927079049262
6a7fa1bcd3a7ec788d633f17,12,3,6.375,195,0,72,144,0.009271970364405314
6a7fa1bcd3a7ec788d633f17,11,4,6.555555555555555,195,0,66,136,0.006094810152361338
6a7fa1bcd3a7ec788d633f17,10,4,6.8,195,0,60,127,0.004582992836136139
6a7fa1bcd3a7ec788d633f17,9,4,6.909090909090909,195,0,54,119,0.0026479667250398206
6a7fa1bcd3a7ec788d633f17,8,4,7.083333333333333,195,0,48,110,0.0017118940515464308
6a7fa1bcd3a7ec788d633f17,7,4,7.230769230769231,195,0,42,101,0.0009954247229607203
6a7fa1bcd3a7ec788d633f17,6,4,7.142857142857143,195,0,36,95,0.00020988261945007313
6a7fa1bcd3a7ec788d633f17,5,5,6.733333333333333,195,0,30,94,0.000004167702039130784
6a7fa1bcd3a7ec788d633f17,4,5,7.1875,195,0,24,80,0.000005020678307874751
6a7fa1bcd3a7ec788d633f17,3,5,7.294117647058823,195,0,18,71,3.933552577663358e-7
6a7fa1bcd3a7ec788d633f17,2,6,7.611111111111111,195,0,12,58,5.717833864220141e-8
6a7fa1bcd3a7ec788d633f17,1,6,7.526315789473684,195,0,6,52,4.0252849860115443e-13
6a7fa1bcd3a7ec788d633f1b,19,0,12,165,0,114,153,0.8016539313087332
6a7fa1bcd3a7ec788d633f1b,18,1,6.5,165,0,108,152,0.6631568980870642
6a7fa1bcd3a7ec788d633f1b,17,1,8.333333333333334,165,0,102,140,0.7321379235807529
6a7fa1bcd3a7ec788d633f1b,16,1,9,165,0,96,129,0.7801759784895635
6a7fa1bcd3a7ec788d633f1b,15,2,9,165,0,90,120,0.7830696888702918
6a7fa1bcd3a7ec788d633f1b,14,2,9.666666666666666,165,0,84,107,0.860884830118326
6a7fa1bcd3a7ec788d633f1b,13,2,10.142857142857142,165,0,78,94,0.9216004762520249
6a7fa1bcd3a7ec788d633f1b,12,3,9.875,165,0,72,86,0.9152984762705281
6a7fa1bcd3a7ec788d633f1b,11,3,9.777777777777779,165,0,66,77,0.9303669471600283
6a7fa1bcd3a7ec788d633f1b,10,3,9.2,165,0,60,73,0.8854708225868466
6a7fa1bcd3a7ec788d633f1b,9,3,9,165,0,54,66,0.8702754626026157
6a7fa1bcd3a7ec788d633f1b,8,3,8.916666666666666,165,0,48,58,0.8704486441922782
6a7fa1bcd3a7ec788d633f1b,7,3,8.846153846153847,165,0,42,50,0.8709605079418031
6a7fa1bcd3a7ec788d633f1b,6,3,8.642857142857142,165,0,36,44,0.8243262183982415
6a7fa1bcd3a7ec788d633f1b,5,3,8.333333333333334,165,0,30,40,0.6864056863294936
6a7fa1bcd3a7ec788d633f1b,4,3,8.125,165,0,24,35,0.5319908854982119
6a7fa1bcd3a7ec788d633f1b,3,4,8,165,0,18,29,0.3857363366834644
6a7fa1bcd3a7ec788d633f1b,2,4,7.888888888888889,165,0,12,23,0.21365198631871607
6a7fa1bcd3a7ec788d633f1b,1,4,8,165,0,6,13,0.19669328568145164
6a7fa1bcd3a7ec788d633f1f,19,0,18,166,1,114,148,0.8675660840214566
6a7fa1bcd3a7ec788d633f1f,18,0,17.5,166,1,108,131,0.9463077739241077
6a7fa1bcd3a7ec788d633f1f,17,0,13.333333333333334,166,1,102,126,0.9266495415028121
6a7fa1bcd3a7ec788d633f1f,16,0,12.25,166,1,96,117,0.9352311386322821
6a7fa1bcd3a7ec788d633f1f,15,0,12.8,166,1,90,102,0.9755897704993105
6a7fa1bcd3a7ec788d633f1f,14,0,12.833333333333334,166,1,84,89,0.9902835678096067
6a7fa1bcd3a7ec788d633f1f,13,0,11.714285714285714,166,1,78,84,0.9848526885938254
6a7fa1bcd3a7ec788d633f1f,12,0,11.875,166,1,72,71,0.995198997821
6a7fa1bcd3a7ec788d633f1f,11,1,11.222222222222221,166,1,66,65,0.9934063068981254
6a7fa1bcd3a7ec788d633f1f,10,1,11.8,166,1,60,48,0.9995886208830315
6a7fa1bcd3a7ec788d633f1f,9,1,12.272727272727273,166,1,54,31,0.9999921526248792
6a7fa1bcd3a7ec788d633f1f,8,1,12.416666666666666,166,1,48,17,0.9999998047519795
6a7fa1bcd3a7ec788d633f1f,7,1,12.846153846153847,166,1,42,-1,1
6a7fa1bcd3a7ec788d633f23,19,0,10,151,1,114,141,0.9312879335983295
6a7fa1bcd3a7ec788d633f23,18,0,7,151,1,108,137,0.8993004010106207
6a7fa1bcd3a7ec788d633f23,17,0,5.666666666666667,151,1,102,134,0.8378448249599272
6a7fa1bcd3a7ec788d633f23,16,0,8,151,1,96,119,0.9183134324365185
6a7fa1bcd3a7ec788d633f23,15,0,7.6,151,1,90,113,0.8971287316880209
6a7fa1bcd3a7ec788d633f23,14,0,8.333333333333334,151,1,84,101,0.9361286660058674
6a7fa1bcd3a7ec788d633f23,13,1,7.857142857142857,151,1,78,96,0.9048087583018112
6a7fa1bcd3a7ec788d633f23,12,1,8,151,1,72,87,0.9161368370099892
6a7fa1bcd3a7ec788d633f23,11,2,7.777777777777778,151,1,66,81,0.8890504561657966
6a7fa1bcd3a7ec788d633f23,10,2,7.1,151,1,60,80,0.7510011092179771
6a7fa1bcd3a7ec788d633f23,9,2,7.7272727272727275,151,1,54,66,0.8721621458638054
6a7fa1bcd3a7ec788d633f23,8,3,7.583333333333333,151,1,48,60,0.8296219703790235
6a7fa1bcd3a7ec788d633f23,7,4,7.461538461538462,151,1,42,54,0.7728840093273998
6a7fa1bcd3a7ec788d633f23,6,4,7.285714285714286,151,1,36,49,0.6663995110661048
6a7fa1bcd3a7ec788d633f23,5,4,7.533333333333333,151,1,30,38,0.7590738585152514
6a7fa1bcd3a7ec788d633f23,4,5,8.0625,151,1,24,22,0.9582108690606501
6a7fa1bcd3a7ec788d633f23,3,5,8.176470588235293,151,1,18,12,0.9891803600608085
6a7fa1bcd3a7ec788d633f23,2,5,7.833333333333333,151,1,12,10,0.9245841728466907
6a7fa1bcd3a7ec788d633f27,19,0,8,166,1,114,158,0.7190659285672863
6a7fa1bcd3a7ec788d633f27,18,0,7,166,1,108,152,0.6714425563300875
6a7fa1bcd3a7ec788d633f27,17,0,9.666666666666666,166,1,102,137,0.7916285151980273
6a7fa1bcd3a7ec788d633f27,16,0,7.75,166,1,96,135,0.6674737598350314
6a7fa1bcd3a7ec788d633f27,15,0,7.4,166,1,90,129,0.6077059109583854
6a7fa1bcd3a7ec788d633f27,14,0,7.5,166,1,84,121,0.5901523831610104
6a7fa1bcd3a7ec788d633f27,13,0,7.428571428571429,166,1,78,114,0.5454015881286606
6a7fa1bcd3a7ec788d633f27,12,1,7.875,166,1,72,103,0.6026092068903888
6a7fa1bcd3a7ec788d633f27,11,1,7.444444444444445,166,1,66,99,0.47132562032241987
6a7fa1bcd3a7ec788d633f27,10,1,7.3,166,1,60,93,0.3875765892284975
6a7fa1bcd3a7ec788d633f27,9,2,7.818181818181818,166,1,54,80,0.5053920768999478
6a7fa1bcd3a7ec788d633f27,8,2,8.083333333333334,166,1,48,69,0.574708188897948
6a7fa1bcd3a7ec788d633f27,7,2,8.538461538461538,166,1,42,55,0.7464764410335399
6a7fa1bcd3a7ec788d633f27,6,4,8.428571428571429,166,1,36,48,0.7012863588656099
6a7fa1bcd3a7ec788d633f27,5,5,8.866666666666667,166,1,30,33,0.8959882607128106
6a7fa1bcd3a7ec788d633f27,4,7,8.75,166,1,24,26,0.8521339247055584
6a7fa1bcd3a7ec788d633f27,3,7,8.764705882352942,166,1,18,17,0.9101524490695647
6a7fa1bcd3a7ec788d633f27,2,7,8.88888888888889,166,1,12,6,0.9894368088035795
6a7fa1bcd3a7ec788d633f2b,19,1,9,144,1,114,135,0.9512746374643464
6a7fa1bcd3a7ec788d633f2b,18,1,9,144,1,108,126,0.9611212463318926
6a7fa1bcd3a7ec788d633f2b,17,1,9.666666666666666,144,1,102,115,0.9755173694703009
6a7fa1bcd3a7ec788d633f2b,16,1,9,144,1,96,108,0.9763383379075403
6a7fa1bcd3a7ec788d633f2b,15,1,9.4,144,1,90,97,0.9865417343789025
6a7fa1bcd3a7ec788d633f2b,14,1,9.166666666666666,144,1,84,89,0.9887244352976806
6a7fa1bcd3a7ec788d633f2b,13,1,9.857142857142858,144,1,78,75,0.9969536464128939
6a7fa1bcd3a7ec788d633f2b,12,2,10,144,1,72,64,0.9978354949029935
6a7fa1bcd3a7ec788d633f2b,11,2,9.555555555555555,144,1,66,58,0.9981880762255835
6a7fa1bcd3a7ec788d633f2b,10,2,10.2,144,1,60,42,0.999812270169577
6a7fa1bcd3a7ec788d633f2b,9,2,10,144,1,54,34,0.9999362460220161
6a7fa1bcd3a7ec788d633f2b,8,2,9.666666666666666,144,1,48,28,0.999970207607506
6a7fa1bcd3a7ec788d633f2b,7,3,9.461538461538462,144,1,42,21,0.9999653764688701
6a7fa1bcd3a7ec788d633f2b,6,3,9,144,1,36,18,0.9999659301671381
6a7fa1bcd3a7ec788d633f2b,5,3,9.333333333333334,144,1,30,4,0.9999999308073595
6a7fa1bcd3a7ec788d633f2f,19,0,14,183,0,114,169,0.49842719842351263
6a7fa1bcd3a7ec788d633f2f,18,1,14,183,0,108,155,0.6023752543830432
6a7fa1bcd3a7ec788d633f2f,17,1,11.666666666666666,183,0,102,148,0.567935651051325
6a7fa1bcd3a7ec788d633f2f,16,1,11.25,183,0,96,138,0.5976168202773032
6a7fa1bcd3a7ec788d633f2f,15,1,11.6,183,0,90,125,0.694594381253886
6a7fa1bcd3a7ec788d633f2f,14,1,10.833333333333334,183,0,84,118,0.6599035565677335
6a7fa1bcd3a7ec788d633f2f,13,1,10.428571428571429,183,0,78,110,0.6451062666599608
6a7fa1bcd3a7ec788d633f2f,12,1,11.25,183,0,72,93,0.8293793081992755
6a7fa1bcd3a7ec788d633f2f,11,1,11.555555555555555,183,0,66,79,0.9164172282416487
6a7fa1bcd3a7ec788d633f2f,10,2,11.7,183,0,60,66,0.9626083028481244
6a7fa1bcd3a7ec788d633f2f,9,2,11.272727272727273,183,0,54,59,0.9583995983413371
6a7fa1bcd3a7ec788d633f2f,8,2,10.666666666666666,183,0,48,55,0.9196481064415514
6a7fa1bcd3a7ec788d633f2f,7,2,10.76923076923077,183,0,42,43,0.9659399423581306
6a7fa1bcd3a7ec788d633f2f,6,2,10.5,183,0,36,36,0.9629053811640503
6a7fa1bcd3a7ec788d633f2f,5,2,10.2,183,0,30,30,0.9485625732423272
6a7fa1bcd3a7ec788d633f2f,4,2,10.25,183,0,24,19,0.9853313936147748
6a7fa1bcd3a7ec788d633f2f,3,3,10.058823529411764,183,0,18,12,0.9892952687936577
6a7fa1bcd3a7ec788d633f2f,2,3,9.61111111111111,183,0,12,10,0.924597527795671
6a7fa1bcd3a7ec788d633f2f,1,3,9.157894736842104,183,0,6,9,0.49821636117809404
6a7fa1bcd3a7ec788d633f33,19,0,8,171,0,114,163,0.6230932764034727
6a7fa1bcd3a7ec788d633f33,18,1,4.5,171,0,108,162,0.4537222313766709
6a7fa1bcd3a7ec788d633f33,17,1,6,171,0,102,153,0.4574996030014092
6a7fa1bcd3a7ec788d633f33,16,1,6.5,171,0,96,145,0.4380274512525972
6a7fa1bcd3a7ec788d633f33,15,1,6.2,171,0,90,140,0.3493513035413206
6a7fa1bcd3a7ec788d633f33,14,1,6,171,0,84,135,0.2630752844355428
6a7fa1bcd3a7ec788d633f33,13,2,6.571428571428571,171,0,78,125,0.277331580396419
6a7fa1bcd3a7ec788d633f33,12,3,6.75,171,0,72,117,0.24921227533714937
6a7fa1bcd3a7ec788d633f33,11,3,7.888888888888889,171,0,66,100,0.4401893330147255
6a7fa1bcd3a7ec788d633f33,10,4,8.4,171,0,60,87,0.55052147973182
6a7fa1bcd3a7ec788d633f33,9,4,8.090909090909092,171,0,54,82,0.4396710684872097
6a7fa1bcd3a7ec788d633f33,8,4,7.833333333333333,171,0,48,77,0.32033988639552025
6a7fa1bcd3a7ec788d633f33,7,4,8.153846153846153,171,0,42,65,0.4090106220477871
6a7fa1bcd3a7ec788d633f33,6,4,7.928571428571429,171,0,36,60,0.2729404560694286
6a7fa1bcd3a7ec788d633f33,5,4,7.933333333333334,171,0,30,52,0.22778029420182128
6a7fa1bcd3a7ec788d633f33,4,5,7.8125,171,0,24,46,0.1276287452001577
6a7fa1bcd3a7ec788d633f33,3,6,7.705882352941177,171,0,18,40,0.05107725526748855
6a7fa1bcd3a7ec788d633f33,2,7,7.388888888888889,171,0,12,38,0.00219345358307699
6a7fa1bcd3a7ec788d633f33,1,7,7.473684210526316,171,0,6,29,0.00009937544968919069
6a7fa1bcd3a7ec788d633f37,19,0,19,171,1,114,152,0.8162264267890589
6a7fa1bcd3a7ec788d633f37,18,0,14.5,171,1,108,142,0.8410470200600447
6a7fa1bcd3a7ec788d633f37,17,0,12.333333333333334,171,1,102,134,0.8378448249599272
6a7fa1bcd3a7ec788d633f37,16,0,11.5,171,1,96,125,0.8484166826515317
6a7fa1bcd3a7ec788d633f37,15,0,10.8,171,1,90,117,0.8445228646366966
6a7fa1bcd3a7ec788d633f37,14,0,10.333333333333334,171,1,84,109,0.840113164155547
6a7fa1bcd3a7ec788d633f37,13,0,10.428571428571429,171,1,78,98,0.8809767471975479
6a7fa1bcd3a7ec788d633f37,12,0,10.875,171,1,72,84,0.9456386890462725
6a7fa1bcd3a7ec788d633f37,11,0,10.666666666666666,171,1,66,75,0.9546918863513583
6a7fa1bcd3a7ec788d633f37,10,0,10.2,171,1,60,69,0.939174840096615
6a7fa1bcd3a7ec788d633f37,9,0,9.454545454545455,171,1,54,67,0.8544715290792579
6a7fa1bcd3a7ec788d633f37,8,0,10.083333333333334,171,1,48,50,0.969173795212585
6a7fa1bcd3a7ec788d633f37,7,0,9.692307692307692,171,1,42,45,0.9476902578337125
6a7fa1bcd3a7ec788d633f37,6,0,9.785714285714286,171,1,36,34,0.977867596118442
6a7fa1bcd3a7ec788d633f37,5,1,9.733333333333333,171,1,30,25,0.9883019822039398
6a7fa1bcd3a7ec788d633f37,4,1,9.875,171,1,24,13,0.9992641731493774
6a7fa1bcd3a7ec788d633f37,3,2,9.882352941176471,171,1,18,3,0.999998545445801
6a7fa1bcd3a7ec788d633f3b,19,0,8,161,0,114,153,0.8016539313087332
6a7fa1bcd3a7ec788d633f3b,18,0,6.5,161,0,108,148,0.7469907020095012
6a7fa1bcd3a7ec788d633f3b,17,0,6,161,0,102,143,0.6800091418011696
6a7fa1bcd3a7ec788d633f3b,16,0,6.5,161,0,96,135,0.6674737598350314
6a7fa1bcd3a7ec788d633f3b,15,0,6.6,161,0,90,128,0.6308304060074056
6a7fa1bcd3a7ec788d633f3b,14,0,7.833333333333333,161,0,84,114,0.7491306350715013
6a7fa1bcd3a7ec788d633f3b,13,0,7.714285714285714,161,0,78,107,0.7166280922654643
6a7fa1bcd3a7ec788d633f3b,12,0,7.125,161,0,72,104,0.5767555931573408
6a7fa1bcd3a7ec788d633f3b,11,1,6.777777777777778,161,0,66,100,0.44373069490713835
6a7fa1bcd3a7ec788d633f3b,10,1,7.1,161,0,60,90,0.4730497559915307
6a7fa1bcd3a7ec788d633f3b,9,1,7,161,0,54,84,0.3848080715102587
6a7fa1bcd3a7ec788d633f3b,8,1,7.416666666666667,161,0,48,72,0.47663406130513475
6a7fa1bcd3a7ec788d633f3b,7,1,8.461538461538462,161,0,42,51,0.8503180919519622
6a7fa1bcd3a7ec788d633f3b,6,1,8.285714285714286,161,0,36,45,0.7969379903482151
6a7fa1bcd3a7ec788d633f3b,5,1,7.933333333333334,161,0,30,42,0.6070175429437223
6a7fa1bcd3a7ec788d633f3b,4,1,7.625,161,0,24,39,0.3531769284320965
6a7fa1bcd3a7ec788d633f3b,3,1,7.235294117647059,161,0,18,38,0.08073361478323728
6a7fa1bcd3a7ec788d633f3b,2,2,7.333333333333333,161,0,12,29,0.04921368179026516
6a7fa1bcd3a7ec788d633f3b,1,2,7.368421052631579,161,0,6,21,0.009472913075717664
6a7fa1bcd3a7ec788d633f3f,19,0,5,228,0,114,223,0.0032158843525751045
6a7fa1bcd3a7ec788d633f3f,18,0,7.5,228,0,108,213,0.003096038825657765
6a7fa1bcd3a7ec788d633f3f,17,0,11,228,0,102,195,0.009531887517072726
6a7fa1bcd3a7ec788d633f3f,16,0,10,228,0,96,188,0.006044304033684136
6a7fa1bcd3a7ec788d633f3f,15,0,10.4,228,0,90,176,0.0078538679665455
6a7fa1bcd3a7ec788d633f3f,14,0,9.5,228,0,84,171,0.0033731589777074153
6a7fa1bcd3a7ec788d633f3f,13,1,8.571428571428571,228,0,78,168,0.000857754144366775
6a7fa1bcd3a7ec788d633f3f,12,1,8.25,228,0,72,162,0.00031766362013027323
6a7fa1bcd3a7ec788d633f3f,11,1,7.777777777777778,228,0,66,158,0.00006158190089068301
6a7fa1bcd3a7ec788d633f3f,10,2,7.4,228,0,60,154,0.000008567912338639186
6a7fa1bcd3a7ec788d633f3f,9,3,7.090909090909091,228,0,54,150,7.8238281953711e-7
6a7fa1bcd3a7ec788d633f3f,8,4,7.666666666666667,228,0,48,136,0.0000012759027887387985
6a7fa1bcd3a7ec788d633f3f,7,4,7.923076923076923,228,0,42,125,7.142339382143692e-7
6a7fa1bcd3a7ec788d633f3f,6,4,8.142857142857142,228,0,36,114,3.2578217386833253e-7
6a7fa1bcd3a7ec788d633f3f,5,6,8.066666666666666,228,0,30,107,1.8650685981225586e-8
6a7fa1bcd3a7ec788d633f3f,4,6,8.125,228,0,24,98,9.829916182779393e-10
6a7fa1bcd3a7ec788d633f3f,3,6,8.411764705882353,228,0,18,85,1.3343218435132366e-10
6a7fa1bcd3a7ec788d633f3f,2,6,8.277777777777779,228,0,12,79,8.755378066314637e-15
6a7fa1bcd3a7ec788d633f3f,1,6,8.421052631578947,228,0,6,68,8.245830944502935e-20
6a7fa1bcd3a7ec788d633f43,19,0,7,185,1,114,178,0.317472002439156
6a7fa1bcd3a7ec788d633f43,18,0,11.5,185,1,108,162,0.4591501228359549
6a7fa1bcd3a7ec788d633f43,17,0,9.333333333333334,185,1,102,157,0.37473116604650875
6a7fa1bcd3a7ec788d633f43,16,0,10.75,185,1,96,142,0.5094671266033036
6a7fa1bcd3a7ec788d633f43,15,0,10.2,185,1,90,134,0.488950769503071
6a7fa1bcd3a7ec788d633f43,14,0,10,185,1,84,125,0.49146358707953836
6a7fa1bcd3a7ec788d633f43,13,0,9.285714285714286,185,1,78,120,0.393267468996652
6a7fa1bcd3a7ec788d633f43,12,0,9.375,185,1,72,110,0.4174252130151762
6a7fa1bcd3a7ec788d633f43,11,0,9.222222222222221,185,1,66,102,0.38992494063998057
6a7fa1bcd3a7ec788d633f43,10,0,9.3,185,1,60,92,0.41563672130444673
6a7fa1bcd3a7ec788d633f43,9,0,9.272727272727273,185,1,54,83,0.41426407138196225
6a7fa1bcd3a7ec788d633f43,8,0,9.333333333333334,185,1,48,73,0.44428447465957316
6a7fa1bcd3a7ec788d633f43,7,0,9.307692307692308,185,1,42,64,0.44401061009273946
6a7fa1bcd3a7ec788d633f43,6,0,9.214285714285714,185,1,36,56,0.4068074436534035
6a7fa1bcd3a7ec788d633f43,5,0,9.133333333333333,185,1,30,48,0.36369645950051677
6a7fa1bcd3a7ec788d633f43,4,0,9.0625,185,1,24,40,0.31268833941620255
6a7fa1bcd3a7ec788d633f43,3,0,9.058823529411764,185,1,18,31,0.29238725652266195
6a7fa1bcd3a7ec788d633f43,2,0,9.055555555555555,185,1,12,22,0.2598289177684609
6a7fa1bcd3a7ec788d633f43,1,0,9.473684210526315,185,1,6,5,0.8420477732000872
6a7fa1bcd3a7ec788d633f47,19,1,3,171,0,114,168,0.5110236448863846
6a7fa1bcd3a7ec788d633f47,18,1,6,171,0,108,159,0.5177381037810302
6a7fa1bcd3a7ec788d633f47,17,1,6.333333333333333,171,0,102,152,0.47952942662421727
6a7fa1bcd3a7ec788d633f47,16,1,8.5,171,0,96,137,0.6198995861987086
6a7fa1bcd3a7ec788d633f47,15,1,9.2,171,0,90,125,0.694594381253886
6a7fa1bcd3a7ec788d633f47,14,1,8.5,171,0,84,120,0.612784114657717
6a7fa1bcd3a7ec788d633f47,13,3,7.857142857142857,171,0,78,116,0.48336639217151156
6a7fa1bcd3a7ec788d633f47,12,3,7.875,171,0,72,108,0.46342824564917456
6a7fa1bcd3a7ec788d633f47,11,3,8.11111111111111,171,0,66,98,0.4950740364374177
6a7fa1bcd3a7ec788d633f47,10,3,7.6,171,0,60,95,0.33235421488708433
6a7fa1bcd3a7ec788d633f47,9,3,7.363636363636363,171,0,54,90,0.22821438888979684
6a7fa1bcd3a7ec788d633f47,8,3,7.25,171,0,48,84,0.15579790178308084
6a7fa1bcd3a7ec788d633f47,7,3,8.23076923076923,171,0,42,64,0.4438119998312426
6a7fa1bcd3a7ec788d633f47,6,4,8,171,0,36,59,0.30397075905685567
6a7fa1bcd3a7ec788d633f47,5,4,7.666666666666667,171,0,30,56,0.1286649854920585
6a7fa1bcd3a7ec788d633f47,4,4,7.5,171,0,24,51,0.04881250143813035
6a7fa1bcd3a7ec788d633f47,3,4,7.647058823529412,171,0,18,41,0.04007667002455866
6a7fa1bcd3a7ec788d633f47,2,4,8,171,0,12,27,0.0848530036364916
6a7fa1bcd3a7ec788d633f47,1,4,8.263157894736842,171,0,6,14,0.14631566524302592
6a7fa1bcd3a7ec788d633f4b,19,0,9,152,1,114,143,0.9162753923954124
6a7fa1bcd3a7ec788d633f4b,18,0,12.5,152,1,108,127,0.9661961016036453
6a7fa1bcd3a7ec788d633f4b,17,1,12,152,1,102,116,0.9726407153360472
6a7fa1bcd3a7ec788d633f4b,16,1,10.75,152,1,96,109,0.9731627254237866
6a7fa1bcd3a7ec788d633f4b,15,1,10.6,152,1,90,99,0.9820547958466048
6a7fa1bcd3a7ec788d633f4b,14,1,10.5,152,1,84,89,0.9887244352976806
6a7fa1bcd3a7ec788d633f4b,13,1,9.285714285714286,152,1,78,87,0.9732736644433669
6a7fa1bcd3a7ec788d633f4b,12,1,8.75,152,1,72,82,0.9593753175390491
6a7fa1bcd3a7ec788d633f4b,11,1,8.666666666666666,152,1,66,74,0.9612694546088216
6a7fa1bcd3a7ec788d633f4b,10,1,8.6,152,1,60,66,0.9634142446760875
6a7fa1bcd3a7ec788d633f4b,9,2,8.181818181818182,152,1,54,62,0.9297589982334739
6a7fa1bcd3a7ec788d633f4b,8,2,8.166666666666666,152,1,48,54,0.9324042116600146
6a7fa1bcd3a7ec788d633f4b,7,2,8.23076923076923,152,1,42,45,0.9476117889399198
6a7fa1bcd3a7ec788d633f4b,6,2,7.928571428571429,152,1,36,41,0.8932412752263271
6a7fa1bcd3a7ec788d633f4b,5,2,8,152,1,30,32,0.9177880851812241
6a7fa1bcd3a7ec788d633f4b,4,2,8.0625,152,1,24,23,0.9449685449985279
6a7fa1bcd3a7ec788d633f4b,3,2,7.764705882352941,152,1,18,20,0.8311202869014988
6a7fa1bcd3a7ec788d633f4b,2,2,7.888888888888889,152,1,12,10,0.9245975406432443
6a7fa1bcd3a7ec788d633f4f,19,0,5,155,1,114,150,0.8432961151582097
6a7fa1bcd3a7ec788d633f4f,18,0,10.5,155,1,108,134,0.9256835213796574
6a7fa1bcd3a7ec788d633f4f,17,0,11.333333333333334,155,1,102,121,0.9592408680457557
6a7fa1bcd3a7ec788d633f4f,16,0,11,155,1,96,111,0.9701333890499335
6a7fa1bcd3a7ec788d633f4f,15,0,9.2,155,1,90,109,0.9357489633409074
6a7fa1bcd3a7ec788d633f4f,14,0,9.5,155,1,84,98,0.9576950105573198
6a7fa1bcd3a7ec788d633f4f,13,0,10.285714285714286,155,1,78,83,0.9874072372615552
6a7fa1bcd3a7ec788d633f4f,12,0,11.625,155,1,72,62,0.999506277602145
6a7fa1bcd3a7ec788d633f4f,11,0,11.333333333333334,155,1,66,53,0.9997738139899504
6a7fa1bcd3a7ec788d633f4f,10,0,11.5,155,1,60,40,0.9999820392860006
6a7fa1bcd3a7ec788d633f4f,9,1,10.727272727272727,155,1,54,37,0.9999308478943012
6a7fa1bcd3a7ec788d633f4f,8,1,10.916666666666666,155,1,48,24,0.9999977986030195
6a7fa1bcd3a7ec788d633f4f,7,1,10.461538461538462,155,1,42,19,0.9999986364435411
6a7fa1bcd3a7ec788d633f4f,6,1,9.928571428571429,155,1,36,16,0.9999954982648203
6a7fa1bcd3a7ec788d633f4f,5,1,9.933333333333334,155,1,30,6,0.9999999920658131
6a7fa1bcd3a7ec788d633f53,19,1,4,179,1,114,175,0.36919222165580445
6a7fa1bcd3a7ec788d633f53,18,1,5.5,179,1,108,168,0.33143496229283775
6a7fa1bcd3a7ec788d633f53,17,1,10,179,1,102,149,0.5459299143999674
6a7fa1bcd3a7ec788d633f53,16,1,10.25,179,1,96,138,0.5976168202773032
6a7fa1bcd3a7ec788d633f53,15,1,11.4,179,1,90,122,0.7554713980905857
6a7fa1bcd3a7ec788d633f53,14,1,10.5,179,1,84,116,0.7048875670278695
6a7fa1bcd3a7ec788d633f53,13,1,10.857142857142858,179,1,78,103,0.7983020505049125
6a7fa1bcd3a7ec788d633f53,12,2,10.125,179,1,72,98,0.7242343545586009
6a7fa1bcd3a7ec788d633f53,11,2,9.666666666666666,179,1,66,92,0.6625097960431385
6a7fa1bcd3a7ec788d633f53,10,2,9.6,179,1,60,83,0.6737481299988403
6a7fa1bcd3a7ec788d633f53,9,2,9.181818181818182,179,1,54,78,0.5671274156516283
6a7fa1bcd3a7ec788d633f53,8,3,9,179,1,48,71,0.5087303506500478
6a7fa1bcd3a7ec788d633f53,7,3,8.923076923076923,179,1,42,63,0.4783706648455989
6a7fa1bcd3a7ec788d633f53,6,3,8.785714285714286,179,1,36,56,0.406751629992442
6a7fa1bcd3a7ec788d633f53,5,3,9.266666666666667,179,1,30,40,0.6864056863294936
6a7fa1bcd3a7ec788d633f53,4,3,9,179,1,24,35,0.5319908854982119
6a7fa1bcd3a7ec788d633f53,3,3,8.705882352941176,179,1,18,31,0.2923871985438421
6a7fa1bcd3a7ec788d633f53,2,4,8.833333333333334,179,1,12,20,0.36819988723286545
6a7fa1bcd3a7ec788d633f53,1,5,8.894736842105264,179,1,6,10,0.4095288431224219
6a7fa1bcd3a7ec788d633f57,19,0,7,177,0,114,170,0.47743303714295826
6a7fa1bcd3a7ec788d633f57,18,0,8.5,177,0,108,160,0.5023650654248791
6a7fa1bcd3a7ec788d633f57,17,0,8.666666666666666,177,0,102,151,0.5060104959404595
6a7fa1bcd3a7ec788d633f57,16,1,7.75,177,0,96,146,0.4156221392132718
6a7fa1bcd3a7ec788d633f57,15,2,7.2,177,0,90,141,0.3244524220641854
6a7fa1bcd3a7ec788d633f57,14,2,7.666666666666667,177,0,84,131,0.34499402416708824
6a7fa1bcd3a7ec788d633f57,13,3,7.285714285714286,177,0,78,126,0.2533840205586074
6a7fa1bcd3a7ec788d633f57,12,4,7.5,177,0,72,117,0.2425609118914997
6a7fa1bcd3a7ec788d633f57,11,4,7.777777777777778,177,0,66,107,0.2603093789573868
6a7fa1bcd3a7ec788d633f57,10,5,8.4,177,0,60,93,0.365859086768001
6a7fa1bcd3a7ec788d633f57,9,5,8.363636363636363,177,0,54,85,0.34322763210362645
6a7fa1bcd3a7ec788d633f57,8,5,8.583333333333334,177,0,48,74,0.4031079862893757
6a7fa1bcd3a7ec788d633f57,7,6,9.153846153846153,177,0,42,58,0.6174564793260449
6a7fa1bcd3a7ec788d633f57,6,6,9.785714285714286,177,0,36,40,0.8859277488629445
6a7fa1bcd3a7ec788d633f57,5,6,9.466666666666667,177,0,30,35,0.8380771631836783
6a7fa1bcd3a7ec788d633f57,4,7,9.0625,177,0,24,32,0.6434362173709407
6a7fa1bcd3a7ec788d633f57,3,7,8.705882352941176,177,0,18,29,0.3804151732690785
6a7fa1bcd3a7ec788d633f57,2,7,8.555555555555555,177,0,12,23,0.21312643127197523
6a7fa1bcd3a7ec788d633f57,1,7,8.368421052631579,177,0,6,18,0.035378914436728005
6a7fa1bcd3a7ec788d633f5b,19,0,9,192,0,114,183,0.23169154298638622
6a7fa1bcd3a7ec788d633f5b,18,0,7,192,0,108,178,0.1695878662920228
6a7fa1bcd3a7ec788d633f5b,17,0,6,192,0,102,174,0.10674966227663686
6a7fa1bcd3a7ec788d633f5b,16,0,6.5,192,0,96,166,0.09196196534729563
6a7fa1bcd3a7ec788d633f5b,15,0,6.2,192,0,90,161,0.056080117408338855
6a7fa1bcd3a7ec788d633f5b,14,0,6.833333333333333,192,0,84,151,0.057458088804001245
6a7fa1bcd3a7ec788d633f5b,13,0,6.285714285714286,192,0,78,148,0.023758612781277312
6a7fa1bcd3a7ec788d633f5b,12,0,6.375,192,0,72,141,0.014975262737671097
6a7fa1bcd3a7ec788d633f5b,11,0,6.333333333333333,192,0,66,135,0.007357139126925539
6a7fa1bcd3a7ec788d633f5b,10,0,6.4,192,0,60,128,0.0038161944373867867
6a7fa1bcd3a7ec788d633f5b,9,0,6.636363636363637,192,0,54,119,0.002657475347911319
6a7fa1bcd3a7ec788d633f5b,8,0,7.416666666666667,192,0,48,103,0.00761086257237369
6a7fa1bcd3a7ec788d633f5b,7,0,7.230769230769231,192,0,42,98,0.002069788373183594
6a7fa1bcd3a7ec788d633f5b,6,2,7,192,0,36,94,0.0002812961665123034
6a7fa1bcd3a7ec788d633f5b,5,2,7.066666666666666,192,0,30,86,0.00007387833027203455
6a7fa1bcd3a7ec788d633f5b,4,2,7.375,192,0,24,74,0.000054189843177821196
6a7fa1bcd3a7ec788d633f5b,3,3,7.235294117647059,192,0,18,69,0.0000010814316090911222
6a7fa1bcd3a7ec788d633f5b,2,5,7.222222222222222,192,0,12,62,3.931992565155433e-9
6a7fa1bcd3a7ec788d633f5b,1,5,7.157894736842105,192,0,6,56,9.232367825484816e-15
6a7fa1bcd3a7ec788d633f5f,19,0,6,178,0,114,172,0.43578753853547614
6a7fa1bcd3a7ec788d633f5f,18,0,8,178,0,108,162,0.4591501228359549
6a7fa1bcd3a7ec788d633f5f,17,0,5.666666666666667,178,0,102,161,0.2946345890719546
6a7fa1bcd3a7ec788d633f5f,16,0,6,178,0,96,154,0.25404054723270636
6a7fa1bcd3a7ec788d633f5f,15,0,6,178,0,90,148,0.19771963766811287
6a7fa1bcd3a7ec788d633f5f,14,0,6.333333333333333,178,0,84,140,0.17582551850402225
6a7fa1bcd3a7ec788d633f5f,13,0,6.571428571428571,178,0,78,132,0.15390112852385202
6a7fa1bcd3a7ec788d633f5f,12,0,6,178,0,72,130,0.06760606614877197
6a7fa1bcd3a7ec788d633f5f,11,0,6.555555555555555,178,0,66,119,0.07800404472764766
6a7fa1bcd3a7ec788d633f5f,10,0,6.9,178,0,60,109,0.07961994137633076
6a7fa1bcd3a7ec788d633f5f,9,0,7.2727272727272725,178,0,54,98,0.09221848314429149
6a7fa1bcd3a7ec788d633f5f,8,0,7.083333333333333,178,0,48,93,0.0451169322233474
6a7fa1bcd3a7ec788d633f5f,7,0,6.846153846153846,178,0,42,89,0.014562773880525251
6a7fa1bcd3a7ec788d633f5f,6,1,6.428571428571429,178,0,36,88,0.0014685617034841854
6a7fa1bcd3a7ec788d633f5f,5,1,6.466666666666667,178,0,30,81,0.0003715706442206357
6a7fa1bcd3a7ec788d633f5f,4,1,6.875,178,0,24,68,0.0004587982109759169
6a7fa1bcd3a7ec788d633f5f,3,1,7,178,0,18,59,0.00010241752308238762
6a7fa1bcd3a7ec788d633f5f,2,1,6.944444444444445,178,0,12,53,0.0000012594498721496053
6a7fa1bcd3a7ec788d633f5f,1,1,7.2105263157894735,178,0,6,41,8.45466183177112e-9
6a7fa1bcd3a7ec788d633f63,19,0,4,167,1,114,163,0.6230932764034727
6a7fa1bcd3a7ec788d633f63,18,0,7,167,1,108,153,0.6512964200505271
6a7fa1bcd3a7ec788d633f63,17,0,6.333333333333333,167,1,102,148,0.5729582175833777
6a7fa1bcd3a7ec788d633f63,16,0,5.75,167,1,96,144,0.463388213460025
6a7fa1bcd3a7ec788d633f63,15,0,6.4,167,1,90,135,0.4651692649213912
6a7fa1bcd3a7ec788d633f63,14,0,6.333333333333333,167,1,84,129,0.3944261530023378
6a7fa1bcd3a7ec788d633f63,13,0,6.857142857142857,167,1,78,119,0.4179357616389663
6a7fa1bcd3a7ec788d633f63,12,0,7.5,167,1,72,107,0.49660555931595135
6a7fa1bcd3a7ec788d633f63,11,0,7.222222222222222,167,1,66,102,0.38992494063998057
6a7fa1bcd3a7ec788d633f63,10,0,7.7,167,1,60,90,0.4731394308507869
6a7fa1bcd3a7ec788d633f63,9,0,8.909090909090908,167,1,54,69,0.8134367771324308
6a7fa1bcd3a7ec788d633f63,8,1,9,167,1,48,59,0.8520135495500377
6a7fa1bcd3a7ec788d633f63,7,1,9.307692307692308,167,1,42,46,0.9361296163702899
6a7fa1bcd3a7ec788d633f63,6,1,9.428571428571429,167,1,36,35,0.971144537155159
6a7fa1bcd3a7ec788d633f63,5,1,9.666666666666666,167,1,30,22,0.9962919091028852
6a7fa1bcd3a7ec788d633f63,4,1,9.1875,167,1,24,20,0.9787530546772787
6a7fa1bcd3a7ec788d633f63,3,2,9.117647058823529,167,1,18,12,0.9892959008015259
6a7fa1bcd3a7ec788d633f63,2,3,9,167,1,12,5,0.9964167418140336
6a7fa1bcd3a7ec788d633f67,19,0,16,167,1,114,151,0.8301098961024049
6a7fa1bcd3a7ec788d633f67,18,0,12,167,1,108,143,0.8271681173513395
6a7fa1bcd3a7ec788d633f67,17,0,14.666666666666666,167,1,102,123,0.9480203626000648
6a7fa1bcd3a7ec788d633f67,16,0,12.25,167,1,96,118,0.9271431140287705
6a7fa1bcd3a7ec788d633f67,15,0,12.4,167,1,90,105,0.962198181526364
6a7fa1bcd3a7ec788d633f67,14,0,11.5,167,1,84,98,0.9576950105573198
6a7fa1bcd3a7ec788d633f67,13,0,12.285714285714286,167,1,78,81,0.9914315636940416
6a7fa1bcd3a7ec788d633f67,12,0,12.5,167,1,72,67,0.9981529417321151
6a7fa1bcd3a7ec788d633f67,11,1,11.333333333333334,167,1,66,65,0.9934063068981254
6a7fa1bcd3a7ec788d633f67,10,1,11.3,167,1,60,54,0.997578367708694
6a7fa1bcd3a7ec788d633f67,9,1,11.363636363636363,167,1,54,42,0.9995528823778288
6a7fa1bcd3a7ec788d633f67,8,2,10.916666666666666,167,1,48,36,0.9994452719040687
6a7fa1bcd3a7ec788d633f67,7,2,10.615384615384615,167,1,42,29,0.9996231634367722
6a7fa1bcd3a7ec788d633f67,6,2,10.214285714285714,167,1,36,24,0.9994139628653029
6a7fa1bcd3a7ec788d633f67,5,3,10.333333333333334,167,1,30,12,0.9999891803915121
6a7fa1bcd3a7ec788d633f67,4,3,10.1875,167,1,24,4,0.9999998911865865
6a7fa1bcd3a7ec788d633f6b,19,0,3,189,0,114,186,0.18745223394951233
6a7fa1bcd3a7ec788d633f6b,18,1,5,189,0,108,179,0.15513021866719276
6a7fa1bcd3a7ec788d633f6b,17,1,7.333333333333333,189,0,102,167,0.19152956514258976
6a7fa1bcd3a7ec788d633f6b,16,2,9,189,0,96,153,0.26709424863040016
6a7fa1bcd3a7ec788d633f6b,15,2,8.8,189,0,90,145,0.2461686317243651
6a7fa1bcd3a7ec788d633f6b,14,2,10,189,0,84,129,0.39059303674336715
6a7fa1bcd3a7ec788d633f6b,13,2,9.571428571428571,189,0,78,122,0.34344473656299096
6a7fa1bcd3a7ec788d633f6b,12,2,8.75,189,0,72,119,0.21219079232634622
6a7fa1bcd3a7ec788d633f6b,11,2,8.11111111111111,189,0,66,116,0.1106821031270747
6a7fa1bcd3a7ec788d633f6b,10,3,8,189,0,60,109,0.07938066330350889
6a7fa1bcd3a7ec788d633f6b,9,3,7.636363636363637,189,0,54,105,0.03399046364847535
6a7fa1bcd3a7ec788d633f6b,8,3,7.916666666666667,189,0,48,94,0.038461334440146606
6a7fa1bcd3a7ec788d633f6b,7,3,8.23076923076923,189,0,42,82,0.05122478753274169
6a7fa1bcd3a7ec788d633f6b,6,3,8.428571428571429,189,0,36,71,0.05806342564611125
6a7fa1bcd3a7ec788d633f6b,5,3,8.133333333333333,189,0,30,67,0.015759658617223744
6a7fa1bcd3a7ec788d633f6b,4,3,8.375,189,0,24,55,0.01970421394019634
6a7fa1bcd3a7ec788d633f6b,3,3,8.764705882352942,189,0,18,40,0.05111096988304856
6a7fa1bcd3a7ec788d633f6b,2,3,8.88888888888889,189,0,12,29,0.04921368178666078
6a7fa1bcd3a7ec788d633f6b,1,4,8.842105263157896,189,0,6,21,0.009472913075717664
6a7fa1bcd3a7ec788d633f6f,19,0,7,155,1,114,148,0.8675660840214566
6a7fa1bcd3a7ec788d633f6f,18,1,7,155,1,108,141,0.8440583064262721
6a7fa1bcd3a7ec788d633f6f,17,1,7.333333333333333,155,1,102,133,0.8443393478913455
6a7fa1bcd3a7ec788d633f6f,16,1,6.25,155,1,96,130,0.7624092999227251
6a7fa1bcd3a7ec788d633f6f,15,1,6,155,1,90,125,0.694594381253886
6a7fa1bcd3a7ec788d633f6f,14,1,7.166666666666667,155,1,84,112,0.7861640810823821
6a7fa1bcd3a7ec788d633f6f,13,1,7.285714285714286,155,1,78,104,0.7789708795373043
6a7fa1bcd3a7ec788d633f6f,12,1,8.375,155,1,72,88,0.9044878078484818
6a7fa1bcd3a7ec788d633f6f,11,1,8.222222222222221,155,1,66,81,0.8906867134530811
6a7fa1bcd3a7ec788d633f6f,10,1,8.4,155,1,60,71,0.9169578717929051
6a7fa1bcd3a7ec788d633f6f,9,1,8.181818181818182,155,1,54,65,0.8892490071585883
6a7fa1bcd3a7ec788d633f6f,8,1,8.666666666666666,155,1,48,51,0.9619641965363313
6a7fa1bcd3a7ec788d633f6f,7,1,8.846153846153847,155,1,42,40,0.9836781510017958
6a7fa1bcd3a7ec788d633f6f,6,1,8.928571428571429,155,1,36,30,0.9934715944476968
6a7fa1bcd3a7ec788d633f6f,5,1,8.666666666666666,155,1,30,25,0.9883019822039398
6a7fa1bcd3a7ec788d633f6f,4,1,8.5,155,1,24,19,0.9853319548875501
6a7fa1bcd3a7ec788d633f6f,3,1,8.882352941176471,155,1,18,4,0.9999917780904828
6a7fa1bcd3a7ec788d633f73,19,0,11,220,0,114,209,0.02055144263258569
6a7fa1bcd3a7ec788d633f73,18,1,8,220,0,108,204,0.010958250747191802
6a7fa1bcd3a7ec788d633f73,17,2,7.666666666666667,220,0,102,197,0.007089988082217873
6a7fa1bcd3a7ec788d633f73,16,2,7.75,220,0,96,189,0.005148703335671219
6a7fa1bcd3a7ec788d633f73,15,3,7.4,220,0,90,183,0.0025537509398241695
6a7fa1bcd3a7ec788d633f73,14,3,7.666666666666667,220,0,84,174,0.00199273222636024
6a7fa1bcd3a7ec788d633f73,13,3,8.428571428571429,220,0,78,161,0.0030719181189568755
6a7fa1bcd3a7ec788d633f73,12,4,8.75,220,0,72,150,0.0032827141873546257
6a7fa1bcd3a7ec788d633f73,11,4,9.777777777777779,220,0,66,132,0.012001238796485379
6a7fa1bcd3a7ec788d633f73,10,5,9.4,220,0,60,126,0.005398600791733519
6a7fa1bcd3a7ec788d633f73,9,5,9.454545454545455,220,0,54,116,0.004790679047697372
6a7fa1bcd3a7ec788d633f73,8,5,9.083333333333334,220,0,48,111,0.0013524518738270992
6a7fa1bcd3a7ec788d633f73,7,5,8.76923076923077,220,0,42,106,0.00026870870125316864
6a7fa1bcd3a7ec788d633f73,6,5,9.428571428571429,220,0,36,88,0.0014663241496767332
6a7fa1bcd3a7ec788d633f73,5,5,9.866666666666667,220,0,30,72,0.004724820175119954
6a7fa1bcd3a7ec788d633f73,4,5,9.4375,220,0,24,69,0.00032690768209140894
6a7fa1bcd3a7ec788d633f73,3,6,9.176470588235293,220,0,18,64,0.000011704222954791866
6a7fa1bcd3a7ec788d633f73,2,6,8.88888888888889,220,0,12,60,1.532395687185431e-8
6a7fa1bcd3a7ec788d633f73,1,6,8.789473684210526,220,0,6,53,1.569426920453881e-13
6a7fa1bcd3a7ec788d633f77,19,0,6,199,0,114,193,0.10681350219149563
6a7fa1bcd3a7ec788d633f77,18,0,8,199,0,108,183,0.11177770853504897
6a7fa1bcd3a7ec788d633f77,17,0,5.333333333333333,199,0,102,183,0.042641518155363226
6a7fa1bcd3a7ec788d633f77,16,0,6.5,199,0,96,173,0.04363256045435181
6a7fa1bcd3a7ec788d633f77,15,0,6.6,199,0,90,166,0.030945381537189506
6a7fa1bcd3a7ec788d633f77,14,0,6,199,0,84,163,0.01185615514437259
6a7fa1bcd3a7ec788d633f77,13,0,7.428571428571429,199,0,78,147,0.02726235575120894
6a7fa1bcd3a7ec788d633f77,12,0,7.625,199,0,72,138,0.023406293301885803
6a7fa1bcd3a7ec788d633f77,11,0,8.222222222222221,199,0,66,125,0.03541441724853126
6a7fa1bcd3a7ec788d633f77,10,0,8.2,199,0,60,117,0.02578959695357143
6a7fa1bcd3a7ec788d633f77,9,0,7.818181818181818,199,0,54,113,0.008667582349120937
6a7fa1bcd3a7ec788d633f77,8,0,7.75,199,0,48,106,0.004116758301474866
6a7fa1bcd3a7ec788d633f77,7,0,7.230769230769231,199,0,42,105,0.0003530717526631427
6a7fa1bcd3a7ec788d633f77,6,1,7.357142857142857,199,0,36,96,0.00015586818828178378
6a7fa1bcd3a7ec788d633f77,5,2,7.266666666666667,199,0,30,90,0.00001833958316489259
6a7fa1bcd3a7ec788d633f77,4,3,7.3125,199,0,24,82,0.0000021548063682363594
6a7fa1bcd3a7ec788d633f77,3,3,7.705882352941177,199,0,18,68,0.0000017708276950951771
6a7fa1bcd3a7ec788d633f77,2,3,8,199,0,12,55,3.7856820330123777e-7
6a7fa1bcd3a7ec788d633f77,1,3,8,199,0,6,47,4.081909864576644e-11
6a7fa1bcd3a7ec788d633f7b,19,1,6,176,1,114,170,0.46976268317180814
6a7fa1bcd3a7ec788d633f7b,18,1,10.5,176,1,108,155,0.6023752543830432
6a7fa1bcd3a7ec788d633f7b,17,2,13,176,1,102,137,0.7676324701776225
6a7fa1bcd3a7ec788d633f7b,16,3,10,176,1,96,136,0.6070081426391918
6a7fa1bcd3a7ec788d633f7b,15,3,10,176,1,90,126,0.6454285541187199
6a7fa1bcd3a7ec788d633f7b,14,3,9.5,176,1,84,119,0.6176237859405501
6a7fa1bcd3a7ec788d633f7b,13,3,9.857142857142858,176,1,78,107,0.7005718549940235
6a7fa1bcd3a7ec788d633f7b,12,3,9.625,176,1,72,99,0.6934661769507152
6a7fa1bcd3a7ec788d633f7b,11,3,9.88888888888889,176,1,66,87,0.7769561117597612
6a7fa1bcd3a7ec788d633f7b,10,3,10,176,1,60,76,0.8345241507592829
6a7fa1bcd3a7ec788d633f7b,9,3,9.818181818181818,176,1,54,68,0.8323759956550333
6a7fa1bcd3a7ec788d633f7b,8,3,9.833333333333334,176,1,48,58,0.8704486441922782
6a7fa1bcd3a7ec788d633f7b,7,3,9.76923076923077,176,1,42,49,0.8900595312977349
6a7fa1bcd3a7ec788d633f7b,6,3,9.5,176,1,36,43,0.8495963407099959
6a7fa1bcd3a7ec788d633f7b,5,3,9.733333333333333,176,1,30,30,0.948521827521697
6a7fa1bcd3a7ec788d633f7b,4,3,9.8125,176,1,24,19,0.9853249149205594
6a7fa1bcd3a7ec788d633f7b,3,3,9.764705882352942,176,1,18,10,0.9965674107591368
6a7fa1bcd3a7ec788d633f7f,19,0,3,148,1,114,145,0.8987832689374369
6a7fa1bcd3a7ec788d633f7f,18,0,9.5,148,1,108,129,0.9572346303105265
6a7fa1bcd3a7ec788d633f7f,17,2,8.666666666666666,148,1,102,122,0.9299580892578989
6a7fa1bcd3a7ec788d633f7f,16,3,11,148,1,96,104,0.9518386550883519
6a7fa1bcd3a7ec788d633f7f,15,3,11,148,1,90,93,0.9700702601099083
6a7fa1bcd3a7ec788d633f7f,14,4,11.666666666666666,148,1,84,78,0.964276222497658
6a7fa1bcd3a7ec788d633f7f,13,5,11.142857142857142,148,1,78,70,0.934615784535191
6a7fa1bcd3a7ec788d633f7f,12,5,10.5,148,1,72,64,0.9500628873251428
6a7fa1bcd3a7ec788d633f7f,11,6,10.555555555555555,148,1,66,53,0.9185093706306631
6a7fa1bcd3a7ec788d633f7f,10,7,10.1,148,1,60,47,0.8309547233204744
6a7fa1bcd3a7ec788d633f7f,9,7,10,148,1,54,38,0.8874001911488156
6a7fa1bcd3a7ec788d633f7f,8,7,9.416666666666666,148,1,48,35,0.9042024898381072
6a7fa1bcd3a7ec788d633f7f,7,7,9.384615384615385,148,1,42,26,0.9477507269248898
6a7fa1bcd3a7ec788d633f7f,6,7,9.357142857142858,148,1,36,17,0.9784727253095395
6a7fa1bcd3a7ec788d633f7f,5,7,9.533333333333333,148,1,30,5,0.9979718797631837
6a7fa1bcd3a7ec788d633f83,19,1,9,243,0,114,234,0.0005709209627149525
6a7fa1bcd3a7ec788d633f83,18,2,11.5,243,0,108,220,0.0010112454190835652
6a7fa1bcd3a7ec788d633f83,17,2,10.333333333333334,243,0,102,212,0.000665216756638722
6a7fa1bcd3a7ec788d633f83,16,2,9.5,243,0,96,205,0.00034652649856639617
6a7fa1bcd3a7ec788d633f83,15,2,9.8,243,0,90,194,0.0003639983801588803
6a7fa1bcd3a7ec788d633f83,14,2,9.5,243,0,84,186,0.00020737429625837026
6a7fa1bcd3a7ec788d633f83,13,2,10,243,0,78,173,0.00031643775552756323
6a7fa1bcd3a7ec788d633f83,12,3,9.75,243,0,72,165,0.00016504396775486187
6a7fa1bcd3a7ec788d633f83,11,3,10.222222222222221,243,0,66,151,0.00031163494045532904
6a7fa1bcd3a7ec788d633f83,10,3,9.6,243,0,60,147,0.000054633564119852594
6a7fa1bcd3a7ec788d633f83,9,3,9.818181818181818,243,0,54,135,0.00006035096361811872
6a7fa1bcd3a7ec788d633f83,8,3,9.833333333333334,243,0,48,125,0.000036694899318195174
6a7fa1bcd3a7ec788d633f83,7,4,9.384615384615385,243,0,42,121,0.0000028186310164956314
6a7fa1bcd3a7ec788d633f83,6,4,9.642857142857142,243,0,36,108,0.0000030148087725763737
6a7fa1bcd3a7ec788d633f83,5,4,10.2,243,0,30,90,0.0000183393931219123
6a7fa1bcd3a7ec788d633f83,4,4,9.75,243,0,24,87,2.320285123174563e-7
6a7fa1bcd3a7ec788d633f83,3,4,9.588235294117647,243,0,18,80,2.768012030425114e-9
6a7fa1bcd3a7ec788d633f83,2,4,9.944444444444445,243,0,12,64,9.67622476867227e-10
6a7fa1bcd3a7ec788d633f83,1,4,10.210526315789474,243,0,6,49,6.544282659823102e-12
6a7fa1bcd3a7ec788d633f87,19,0,5,162,0,114,157,0.7367991639289307
6a7fa1bcd3a7ec788d633f87,18,0,8.5,162,0,108,145,0.7972039669897083
6a7fa1bcd3a7ec788d633f87,17,0,7,162,0,102,141,0.7197405264040585
6a7fa1bcd3a7ec788d633f87,16,0,8,162,0,96,130,0.7671712112379153
6a7fa1bcd3a7ec788d633f87,15,1,8.2,162,0,90,121,0.7742801720827764
6a7fa1bcd3a7ec788d633f87,14,2,8.166666666666666,162,0,84,113,0.7608883352311342
6a7fa1bcd3a7ec788d633f87,13,3,8,162,0,78,106,0.7221530718937307
6a7fa1bcd3a7ec788d633f87,12,3,7.5,162,0,72,102,0.619960133973693
6a7fa1bcd3a7ec788d633f87,11,4,7.111111111111111,162,0,66,98,0.48495731047834245
6a7fa1bcd3a7ec788d633f87,10,4,7.2,162,0,60,90,0.46457374707148014
6a7fa1bcd3a7ec788d633f87,9,4,7,162,0,54,85,0.3526453930061359
6a7fa1bcd3a7ec788d633f87,8,4,6.666666666666667,162,0,48,82,0.19507357901343614
6a7fa1bcd3a7ec788d633f87,7,4,6.846153846153846,162,0,42,73,0.18280072154366128
6a7fa1bcd3a7ec788d633f87,6,4,7.285714285714286,162,0,36,60,0.2729404560694286
6a7fa1bcd3a7ec788d633f87,5,4,7.933333333333334,162,0,30,43,0.5656990200408151
6a7fa1bcd3a7ec788d633f87,4,4,7.6875,162,0,24,39,0.3531564575142669
6a7fa1bcd3a7ec788d633f87,3,4,7.705882352941177,162,0,18,31,0.29238578351747563
6a7fa1bcd3a7ec788d633f87,2,6,7.555555555555555,162,0,12,26,0.10913900710034538
6a7fa1bcd3a7ec788d633f87,1,7,7.7368421052631575,162,0,6,15,0.10625653754192516
6a7fa1bcd3a7ec788d633f8b,19,1,9,208,0,114,199,0.06037738029210427
6a7fa1bcd3a7ec788d633f8b,18,1,11,208,0,108,186,0.08416407310821142
6a7fa1bcd3a7ec788d633f8b,17,1,12.666666666666666,208,0,102,170,0.15062012992988386
6a7fa1bcd3a7ec788d633f8b,16,1,12.25,208,0,96,159,0.1723093003257271
6a7fa1bcd3a7ec788d633f8b,15,2,10.8,208,0,90,154,0.11500055722995292
6a7fa1bcd3a7ec788d633f8b,14,2,9.5,208,0,84,151,0.05708681249624386
6a7fa1bcd3a7ec788d633f8b,13,2,9.857142857142858,208,0,78,139,0.07386503280247922
6a7fa1bcd3a7ec788d633f8b,12,2,10.375,208,0,72,125,0.11875688714909752
6a7fa1bcd3a7ec788d633f8b,11,4,10.555555555555555,208,0,66,113,0.1494158583771527
6a7fa1bcd3a7ec788d633f8b,10,4,10.6,208,0,60,102,0.17497472617388576
6a7fa1bcd3a7ec788d633f8b,9,4,10.727272727272727,208,0,54,90,0.2266305055996831
6a7fa1bcd3a7ec788d633f8b,8,4,10.166666666666666,208,0,48,86,0.12148770743623588
6a7fa1bcd3a7ec788d633f8b,7,4,10.076923076923077,208,0,42,77,0.10892104336172957
6a7fa1bcd3a7ec788d633f8b,6,4,10.142857142857142,208,0,36,66,0.12742570996662558
6a7fa1bcd3a7ec788d633f8b,5,5,9.6,208,0,30,64,0.030114137956793716
6a7fa1bcd3a7ec788d633f8b,4,5,9.375,208,0,24,58,0.009222341149179646
6a7fa1bcd3a7ec788d633f8b,3,5,9.470588235294118,208,0,18,47,0.007621435725935993
6a7fa1bcd3a7ec788d633f8b,2,5,9.555555555555555,208,0,12,36,0.0047985306214070565
6a7fa1bcd3a7ec788d633f8b,1,6,9.421052631578947,208,0,6,29,0.00009937550394848075
6a7fa1bcd3a7ec788d633f8f,19,0,15,160,0,114,145,0.8987832689374369
6a7fa1bcd3a7ec788d633f8f,18,1,11,160,0,108,138,0.8789030118420604
6a7fa1bcd3a7ec788d633f8f,17,1,9,160,0,102,133,0.8443393478913455
6a7fa1bcd3a7ec788d633f8f,16,1,7.75,160,0,96,129,0.7801759784895635
6a7fa1bcd3a7ec788d633f8f,15,2,7.2,160,0,90,124,0.7071713926245872
6a7fa1bcd3a7ec788d633f8f,14,4,7.5,160,0,84,115,0.6680010649498962
6a7fa1bcd3a7ec788d633f8f,13,4,7.428571428571429,160,0,78,108,0.6509488402279237
6a7fa1bcd3a7ec788d633f8f,12,4,6.625,160,0,72,107,0.47533900070264506
6a7fa1bcd3a7ec788d633f8f,11,4,6.777777777777778,160,0,66,99,0.4580312243212877
6a7fa1bcd3a7ec788d633f8f,10,4,7.1,160,0,60,89,0.4931654713722725
6a7fa1bcd3a7ec788d633f8f,9,4,7.545454545454546,160,0,54,77,0.5913703964364293
6a7fa1bcd3a7ec788d633f8f,8,5,7.5,160,0,48,70,0.529237045986327
6a7fa1bcd3a7ec788d633f8f,7,6,7.6923076923076925,160,0,42,60,0.5530068610782443
6a7fa1bcd3a7ec788d633f8f,6,6,7.357142857142857,160,0,36,57,0.36077423492382543
6a7fa1bcd3a7ec788d633f8f,5,7,7.333333333333333,160,0,30,50,0.27276227131882047
6a7fa1bcd3a7ec788d633f8f,4,8,7,160,0,24,48,0.07657686059120873
6a7fa1bcd3a7ec788d633f8f,3,8,7.117647058823529,160,0,18,39,0.05995788918681281
6a7fa1bcd3a7ec788d633f8f,2,8,7,160,0,12,34,0.009795060782516438
6a7fa1bcd3a7ec788d633f8f,1,8,7.368421052631579,160,0,6,20,0.015023661050442498
6a7fa1bcd3a7ec788d633f93,19,0,13,177,0,114,164,0.6027633718288312
6a7fa1bcd3a7ec788d633f93,18,0,12.5,177,0,108,152,0.6714425563300875
6a7fa1bcd3a7ec788d633f93,17,1,9.666666666666666,177,0,102,148,0.567935651051325
6a7fa1bcd3a7ec788d633f93,16,1,9.25,177,0,96,140,0.5522845036085992
6a7fa1bcd3a7ec788d633f93,15,1,8.2,177,0,90,136,0.4398883152875868
6a7fa1bcd3a7ec788d633f93,14,2,8.333333333333334,177,0,84,127,0.43796689253711074
6a7fa1bcd3a7ec788d633f93,13,3,8.285714285714286,177,0,78,119,0.40920797963707134
6a7fa1bcd3a7ec788d633f93,12,3,8.625,177,0,72,108,0.46342824564917456
6a7fa1bcd3a7ec788d633f93,11,4,8,177,0,66,105,0.3053858401968616
6a7fa1bcd3a7ec788d633f93,10,5,8.1,177,0,60,96,0.29146658065925657
6a7fa1bcd3a7ec788d633f93,9,5,7.7272727272727275,177,0,54,92,0.18043482889304174
6a7fa1bcd3a7ec788d633f93,8,6,7.916666666666667,177,0,48,82,0.18211039387445288
6a7fa1bcd3a7ec788d633f93,7,6,8.384615384615385,177,0,42,68,0.29902967769492245
6a7fa1bcd3a7ec788d633f93,6,6,8.285714285714286,177,0,36,61,0.23759135701103343
6a7fa1bcd3a7ec788d633f93,5,7,8,177,0,30,57,0.10367669298552709
6a7fa1bcd3a7ec788d633f93,4,7,8.0625,177,0,24,48,0.08661925078353969
6a7fa1bcd3a7ec788d633f93,3,7,8.470588235294118,177,0,18,33,0.21034434501622026
6a7fa1bcd3a7ec788d633f93,2,8,8.38888888888889,177,0,12,26,0.10606493545473566
6a7fa1bcd3a7ec788d633f93,1,9,8.263157894736842,177,0,6,20,0.0140351114792956
6a7fa1bcd3a7ec788d633f97,19,0,14,191,0,114,177,0.3362163434420851
6a7fa1bcd3a7ec788d633f97,18,0,11.5,191,0,108,168,0.335194101558027
6a7fa1bcd3a7ec788d633f97,17,1,10.333333333333334,191,0,102,160,0.31138897559982204
6a7fa1bcd3a7ec788d633f97,16,1,10.5,191,0,96,149,0.350563978802874
6a7fa1bcd3a7ec788d633f97,15,1,9,191,0,90,146,0.2306779203135614
6a7fa1bcd3a7ec788d633f97,14,1,9.166666666666666,191,0,84,136,0.24385515063295782
6a7fa1bcd3a7ec788d633f97,13,1,8.428571428571429,191,0,78,132,0.15374030028753727
6a7fa1bcd3a7ec788d633f97,12,2,8.25,191,0,72,125,0.11875688714909752
6a7fa1bcd3a7ec788d633f97,11,2,7.888888888888889,191,0,66,120,0.06885391169833674
6a7fa1bcd3a7ec788d633f97,10,2,8.2,191,0,60,109,0.0795716374358834
6a7fa1bcd3a7ec788d633f97,9,2,8.363636363636363,191,0,54,99,0.08088455042590238
6a7fa1bcd3a7ec788d633f97,8,2,8,191,0,48,95,0.03267985502187568
6a7fa1bcd3a7ec788d633f97,7,2,7.461538461538462,191,0,42,94,0.005155802263386489
6a7fa1bcd3a7ec788d633f97,6,2,7.571428571428571,191,0,36,85,0.0031353601673525158
6a7fa1bcd3a7ec788d633f97,5,2,7.733333333333333,191,0,30,75,0.002135303206025831
6a7fa1bcd3a7ec788d633f97,4,3,8,191,0,24,63,0.0022489075883283544
6a7fa1bcd3a7ec788d633f97,3,3,7.764705882352941,191,0,18,59,0.00010241752301535844
6a7fa1bcd3a7ec788d633f97,2,3,7.611111111111111,191,0,12,54,6.94646609859975e-7
6a7fa1bcd3a7ec788d633f97,1,3,7.578947368421052,191,0,6,47,4.081909864576644e-11
6a7fa1bcd3a7ec788d633f9b,19,0,6,192,0,114,186,0.18745223394951233
6a7fa1bcd3a7ec788d633f9b,18,0,6.5,192,0,108,179,0.1566652419290904
6a7fa1bcd3a7ec788d633f9b,17,1,5.333333333333333,192,0,102,176,0.08785282538852629
6a7fa1bcd3a7ec788d633f9b,16,1,6.25,192,0,96,167,0.08290593967075094
6a7fa1bcd3a7ec788d633f9b,15,1,6.4,192,0,90,160,0.06254709179707729
6a7fa1bcd3a7ec788d633f9b,14,2,6.333333333333333,192,0,84,154,0.03986037141860193
6a7fa1bcd3a7ec788d633f9b,13,4,6.285714285714286,192,0,78,148,0.022823662004812124
6a7fa1bcd3a7ec788d633f9b,12,4,5.875,192,0,72,145,0.0077443081159544475
6a7fa1bcd3a7ec788d633f9b,11,4,5.222222222222222,192,0,66,145,0.001106628052242955
6a7fa1bcd3a7ec788d633f9b,10,4,5.4,192,0,60,138,0.00047003246360408237
6a7fa1bcd3a7ec788d633f9b,9,4,6,192,0,54,126,0.0005655947426437461
6a7fa1bcd3a7ec788d633f9b,8,5,6.333333333333333,192,0,48,116,0.00040622885904642017
6a7fa1bcd3a7ec788d633f9b,7,5,6.384615384615385,192,0,42,109,0.00011648683326813264
6a7fa1bcd3a7ec788d633f9b,6,5,6.5,192,0,36,101,0.0000327042160172676
6a7fa1bcd3a7ec788d633f9b,5,6,6.333333333333333,192,0,30,97,0.000001294260406794377
6a7fa1bcd3a7ec788d633f9b,4,7,6.5,192,0,24,88,1.4525420288141428e-7
6a7fa1bcd3a7ec788d633f9b,3,8,6.764705882352941,192,0,18,77,1.5368560584937808e-8
6a7fa1bcd3a7ec788d633f9b,2,8,7.277777777777778,192,0,12,61,7.789125799080643e-9
6a7fa1bcd3a7ec788d633f9b,1,9,7.052631578947368,192,0,6,58,1.3528000645484542e-15
6a7fa1bcd3a7ec788d633f9f,19,0,5,172,1,114,167,0.5404661050381683
6a7fa1bcd3a7ec788d633f9f,18,0,8,172,1,108,156,0.5886771440690133
6a7fa1bcd3a7ec788d633f9f,17,0,9.333333333333334,172,1,102,144,0.6593626596641019
6a7fa1bcd3a7ec788d633f9f,16,0,8,172,1,96,140,0.5556438629400843
6a7fa1bcd3a7ec788d633f9f,15,0,8.8,172,1,90,128,0.6308304060074056
6a7fa1bcd3a7ec788d633f9f,14,0,9.333333333333334,172,1,84,116,0.7067611610677629
6a7fa1bcd3a7ec788d633f9f,13,0,10,172,1,78,102,0.8179516474983091
6a7fa1bcd3a7ec788d633f9f,12,1,9.375,172,1,72,97,0.7491900227256949
6a7fa1bcd3a7ec788d633f9f,11,1,9.666666666666666,172,1,66,85,0.8243312556610632
6a7fa1bcd3a7ec788d633f9f,10,2,10.1,172,1,60,71,0.9160760175695657
6a7fa1bcd3a7ec788d633f9f,9,2,10.636363636363637,172,1,54,55,0.981435526104604
6a7fa1bcd3a7ec788d633f9f,8,2,11,172,1,48,40,0.9978130732915131
6a7fa1bcd3a7ec788d633f9f,7,2,10.923076923076923,172,1,42,30,0.999424215440414
6a7fa1bcd3a7ec788d633f9f,6,2,11.5,172,1,36,11,0.9999997396460178
6a7fa1bcd3a7ec788d633fa3,19,0,7,200,0,114,193,0.10681350219149563
6a7fa1bcd3a7ec788d633fa3,18,1,6.5,200,0,108,187,0.07648809505322664
6a7fa1bcd3a7ec788d633fa3,17,1,9,200,0,102,173,0.11616430572943694
6a7fa1bcd3a7ec788d633fa3,16,1,9,200,0,96,164,0.1109741432072282
6a7fa1bcd3a7ec788d633fa3,15,2,9.2,200,0,90,154,0.11500055722995292
6a7fa1bcd3a7ec788d633fa3,14,2,9.833333333333334,200,0,84,141,0.15961529142174571
6a7fa1bcd3a7ec788d633fa3,13,2,10.285714285714286,200,0,78,128,0.2185790537667314
6a7fa1bcd3a7ec788d633fa3,12,3,9.75,200,0,72,122,0.15956411299217418
6a7fa1bcd3a7ec788d633fa3,11,3,9.444444444444445,200,0,66,115,0.12303971670582185
6a7fa1bcd3a7ec788d633fa3,10,3,8.7,200,0,60,113,0.0464752920862565
6a7fa1bcd3a7ec788d633fa3,9,3,8.727272727272727,200,0,54,104,0.03964447429939318
6a7fa1bcd3a7ec788d633fa3,8,3,8.916666666666666,200,0,48,93,0.045093148781726544
6a7fa1bcd3a7ec788d633fa3,7,3,9,200,0,42,83,0.04341067596969048
6a7fa1bcd3a7ec788d633fa3,6,3,9.214285714285714,200,0,36,71,0.05806342564611125
6a7fa1bcd3a7ec788d633fa3,5,3,8.733333333333333,200,0,30,69,0.009915998359782888
6a7fa1bcd3a7ec788d633fa3,4,4,8.3125,200,0,24,67,0.000639410371525871
6a7fa1bcd3a7ec788d633fa3,3,4,7.9411764705882355,200,0,18,65,0.000007393041546781264
6a7fa1bcd3a7ec788d633fa3,2,4,8.166666666666666,200,0,12,53,0.0000012594498721385825
6a7fa1bcd3a7ec788d633fa3,1,5,8.052631578947368,200,0,6,47,4.0819098645765865e-11
6a7fa1bcd3a7ec788d633fa7,19,0,8,169,1,114,161,0.6627671941271067
6a7fa1bcd3a7ec788d633fa7,18,0,9,169,1,108,151,0.6911331004720267
6a7fa1bcd3a7ec788d633fa7,17,0,11,169,1,102,136,0.8078072996021306
6a7fa1bcd3a7ec788d633fa7,16,0,10,169,1,96,129,0.7850350021850269
6a7fa1bcd3a7ec788d633fa7,15,0,9.6,169,1,90,121,0.7775123441057585
6a7fa1bcd3a7ec788d633fa7,14,0,9.333333333333334,169,1,84,113,0.7691255332653966
6a7fa1bcd3a7ec788d633fa7,13,0,10.142857142857142,169,1,78,98,0.8809767471975479
6a7fa1bcd3a7ec788d633fa7,12,1,11,169,1,72,81,0.9653924655029078
6a7fa1bcd3a7ec788d633fa7,11,1,11.222222222222221,169,1,66,68,0.9874007267354213
6a7fa1bcd3a7ec788d633fa7,10,1,11.1,169,1,60,58,0.9932074936366154
6a7fa1bcd3a7ec788d633fa7,9,1,11.090909090909092,169,1,54,47,0.9977105929860848
6a7fa1bcd3a7ec788d633fa7,8,1,10.75,169,1,48,40,0.9978962565460479
6a7fa1bcd3a7ec788d633fa7,7,1,10.23076923076923,169,1,42,36,0.994892062981968
6a7fa1bcd3a7ec788d633fa7,6,2,10,169,1,36,29,0.995386036554914
6a7fa1bcd3a7ec788d633fa7,5,3,10.066666666666666,169,1,30,18,0.9994522326023513
6a7fa1bcd3a7ec788d633fa7,4,3,10.375,169,1,24,3,0.9999999638595355
6a7fa1bcd3a7ec788d633fab,19,0,10,171,1,114,161,0.6627671941271067
6a7fa1bcd3a7ec788d633fab,18,0,11,171,1,108,149,0.7289510424152248
6a7fa1bcd3a7ec788d633fab,17,1,10,171,1,102,141,0.7133191332735358
6a7fa1bcd3a7ec788d633fab,16,1,9.5,171,1,96,133,0.7048279614778014
6a7fa1bcd3a7ec788d633fab,15,1,10.2,171,1,90,120,0.7922743337449105
6a7fa1bcd3a7ec788d633fab,14,1,9.666666666666666,171,1,84,113,0.7670792116500956
6a7fa1bcd3a7ec788d633fab,13,2,8.571428571428571,171,1,78,111,0.6172459452636622
6a7fa1bcd3a7ec788d633fab,12,3,8.25,171,1,72,105,0.5422656673901398
6a7fa1bcd3a7ec788d633fab,11,3,10,171,1,66,81,0.8833718208020166
6a7fa1bcd3a7ec788d633fab,10,4,9.7,171,1,60,74,0.8583654063517482
6a7fa1bcd3a7ec788d633fab,9,4,9.636363636363637,171,1,54,65,0.879733846016179
6a7fa1bcd3a7ec788d633fab,8,4,9.416666666666666,171,1,48,58,0.8663657797943763
6a7fa1bcd3a7ec788d633fab,7,5,9.384615384615385,171,1,42,49,0.8790078828485611
6a7fa1bcd3a7ec788d633fab,6,5,9.785714285714286,171,1,36,34,0.9731245713536464
6a7fa1bcd3a7ec788d633fab,5,5,9.466666666666667,171,1,30,29,0.9580874521531917
6a7fa1bcd3a7ec788d633fab,4,5,9.625,171,1,24,17,0.9931763641104827
6a7fa1bcd3a7ec788d633faf,19,0,13,166,1,114,153,0.8016539313087332
6a7fa1bcd3a7ec788d633faf,18,0,11.5,166,1,108,143,0.8271681173513395
6a7fa1bcd3a7ec788d633faf,17,0,9,166,1,102,139,0.7570564553881356
6a7fa1bcd3a7ec788d633faf,16,0,7.75,166,1,96,135,0.6674737598350314
6a7fa1bcd3a7ec788d633faf,15,0,8.2,166,1,90,125,0.6974923343626134
6a7fa1bcd3a7ec788d633faf,14,0,7.833333333333333,166,1,84,119,0.6382366600278779
6a7fa1bcd3a7ec788d633faf,13,0,7.571428571428571,166,1,78,113,0.5710028232217891
6a7fa1bcd3a7ec788d633faf,12,2,7.25,166,1,72,108,0.46814634696448426
6a7fa1bcd3a7ec788d633faf,11,3,7.777777777777778,166,1,66,96,0.5503882405123479
6a7fa1bcd3a7ec788d633faf,10,3,7.6,166,1,60,90,0.47085252794415533
6a7fa1bcd3a7ec788d633faf,9,3,8.272727272727273,166,1,54,75,0.6559192956215277
6a7fa1bcd3a7ec788d633faf,8,3,8.75,166,1,48,61,0.8066348269258815
6a7fa1bcd3a7ec788d633faf,7,4,9.23076923076923,166,1,42,46,0.9336258464923807
6a7fa1bcd3a7ec788d633faf,6,5,8.928571428571429,166,1,36,41,0.8875073145815962
6a7fa1bcd3a7ec788d633faf,5,6,8.4,166,1,30,40,0.6756581577854373
6a7fa1bcd3a7ec788d633faf,4,6,8.4375,166,1,24,31,0.7069691977672121
6a7fa1bcd3a7ec788d633faf,3,6,8.647058823529411,166,1,18,19,0.8650057061241717
6a7fa1bcd3a7ec788d633faf,2,6,8.777777777777779,166,1,12,8,0.9696475053700666
6a7fa1bcd3a7ec788d633faf,1,6,8.473684210526315,166,1,6,5,0.8420443817520281
6a7fa1bcd3a7ec788d633fb3,19,0,12,150,1,114,138,0.949585620546714
6a7fa1bcd3a7ec788d633fb3,18,1,11,150,1,108,128,0.9526757009404869
6a7fa1bcd3a7ec788d633fb3,17,1,10.333333333333334,150,1,102,119,0.9618062165540966
6a7fa1bcd3a7ec788d633fb3,16,1,11,150,1,96,106,0.9816283066615555
6a7fa1bcd3a7ec788d633fb3,15,2,9.8,150,1,90,101,0.9680562499180637
6a7fa1bcd3a7ec788d633fb3,14,2,9.833333333333334,150,1,84,91,0.9792398216831333
6a7fa1bcd3a7ec788d633fb3,13,2,9.857142857142858,150,1,78,81,0.987455021120389
6a7fa1bcd3a7ec788d633fb3,12,2,9.75,150,1,72,72,0.9917826571515317
6a7fa1bcd3a7ec788d633fb3,11,2,9.555555555555555,150,1,66,64,0.9937940578118375
6a7fa1bcd3a7ec788d633fb3,10,3,8.8,150,1,60,62,0.9798707848114874
6a7fa1bcd3a7ec788d633fb3,9,4,8.545454545454545,150,1,54,56,0.9694119555793774
6a7fa1bcd3a7ec788d633fb3,8,5,8,150,1,48,54,0.912625371267236
6a7fa1bcd3a7ec788d633fb3,7,5,8.076923076923077,150,1,42,45,0.9366918579509553
6a7fa1bcd3a7ec788d633fb3,6,5,7.785714285714286,150,1,36,41,0.8875073145815962
6a7fa1bcd3a7ec788d633fb3,5,5,7.733333333333333,150,1,30,34,0.8737804605835564
6a7fa1bcd3a7ec788d633fb3,4,5,7.6875,150,1,24,27,0.85498970669124
6a7fa1bcd3a7ec788d633fb3,3,5,7.647058823529412,150,1,18,20,0.8309729908952359
6a7fa1bcd3a7ec788d633fb3,2,5,7.444444444444445,150,1,12,16,0.6234286297887589
6a7fa1bcd3a7ec788d633fb3,1,5,7.631578947368421,150,1,6,5,0.8420477581648522
6a7fa1bcd3a7ec788d633fb7,19,0,11,134,0,114,123,0.9901103069973133
6a7fa1bcd3a7ec788d633fb7,18,0,8,134,0,108,118,0.9888602988614871
6a7fa1bcd3a7ec788d633fb7,17,0,9.333333333333334,134,0,102,106,0.9947003457276533
6a7fa1bcd3a7ec788d633fb7,16,0,8.75,134,0,96,99,0.9951917346829989
6a7fa1bcd3a7ec788d633fb7,15,0,8.2,134,0,90,93,0.9945282521361553
6a7fa1bcd3a7ec788d633fb7,14,0,8,134,0,84,86,0.9944836318434063
6a7fa1bcd3a7ec788d633fb7,13,1,7.857142857142857,134,0,78,79,0.993460604595868
6a7fa1bcd3a7ec788d633fb7,12,1,8.25,134,0,72,68,0.9972640647373362
6a7fa1bcd3a7ec788d633fb7,11,2,7.777777777777778,134,0,66,64,0.9937940578118375
6a7fa1bcd3a7ec788d633fb7,10,2,7.5,134,0,60,59,0.9907974925998759
6a7fa1bcd3a7ec788d633fb7,9,3,6.909090909090909,134,0,54,58,0.9638909054934082
6a7fa1bcd3a7ec788d633fb7,8,3,6.666666666666667,134,0,48,54,0.9314755387744166
6a7fa1bcd3a7ec788d633fb7,7,3,6.923076923076923,134,0,42,44,0.9571419273266102
6a7fa1bcd3a7ec788d633fb7,6,3,6.785714285714286,134,0,36,39,0.9272841974054925
6a7fa1bcd3a7ec788d633fb7,5,3,7.333333333333333,134,0,30,24,0.9917931796745986
6a7fa1bcd3a7ec788d633fb7,4,3,7.25,134,0,24,18,0.9901731826272815
6a7fa1bcd3a7ec788d633fb7,3,6,7.0588235294117645,134,0,18,14,0.9719450362961126
6a7fa1bcd3a7ec788d633fb7,2,8,6.777777777777778,134,0,12,12,0.8171645211725838
6a7fa1bcd3a7ec788d633fb7,1,9,6.7368421052631575,134,0,6,6,0.6793988141914021
6a7fa1bcd3a7ec788d633fbb,19,0,6,187,0,114,181,0.26429774707085496
6a7fa1bcd3a7ec788d633fbb,18,1,7,187,0,108,173,0.2418831278058493
6a7fa1bcd3a7ec788d633fbb,17,2,7,187,0,102,166,0.20267964825127105
6a7fa1bcd3a7ec788d633fbb,16,2,7.5,187,0,96,157,0.19941802479643161
6a7fa1bcd3a7ec788d633fbb,15,3,7.6,187,0,90,149,0.17523297251975328
6a7fa1bcd3a7ec788d633fbb,14,4,7.666666666666667,187,0,84,141,0.14948593336258165
6a7fa1bcd3a7ec788d633fbb,13,5,8.428571428571429,187,0,78,128,0.19010109906027253
6a7fa1bcd3a7ec788d633fbb,12,6,7.625,187,0,72,126,0.08315760067486513
6a7fa1bcd3a7ec788d633fbb,11,7,8.333333333333334,187,0,66,112,0.1038954910395478
6a7fa1bcd3a7ec788d633fbb,10,7,8.2,187,0,60,105,0.08768555958294014
6a7fa1bcd3a7ec788d633fbb,9,7,8.272727272727273,187,0,54,96,0.0882063535081639
6a7fa1bcd3a7ec788d633fbb,8,7,8,187,0,48,91,0.04989540236227706
6a7fa1bcd3a7ec788d633fbb,7,8,7.615384615384615,187,0,42,88,0.011670717188918933
6a7fa1bcd3a7ec788d633fbb,6,8,7.642857142857143,187,0,36,80,0.007486414388297588
6a7fa1bcd3a7ec788d633fbb,5,9,7.733333333333333,187,0,30,71,0.0028310498404012403
6a7fa1bcd3a7ec788d633fbf,19,0,8,179,1,114,171,0.45653401739093846
6a7fa1bcd3a7ec788d633fbf,18,0,6,179,1,108,167,0.3549338819896411
6a7fa1bcd3a7ec788d633fbf,17,0,8.333333333333334,179,1,102,154,0.4393234361058474
6a7fa1bcd3a7ec788d633fbf,16,0,8,179,1,96,147,0.3957726687940126
6a7fa1bcd3a7ec788d633fbf,15,0,7.8,179,1,90,140,0.35061955593733046
6a7fa1bcd3a7ec788d633fbf,14,1,9.166666666666666,179,1,84,124,0.5149270818510049
6a7fa1bcd3a7ec788d633fbf,13,1,8.571428571428571,179,1,78,119,0.41735211636119934
6a7fa1bcd3a7ec788d633fbf,12,1,8.375,179,1,72,112,0.3664069257903664
6a7fa1bcd3a7ec788d633fbf,11,1,7.888888888888889,179,1,66,108,0.24535927534822344
6a7fa1bcd3a7ec788d633fbf,10,1,8.6,179,1,60,93,0.3875765892284975
6a7fa1bcd3a7ec788d633fbf,9,1,8.181818181818182,179,1,54,89,0.2517500268542682
6a7fa1bcd3a7ec788d633fbf,8,1,8.5,179,1,48,77,0.3219686370661017
6a7fa1bcd3a7ec788d633fbf,7,1,8.307692307692308,179,1,42,71,0.23054661192482195
6a7fa1bcd3a7ec788d633fbf,6,2,8.714285714285714,179,1,36,57,0.371253047197882
6a7fa1bcd3a7ec788d633fbf,5,3,8.466666666666667,179,1,30,52,0.22782779883985524
6a7fa1bcd3a7ec788d633fbf,4,3,8.6875,179,1,24,40,0.3126871481807213
6a7fa1bcd3a7ec788d633fbf,3,3,8.705882352941176,179,1,18,31,0.2923871985438421
6a7fa1bcd3a7ec788d633fbf,2,3,8.5,179,1,12,26,0.10914744171611984
6a7fa1bcd3a7ec788d633fbf,1,3,8.789473684210526,179,1,6,12,0.2576257442098104
6a7fa1bcd3a7ec788d633fc3,19,0,6,167,0,114,161,0.6627671941271067
6a7fa1bcd3a7ec788d633fc3,18,0,7,167,0,108,153,0.6512964200505271
6a7fa1bcd3a7ec788d633fc3,17,0,7.666666666666667,167,0,102,144,0.6593626596641019
6a7fa1bcd3a7ec788d633fc3,16,0,6.75,167,0,96,140,0.5556438629400843
6a7fa1bcd3a7ec788d633fc3,15,0,7,167,0,90,132,0.5367398692593923
6a7fa1bcd3a7ec788d633fc3,14,1,7.333333333333333,167,0,84,123,0.5396120296907406
6a7fa1bcd3a7ec788d633fc3,13,1,8.857142857142858,167,0,78,105,0.7586880209029454
6a7fa1bcd3a7ec788d633fc3,12,2,7.875,167,0,72,104,0.5744266292676214
6a7fa1bcd3a7ec788d633fc3,11,2,8.333333333333334,167,0,66,92,0.6625097960431385
6a7fa1bcd3a7ec788d633fc3,10,2,7.8,167,0,60,89,0.5018023439959779
6a7fa1bcd3a7ec788d633fc3,9,2,8,167,0,54,79,0.5362953986958795
6a7fa1bcd3a7ec788d633fc3,8,2,7.75,167,0,48,74,0.41237591601809165
6a7fa1bcd3a7ec788d633fc3,7,2,7.6923076923076925,167,0,42,67,0.3448721213696789
6a7fa1bcd3a7ec788d633fc3,6,2,7.428571428571429,167,0,36,63,0.1913250023932047
6a7fa1bcd3a7ec788d633fc3,5,2,7.2,167,0,30,59,0.07834097232889604
6a7fa1bcd3a7ec788d633fc3,4,2,6.9375,167,0,24,56,0.01541336557725917
6a7fa1bcd3a7ec788d633fc3,3,2,6.647058823529412,167,0,18,54,0.000721285283455722
6a7fa1bcd3a7ec788d633fc3,2,2,7,167,0,12,41,0.0006169370678388188
6a7fa1bcd3a7ec788d633fc3,1,3,6.894736842105263,167,0,6,36,5.548822320741699e-7
6a7fa1bcd3a7ec788d633fc7,19,1,4,203,0,114,199,0.06037738029210427
6a7fa1bcd3a7ec788d633fc7,18,1,6,203,0,108,191,0.05110293796770468
6a7fa1bcd3a7ec788d633fc7,17,1,5,203,0,102,188,0.023610136523369515
6a7fa1bcd3a7ec788d633fc7,16,1,7,203,0,96,175,0.03441793925169413
6a7fa1bcd3a7ec788d633fc7,15,1,7,203,0,90,168,0.023934810629738564
6a7fa1bcd3a7ec788d633fc7,14,1,8.166666666666666,203,0,84,154,0.04004895237876878
6a7fa1bcd3a7ec788d633fc7,13,2,8.571428571428571,203,0,78,143,0.04580493094996103
6a7fa1bcd3a7ec788d633fc7,12,3,7.75,203,0,72,141,0.014871233197822197
6a7fa1bcd3a7ec788d633fc7,11,4,8.222222222222221,203,0,66,129,0.019299491672353234
6a7fa1bcd3a7ec788d633fc7,10,5,8.2,203,0,60,121,0.013039417208511723
6a7fa1bcd3a7ec788d633fc7,9,6,8,203,0,54,115,0.005520796215886199
6a7fa1bcd3a7ec788d633fc7,8,7,7.583333333333333,203,0,48,112,0.000936823319157692
6a7fa1bcd3a7ec788d633fc7,7,7,8.615384615384615,203,0,42,91,0.008670907207810701
6a7fa1bcd3a7ec788d633fc7,6,7,8.5,203,0,36,84,0.003742474104300498
6a7fa1bcd3a7ec788d633fc7,5,8,8.066666666666666,203,0,30,82,0.00023551271414875988
6a7fa1bcd3a7ec788d633fc7,4,8,8.125,203,0,24,73,0.00007327471830390232
6a7fa1bcd3a7ec788d633fc7,3,8,8.411764705882353,203,0,18,60,0.0000655873146584582
6a7fa1bcd3a7ec788d633fc7,2,8,8.444444444444445,203,0,12,51,0.0000039796294857393066
6a7fa1bcd3a7ec788d633fc7,1,8,8.421052631578947,203,0,6,43,1.4606663500513352e-9
6a7fa1bcd3a7ec788d633fcb,19,0,17,203,0,114,186,0.18745223394951233
6a7fa1bcd3a7ec788d633fcb,18,1,10,203,0,108,183,0.11074511454444359
6a7fa1bcd3a7ec788d633fcb,17,1,12,203,0,102,167,0.19152956514258976
6a7fa1bcd3a7ec788d633fcb,16,2,10.25,203,0,96,162,0.13152871453298617
6a7fa1bcd3a7ec788d633fcb,15,2,9.4,203,0,90,156,0.09454710924394108
6a7fa1bcd3a7ec788d633fcb,14,2,9.666666666666666,203,0,84,145,0.10914593612007557
6a7fa1bcd3a7ec788d633fcb,13,2,8.428571428571429,203,0,78,144,0.04036592767027718
6a7fa1bcd3a7ec788d633fcb,12,2,8.375,203,0,72,136,0.031002483482784216
6a7fa1bcd3a7ec788d633fcb,11,3,7.888888888888889,203,0,66,132,0.012140065706356857
6a7fa1bcd3a7ec788d633fcb,10,3,8.1,203,0,60,122,0.011366856179323868
6a7fa1bcd3a7ec788d633fcb,9,4,7.7272727272727275,203,0,54,118,0.0032539302496619633
6a7fa1bcd3a7ec788d633fcb,8,4,7.833333333333333,203,0,48,109,0.0021437079006360483
6a7fa1bcd3a7ec788d633fcb,7,4,7.6923076923076925,203,0,42,103,0.0005979223714364565
6a7fa1bcd3a7ec788d633fcb,6,4,8.071428571428571,203,0,36,90,0.00086346858526803
6a7fa1bcd3a7ec788d633fcb,5,4,7.733333333333333,203,0,30,87,0.0000525842622429837
6a7fa1bcd3a7ec788d633fcb,4,5,7.875,203,0,24,77,0.00001699589268021557
6a7fa1bcd3a7ec788d633fcb,3,5,7.705882352941177,203,0,18,72,2.3430237088674743e-7
6a7fa1bcd3a7ec788d633fcb,2,5,7.722222222222222,203,0,12,64,9.67622476561982e-10
6a7fa1bcd3a7ec788d633fcb,1,5,7.894736842105263,203,0,6,53,1.5694269205057339e-13
6a7fa1bcd3a7ec788d633fcf,19,0,13,171,0,114,158,0.7190659285672863
6a7fa1bcd3a7ec788d633fcf,18,1,8.5,171,0,108,154,0.6229908053636014
6a7fa1bcd3a7ec788d633fcf,17,1,8.666666666666666,171,0,102,145,0.6326067130314622
6a7fa1bcd3a7ec788d633fcf,16,1,7.5,171,0,96,141,0.5293857669610371
6a7fa1bcd3a7ec788d633fcf,15,1,7.2,171,0,90,135,0.4633716784150393
6a7fa1bcd3a7ec788d633fcf,14,1,6.666666666666667,171,0,84,131,0.34750428491041324
6a7fa1bcd3a7ec788d633fcf,13,1,6.571428571428571,171,0,78,125,0.27856048930491933
6a7fa1bcd3a7ec788d633fcf,12,1,6.25,171,0,72,121,0.17737430585316563
6a7fa1bcd3a7ec788d633fcf,11,1,6.666666666666667,171,0,66,111,0.18655103954656443
6a7fa1bcd3a7ec788d633fcf,10,3,6.3,171,0,60,108,0.08995515327541125
6a7fa1bcd3a7ec788d633fcf,9,3,6.818181818181818,171,0,54,96,0.11823788224884325
6a7fa1bcd3a7ec788d633fcf,8,3,7.083333333333333,171,0,48,86,0.12187630681673356
6a7fa1bcd3a7ec788d633fcf,7,3,8,171,0,42,67,0.3447532712584001
6a7fa1bcd3a7ec788d633fcf,6,3,8.357142857142858,171,0,36,54,0.48064123116184515
6a7fa1bcd3a7ec788d633fcf,5,3,8.266666666666667,171,0,30,47,0.4022987177403209
6a7fa1bcd3a7ec788d633fcf,4,4,8,171,0,24,43,0.20700591908583427
6a7fa1bcd3a7ec788d633fcf,3,4,8,171,0,18,35,0.14883331548183357
6a7fa1bcd3a7ec788d633fcf,2,4,8.277777777777779,171,0,12,22,0.2598288976723787
6a7fa1bcd3a7ec788d633fcf,1,4,8.157894736842104,171,0,6,16,0.07541620050417304
6a7fa1bcd3a7ec788d633fd3,19,0,4,163,1,114,159,0.7007891976829919
6a7fa1bcd3a7ec788d633fd3,18,0,6.5,163,1,108,150,0.7103179506901026
6a7fa1bcd3a7ec788d633fd3,17,1,7,163,1,102,142,0.6939065440990935
6a7fa1bcd3a7ec788d633fd3,16,1,7.25,163,1,96,134,0.6843571699965773
6a7fa1bcd3a7ec788d633fd3,15,1,7.8,163,1,90,124,0.7155777435492743
6a7fa1bcd3a7ec788d633fd3,14,1,7.5,163,1,84,118,0.6599035565677335
6a7fa1bcd3a7ec788d633fd3,13,3,7.428571428571429,163,1,78,111,0.607657128072813
6a7fa1bcd3a7ec788d633fd3,12,3,8.375,163,1,72,96,0.76015317877278
6a7fa1bcd3a7ec788d633fd3,11,3,8.222222222222221,163,1,66,89,0.732207204919475
6a7fa1bcd3a7ec788d633fd3,10,3,9,163,1,60,73,0.8854708225868466
6a7fa1bcd3a7ec788d633fd3,9,4,8.818181818181818,163,1,54,66,0.8631114099110156
6a7fa1bcd3a7ec788d633fd3,8,4,9.5,163,1,48,49,0.9707798793905792
6a7fa1bcd3a7ec788d633fd3,7,4,9.538461538461538,163,1,42,39,0.9856741640978245
6a7fa1bcd3a7ec788d633fd3,6,4,9.642857142857142,163,1,36,28,0.9962839456142624
6a7fa1bcd3a7ec788d633fd3,5,4,9.733333333333333,163,1,30,17,0.9996154899845945
6a7fa1bcd3a7ec788d633fd3,4,4,9.875,163,1,24,5,0.9999981841685027
6a7fa1bcd3a7ec788d633fd7,19,0,14,166,0,114,152,0.8162264267890589
6a7fa1bcd3a7ec788d633fd7,18,0,14,166,0,108,138,0.8891169250938534
6a7fa1bcd3a7ec788d633fd7,17,0,10.666666666666666,166,0,102,134,0.8378448249599272
6a7fa1bcd3a7ec788d633fd7,16,0,11.25,166,0,96,121,0.8983163114966344
6a7fa1bcd3a7ec788d633fd7,15,1,10.8,166,0,90,112,0.9045457450375871
6a7fa1bcd3a7ec788d633fd7,14,1,10.166666666666666,166,0,84,105,0.8934209381028771
6a7fa1bcd3a7ec788d633fd7,13,2,10.142857142857142,166,0,78,95,0.9114554435444306
6a7fa1bcd3a7ec788d633fd7,12,2,10.625,166,0,72,81,0.9628834022313261
6a7fa1bcd3a7ec788d633fd7,11,2,9.666666666666666,166,0,66,79,0.9147892091427623
6a7fa1bcd3a7ec788d633fd7,10,2,8.9,166,0,60,77,0.81810527932854
6a7fa1bcd3a7ec788d633fd7,9,2,8.909090909090908,166,0,54,68,0.8342167762326088
6a7fa1bcd3a7ec788d633fd7,8,3,8.333333333333334,166,0,48,66,0.6692136997125793
6a7fa1bcd3a7ec788d633fd7,7,3,8.23076923076923,166,0,42,59,0.6176784003584035
6a7fa1bcd3a7ec788d633fd7,6,3,8.428571428571429,166,0,36,48,0.7020113654875636
6a7fa1bcd3a7ec788d633fd7,5,3,8.466666666666667,166,0,30,39,0.7238709508524317
6a7fa1bcd3a7ec788d633fd7,4,3,8.1875,166,0,24,35,0.5319908854982119
6a7fa1bcd3a7ec788d633fd7,3,3,8.117647058823529,166,0,18,28,0.43643027391848527
6a7fa1bcd3a7ec788d633fd7,2,3,8.055555555555555,166,0,12,21,0.31152017586717584
6a7fa1bcd3a7ec788d633fd7,1,3,8.157894736842104,166,0,6,11,0.32867704463528885
6a7fa1bcd3a7ec788d633fdb,19,0,19,172,0,114,153,0.8016539313087332
6a7fa1bcd3a7ec788d633fdb,18,2,12.5,172,0,108,147,0.7335886165038286
6a7fa1bcd3a7ec788d633fdb,17,2,11,172,0,102,139,0.7339267695388241
6a7fa1bcd3a7ec788d633fdb,16,2,9.75,172,0,96,133,0.6932965358642835
6a7fa1bcd3a7ec788d633fdb,15,2,11,172,0,90,117,0.8315032907137395
6a7fa1bcd3a7ec788d633fdb,14,3,9.833333333333334,172,0,84,113,0.7443508314385753
6a7fa1bcd3a7ec788d633fdb,13,3,8.857142857142858,172,0,78,110,0.631711890399214
6a7fa1bcd3a7ec788d633fdb,12,3,9.125,172,0,72,99,0.6934661769507152
6a7fa1bcd3a7ec788d633fdb,11,4,9.11111111111111,172,0,66,90,0.6934974163730093
6a7fa1bcd3a7ec788d633fdb,10,5,8.8,172,0,60,84,0.6085885927855055
6a7fa1bcd3a7ec788d633fdb,9,5,8.454545454545455,172,0,54,79,0.5157771775453726
6a7fa1bcd3a7ec788d633fdb,8,5,8.583333333333334,172,0,48,69,0.5610335916773836
6a7fa1bcd3a7ec788d633fdb,7,5,8.23076923076923,172,0,42,65,0.4049569362889114
6a7fa1bcd3a7ec788d633fdb,6,5,8.642857142857142,172,0,36,51,0.590084405455178
6a7fa1bcd3a7ec788d633fdb,5,6,8.733333333333333,172,0,30,41,0.6372378208281175
6a7fa1bcd3a7ec788d633fdb,4,7,8.4375,172,0,24,37,0.4243918770642405
6a7fa1bcd3a7ec788d633fdb,3,7,8.588235294117647,172,0,18,26,0.5341637392857947
6a7fa1bcd3a7ec788d633fdb,2,7,8.5,172,0,12,19,0.4276254928823755
6a7fa1bcd3a7ec788d633fdb,1,8,8.157894736842104,172,0,6,17,0.052123207676850955
6a7fa1bcd3a7ec788d633fdf,19,0,2,183,0,114,181,0.26429774707085496
6a7fa1bcd3a7ec788d633fdf,18,0,4,183,0,108,175,0.21249121092520992
6a7fa1bcd3a7ec788d633fdf,17,0,7,183,0,102,162,0.27600938936145286
6a7fa1bcd3a7ec788d633fdf,16,0,6,183,0,96,159,0.1731295727088793
6a7fa1bcd3a7ec788d633fdf,15,0,8,183,0,90,143,0.2878932878131025
6a7fa1bcd3a7ec788d633fdf,14,0,7.666666666666667,183,0,84,137,0.22591948912510834
6a7fa1bcd3a7ec788d633fdf,13,2,7,183,0,78,134,0.12608601616727838
6a7fa1bcd3a7ec788d633fdf,12,2,7.125,183,0,72,126,0.10668895132779056
6a7fa1bcd3a7ec788d633fdf,11,2,7.333333333333333,183,0,66,117,0.09877443902614111
6a7fa1bcd3a7ec788d633fdf,10,3,7.9,183,0,60,104,0.1432177633204767
6a7fa1bcd3a7ec788d633fdf,9,3,8,183,0,54,95,0.13321127205764385
6a7fa1bcd3a7ec788d633fdf,8,3,7.583333333333333,183,0,48,92,0.05264473279158369
6a7fa1bcd3a7ec788d633fdf,7,3,7.230769230769231,183,0,42,89,0.014560898094362139
6a7fa1bcd3a7ec788d633fdf,6,4,6.928571428571429,183,0,36,86,0.0024468940977111857
6a7fa1bcd3a7ec788d633fdf,5,4,7.6,183,0,30,69,0.009915363371646422
6a7fa1bcd3a7ec788d633fdf,4,5,7.75,183,0,24,59,0.007056032939044484
6a7fa1bcd3a7ec788d633fdf,3,5,8.058823529411764,183,0,18,46,0.010289770289136519
6a7fa1bcd3a7ec788d633fdf,2,5,8.11111111111111,183,0,12,37,0.0032659203902902266
6a7fa1bcd3a7ec788d633fdf,1,5,8.31578947368421,183,0,6,25,0.001175085504100309
6a7fa1bcd3a7ec788d633fe3,19,1,4,194,0,114,190,0.1357180044992721
6a7fa1bcd3a7ec788d633fe3,18,1,13,194,0,108,168,0.33143496229283775
6a7fa1bcd3a7ec788d633fe3,17,1,12,194,0,102,158,0.35110206790206344
6a7fa1bcd3a7ec788d633fe3,16,1,10.5,194,0,96,152,0.2899872158165562
6a7fa1bcd3a7ec788d633fe3,15,1,10,194,0,90,144,0.267414518093352
6a7fa1bcd3a7ec788d633fe3,14,1,9.5,194,0,84,137,0.22546586843661923
6a7fa1bcd3a7ec788d633fe3,13,1,10.571428571428571,194,0,78,120,0.39272807884530975
6a7fa1bcd3a7ec788d633fe3,12,1,9.75,194,0,72,116,0.2732613107900152
6a7fa1bcd3a7ec788d633fe3,11,1,10,194,0,66,104,0.3382354819579344
6a7fa1bcd3a7ec788d633fe3,10,1,10,194,0,60,94,0.36027176200032657
6a7fa1bcd3a7ec788d633fe3,9,1,9.818181818181818,194,0,54,86,0.328416435000329
6a7fa1bcd3a7ec788d633fe3,8,1,9.333333333333334,194,0,48,82,0.19593801780878808
6a7fa1bcd3a7ec788d633fe3,7,2,8.846153846153847,194,0,42,79,0.0818030763309348
6a7fa1bcd3a7ec788d633fe3,6,2,8.928571428571429,194,0,36,69,0.08085803289952895
6a7fa1bcd3a7ec788d633fe3,5,2,8.4,194,0,30,68,0.012539441062014193
6a7fa1bcd3a7ec788d633fe3,4,2,8.375,194,0,24,60,0.00536003873538985
6a7fa1bcd3a7ec788d633fe3,3,2,8.235294117647058,194,0,18,54,0.000721285283455722
6a7fa1bcd3a7ec788d633fe3,2,3,8.222222222222221,194,0,12,46,0.00005792148720245325
6a7fa1bcd3a7ec788d633fe3,1,3,7.894736842105263,194,0,6,44,6.109504931558702e-10
6a7fa1bcd3a7ec788d633fe7,19,0,12,197,0,114,185,0.2015584933919955
6a7fa1bcd3a7ec788d633fe7,18,0,13.5,197,0,108,170,0.2972007249012399
6a7fa1bcd3a7ec788d633fe7,17,0,11.666666666666666,197,0,102,162,0.27600938936145286
6a7fa1bcd3a7ec788d633fe7,16,0,10.5,197,0,96,155,0.23635058111531324
6a7fa1bcd3a7ec788d633fe7,15,0,10.2,197,0,90,146,0.23143597826511275
6a7fa1bcd3a7ec788d633fe7,14,1,9.833333333333334,197,0,84,138,0.20793224477643193
6a7fa1bcd3a7ec788d633fe7,13,2,11.142857142857142,197,0,78,119,0.41533098318439393
6a7fa1bcd3a7ec788d633fe7,12,2,10.75,197,0,72,111,0.3903482880195293
6a7fa1bcd3a7ec788d633fe7,11,3,10.666666666666666,197,0,66,101,0.413231464455329
6a7fa1bcd3a7ec788d633fe7,10,4,10.5,197,0,60,92,0.408302262718247
6a7fa1bcd3a7ec788d633fe7,9,4,10.727272727272727,197,0,54,79,0.530725341307595
6a7fa1bcd3a7ec788d633fe7,8,5,10.25,197,0,48,74,0.4031079862893757
6a7fa1bcd3a7ec788d633fe7,7,6,10.615384615384615,197,0,42,59,0.5855384389110168
6a7fa1bcd3a7ec788d633fe7,6,6,10.142857142857142,197,0,36,55,0.43044664737091665
6a7fa1bcd3a7ec788d633fe7,5,7,10.2,197,0,30,44,0.4877733079198231
6a7fa1bcd3a7ec788d633fe7,4,7,10.1875,197,0,24,34,0.5567256545398245
6a7fa1bcd3a7ec788d633fe7,3,7,10.117647058823529,197,0,18,25,0.5866176194754259
6a7fa1bcd3a7ec788d633fe7,2,7,9.777777777777779,197,0,12,21,0.3106289716708669
6a7fa1bcd3a7ec788d633fe7,1,7,9.736842105263158,197,0,6,12,0.2576046650332606
6a7fa1bcd3a7ec788d633feb,19,0,19,172,1,114,153,0.8016539313087332
6a7fa1bcd3a7ec788d633feb,18,1,15,172,1,108,142,0.8309976144179662
6a7fa1bcd3a7ec788d633feb,17,1,12,172,1,102,136,0.8007000084406346
6a7fa1bcd3a7ec788d633feb,16,1,10.75,172,1,96,129,0.7801759784895635
6a7fa1bcd3a7ec788d633feb,15,1,9.4,172,1,90,125,0.694594381253886
6a7fa1bcd3a7ec788d633feb,14,1,9.666666666666666,172,1,84,114,0.7471372693162611
6a7fa1bcd3a7ec788d633feb,13,1,9.285714285714286,172,1,78,107,0.7154806467878533
6a7fa1bcd3a7ec788d633feb,12,1,9.625,172,1,72,95,0.7914012860965011
6a7fa1bcd3a7ec788d633feb,11,2,9,172,1,66,91,0.6882385256759035
6a7fa1bcd3a7ec788d633feb,10,2,8.9,172,1,60,83,0.6737481299988403
6a7fa1bcd3a7ec788d633feb,9,2,8.636363636363637,172,1,54,77,0.5977028883283942
6a7fa1bcd3a7ec788d633feb,8,2,8.833333333333334,172,1,48,66,0.6699305502431909
6a7fa1bcd3a7ec788d633feb,7,2,9.307692307692308,172,1,42,51,0.8502513698284923
6a7fa1bcd3a7ec788d633feb,6,2,9.214285714285714,172,1,36,43,0.8497392340130372
6a7fa1bcd3a7ec788d633feb,5,2,9.4,172,1,30,31,0.9344599997228089
6a7fa1bcd3a7ec788d633feb,4,2,9.5625,172,1,24,19,0.9853313936147748
6a7fa1bcd3a7ec788d633feb,3,2,9.529411764705882,172,1,18,10,0.9965678902463161
6a7fa1bcd3a7ec788d633feb,2,3,9.61111111111111,172,1,12,-1,1
6a7fa1bcd3a7ec788d633fef,19,1,18,202,0,114,184,0.213235270042811
6a7fa1bcd3a7ec788d633fef,18,2,13,202,0,108,176,0.19058330191458406
6a7fa1bcd3a7ec788d633fef,17,2,11.666666666666666,202,0,102,167,0.187927323000419
6a7fa1bcd3a7ec788d633fef,16,3,10,202,0,96,162,0.12724580525722848
6a7fa1bcd3a7ec788d633fef,15,3,8.2,202,0,90,161,0.05431591074885702
6a7fa1bcd3a7ec788d633fef,14,3,7.5,202,0,84,157,0.026812364659399207
6a7fa1bcd3a7ec788d633fef,13,3,7.714285714285714,202,0,78,148,0.023465700017938244
6a7fa1bcd3a7ec788d633fef,12,3,7.875,202,0,72,139,0.020079898958276922
6a7fa1bcd3a7ec788d633fef,11,3,8.333333333333334,202,0,66,127,0.026411624463380683
6a7fa1bcd3a7ec788d633fef,10,3,8,202,0,60,122,0.011366856179323868
6a7fa1bcd3a7ec788d633fef,9,3,7.545454545454546,202,0,54,119,0.0026557787152234175
6a7fa1bcd3a7ec788d633fef,8,4,7.916666666666667,202,0,48,107,0.0033214007250198393
6a7fa1bcd3a7ec788d633fef,7,5,8.153846153846153,202,0,42,96,0.0032815056157255123
6a7fa1bcd3a7ec788d633fef,6,5,7.642857142857143,202,0,36,95,0.00020968779333233997
6a7fa1bcd3a7ec788d633fef,5,5,7.666666666666667,202,0,30,87,0.00005257399325971062
6a7fa1bcd3a7ec788d633fef,4,5,7.6875,202,0,24,79,0.000007588600501571615
6a7fa1bcd3a7ec788d633fef,3,5,7.647058823529412,202,0,18,72,2.3430237088674743e-7
6a7fa1bcd3a7ec788d633fef,2,5,7.833333333333333,202,0,12,61,7.801003692466156e-9
6a7fa1bcd3a7ec788d633fef,1,5,7.631578947368421,202,0,6,57,3.55740010797241e-15
6a7fa1bcd3a7ec788d633ff3,19,0,3,157,0,114,154,0.7864052100750102
6a7fa1bcd3a7ec788d633ff3,18,0,5,157,0,108,147,0.7643999416398053
6a7fa1bcd3a7ec788d633ff3,17,1,6.666666666666667,157,0,102,137,0.7846302596611093
6a7fa1bcd3a7ec788d633ff3,16,2,8.25,157,0,96,124,0.8436082051390369
6a7fa1bcd3a7ec788d633ff3,15,2,7.4,157,0,90,120,0.7830696888702918
6a7fa1bcd3a7ec788d633ff3,14,2,6.833333333333333,157,0,84,116,0.6991808488148609
6a7fa1bcd3a7ec788d633ff3,13,2,7.571428571428571,157,0,78,104,0.7748385918005849
6a7fa1bcd3a7ec788d633ff3,12,2,7.875,157,0,72,94,0.8082776654532136
6a7fa1bcd3a7ec788d633ff3,11,2,7.666666666666667,157,0,66,88,0.760260738033589
6a7fa1bcd3a7ec788d633ff3,10,2,7.3,157,0,60,84,0.6462372285521054
6a7fa1bcd3a7ec788d633ff3,9,2,7.181818181818182,157,0,54,78,0.5671274156516283
6a7fa1bcd3a7ec788d633ff3,8,2,7.833333333333333,157,0,48,63,0.7566486040331151
6a7fa1bcd3a7ec788d633ff3,7,2,7.384615384615385,157,0,42,61,0.5485702416694995
6a7fa1bcd3a7ec788d633ff3,6,2,7.285714285714286,157,0,36,55,0.44338018427796994
6a7fa1bcd3a7ec788d633ff3,5,2,7.666666666666667,157,0,30,42,0.6070153224642943
6a7fa1bcd3a7ec788d633ff3,4,2,7.5,157,0,24,37,0.44016014263790415
6a7fa1bcd3a7ec788d633ff3,3,3,7.0588235294117645,157,0,18,37,0.09998097577470826
6a7fa1bcd3a7ec788d633ff3,2,3,7.277777777777778,157,0,12,26,0.10914744171611984
6a7fa1bcd3a7ec788d633ff3,1,3,7.157894736842105,157,0,6,21,0.009472913075717664
6a7fa1bcd3a7ec788d633ff7,19,1,9,161,1,114,152,0.8030371842007316
6a7fa1bcd3a7ec788d633ff7,18,2,8.5,161,1,108,144,0.7802733922073589
6a7fa1bcd3a7ec788d633ff7,17,2,8.333333333333334,161,1,102,136,0.7834502933959027
6a7fa1bcd3a7ec788d633ff7,16,2,9,161,1,96,125,0.8299923756496029
6a7fa1bcd3a7ec788d633ff7,15,3,8,161,1,90,121,0.742907444366881
6a7fa1bcd3a7ec788d633ff7,14,4,8,161,1,84,113,0.7058583716707162
6a7fa1bcd3a7ec788d633ff7,13,5,8.571428571428571,161,1,78,101,0.7166353971207866
6a7fa1bcd3a7ec788d633ff7,12,6,9.375,161,1,72,86,0.7190806571555204
6a7fa1bcd3a7ec788d633ff7,11,6,8.88888888888889,161,1,66,81,0.7236980935624948
6a7fa1bcd3a7ec788d633ff7,10,7,9.2,161,1,60,69,0.6513741663955259
6a7fa1bcd3a7ec788d633ff7,9,7,8.727272727272727,161,1,54,65,0.6549502102790861
6a7fa1bcd3a7ec788d633ff7,8,7,8.833333333333334,161,1,48,55,0.7361224457368073
6a7fa1bcd3a7ec788d633ff7,7,7,8.307692307692308,161,1,42,53,0.6730077327189296
6a7fa1bcd3a7ec788d633ff7,6,7,8.142857142857142,161,1,36,47,0.6522836932641387
6a7fa1bcd3a7ec788d633ff7,5,7,8.266666666666667,161,1,30,37,0.7372756911028137
6a7fa1bcd3a7ec788d633ff7,4,7,8.3125,161,1,24,28,0.794098979590873
6a7fa1bcd3a7ec788d633ff7,3,7,8.117647058823529,161,1,18,23,0.687923487361104
6a7fa1bcd3a7ec788d633ff7,2,7,8.666666666666666,161,1,12,5,0.9946890956078872
6a7fa1bcd3a7ec788d633ff7,1,8,8.421052631578947,161,1,6,1,0.9948146362420668
6a7fa1bcd3a7ec788d633ffb,19,0,3,158,0,114,155,0.7704976971791322
6a7fa1bcd3a7ec788d633ffb,18,0,3,158,0,108,152,0.6714425563300875
6a7fa1bcd3a7ec788d633ffb,17,0,4.666666666666667,158,0,102,144,0.6593626596641019
6a7fa1bcd3a7ec788d633ffb,16,0,4.25,158,0,96,141,0.532582042919981
6a7fa1bcd3a7ec788d633ffb,15,0,5.6,158,0,90,130,0.5842602714879076
6a7fa1bcd3a7ec788d633ffb,14,0,6.166666666666667,158,0,84,121,0.5901523831610104
6a7fa1bcd3a7ec788d633ffb,13,0,6.428571428571429,158,0,78,113,0.5710028232217891
6a7fa1bcd3a7ec788d633ffb,12,0,6,158,0,72,110,0.4174252130151762
6a7fa1bcd3a7ec788d633ffb,11,0,6.666666666666667,158,0,66,98,0.4993730767000104
6a7fa1bcd3a7ec788d633ffb,10,1,6.8,158,0,60,90,0.4730497559915307
6a7fa1bcd3a7ec788d633ffb,9,1,7,158,0,54,81,0.47480282551237124
6a7fa1bcd3a7ec788d633ffb,8,3,7.25,158,0,48,71,0.5087303506500478
6a7fa1bcd3a7ec788d633ffb,7,3,7.3076923076923075,158,0,42,63,0.4783706648455989
6a7fa1bcd3a7ec788d633ffb,6,3,7.357142857142857,158,0,36,55,0.4433239512195395
6a7fa1bcd3a7ec788d633ffb,5,3,7.266666666666667,158,0,30,49,0.32669037956365116
6a7fa1bcd3a7ec788d633ffb,4,3,7.125,158,0,24,44,0.17760561104354008
6a7fa1bcd3a7ec788d633ffb,3,3,6.9411764705882355,158,0,18,40,0.05111096988304856
6a7fa1bcd3a7ec788d633ffb,2,3,7.166666666666667,158,0,12,29,0.04921368178666078
6a7fa1bcd3a7ec788d633ffb,1,3,7.315789473684211,158,0,6,19,0.02334147384678794
6a7fa1bcd3a7ec788d633fff,19,1,7,188,0,114,181,0.26041862576153907
6a7fa1bcd3a7ec788d633fff,18,1,7.5,188,0,108,173,0.2418831278058493
6a7fa1bcd3a7ec788d633fff,17,1,7.666666666666667,188,0,102,165,0.22240316937722987
6a7fa1bcd3a7ec788d633fff,16,1,8,188,0,96,156,0.21830538644212583
6a7fa1bcd3a7ec788d633fff,15,1,7,188,0,90,153,0.12749820448687357
6a7fa1bcd3a7ec788d633fff,14,1,8.5,188,0,84,137,0.22546586843661923
6a7fa1bcd3a7ec788d633fff,13,1,8.857142857142858,188,0,78,126,0.2579888803183892
6a7fa1bcd3a7ec788d633fff,12,2,8.375,188,0,72,121,0.1769553985006439
6a7fa1bcd3a7ec788d633fff,11,2,8.444444444444445,188,0,66,112,0.16896302512560032
6a7fa1bcd3a7ec788d633fff,10,2,8.2,188,0,60,106,0.11460531860481793
6a7fa1bcd3a7ec788d633fff,9,2,7.909090909090909,188,0,54,101,0.061542367661932044
6a7fa1bcd3a7ec788d633fff,8,2,8.083333333333334,188,0,48,91,0.061230364749050435
6a7fa1bcd3a7ec788d633fff,7,3,8,188,0,42,84,0.03661409647924725
6a7fa1bcd3a7ec788d633fff,6,4,8.214285714285714,188,0,36,73,0.04078138417169513
6a7fa1bcd3a7ec788d633fff,5,4,7.866666666666666,188,0,30,70,0.007793222635657746
6a7fa1bcd3a7ec788d633fff,4,4,8,188,0,24,60,0.00535999747136738
6a7fa1bcd3a7ec788d633fff,3,4,7.9411764705882355,188,0,18,53,0.0010378760363456928
6a7fa1bcd3a7ec788d633fff,2,4,8.833333333333334,188,0,12,29,0.04921368120491296
6a7fa1bcd3a7ec788d633fff,1,4,8.947368421052632,188,0,6,18,0.03537943477589973
6a7fa1bcd3a7ec788d634003,19,1,4,136,1,114,132,0.9622992449631602
6a7fa1bcd3a7ec788d634003,18,1,3,136,1,108,130,0.9424425283721362
6a7fa1bcd3a7ec788d634003,17,1,4.333333333333333,136,1,102,123,0.9409633252711465
6a7fa1bcd3a7ec788d634003,16,2,3.5,136,1,96,122,0.8684243020681854
6a7fa1bcd3a7ec788d634003,15,3,5,136,1,90,111,0.881041326493821
6a7fa1bcd3a7ec788d634003,14,3,4.833333333333333,136,1,84,107,0.8430101684820477
6a7fa1bcd3a7ec788d634003,13,3,5,136,1,78,101,0.8170135718723944
6a7fa1bcd3a7ec788d634003,12,3,5.5,136,1,72,92,0.8352774509356676
6a7fa1bcd3a7ec788d634003,11,5,6.222222222222222,136,1,66,80,0.8348933360856073
6a7fa1bcd3a7ec788d634003,10,5,6,136,1,60,76,0.790655044480636
6a7fa1bcd3a7ec788d634003,9,5,6.909090909090909,136,1,54,60,0.9192362463284209
6a7fa1bcd3a7ec788d634003,8,5,6.833333333333333,136,1,48,54,0.912625371267236
6a7fa1bcd3a7ec788d634003,7,5,7.230769230769231,136,1,42,42,0.9631245784336367
6a7fa1bcd3a7ec788d634003,6,5,7.214285714285714,136,1,36,35,0.9661535039494664
6a7fa1bcd3a7ec788d634003,5,5,7.4,136,1,30,25,0.9865950662781782
6a7fa1bcd3a7ec788d634003,4,5,7.25,136,1,24,20,0.9781163049429025
6a7fa1bcd3a7ec788d634003,3,5,7.0588235294117645,136,1,18,16,0.943855471666348
6a7fa1bcd3a7ec788d634003,2,5,7.055555555555555,136,1,12,9,0.9506694106601851
6a7fa1bcd3a7ec788d634003,1,5,7.2105263157894735,136,1,6,-1,1
6a7fa1bcd3a7ec788d634007,19,0,9,209,0,114,200,0.05527188120143969
6a7fa1bcd3a7ec788d634007,18,0,8,209,0,108,193,0.04157916431960463
6a7fa1bcd3a7ec788d634007,17,0,11.666666666666666,209,0,102,174,0.10674966227663686
6a7fa1bcd3a7ec788d634007,16,1,9.25,209,0,96,172,0.048694206786626434
6a7fa1bcd3a7ec788d634007,15,1,10.6,209,0,90,156,0.09534962328741899
6a7fa1bcd3a7ec788d634007,14,1,10.333333333333334,209,0,84,147,0.08934962405992818
6a7fa1bcd3a7ec788d634007,13,1,10.428571428571429,209,0,78,136,0.10302258576611267
6a7fa1bcd3a7ec788d634007,12,3,10.75,209,0,72,123,0.14466052238766616
6a7fa1bcd3a7ec788d634007,11,3,10.88888888888889,209,0,66,111,0.18533922462976593
6a7fa1bcd3a7ec788d634007,10,3,10.3,209,0,60,106,0.11430530208851501
6a7fa1bcd3a7ec788d634007,9,4,10.545454545454545,209,0,54,93,0.16605617409690016
6a7fa1bcd3a7ec788d634007,8,4,10.083333333333334,209,0,48,88,0.09343886536267636
6a7fa1bcd3a7ec788d634007,7,5,9.76923076923077,209,0,42,82,0.05083979910353456
6a7fa1bcd3a7ec788d634007,6,6,9.571428571428571,209,0,36,75,0.027567022672951882
6a7fa1bcd3a7ec788d634007,5,7,9.4,209,0,30,68,0.012032521879321151
6a7fa1bcd3a7ec788d634007,4,7,9,209,0,24,65,0.0012009665730249096
6a7fa1bcd3a7ec788d634007,3,7,9.176470588235293,209,0,18,53,0.0010343387235530652
6a7fa1bcd3a7ec788d634007,2,7,9.222222222222221,209,0,12,43,0.0002485432940730536
6a7fa1bcd3a7ec788d634007,1,7,9.210526315789474,209,0,6,34,0.000002754091798063096
6a7fa1bcd3a7ec788d63400b,19,0,17,175,1,114,158,0.7190659285672863
6a7fa1bcd3a7ec788d63400b,18,0,15.5,175,1,108,144,0.8125499688775368
6a7fa1bcd3a7ec788d63400b,17,0,13.333333333333334,175,1,102,135,0.8232178109505882
6a7fa1bcd3a7ec788d63400b,16,0,12.75,175,1,96,124,0.8621608326163153
6a7fa1bcd3a7ec788d63400b,15,0,14.4,175,1,90,103,0.971653151556067
6a7fa1bcd3a7ec788d63400b,14,0,13,175,1,84,97,0.9634399768707457
6a7fa1bcd3a7ec788d63400b,13,1,12.714285714285714,175,1,78,86,0.9772889802797642
6a7fa1bcd3a7ec788d63400b,12,1,11.5,175,1,72,83,0.9525587046982555
6a7fa1bcd3a7ec788d63400b,11,1,11,175,1,66,76,0.9463913438080297
6a7fa1bcd3a7ec788d63400b,10,1,10.8,175,1,60,67,0.9563153991496888
6a7fa1bcd3a7ec788d63400b,9,1,11.727272727272727,175,1,54,46,0.998312728333995
6a7fa1bcd3a7ec788d63400b,8,1,10.916666666666666,175,1,48,44,0.9929149354902916
6a7fa1bcd3a7ec788d63400b,7,3,10.846153846153847,175,1,42,34,0.9971603018687444
6a7fa1bcd3a7ec788d63400b,6,3,10.714285714285714,175,1,36,25,0.9990228475290498
6a7fa1bcd3a7ec788d63400b,5,3,10.2,175,1,30,22,0.9962669957086232
6a7fa1bcd3a7ec788d63400b,4,4,9.8125,175,1,24,18,0.9901164123326266
6a7fa1bcd3a7ec788d63400b,3,4,9.823529411764707,175,1,18,8,0.9991940942792135
6a7fa1bcd3a7ec788d63400b,2,5,9.333333333333334,175,1,12,7,0.9831207088950127
6a7fa1bcd3a7ec788d63400b,1,5,9.157894736842104,175,1,6,1,0.9978609007316837
6a7fa1bcd3a7ec788d63400f,19,0,8,206,0,114,198,0.06738196299410833
6a7fa1bcd3a7ec788d63400f,18,0,8.5,206,0,108,189,0.06331159121869663
6a7fa1bcd3a7ec788d63400f,17,0,10,206,0,102,176,0.08839857063241585
6a7fa1bcd3a7ec788d63400f,16,0,11.5,206,0,96,160,0.15926020629189033
6a7fa1bcd3a7ec788d63400f,15,0,10.6,206,0,90,153,0.12786313366307625
6a7fa1bcd3a7ec788d63400f,14,1,9.333333333333334,206,0,84,150,0.06434498044618725
6a7fa1bcd3a7ec788d63400f,13,1,9.285714285714286,206,0,78,141,0.0586746011402986
6a7fa1bcd3a7ec788d63400f,12,1,8.75,206,0,72,136,0.031051242757584637
6a7fa1bcd3a7ec788d63400f,11,2,8.444444444444445,206,0,66,130,0.016778900714141263
6a7fa1bcd3a7ec788d63400f,10,2,8.5,206,0,60,121,0.01349874782746856
6a7fa1bcd3a7ec788d63400f,9,2,8.727272727272727,206,0,54,110,0.014887687443380593
6a7fa1bcd3a7ec788d63400f,8,3,8.25,206,0,48,107,0.0033262601885268306
6a7fa1bcd3a7ec788d63400f,7,3,8.23076923076923,206,0,42,99,0.0016290263272953002
6a7fa1bcd3a7ec788d63400f,6,3,8.214285714285714,206,0,36,91,0.0006572829131675946
6a7fa1bcd3a7ec788d63400f,5,3,8.733333333333333,206,0,30,75,0.0021352976648975025
6a7fa1bcd3a7ec788d63400f,4,3,8.6875,206,0,24,67,0.0006394124346769498
6a7fa1bcd3a7ec788d63400f,3,4,8.705882352941176,206,0,18,58,0.00015400335900785783
6a7fa1bcd3a7ec788d63400f,2,5,8.444444444444445,206,0,12,54,6.946466083677167e-7
6a7fa1bcd3a7ec788d63400f,1,5,8.263157894736842,206,0,6,49,6.544282659823023e-12
6a7fa1bcd3a7ec788d634013,19,0,12,178,1,114,166,0.5613922711408769
6a7fa1bcd3a7ec788d634013,18,1,10,178,1,108,158,0.5391003378616737
6a7fa1bcd3a7ec788d634013,17,1,10.666666666666666,178,1,102,146,0.611340951882072
6a7fa1bcd3a7ec788d634013,16,1,10.25,178,1,96,137,0.6198995861987086
6a7fa1bcd3a7ec788d634013,15,1,9.4,178,1,90,131,0.5583226068190821
6a7fa1bcd3a7ec788d634013,14,1,10.666666666666666,178,1,84,114,0.7471372693162611
6a7fa1bcd3a7ec788d634013,13,1,10.142857142857142,178,1,78,107,0.7154806467878533
6a7fa1bcd3a7ec788d634013,12,1,9.5,178,1,72,102,0.6285882450996334
6a7fa1bcd3a7ec788d634013,11,2,9,178,1,66,97,0.5261726885854922
6a7fa1bcd3a7ec788d634013,10,2,8.8,178,1,60,90,0.4726222797096692
6a7fa1bcd3a7ec788d634013,9,2,9,178,1,54,79,0.5362953986958795
6a7fa1bcd3a7ec788d634013,8,2,9.333333333333334,178,1,48,66,0.6699305502431909
6a7fa1bcd3a7ec788d634013,7,2,10,178,1,42,48,0.9075804025735772
6a7fa1bcd3a7ec788d634013,6,2,10.071428571428571,178,1,36,37,0.9529993468333964
6a7fa1bcd3a7ec788d634013,5,3,10.333333333333334,178,1,30,23,0.9943942321197297
6a7fa1bcd3a7ec788d634013,4,5,10.0625,178,1,24,17,0.9931763641104827
6a7fa1bcd3a7ec788d634013,3,5,10.411764705882353,178,1,18,1,0.9999993240743031
6a7fa1bcd3a7ec788d634017,19,0,15,211,0,114,196,0.08149835332145033
6a7fa1bcd3a7ec788d634017,18,0,9.5,211,0,108,192,0.0463318888780906
6a7fa1bcd3a7ec788d634017,17,0,10,211,0,102,181,0.053093288379124
6a7fa1bcd3a7ec788d634017,16,0,8.25,211,0,96,178,0.023905075866771004
6a7fa1bcd3a7ec788d634017,15,0,6.8,211,0,90,177,0.006757463885806836
6a7fa1bcd3a7ec788d634017,14,0,6.5,211,0,84,172,0.002850165199243093
6a7fa1bcd3a7ec788d634017,13,0,7.428571428571429,211,0,78,159,0.004368196450704674
6a7fa1bcd3a7ec788d634017,12,0,6.625,211,0,72,158,0.0007286540131927725
6a7fa1bcd3a7ec788d634017,11,0,7.666666666666667,211,0,66,142,0.002032670147778684
6a7fa1bcd3a7ec788d634017,10,0,8.6,211,0,60,125,0.006693669593422274
6a7fa1bcd3a7ec788d634017,9,0,8.636363636363637,211,0,54,116,0.00487945288383601
6a7fa1bcd3a7ec788d634017,8,0,8.25,211,0,48,112,0.0010802177915221558
6a7fa1bcd3a7ec788d634017,7,1,8.384615384615385,211,0,42,102,0.0007735561864987024
6a7fa1bcd3a7ec788d634017,6,3,8,211,0,36,99,0.00006198961129065081
6a7fa1bcd3a7ec788d634017,5,4,8.2,211,0,30,88,0.000037220006053837694
6a7fa1bcd3a7ec788d634017,4,4,8.3125,211,0,24,78,0.000011394672245238183
6a7fa1bcd3a7ec788d634017,3,4,8.352941176470589,211,0,18,69,0.0000010814316017000851
6a7fa1bcd3a7ec788d634017,2,4,8.38888888888889,211,0,12,60,1.532395912926662e-8
6a7fa1bcd3a7ec788d634017,1,5,8.31578947368421,211,0,6,53,1.5694269205057339e-13
6a7fa1bcd3a7ec788d63401b,19,0,7,193,1,114,186,0.18745223394951233
6a7fa1bcd3a7ec788d63401b,18,0,15,193,1,108,163,0.4377512218467989
6a7fa1bcd3a7ec788d63401b,17,0,13.333333333333334,193,1,102,153,0.4614073124591613
6a7fa1bcd3a7ec788d63401b,16,0,11.75,193,1,96,146,0.4180145970576088
6a7fa1bcd3a7ec788d63401b,15,0,12.6,193,1,90,130,0.5842602714879076
6a7fa1bcd3a7ec788d63401b,14,0,12.5,193,1,84,118,0.6616422816011973
6a7fa1bcd3a7ec788d63401b,13,1,12.428571428571429,193,1,78,106,0.7375044145785631
6a7fa1bcd3a7ec788d63401b,12,1,11.375,193,1,72,102,0.6285882450996334
6a7fa1bcd3a7ec788d63401b,11,1,11.333333333333334,193,1,66,91,0.6895494067839572
6a7fa1bcd3a7ec788d63401b,10,3,11.1,193,1,60,82,0.6976282608869905
6a7fa1bcd3a7ec788d63401b,9,3,11.363636363636363,193,1,54,68,0.8323759956550333
6a7fa1bcd3a7ec788d63401b,8,3,10.833333333333334,193,1,48,63,0.7558193746448105
6a7fa1bcd3a7ec788d63401b,7,3,10.692307692307692,193,1,42,54,0.7747814992700682
6a7fa1bcd3a7ec788d63401b,6,4,10.142857142857142,193,1,36,51,0.593292540932557
6a7fa1bcd3a7ec788d63401b,5,5,10.333333333333334,193,1,30,38,0.7572547028403082
6a7fa1bcd3a7ec788d63401b,4,5,10.375,193,1,24,27,0.85498970669124
6a7fa1bcd3a7ec788d63401b,3,5,10.117647058823529,193,1,18,21,0.7908535869400433
6a7fa1bcd3a7ec788d63401b,2,5,10.055555555555555,193,1,12,12,0.8498113140940066
6a7fa1bcd3a7ec788d63401b,1,5,10.052631578947368,193,1,6,2,0.9862240059913683
6a7fa1bcd3a7ec788d63401f,19,1,4,187,1,114,183,0.22836294626841633
6a7fa1bcd3a7ec788d63401f,18,2,4.5,187,1,108,178,0.1637777800037396
6a7fa1bcd3a7ec788d63401f,17,2,9.666666666666666,187,1,102,158,0.34387020159512954
6a7fa1bcd3a7ec788d63401f,16,2,8.5,187,1,96,153,0.26709424863040016
6a7fa1bcd3a7ec788d63401f,15,3,9.2,187,1,90,141,0.31548354402370354
6a7fa1bcd3a7ec788d63401f,14,3,9.5,187,1,84,130,0.35996774371109597
6a7fa1bcd3a7ec788d63401f,13,3,8.857142857142858,187,1,78,125,0.27351581930660346
6a7fa1bcd3a7ec788d63401f,12,4,9.375,187,1,72,112,0.35166628657443744
6a7fa1bcd3a7ec788d63401f,11,4,10,187,1,66,97,0.511989819246707
6a7fa1bcd3a7ec788d63401f,10,4,10.5,187,1,60,82,0.6879090373533951
6a7fa1bcd3a7ec788d63401f,9,4,9.727272727272727,187,1,54,80,0.5002059041393203
6a7fa1bcd3a7ec788d63401f,8,4,9.666666666666666,187,1,48,71,0.5064008049140575
6a7fa1bcd3a7ec788d63401f,7,5,9.76923076923077,187,1,42,60,0.5757030264912355
6a7fa1bcd3a7ec788d63401f,6,5,10,187,1,36,47,0.7305812467128667
6a7fa1bcd3a7ec788d63401f,5,6,9.666666666666666,187,1,30,42,0.5976328021789205
6a7fa1bcd3a7ec788d63401f,4,6,9.6875,187,1,24,32,0.6644345933618933
6a7fa1bcd3a7ec788d63401f,3,6,9.705882352941176,187,1,18,22,0.7452842970024676
6a7fa1bcd3a7ec788d63401f,2,6,9.722222222222221,187,1,12,12,0.8495884870515049
6a7fa1bcd3a7ec788d63401f,1,6,9.368421052631579,187,1,6,9,0.4982157327129684
6a7fa1bcd3a7ec788d634023,19,1,4,172,1,114,168,0.5110236448863846
6a7fa1bcd3a7ec788d634023,18,3,2,172,1,108,168,0.303829149818388
6a7fa1bcd3a7ec788d634023,17,3,3.6666666666666665,172,1,102,161,0.2733113067354339
6a7fa1bcd3a7ec788d634023,16,4,4.5,172,1,96,154,0.22186130446439975
6a7fa1bcd3a7ec788d634023,15,4,5.4,172,1,90,145,0.22477116542720177
6a7fa1bcd3a7ec788d634023,14,5,7.333333333333333,172,1,84,128,0.34241883420297564
6a7fa1bcd3a7ec788d634023,13,6,7.285714285714286,172,1,78,121,0.25968970875519654
6a7fa1bcd3a7ec788d634023,12,6,8,172,1,72,108,0.3529831579765185
6a7fa1bcd3a7ec788d634023,11,6,7.555555555555555,172,1,66,104,0.2722592373126487
6a7fa1bcd3a7ec788d634023,10,6,7.8,172,1,60,94,0.30579400382507743
6a7fa1bcd3a7ec788d634023,9,6,8.272727272727273,172,1,54,81,0.42056126740895394
6a7fa1bcd3a7ec788d634023,8,6,8.5,172,1,48,70,0.4985151932290122
6a7fa1bcd3a7ec788d634023,7,6,8.076923076923077,172,1,42,67,0.32810763568179946
6a7fa1bcd3a7ec788d634023,6,6,8.071428571428571,172,1,36,59,0.2959741367193257
6a7fa1bcd3a7ec788d634023,5,6,8.333333333333334,172,1,30,47,0.3966066875107269
6a7fa1bcd3a7ec788d634023,4,6,9.0625,172,1,24,27,0.8503032979133367
6a7fa1bcd3a7ec788d634023,3,6,8.941176470588236,172,1,18,20,0.8295503728856306
6a7fa1bcd3a7ec788d634023,2,7,8.833333333333334,172,1,12,13,0.7982711610998726
6a7fa1bcd3a7ec788d634023,1,7,9.105263157894736,172,1,6,-1,1
6a7fa1bcd3a7ec788d634027,19,0,26,210,1,114,184,0.2163083076127084
6a7fa1bcd3a7ec788d634027,18,0,19,210,1,108,172,0.2614406037864973
6a7fa1bcd3a7ec788d634027,17,1,16.333333333333332,210,1,102,161,0.29234259203344054
6a7fa1bcd3a7ec788d634027,16,1,15.5,210,1,96,148,0.3718266025821527
6a7fa1bcd3a7ec788d634027,15,1,13.8,210,1,90,141,0.3279158352747469
6a7fa1bcd3a7ec788d634027,14,1,13.166666666666666,210,1,84,131,0.34750428491041324
6a7fa1bcd3a7ec788d634027,13,1,12,210,1,78,126,0.2579888803183892
6a7fa1bcd3a7ec788d634027,12,1,11.375,210,1,72,119,0.21271694457234683
6a7fa1bcd3a7ec788d634027,11,1,11.666666666666666,210,1,66,105,0.31362238548582033
6a7fa1bcd3a7ec788d634027,10,1,11.3,210,1,60,97,0.2835519070591906
6a7fa1bcd3a7ec788d634027,9,1,11.545454545454545,210,1,54,83,0.41423405823019305
6a7fa1bcd3a7ec788d634027,8,2,11.166666666666666,210,1,48,76,0.3510723569959888
6a7fa1bcd3a7ec788d634027,7,2,12.153846153846153,210,1,42,52,0.8271369256759177
6a7fa1bcd3a7ec788d634027,6,3,12.142857142857142,210,1,36,40,0.9113230412171138
6a7fa1bcd3a7ec788d634027,5,3,12.266666666666667,210,1,30,26,0.9835959421612593
6a7fa1bcd3a7ec788d634027,4,3,12.375,210,1,24,12,0.9996217065923734
6a7fa1bcd3a7ec788d63402b,19,0,4,153,1,114,149,0.8557813269952906
6a7fa1bcd3a7ec788d63402b,18,1,6.5,153,1,108,140,0.8563930975564988
6a7fa1bcd3a7ec788d63402b,17,2,9.666666666666666,153,1,102,124,0.9169399318770195
6a7fa1bcd3a7ec788d63402b,16,2,9.25,153,1,96,116,0.9245684194307615
6a7fa1bcd3a7ec788d63402b,15,2,9.2,153,1,90,107,0.9377617271586771
6a7fa1bcd3a7ec788d63402b,14,2,10.166666666666666,153,1,84,92,0.976381465974044
6a7fa1bcd3a7ec788d63402b,13,2,9.714285714285714,153,1,78,85,0.9771919531883853
6a7fa1bcd3a7ec788d63402b,12,2,9.5,153,1,72,77,0.9805078397139152
6a7fa1bcd3a7ec788d63402b,11,2,9.333333333333334,153,1,66,69,0.983311332143964
6a7fa1bcd3a7ec788d63402b,10,3,8.7,153,1,60,66,0.9595031245058366
6a7fa1bcd3a7ec788d63402b,9,3,9.363636363636363,153,1,54,50,0.9932549201813532
6a7fa1bcd3a7ec788d63402b,8,3,10.333333333333334,153,1,48,29,0.9998501868639208
6a7fa1bcd3a7ec788d63402b,7,3,10.846153846153847,153,1,42,12,0.9999970855438278
6a7fa1bcd3a7ec788d63402b,6,3,10.357142857142858,153,1,36,8,0.9999993618752586
6a7fa1bcd3a7ec788d63402b,5,3,9.866666666666667,153,1,30,5,0.9999998642832924
6a7fa1bcd3a7ec788d63402f,19,0,5,189,1,114,184,0.2163083076127084
6a7fa1bcd3a7ec788d63402f,18,0,6.5,189,1,108,176,0.19750409592472
6a7fa1bcd3a7ec788d63402f,17,1,6,189,1,102,171,0.13842744253980016
6a7fa1bcd3a7ec788d63402f,16,1,7.5,189,1,96,159,0.1723093003257271
6a7fa1bcd3a7ec788d63402f,15,2,6.8,189,1,90,155,0.10440097951889814
6a7fa1bcd3a7ec788d63402f,14,2,6.5,189,1,84,150,0.06401394016955654
6a7fa1bcd3a7ec788d63402f,13,2,7.285714285714286,189,1,78,138,0.08266103988343733
6a7fa1bcd3a7ec788d63402f,12,2,7.75,189,1,72,127,0.09556137188628709
6a7fa1bcd3a7ec788d63402f,11,2,8.222222222222221,189,1,66,115,0.12362532417330835
6a7fa1bcd3a7ec788d63402f,10,2,9,189,1,60,99,0.23743442246449992
6a7fa1bcd3a7ec788d63402f,9,3,8.727272727272727,189,1,54,93,0.16713952555203287
6a7fa1bcd3a7ec788d63402f,8,3,8.416666666666666,189,1,48,88,0.09371924299195267
6a7fa1bcd3a7ec788d63402f,7,3,8.76923076923077,189,1,42,75,0.1426925001867879
6a7fa1bcd3a7ec788d63402f,6,3,9.428571428571429,189,1,36,57,0.3712099913958264
6a7fa1bcd3a7ec788d63402f,5,3,9.333333333333334,189,1,30,49,0.32669037956365116
6a7fa1bcd3a7ec788d63402f,4,3,9.5625,189,1,24,36,0.4857381671179579
6a7fa1bcd3a7ec788d63402f,3,3,9.647058823529411,189,1,18,25,0.5957133549913881
6a7fa1bcd3a7ec788d63402f,2,3,9.944444444444445,189,1,12,10,0.924597527795671
6a7fa1bcd3a7ec788d63402f,1,3,9.842105263157896,189,1,6,2,0.9862240554511069
6a7fa1bcd3a7ec788d634033,19,0,6,162,1,114,156,0.753953463480981
6a7fa1bcd3a7ec788d634033,18,0,5,162,1,108,152,0.6714425563300875
6a7fa1bcd3a7ec788d634033,17,0,8,162,1,102,138,0.7747025691927047
6a7fa1bcd3a7ec788d634033,16,1,9,162,1,96,126,0.8287399997017677
6a7fa1bcd3a7ec788d634033,15,1,8.4,162,1,90,120,0.7922743337449105
6a7fa1bcd3a7ec788d634033,14,2,8.5,162,1,84,111,0.7979123303875708
6a7fa1bcd3a7ec788d634033,13,2,8.571428571428571,162,1,78,102,0.8123464053955947
6a7fa1bcd3a7ec788d634033,12,3,8.75,162,1,72,92,0.8352774509356676
6a7fa1bcd3a7ec788d634033,11,4,9,162,1,66,81,0.8661702701917193
6a7fa1bcd3a7ec788d634033,10,4,9.6,162,1,60,66,0.9489756171499616
6a7fa1bcd3a7ec788d634033,9,4,8.909090909090908,162,1,54,64,0.8948702081413993
6a7fa1bcd3a7ec788d634033,8,6,8.583333333333334,162,1,48,59,0.7857452804348837
6a7fa1bcd3a7ec788d634033,7,6,8.461538461538462,162,1,42,52,0.7847691673016871
6a7fa1bcd3a7ec788d634033,6,6,8.928571428571429,162,1,36,37,0.9288389532605604
6a7fa1bcd3a7ec788d634033,5,7,8.8,162,1,30,30,0.8926930835446144
6a7fa1bcd3a7ec788d634033,4,9,9,162,1,24,18,0.5891650169557772
6a7fa1bcd3a7ec788d634033,3,9,9,162,1,18,9,0.7554651918519242
6a7fa1bcd3a7ec788d634037,19,0,9,186,0,114,177,0.3362163434420851
6a7fa1bcd3a7ec788d634037,18,0,12.5,186,0,108,161,0.48070894554304394
6a7fa1bcd3a7ec788d634037,17,0,10,186,0,102,156,0.3959230488717608
6a7fa1bcd3a7ec788d634037,16,1,7.75,186,0,96,155,0.23515365428252827
6a7fa1bcd3a7ec788d634037,15,1,8.2,186,0,90,145,0.24866344470560955
6a7fa1bcd3a7ec788d634037,14,1,9.333333333333334,186,0,84,130,0.37024339669570294
6a7fa1bcd3a7ec788d634037,13,1,8.571428571428571,186,0,78,126,0.2579888803183892
6a7fa1bcd3a7ec788d634037,12,2,7.875,186,0,72,123,0.14583049795622857
6a7fa1bcd3a7ec788d634037,11,2,8.11111111111111,186,0,66,113,0.15274356749646023
6a7fa1bcd3a7ec788d634037,10,5,7.6,186,0,60,110,0.06697325900461205
6a7fa1bcd3a7ec788d634037,9,6,7.7272727272727275,186,0,54,101,0.05602164522234909
6a7fa1bcd3a7ec788d634037,8,8,8.166666666666666,186,0,48,88,0.05155038093333217
6a7fa1bcd3a7ec788d634037,7,8,8.846153846153847,186,0,42,71,0.13988225354539377
6a7fa1bcd3a7ec788d634037,6,8,8.428571428571429,186,0,36,68,0.06675892838404252
6a7fa1bcd3a7ec788d634037,5,8,8.666666666666666,186,0,30,56,0.10025044797532644
6a7fa1bcd3a7ec788d634037,4,8,9.375,186,0,24,36,0.4052780686326086
6a7fa1bcd3a7ec788d634037,3,8,9.823529411764707,186,0,18,19,0.7884114190312266
6a7fa1bcd3a7ec788d634037,2,8,9.444444444444445,186,0,12,16,0.5984900911327489
6a7fa1bcd3a7ec788d634037,1,8,9.263157894736842,186,0,6,10,0.4072098236087753
6a7fa1bcd3a7ec788d63403b,19,0,16,164,1,114,148,0.8675660840214566
6a7fa1bcd3a7ec788d63403b,18,2,12,164,1,108,140,0.8332083526370897
6a7fa1bcd3a7ec788d63403b,17,2,10.333333333333334,164,1,102,133,0.8265489306683964
6a7fa1bcd3a7ec788d63403b,16,2,11.5,164,1,96,118,0.908729696040177
6a7fa1bcd3a7ec788d63403b,15,2,10.2,164,1,90,113,0.8838895837522727
6a7fa1bcd3a7ec788d63403b,14,2,10,164,1,84,104,0.8981644927021668
6a7fa1bcd3a7ec788d63403b,13,2,9.571428571428571,164,1,78,97,0.8882572471081361
6a7fa1bcd3a7ec788d63403b,12,2,9.875,164,1,72,85,0.9335668396771403
6a7fa1bcd3a7ec788d63403b,11,2,9.777777777777779,164,1,66,76,0.9448236381323757
6a7fa1bcd3a7ec788d63403b,10,2,9.7,164,1,60,67,0.9554872331402772
6a7fa1bcd3a7ec788d63403b,9,2,10.454545454545455,164,1,54,49,0.9956822542330361
6a7fa1bcd3a7ec788d63403b,8,2,10.416666666666666,164,1,48,39,0.9984226325968507
6a7fa1bcd3a7ec788d63403b,7,3,10.153846153846153,164,1,42,32,0.998569542565778
6a7fa1bcd3a7ec788d63403b,6,3,9.571428571428571,164,1,36,30,0.9933661354240344
6a7fa1bcd3a7ec788d63403b,5,3,9,164,1,30,29,0.9602537142571348
6a7fa1bcd3a7ec788d63403b,4,3,9,164,1,24,20,0.9787454788750056
6a7fa1bcd3a7ec788d63403b,3,3,8.882352941176471,164,1,18,13,0.9826949240280611
6a7fa1bcd3a7ec788d63403b,2,3,8.666666666666666,164,1,12,8,0.9698733762061228
6a7fa1bcd3a7ec788d63403b,1,3,8.789473684210526,164,1,6,-3,1
6a7fa1bcd3a7ec788d63403f,19,0,9,180,1,114,171,0.45653401739093846
6a7fa1bcd3a7ec788d63403f,18,0,6,180,1,108,168,0.335194101558027
6a7fa1bcd3a7ec788d63403f,17,0,10,180,1,102,150,0.5283912934846393
6a7fa1bcd3a7ec788d63403f,16,0,9.5,180,1,96,142,0.5094671266033036
6a7fa1bcd3a7ec788d63403f,15,0,9.8,180,1,90,131,0.560576602641671
6a7fa1bcd3a7ec788d63403f,14,0,10.833333333333334,180,1,84,115,0.7283232083233537
6a7fa1bcd3a7ec788d63403f,13,1,10,180,1,78,110,0.6451062666599608
6a7fa1bcd3a7ec788d63403f,12,1,10.125,180,1,72,99,0.703206277145746
6a7fa1bcd3a7ec788d63403f,11,1,11,180,1,66,81,0.8906867134530811
6a7fa1bcd3a7ec788d63403f,10,1,11,180,1,60,70,0.9285857690076357
6a7fa1bcd3a7ec788d63403f,9,2,10.636363636363637,180,1,54,63,0.9175694243624557
6a7fa1bcd3a7ec788d63403f,8,2,10.583333333333334,180,1,48,53,0.9436142779633077
6a7fa1bcd3a7ec788d63403f,7,3,10.076923076923077,180,1,42,49,0.8900595312977349
6a7fa1bcd3a7ec788d63403f,6,3,10.5,180,1,36,33,0.98314238836662
6a7fa1bcd3a7ec788d63403f,5,3,10.2,180,1,30,27,0.9775387523846847
6a7fa1bcd3a7ec788d63403f,4,3,10,180,1,24,20,0.9787454788750056
6a7fa1bcd3a7ec788d63403f,3,4,9.647058823529411,180,1,18,16,0.9440006465051014
6a7fa1bcd3a7ec788d63403f,2,4,9.333333333333334,180,1,12,12,0.8498225760828647
6a7fa1bcd3a7ec788d63403f,1,4,9.210526315789474,180,1,6,5,0.8420477732000872
6a7fa1bcd3a7ec788d634043,19,0,15,138,1,114,123,0.9901103069973133
6a7fa1bcd3a7ec788d634043,18,0,10.5,138,1,108,117,0.9901496603226497
6a7fa1bcd3a7ec788d634043,17,0,10.666666666666666,138,1,102,106,0.9947003457276533
6a7fa1bcd3a7ec788d634043,16,0,9.75,138,1,96,99,0.9951917346829989
6a7fa1bcd3a7ec788d634043,15,0,9.6,138,1,90,90,0.9968110647614681
6a7fa1bcd3a7ec788d634043,14,0,9.333333333333334,138,1,84,82,0.9975237072999121
6a7fa1bcd3a7ec788d634043,13,1,9.714285714285714,138,1,78,70,0.9987968311520083
6a7fa1bcd3a7ec788d634043,12,1,9.625,138,1,72,61,0.9994144047075102
6a7fa1bcd3a7ec788d634043,11,2,9.88888888888889,138,1,66,49,0.9996039155476503
6a7fa1bcd3a7ec788d634043,10,2,10.4,138,1,60,34,0.9999485826623781
6a7fa1bcd3a7ec788d634043,9,2,10.272727272727273,138,1,54,25,0.9999895663010883
6a7fa1bcd3a7ec788d634043,8,2,10.25,138,1,48,15,0.9999991257418619
6a7fa1bcd3a7ec788d634043,7,2,9.923076923076923,138,1,42,9,0.9999999035685325
6a7fa1bcd3a7ec788d634047,19,0,8,170,1,114,162,0.6431121232791293
6a7fa1bcd3a7ec788d634047,18,0,9.5,170,1,108,151,0.6911331004720267
6a7fa1bcd3a7ec788d634047,17,0,9.666666666666666,170,1,102,141,0.7197405264040585
6a7fa1bcd3a7ec788d634047,16,0,9.5,170,1,96,132,0.7292305729400987
6a7fa1bcd3a7ec788d634047,15,0,9.6,170,1,90,122,0.7586302611988636
6a7fa1bcd3a7ec788d634047,14,0,11.166666666666666,170,1,84,103,0.9176983724999678
6a7fa1bcd3a7ec788d634047,13,1,11.285714285714286,170,1,78,91,0.9509017937672792
6a7fa1bcd3a7ec788d634047,12,1,11.375,170,1,72,79,0.9752761469533728
6a7fa1bcd3a7ec788d634047,11,2,10.222222222222221,170,1,66,78,0.9258958966476533
6a7fa1bcd3a7ec788d634047,10,2,9.7,170,1,60,73,0.8888929122839606
6a7fa1bcd3a7ec788d634047,9,2,9.272727272727273,170,1,54,68,0.8342167762326088
6a7fa1bcd3a7ec788d634047,8,2,9.25,170,1,48,59,0.85183081181079
6a7fa1bcd3a7ec788d634047,7,2,9.538461538461538,170,1,42,46,0.9360603094841078
6a7fa1bcd3a7ec788d634047,6,2,9.785714285714286,170,1,36,33,0.9832602069960442
6a7fa1bcd3a7ec788d634047,5,2,9.6,170,1,30,26,0.983629572046599
6a7fa1bcd3a7ec788d634047,4,2,9.3125,170,1,24,21,0.9700755728557996
6a7fa1bcd3a7ec788d634047,3,2,9.235294117647058,170,1,18,13,0.9826956115439667
6a7fa1bcd3a7ec788d63404b,19,0,7,164,0,114,157,0.7367991639289307
6a7fa1bcd3a7ec788d63404b,18,0,8.5,164,0,108,147,0.7643999416398053
6a7fa1bcd3a7ec788d63404b,17,0,7.333333333333333,164,0,102,142,0.7001529549563971
6a7fa1bcd3a7ec788d63404b,16,0,6.25,164,0,96,139,0.5785747518784419
6a7fa1bcd3a7ec788d63404b,15,0,6.6,164,0,90,131,0.560576602641671
6a7fa1bcd3a7ec788d63404b,14,0,6.166666666666667,164,0,84,127,0.4423719114969384
6a7fa1bcd3a7ec788d63404b,13,0,6,164,0,78,122,0.3455005233915866
6a7fa1bcd3a7ec788d63404b,12,0,7,164,0,72,108,0.46994847945657375
6a7fa1bcd3a7ec788d63404b,11,0,6.555555555555555,164,0,66,105,0.3137325962248631
6a7fa1bcd3a7ec788d63404b,10,0,6.7,164,0,60,97,0.2835951551490652
6a7fa1bcd3a7ec788d63404b,9,0,6.545454545454546,164,0,54,92,0.18648779206543956
6a7fa1bcd3a7ec788d63404b,8,0,7.166666666666667,164,0,48,78,0.29400638903857906
6a7fa1bcd3a7ec788d63404b,7,0,6.846153846153846,164,0,42,75,0.14273252576119408
6a7fa1bcd3a7ec788d63404b,6,0,7.071428571428571,164,0,36,65,0.14678533668088004
6a7fa1bcd3a7ec788d63404b,5,0,6.8,164,0,30,62,0.04501786777513768
6a7fa1bcd3a7ec788d63404b,4,0,6.625,164,0,24,58,0.0092238063712233
6a7fa1bcd3a7ec788d63404b,3,1,6.529411764705882,164,0,18,53,0.0010378762044770946
6a7fa1bcd3a7ec788d63404b,2,2,6.277777777777778,164,0,12,51,0.0000039952545625812135
6a7fa1bcd3a7ec788d63404b,1,3,6.526315789473684,164,0,6,40,2.0055504222561214e-8
6a7fa1bcd3a7ec788d63404f,19,0,6,176,1,114,170,0.47743303714295826
6a7fa1bcd3a7ec788d63404f,18,1,7.5,176,1,108,161,0.4749861488704527
6a7fa1bcd3a7ec788d63404f,17,1,7.666666666666667,176,1,102,153,0.4574996030014092
6a7fa1bcd3a7ec788d63404f,16,1,8.25,176,1,96,143,0.48350693681820534
6a7fa1bcd3a7ec788d63404f,15,1,10.4,176,1,90,124,0.7155777435492743
6a7fa1bcd3a7ec788d63404f,14,1,10,176,1,84,116,0.7048875670278695
6a7fa1bcd3a7ec788d63404f,13,1,10.142857142857142,176,1,78,105,0.7586880209029454
6a7fa1bcd3a7ec788d63404f,12,1,9.375,176,1,72,101,0.6540854781855571
6a7fa1bcd3a7ec788d63404f,11,1,9.88888888888889,176,1,66,87,0.7837483521913008
6a7fa1bcd3a7ec788d63404f,10,2,10,176,1,60,76,0.8378684200441586
6a7fa1bcd3a7ec788d63404f,9,2,10.363636363636363,176,1,54,62,0.9297589982334739
6a7fa1bcd3a7ec788d63404f,8,3,10.416666666666666,176,1,48,51,0.9609243083831996
6a7fa1bcd3a7ec788d63404f,7,4,9.76923076923077,176,1,42,49,0.8879762169576971
6a7fa1bcd3a7ec788d63404f,6,5,10.214285714285714,176,1,36,33,0.9788096073725825
6a7fa1bcd3a7ec788d63404f,5,5,10.066666666666666,176,1,30,25,0.9865950662781782
6a7fa1bcd3a7ec788d63404f,4,5,10.0625,176,1,24,15,0.9972801238340758
6a7fa1bcd3a7ec788d63404f,3,5,10,176,1,18,6,0.9998566787905254
6a7fa1bcd3a7ec788d634053,19,1,5,167,1,114,162,0.6324759435754731
6a7fa1bcd3a7ec788d634053,18,1,9.5,167,1,108,148,0.7377960115297122
6a7fa1bcd3a7ec788d634053,17,2,9,167,1,102,140,0.7160939059278675
6a7fa1bcd3a7ec788d634053,16,3,11,167,1,96,123,0.8254781634327154
6a7fa1bcd3a7ec788d634053,15,4,10,167,1,90,117,0.7568799837104367
6a7fa1bcd3a7ec788d634053,14,4,10.166666666666666,167,1,84,106,0.8145085990887824
6a7fa1bcd3a7ec788d634053,13,5,9.714285714285714,167,1,78,99,0.7458880488627658
6a7fa1bcd3a7ec788d634053,12,5,9.25,167,1,72,93,0.7388602422622396
6a7fa1bcd3a7ec788d634053,11,5,9.11111111111111,167,1,66,85,0.757241808993612
6a7fa1bcd3a7ec788d634053,10,5,8.8,167,1,60,79,0.7299301779574221
6a7fa1bcd3a7ec788d634053,9,5,8.454545454545455,167,1,54,74,0.6593136402441955
6a7fa1bcd3a7ec788d634053,8,6,8.166666666666666,167,1,48,69,0.5283714553425749
6a7fa1bcd3a7ec788d634053,7,6,8.692307692307692,167,1,42,54,0.734729707039024
6a7fa1bcd3a7ec788d634053,6,6,9.285714285714286,167,1,36,37,0.9288389532605604
6a7fa1bcd3a7ec788d634053,5,6,9.4,167,1,30,26,0.9734166034379916
6a7fa1bcd3a7ec788d634053,4,6,9.8125,167,1,24,10,0.9989611918385612
6a7fa1bcd3a7ec788d634057,19,0,11,179,0,114,168,0.5194579567177472
6a7fa1bcd3a7ec788d634057,18,0,10.5,179,0,108,158,0.5457128736899441
6a7fa1bcd3a7ec788d634057,17,0,10.666666666666666,179,0,102,147,0.5950031671601854
6a7fa1bcd3a7ec788d634057,16,1,9.75,179,0,96,140,0.5522845036085992
6a7fa1bcd3a7ec788d634057,15,1,9.4,179,0,90,132,0.5346004229702814
6a7fa1bcd3a7ec788d634057,14,1,10.166666666666666,179,0,84,118,0.6599035565677335
6a7fa1bcd3a7ec788d634057,13,1,10,179,0,78,109,0.6691997476991994
6a7fa1bcd3a7ec788d634057,12,1,9.25,179,0,72,105,0.5496653550842157
6a7fa1bcd3a7ec788d634057,11,1,8.777777777777779,179,0,66,100,0.44373069490713835
6a7fa1bcd3a7ec788d634057,10,1,8.5,179,0,60,94,0.36027176200032657
6a7fa1bcd3a7ec788d634057,9,2,8.636363636363637,179,0,54,84,0.3846576554200434
6a7fa1bcd3a7ec788d634057,8,2,8.25,179,0,48,80,0.24202858007215927
6a7fa1bcd3a7ec788d634057,7,2,8.153846153846153,179,0,42,73,0.18315118224744115
6a7fa1bcd3a7ec788d634057,6,2,8.357142857142858,179,0,36,62,0.21663014254640603
6a7fa1bcd3a7ec788d634057,5,2,8.8,179,0,30,47,0.4023104887302537
6a7fa1bcd3a7ec788d634057,4,2,8.6875,179,0,24,40,0.31268827276058153
6a7fa1bcd3a7ec788d634057,3,2,8.529411764705882,179,0,18,34,0.1788867478455872
6a7fa1bcd3a7ec788d634057,2,2,8.222222222222221,179,0,12,31,0.02703817497541936
6a7fa1bcd3a7ec788d634057,1,2,8.210526315789474,179,0,6,23,0.0035015208138023586
6a7fa1bcd3a7ec788d63405b,19,0,3,164,0,114,161,0.6627671941271067
6a7fa1bcd3a7ec788d63405b,18,0,7.5,164,0,108,149,0.7289510424152248
6a7fa1bcd3a7ec788d63405b,17,1,7,164,0,102,143,0.67394796078687
6a7fa1bcd3a7ec788d63405b,16,1,6.5,164,0,96,138,0.5976168202773032
6a7fa1bcd3a7ec788d63405b,15,1,6.4,164,0,90,132,0.5346004229702814
6a7fa1bcd3a7ec788d63405b,14,1,7,164,0,84,122,0.5642128567911014
6a7fa1bcd3a7ec788d63405b,13,1,6.714285714285714,164,0,78,117,0.46771899168573283
6a7fa1bcd3a7ec788d63405b,12,1,6.5,164,0,72,112,0.3664069257903664
6a7fa1bcd3a7ec788d63405b,11,1,6.444444444444445,164,0,66,106,0.28989390420224964
6a7fa1bcd3a7ec788d63405b,10,1,6.1,164,0,60,103,0.16002338821475137
6a7fa1bcd3a7ec788d63405b,9,1,6,164,0,54,98,0.0922150430847006
6a7fa1bcd3a7ec788d63405b,8,1,6.333333333333333,164,0,48,88,0.09378000821045923
6a7fa1bcd3a7ec788d63405b,7,1,6.153846153846154,164,0,42,84,0.03662036625308948
6a7fa1bcd3a7ec788d63405b,6,1,6.214285714285714,164,0,36,77,0.018878197169534722
6a7fa1bcd3a7ec788d63405b,5,1,6.533333333333333,164,0,30,66,0.019685111564368488
6a7fa1bcd3a7ec788d63405b,4,1,6.9375,164,0,24,53,0.031486314512382194
6a7fa1bcd3a7ec788d63405b,3,1,7.117647058823529,164,0,18,43,0.023938001447879432
6a7fa1bcd3a7ec788d63405b,2,1,7.166666666666667,164,0,12,35,0.006960092602128138
6a7fa1bcd3a7ec788d63405b,1,1,7.421052631578948,164,0,6,23,0.0035015208138023586
6a7fa1bcd3a7ec788d63405f,19,0,17,170,0,114,153,0.8016539313087332
6a7fa1bcd3a7ec788d63405f,18,0,13,170,0,108,144,0.8125499688775368
6a7fa1bcd3a7ec788d63405f,17,0,9.333333333333334,170,0,102,142,0.7001529549563971
6a7fa1bcd3a7ec788d63405f,16,0,9.75,170,0,96,131,0.7485565042208137
6a7fa1bcd3a7ec788d63405f,15,0,9.4,170,0,90,123,0.7389664512303108
6a7fa1bcd3a7ec788d63405f,14,0,8.166666666666666,170,0,84,121,0.5901523831610104
6a7fa1bcd3a7ec788d63405f,13,0,7.714285714285714,170,0,78,116,0.49399160926825203
6a7fa1bcd3a7ec788d63405f,12,1,7.25,170,0,72,112,0.3664069257903664
6a7fa1bcd3a7ec788d63405f,11,1,7.666666666666667,170,0,66,101,0.41650720422013066
6a7fa1bcd3a7ec788d63405f,10,1,7.7,170,0,60,93,0.3875765892284975
6a7fa1bcd3a7ec788d63405f,9,1,7.545454545454546,170,0,54,87,0.3017037455726567
6a7fa1bcd3a7ec788d63405f,8,1,7.25,170,0,48,83,0.1751602691550238
6a7fa1bcd3a7ec788d63405f,7,1,7.615384615384615,170,0,42,71,0.23054661192482195
6a7fa1bcd3a7ec788d63405f,6,1,7.714285714285714,170,0,36,62,0.21663226654452516
6a7fa1bcd3a7ec788d63405f,5,1,8,170,0,30,50,0.2915901692324043
6a7fa1bcd3a7ec788d63405f,4,1,8.125,170,0,24,40,0.3126883365508505
6a7fa1bcd3a7ec788d63405f,3,1,8.117647058823529,170,0,18,32,0.25073573257205306
6a7fa1bcd3a7ec788d63405f,2,1,8.166666666666666,170,0,12,23,0.21365199927424516
6a7fa1bcd3a7ec788d63405f,1,1,7.894736842105263,170,0,6,20,0.01504402129782758
6a7fa1bcd3a7ec788d634063,19,1,3,184,1,114,181,0.26041862576153907
6a7fa1bcd3a7ec788d634063,18,1,12,184,1,108,160,0.49634563049599356
6a7fa1bcd3a7ec788d634063,17,1,9.666666666666666,184,1,102,155,0.41400180460562797
6a7fa1bcd3a7ec788d634063,16,1,10,184,1,96,144,0.46067981256145096
6a7fa1bcd3a7ec788d634063,15,1,11.6,184,1,90,126,0.6729986277957696
6a7fa1bcd3a7ec788d634063,14,1,11.166666666666666,184,1,84,117,0.6827022382889456
6a7fa1bcd3a7ec788d634063,13,1,10.857142857142858,184,1,78,108,0.6926864019457675
6a7fa1bcd3a7ec788d634063,12,1,10.125,184,1,72,103,0.6026092068903888
6a7fa1bcd3a7ec788d634063,11,1,10.666666666666666,184,1,66,88,0.7617240768678675
6a7fa1bcd3a7ec788d634063,10,1,10.2,184,1,60,82,0.7011736757582099
6a7fa1bcd3a7ec788d634063,9,1,10.545454545454545,184,1,54,68,0.8346338883462787
6a7fa1bcd3a7ec788d634063,8,1,10.75,184,1,48,55,0.9198365159916533
6a7fa1bcd3a7ec788d634063,7,1,11.076923076923077,184,1,42,40,0.9836781510017958
6a7fa1bcd3a7ec788d634063,6,1,10.714285714285714,184,1,36,34,0.9778652878955333
6a7fa1bcd3a7ec788d634063,5,2,10.866666666666667,184,1,30,21,0.9976002426163598
6a7fa1bcd3a7ec788d634063,4,2,10.75,184,1,24,12,0.9996237414648037
6a7fa1bcd3a7ec788d634063,3,2,10.941176470588236,184,1,18,-2,1
6a7fa1bcd3a7ec788d634067,19,0,11,178,1,114,167,0.5404661050381683
6a7fa1bcd3a7ec788d634067,18,0,6.5,178,1,108,165,0.39567414952996427
6a7fa1bcd3a7ec788d634067,17,0,7.333333333333333,178,1,102,156,0.3959230488717608
6a7fa1bcd3a7ec788d634067,16,0,8.75,178,1,96,143,0.4863768777948715
6a7fa1bcd3a7ec788d634067,15,0,7.8,178,1,90,139,0.3726992640831042
6a7fa1bcd3a7ec788d634067,14,0,7.333333333333333,178,1,84,134,0.2836987704457058
6a7fa1bcd3a7ec788d634067,13,0,7.571428571428571,178,1,78,125,0.27890599596790333
6a7fa1bcd3a7ec788d634067,12,0,7.75,178,1,72,116,0.27344430860826296
6a7fa1bcd3a7ec788d634067,11,0,8.333333333333334,178,1,66,103,0.36378626889188376
6a7fa1bcd3a7ec788d634067,10,2,7.7,178,1,60,101,0.1962272890765268
6a7fa1bcd3a7ec788d634067,9,3,8.181818181818182,178,1,54,88,0.275553386518605
6a7fa1bcd3a7ec788d634067,8,3,8.666666666666666,178,1,48,74,0.41199925421157496
6a7fa1bcd3a7ec788d634067,7,3,8.692307692307692,178,1,42,65,0.4098728509865746
6a7fa1bcd3a7ec788d634067,6,3,8.928571428571429,178,1,36,53,0.5183928819247127
6a7fa1bcd3a7ec788d634067,5,3,8.866666666666667,178,1,30,45,0.48304933847960246
6a7fa1bcd3a7ec788d634067,4,3,8.8125,178,1,24,37,0.44015806903914406
6a7fa1bcd3a7ec788d634067,3,3,9.058823529411764,178,1,18,24,0.6482088087597757
6a7fa1bcd3a7ec788d634067,2,3,8.944444444444445,178,1,12,17,0.558178997701107
6a7fa1bcd3a7ec788d634067,1,3,8.736842105263158,178,1,6,12,0.2576257442098104
6a7fa1bcd3a7ec788d63406b,19,1,2,166,0,114,164,0.592832001886923
6a7fa1bcd3a7ec788d63406b,18,1,4.5,166,0,108,157,0.5603690048403509
6a7fa1bcd3a7ec788d63406b,17,1,6.333333333333333,166,0,102,147,0.589761947988999
6a7fa1bcd3a7ec788d63406b,16,2,6.75,166,0,96,139,0.5657330069214175
6a7fa1bcd3a7ec788d63406b,15,2,7.4,166,0,90,129,0.5981749970727521
6a7fa1bcd3a7ec788d63406b,14,3,6.666666666666667,166,0,84,126,0.45229608223893947
6a7fa1bcd3a7ec788d63406b,13,3,6.285714285714286,166,0,78,122,0.338540014150998
6a7fa1bcd3a7ec788d63406b,12,4,6.625,166,0,72,113,0.32835890403382834
6a7fa1bcd3a7ec788d63406b,11,4,6.777777777777778,166,0,66,105,0.3053858401968616
6a7fa1bcd3a7ec788d63406b,10,4,7.7,166,0,60,89,0.4931654713722725
6a7fa1bcd3a7ec788d63406b,9,4,7.7272727272727275,166,0,54,81,0.46979582208574117
6a7fa1bcd3a7ec788d63406b,8,5,7.333333333333333,166,0,48,78,0.28778166508240827
6a7fa1bcd3a7ec788d63406b,7,5,7.3076923076923075,166,0,42,71,0.22805118495820542
6a7fa1bcd3a7ec788d63406b,6,5,7.785714285714286,166,0,36,57,0.369115712726077
6a7fa1bcd3a7ec788d63406b,5,6,7.933333333333334,166,0,30,47,0.3966066875107269
6a7fa1bcd3a7ec788d63406b,4,6,8.0625,166,0,24,37,0.4376391971491002
6a7fa1bcd3a7ec788d63406b,3,6,7.9411764705882355,166,0,18,31,0.29200879501902127
6a7fa1bcd3a7ec788d63406b,2,7,7.555555555555555,166,0,12,30,0.03667734573420938
6a7fa1bcd3a7ec788d63406b,1,8,7.421052631578948,166,0,6,25,0.0011745563158544552
6a7fa1bcd3a7ec788d63406f,19,0,10,184,0,114,174,0.3949733318669916
6a7fa1bcd3a7ec788d63406f,18,0,9,184,0,108,166,0.37511023571214375
6a7fa1bcd3a7ec788d63406f,17,0,8.333333333333334,184,0,102,159,0.3336492044764392
6a7fa1bcd3a7ec788d63406f,16,0,9.75,184,0,96,145,0.44057645194401157
6a7fa1bcd3a7ec788d63406f,15,0,8,184,0,90,144,0.26832491382237894
6a7fa1bcd3a7ec788d63406f,14,0,8.666666666666666,184,0,84,132,0.3260809722612389
6a7fa1bcd3a7ec788d63406f,13,0,9,184,0,78,121,0.3690947333402964
6a7fa1bcd3a7ec788d63406f,12,0,9.25,184,0,72,110,0.4174252130151762
6a7fa1bcd3a7ec788d63406f,11,0,8.555555555555555,184,0,66,107,0.26720869013083515
6a7fa1bcd3a7ec788d63406f,10,0,8.5,184,0,60,99,0.2376386433422723
6a7fa1bcd3a7ec788d63406f,9,0,8.727272727272727,184,0,54,88,0.27613696744489263
6a7fa1bcd3a7ec788d63406f,8,0,8.25,184,0,48,85,0.13819637783745606
6a7fa1bcd3a7ec788d63406f,7,0,8.153846153846153,184,0,42,78,0.09470105109408428
6a7fa1bcd3a7ec788d63406f,6,0,7.928571428571429,184,0,36,73,0.040799344838938656
6a7fa1bcd3a7ec788d63406f,5,1,7.866666666666666,184,0,30,66,0.019685111564368488
6a7fa1bcd3a7ec788d63406f,4,1,7.8125,184,0,24,59,0.007057059532339059
6a7fa1bcd3a7ec788d63406f,3,1,8.294117647058824,184,0,18,43,0.023938001447879432
6a7fa1bcd3a7ec788d63406f,2,1,8.333333333333334,184,0,12,34,0.009965367805619659
6a7fa1bcd3a7ec788d63406f,1,2,8.368421052631579,184,0,6,25,0.0011750855041012978
6a7fa1bcd3a7ec788d634073,19,0,3,180,1,114,177,0.3362163434420851
6a7fa1bcd3a7ec788d634073,18,0,8.5,180,1,108,163,0.4377512218467989
6a7fa1bcd3a7ec788d634073,17,0,8.666666666666666,180,1,102,154,0.4393234361058474
6a7fa1bcd3a7ec788d634073,16,0,9.25,180,1,96,143,0.4863768777948715
6a7fa1bcd3a7ec788d634073,15,0,10.2,180,1,90,129,0.6077059109583854
6a7fa1bcd3a7ec788d634073,14,0,10.833333333333334,180,1,84,115,0.7283232083233537
6a7fa1bcd3a7ec788d634073,13,0,11.714285714285714,180,1,78,98,0.8809767471975479
6a7fa1bcd3a7ec788d634073,12,0,12,180,1,72,84,0.9456386890462725
6a7fa1bcd3a7ec788d634073,11,0,12.11111111111111,180,1,66,71,0.977623651694952
6a7fa1bcd3a7ec788d634073,10,0,11.4,180,1,60,66,0.9636001817151366
6a7fa1bcd3a7ec788d634073,9,0,11.090909090909092,180,1,54,58,0.9660634935350517
6a7fa1bcd3a7ec788d634073,8,1,11.25,180,1,48,45,0.9906932738235535
6a7fa1bcd3a7ec788d634073,7,2,11.692307692307692,180,1,42,28,0.9997575099147261
6a7fa1bcd3a7ec788d634073,6,2,11.142857142857142,180,1,36,24,0.9994139628653029
6a7fa1bcd3a7ec788d634073,5,3,11.533333333333333,180,1,30,7,0.9999995715681462
6a7fa1bcd3a7ec788d634077,19,0,10,199,0,114,189,0.14903918519401274
6a7fa1bcd3a7ec788d634077,18,0,12.5,199,0,108,174,0.22815304229146166
6a7fa1bcd3a7ec788d634077,17,1,10.666666666666666,199,0,102,167,0.19152956514258976
6a7fa1bcd3a7ec788d634077,16,1,8.75,199,0,96,164,0.1109741432072282
6a7fa1bcd3a7ec788d634077,15,2,9,199,0,90,154,0.11500055722995292
6a7fa1bcd3a7ec788d634077,14,3,8.166666666666666,199,0,84,150,0.0630080446759399
6a7fa1bcd3a7ec788d634077,13,3,8.142857142857142,199,0,78,142,0.051298157061051404
6a7fa1bcd3a7ec788d634077,12,3,8.375,199,0,72,132,0.05232912324989333
6a7fa1bcd3a7ec788d634077,11,4,8.222222222222221,199,0,66,125,0.034776511312700695
6a7fa1bcd3a7ec788d634077,10,4,8.4,199,0,60,115,0.03453418622713689
6a7fa1bcd3a7ec788d634077,9,4,8.090909090909092,199,0,54,110,0.01481643680580221
6a7fa1bcd3a7ec788d634077,8,4,8.583333333333334,199,0,48,96,0.027565349130776056
6a7fa1bcd3a7ec788d634077,7,4,8.615384615384615,199,0,42,87,0.021334652143051448
6a7fa1bcd3a7ec788d634077,6,4,9.285714285714286,199,0,36,69,0.08081411191489288
6a7fa1bcd3a7ec788d634077,5,4,9.2,199,0,30,61,0.05448757278528577
6a7fa1bcd3a7ec788d634077,4,4,9,199,0,24,55,0.019703963022515272
6a7fa1bcd3a7ec788d634077,3,5,9.058823529411764,199,0,18,45,0.013763234467575968
6a7fa1bcd3a7ec788d634077,2,5,8.777777777777779,199,0,12,41,0.0006169370348288306
6a7fa1bcd3a7ec788d634077,1,5,8.68421052631579,199,0,6,34,0.0000027540923772460963
6a7fa1bcd3a7ec788d63407b,19,0,13,191,0,114,178,0.317472002439156
6a7fa1bcd3a7ec788d63407b,18,1,12.5,191,0,108,166,0.37082077435688876
6a7fa1bcd3a7ec788d63407b,17,1,12.333333333333334,191,0,102,154,0.4356352063614877
6a7fa1bcd3a7ec788d63407b,16,1,11,191,0,96,147,0.3935332435895807
6a7fa1bcd3a7ec788d63407b,15,1,10.4,191,0,90,139,0.3713314032101112
6a7fa1bcd3a7ec788d63407b,14,1,10.166666666666666,191,0,84,130,0.37024339669570294
6a7fa1bcd3a7ec788d63407b,13,2,9.142857142857142,191,0,78,127,0.23727559001469165
6a7fa1bcd3a7ec788d63407b,12,4,9.25,191,0,72,117,0.2425609118914997
6a7fa1bcd3a7ec788d63407b,11,4,9.222222222222221,191,0,66,108,0.2392009436601514
6a7fa1bcd3a7ec788d63407b,10,4,9.4,191,0,60,97,0.2789751765884536
6a7fa1bcd3a7ec788d63407b,9,4,9.363636363636363,191,0,54,88,0.2735594137813756
6a7fa1bcd3a7ec788d63407b,8,4,9.333333333333334,191,0,48,79,0.26604960079268286
6a7fa1bcd3a7ec788d63407b,7,4,9.538461538461538,191,0,42,67,0.34406568974295804
6a7fa1bcd3a7ec788d63407b,6,4,9.285714285714286,191,0,36,61,0.24373725637705568
6a7fa1bcd3a7ec788d63407b,5,4,9.2,191,0,30,53,0.19940043157048662
6a7fa1bcd3a7ec788d63407b,4,4,9,191,0,24,47,0.10698988083130156
6a7fa1bcd3a7ec788d63407b,3,4,8.705882352941176,191,0,18,43,0.023937979404930258
6a7fa1bcd3a7ec788d63407b,2,5,8.555555555555555,191,0,12,37,0.0032659203902902266
6a7fa1bcd3a7ec788d63407b,1,5,8.578947368421053,191,0,6,28,0.00019288611439154254
6a7fa1bcd3a7ec788d63407f,19,0,6,175,1,114,169,0.49842719842351263
6a7fa1bcd3a7ec788d63407f,18,0,7.5,175,1,108,160,0.5023650654248791
6a7fa1bcd3a7ec788d63407f,17,0,10.333333333333334,175,1,102,144,0.6593626596641019
6a7fa1bcd3a7ec788d63407f,16,1,9,175,1,96,139,0.5750535775742526
6a7fa1bcd3a7ec788d63407f,15,1,9.6,175,1,90,127,0.6508568766909599
6a7fa1bcd3a7ec788d63407f,14,1,8.833333333333334,175,1,84,122,0.5642128567911014
6a7fa1bcd3a7ec788d63407f,13,2,8.428571428571429,175,1,78,116,0.4907897391532653
6a7fa1bcd3a7ec788d63407f,12,2,8.5,175,1,72,107,0.49467336440018955
6a7fa1bcd3a7ec788d63407f,11,2,8.11111111111111,175,1,66,102,0.38913876215539656
6a7fa1bcd3a7ec788d63407f,10,2,7.5,175,1,60,100,0.2162258802970903
6a7fa1bcd3a7ec788d63407f,9,2,8.181818181818182,175,1,54,85,0.3560222624887726
6a7fa1bcd3a7ec788d63407f,8,2,8.666666666666666,175,1,48,71,0.5092307652966956
6a7fa1bcd3a7ec788d63407f,7,2,8.307692307692308,175,1,42,67,0.3448721213696789
6a7fa1bcd3a7ec788d63407f,6,2,7.857142857142857,175,1,36,65,0.14678407400362622
6a7fa1bcd3a7ec788d63407f,5,3,7.733333333333333,175,1,30,59,0.07834003418716046
6a7fa1bcd3a7ec788d63407f,4,3,8.0625,175,1,24,46,0.12768082088358074
6a7fa1bcd3a7ec788d63407f,3,3,8.411764705882353,175,1,18,32,0.25073569008156027
6a7fa1bcd3a7ec788d63407f,2,3,8.555555555555555,175,1,12,21,0.31152017586717584
6a7fa1bcd3a7ec788d63407f,1,3,8.578947368421053,175,1,6,12,0.2576257442098104
6a7fa1bcd3a7ec788d634083,19,0,12,186,1,114,174,0.3949733318669916
6a7fa1bcd3a7ec788d634083,18,0,10.5,186,1,108,165,0.39567414952996427
6a7fa1bcd3a7ec788d634083,17,0,9.333333333333334,186,1,102,158,0.3539555243641034
6a7fa1bcd3a7ec788d634083,16,0,9.5,186,1,96,148,0.3739170902096839
6a7fa1bcd3a7ec788d634083,15,0,9.6,186,1,90,138,0.39526459107538564
6a7fa1bcd3a7ec788d634083,14,0,10,186,1,84,126,0.4668186859360978
6a7fa1bcd3a7ec788d634083,13,0,9.428571428571429,186,1,78,120,0.393267468996652
6a7fa1bcd3a7ec788d634083,12,0,9.875,186,1,72,107,0.49660555931595135
6a7fa1bcd3a7ec788d634083,11,0,9.444444444444445,186,1,66,101,0.41667001785030633
6a7fa1bcd3a7ec788d634083,10,0,10.1,186,1,60,85,0.6188070299296045
6a7fa1bcd3a7ec788d634083,9,0,9.727272727272727,186,1,54,79,0.5365783635792012
6a7fa1bcd3a7ec788d634083,8,1,10.166666666666666,186,1,48,64,0.7291423221921142
6a7fa1bcd3a7ec788d634083,7,1,10,186,1,42,56,0.7162748994756264
6a7fa1bcd3a7ec788d634083,6,1,10.071428571428571,186,1,36,45,0.7969379903482151
6a7fa1bcd3a7ec788d634083,5,1,10,186,1,30,36,0.8231909450458461
6a7fa1bcd3a7ec788d634083,4,1,10.1875,186,1,24,23,0.9449691783395312
6a7fa1bcd3a7ec788d634083,3,1,10.235294117647058,186,1,18,12,0.989295936185139
6a7fa1bcd3a7ec788d634083,2,1,9.88888888888889,186,1,12,8,0.9698733921070818
6a7fa1bcd3a7ec788d634083,1,2,9.421052631578947,186,1,6,7,0.6828240046647126
6a7fa1bcd3a7ec788d634087,19,0,4,176,0,114,172,0.43578753853547614
6a7fa1bcd3a7ec788d634087,18,0,5,176,0,108,166,0.37511023571214375
6a7fa1bcd3a7ec788d634087,17,0,6.333333333333333,176,0,102,157,0.37473116604650875
6a7fa1bcd3a7ec788d634087,16,0,6.75,176,0,96,149,0.3525101385993723
6a7fa1bcd3a7ec788d634087,15,0,7.4,176,0,90,139,0.3726992640831042
6a7fa1bcd3a7ec788d634087,14,0,7.5,176,0,84,131,0.34828843996576647
6a7fa1bcd3a7ec788d634087,13,0,7.571428571428571,176,0,78,123,0.3225605224415206
6a7fa1bcd3a7ec788d634087,12,0,7,176,0,72,120,0.19464780611603208
6a7fa1bcd3a7ec788d634087,11,0,7.222222222222222,176,0,66,111,0.18660542978050423
6a7fa1bcd3a7ec788d634087,10,1,7.5,176,0,60,101,0.19635976525782772
6a7fa1bcd3a7ec788d634087,9,1,7.090909090909091,176,0,54,98,0.0922150430847006
6a7fa1bcd3a7ec788d634087,8,2,7.75,176,0,48,83,0.1751405644515803
6a7fa1bcd3a7ec788d634087,7,2,7.461538461538462,176,0,42,79,0.0818030763309348
6a7fa1bcd3a7ec788d634087,6,2,8,176,0,36,64,0.16804496268439711
6a7fa1bcd3a7ec788d634087,5,2,7.533333333333333,176,0,30,63,0.03695439875045382
6a7fa1bcd3a7ec788d634087,4,2,7.875,176,0,24,50,0.06008589944055519
6a7fa1bcd3a7ec788d634087,3,2,7.764705882352941,176,0,18,44,0.018237423029626942
6a7fa1bcd3a7ec788d634087,2,4,7.666666666666667,176,0,12,38,0.0021945180913380898
6a7fa1bcd3a7ec788d634087,1,4,7.526315789473684,176,0,6,33,0.0000057600381645894315
6a7fa1bcd3a7ec788d63408b,19,0,3,186,0,114,183,0.23169154298638622
6a7fa1bcd3a7ec788d63408b,18,0,3,186,0,108,180,0.1444307331416726
6a7fa1bcd3a7ec788d63408b,17,1,4,186,0,102,174,0.10606709894207575
6a7fa1bcd3a7ec788d63408b,16,1,3.75,186,0,96,171,0.05441323108831105
6a7fa1bcd3a7ec788d63408b,15,2,4.2,186,0,90,165,0.03470009979252807
6a7fa1bcd3a7ec788d63408b,14,3,4.333333333333333,186,0,84,160,0.01788239917151022
6a7fa1bcd3a7ec788d63408b,13,3,5.142857142857143,186,0,78,150,0.017685336866597092
6a7fa1bcd3a7ec788d63408b,12,3,5.25,186,0,72,144,0.009271970364405314
6a7fa1bcd3a7ec788d63408b,11,3,5.222222222222222,186,0,66,139,0.00358281515962616
6a7fa1bcd3a7ec788d63408b,10,3,5.2,186,0,60,134,0.0011321616067682156
6a7fa1bcd3a7ec788d63408b,9,3,6.090909090909091,186,0,54,119,0.0026557787152234175
6a7fa1bcd3a7ec788d63408b,8,3,6.166666666666667,186,0,48,112,0.0010800038872815169
6a7fa1bcd3a7ec788d63408b,7,3,6.230769230769231,186,0,42,105,0.0003530557793129609
6a7fa1bcd3a7ec788d63408b,6,3,6.571428571428571,186,0,36,94,0.00028129372434493305
6a7fa1bcd3a7ec788d63408b,5,3,6.933333333333334,186,0,30,82,0.0002720658246511067
6a7fa1bcd3a7ec788d63408b,4,3,6.8125,186,0,24,77,0.000016996309224659985
6a7fa1bcd3a7ec788d63408b,3,3,6.764705882352941,186,0,18,71,3.93355407587664e-7
6a7fa1bcd3a7ec788d63408b,2,4,6.611111111111111,186,0,12,67,1.0974652010824147e-10
6a7fa1bcd3a7ec788d63408b,1,4,6.473684210526316,186,0,6,63,1.0944435867379494e-17
6a7fa1bcd3a7ec788d63408f,19,0,12,154,1,114,142,0.9240802884234077
6a7fa1bcd3a7ec788d63408f,18,0,8,154,1,108,138,0.8891169250938534
6a7fa1bcd3a7ec788d63408f,17,1,8,154,1,102,130,0.8809903995299586
6a7fa1bcd3a7ec788d63408f,16,1,8.25,154,1,96,121,0.8931124430334263
6a7fa1bcd3a7ec788d63408f,15,1,8.8,154,1,90,110,0.9238704892415686
6a7fa1bcd3a7ec788d63408f,14,1,8.833333333333334,154,1,84,101,0.9339298306030622
6a7fa1bcd3a7ec788d63408f,13,1,8.714285714285714,154,1,78,93,0.9351760106732762
6a7fa1bcd3a7ec788d63408f,12,1,9.375,154,1,72,79,0.9752761469533728
6a7fa1bcd3a7ec788d63408f,11,1,9.666666666666666,154,1,66,67,0.9897814442200421
6a7fa1bcd3a7ec788d63408f,10,1,8.9,154,1,60,65,0.9695736414816069
6a7fa1bcd3a7ec788d63408f,9,2,8.454545454545455,154,1,54,61,0.9405738755713545
6a7fa1bcd3a7ec788d63408f,8,3,9.083333333333334,154,1,48,45,0.9899260730461429
6a7fa1bcd3a7ec788d63408f,7,4,8.846153846153847,154,1,42,39,0.9856741640978245
6a7fa1bcd3a7ec788d63408f,6,4,8.642857142857142,154,1,36,33,0.9824387884232345
6a7fa1bcd3a7ec788d63408f,5,4,8.933333333333334,154,1,30,20,0.9983537453953872
6a7fa1bcd3a7ec788d63408f,4,4,9.375,154,1,24,4,0.9999990827710173
6a7fa1bcd3a7ec788d634093,19,1,6,209,0,114,203,0.04001582216834026
6a7fa1bcd3a7ec788d634093,18,1,12,209,0,108,185,0.09241850514338729
6a7fa1bcd3a7ec788d634093,17,1,9.666666666666666,209,0,102,180,0.058711167250704424
6a7fa1bcd3a7ec788d634093,16,1,9.25,209,0,96,172,0.048694206786626434
6a7fa1bcd3a7ec788d634093,15,2,8.4,209,0,90,167,0.027034644168655305
6a7fa1bcd3a7ec788d634093,14,4,7.666666666666667,209,0,84,163,0.011249003271740537
6a7fa1bcd3a7ec788d634093,13,5,8.714285714285714,209,0,78,148,0.02121975620847704
6a7fa1bcd3a7ec788d634093,12,5,9.25,209,0,72,135,0.03267933680480668
6a7fa1bcd3a7ec788d634093,11,5,9.333333333333334,209,0,66,125,0.03333933398405189
6a7fa1bcd3a7ec788d634093,10,5,9.3,209,0,60,116,0.028903270146760685
6a7fa1bcd3a7ec788d634093,9,5,9,209,0,54,110,0.014570613841406486
6a7fa1bcd3a7ec788d634093,8,5,9.333333333333334,209,0,48,97,0.022975610557371705
6a7fa1bcd3a7ec788d634093,7,5,9,209,0,42,92,0.007876998703546073
6a7fa1bcd3a7ec788d634093,6,6,8.714285714285714,209,0,36,87,0.001879552938737124
6a7fa1bcd3a7ec788d634093,5,8,8.666666666666666,209,0,30,79,0.0005831104768348258
6a7fa1bcd3a7ec788d634093,4,9,9.125,209,0,24,63,0.001313805728358126
6a7fa1bcd3a7ec788d634093,3,9,9.117647058823529,209,0,18,54,0.0005192216679735871
6a7fa1bcd3a7ec788d634093,2,9,8.722222222222221,209,0,12,52,0.0000020403222338142005
6a7fa1bcd3a7ec788d634093,1,9,9.210526315789474,209,0,6,34,0.000002705636429581411
6a7fa1bcd3a7ec788d634097,19,0,15,164,1,114,149,0.8557813269952906
6a7fa1bcd3a7ec788d634097,18,0,11,164,1,108,142,0.8410470200600447
6a7fa1bcd3a7ec788d634097,17,2,9.333333333333334,164,1,102,136,0.7834502933959027
6a7fa1bcd3a7ec788d634097,16,2,9.25,164,1,96,127,0.800345316117089
6a7fa1bcd3a7ec788d634097,15,2,9.2,164,1,90,118,0.8162193429602018
6a7fa1bcd3a7ec788d634097,14,2,11.166666666666666,164,1,84,97,0.9552365324353514
6a7fa1bcd3a7ec788d634097,13,2,11,164,1,78,87,0.969444268247089
6a7fa1bcd3a7ec788d634097,12,2,10.375,164,1,72,81,0.9628834022313261
6a7fa1bcd3a7ec788d634097,11,3,11,164,1,66,65,0.9887322725186954
6a7fa1bcd3a7ec788d634097,10,3,10.8,164,1,60,56,0.9934653879656331
6a7fa1bcd3a7ec788d634097,9,3,10.363636363636363,164,1,54,50,0.9932549201813532
6a7fa1bcd3a7ec788d634097,8,3,10.5,164,1,48,38,0.9985286935887318
6a7fa1bcd3a7ec788d634097,7,5,10.461538461538462,164,1,42,28,0.9965866375826251
6a7fa1bcd3a7ec788d634097,6,5,10.071428571428571,164,1,36,23,0.9980205057804471
6a7fa1bcd3a7ec788d634097,5,6,10.533333333333333,164,1,30,6,0.9997076875690749
6a7fa1bcd3a7ec788d63409b,19,0,13,170,0,114,157,0.7367991639289307
6a7fa1bcd3a7ec788d63409b,18,1,10,170,0,108,150,0.7015496421635558
6a7fa1bcd3a7ec788d63409b,17,1,11,170,0,102,137,0.7846302596611093
6a7fa1bcd3a7ec788d63409b,16,1,11.25,170,0,96,125,0.8432846252489871
6a7fa1bcd3a7ec788d63409b,15,3,9.4,170,0,90,123,0.7058583827199888
6a7fa1bcd3a7ec788d63409b,14,4,8.666666666666666,170,0,84,118,0.6066397888544434
6a7fa1bcd3a7ec788d63409b,13,4,8.285714285714286,170,0,78,112,0.5597281937744063
6a7fa1bcd3a7ec788d63409b,12,4,8,170,0,72,106,0.5008080981708324
6a7fa1bcd3a7ec788d63409b,11,4,9.11111111111111,170,0,66,88,0.7393814407417426
6a7fa1bcd3a7ec788d63409b,10,4,9.3,170,0,60,77,0.8036833128694869
6a7fa1bcd3a7ec788d63409b,9,4,8.727272727272727,170,0,54,74,0.6786854972249624
6a7fa1bcd3a7ec788d63409b,8,4,8.25,170,0,48,71,0.5064008049140575
6a7fa1bcd3a7ec788d63409b,7,4,7.846153846153846,170,0,42,68,0.3133567202777446
6a7fa1bcd3a7ec788d63409b,6,5,7.642857142857143,170,0,36,63,0.19041197221075093
6a7fa1bcd3a7ec788d63409b,5,5,7.466666666666667,170,0,30,58,0.0929009232023902
6a7fa1bcd3a7ec788d63409b,4,6,7.25,170,0,24,54,0.024939103268728495
6a7fa1bcd3a7ec788d63409b,3,6,7.470588235294118,170,0,18,43,0.02392590398043543
6a7fa1bcd3a7ec788d63409b,2,6,7.722222222222222,170,0,12,31,0.027037206729679387
6a7fa1bcd3a7ec788d63409b,1,6,7.894736842105263,170,0,6,20,0.015044021113416293
6a7fa1bcd3a7ec788d63409f,19,0,10,183,0,114,173,0.4152493930861107
6a7fa1bcd3a7ec788d63409f,18,1,9,183,0,108,165,0.3911084284931232
6a7fa1bcd3a7ec788d63409f,17,1,10,183,0,102,153,0.4574996030014092
6a7fa1bcd3a7ec788d63409f,16,1,9.25,183,0,96,146,0.4156221392132718
6a7fa1bcd3a7ec788d63409f,15,1,8.6,183,0,90,140,0.3493513035413206
6a7fa1bcd3a7ec788d63409f,14,1,8.333333333333334,183,0,84,133,0.303871185799155
6a7fa1bcd3a7ec788d63409f,13,1,8.142857142857142,183,0,78,126,0.2579888803183892
6a7fa1bcd3a7ec788d63409f,12,1,8.25,183,0,72,117,0.252110840881692
6a7fa1bcd3a7ec788d63409f,11,2,8,183,0,66,111,0.18630492087147552
6a7fa1bcd3a7ec788d63409f,10,2,8.6,183,0,60,97,0.28333623356035925
6a7fa1bcd3a7ec788d63409f,9,2,8,183,0,54,95,0.13339639603727846
6a7fa1bcd3a7ec788d63409f,8,2,8.083333333333334,183,0,48,86,0.12195037861218277
6a7fa1bcd3a7ec788d63409f,7,2,7.923076923076923,183,0,42,80,0.07032524240430452
6a7fa1bcd3a7ec788d63409f,6,2,8.142857142857142,183,0,36,69,0.08085803289952895
6a7fa1bcd3a7ec788d63409f,5,2,8.666666666666666,183,0,30,53,0.1994435448213903
6a7fa1bcd3a7ec788d63409f,4,3,8.375,183,0,24,49,0.07339444701111802
6a7fa1bcd3a7ec788d63409f,3,3,8.588235294117647,183,0,18,37,0.09998097577470826
6a7fa1bcd3a7ec788d63409f,2,4,8.88888888888889,183,0,12,23,0.21365198631871607
6a7fa1bcd3a7ec788d63409f,1,4,8.736842105263158,183,0,6,17,0.052244036365300825
6a7fa1bcd3a7ec788d6340a3,19,0,5,151,1,114,146,0.8890567364974277
6a7fa1bcd3a7ec788d6340a3,18,0,6,151,1,108,139,0.8782097314184866
6a7fa1bcd3a7ec788d6340a3,17,1,5.333333333333333,151,1,102,135,0.8160169692948277
6a7fa1bcd3a7ec788d6340a3,16,2,4.5,151,1,96,133,0.6932965358642835
6a7fa1bcd3a7ec788d6340a3,15,2,5.2,151,1,90,125,0.6864329571293817
6a7fa1bcd3a7ec788d6340a3,14,2,5.833333333333333,151,1,84,116,0.6991808488148609
6a7fa1bcd3a7ec788d6340a3,13,2,6.285714285714286,151,1,78,107,0.7116757794900642
6a7fa1bcd3a7ec788d6340a3,12,2,6.125,151,1,72,102,0.6265510478532272
6a7fa1bcd3a7ec788d6340a3,11,2,6.555555555555555,151,1,66,92,0.6625097960431385
6a7fa1bcd3a7ec788d6340a3,10,2,7.7,151,1,60,74,0.8732686796498029
6a7fa1bcd3a7ec788d6340a3,9,2,8.272727272727273,151,1,54,60,0.9500918302825685
6a7fa1bcd3a7ec788d6340a3,8,3,9,151,1,48,43,0.9940088963263245
6a7fa1bcd3a7ec788d6340a3,7,4,8.692307692307692,151,1,42,38,0.9888723672220542
6a7fa1bcd3a7ec788d6340a3,6,4,8.642857142857142,151,1,36,30,0.9928129071780105
6a7fa1bcd3a7ec788d6340a3,5,6,8.8,151,1,30,19,0.9940470802689495
6a7fa1bcd3a7ec788d6340a3,4,6,8.5,151,1,24,15,0.9950931420413254
6a7fa1bcd3a7ec788d6340a3,3,6,8.294117647058824,151,1,18,10,0.9957539787153212
6a7fa1bcd3a7ec788d6340a3,2,6,8.055555555555555,151,1,12,6,0.9914211194550986
6a7fa1bcd3a7ec788d6340a7,19,0,3,170,1,114,167,0.5404661050381683
6a7fa1bcd3a7ec788d6340a7,18,0,5,170,1,108,160,0.5023650654248791
6a7fa1bcd3a7ec788d6340a7,17,1,6.666666666666667,170,1,102,150,0.5238138447883085
6a7fa1bcd3a7ec788d6340a7,16,1,9.25,170,1,96,133,0.7048279614778014
6a7fa1bcd3a7ec788d6340a7,15,1,8.6,170,1,90,127,0.6508568766909599
6a7fa1bcd3a7ec788d6340a7,14,2,8.333333333333334,170,1,84,120,0.6078783495092024
6a7fa1bcd3a7ec788d6340a7,13,2,8.285714285714286,170,1,78,112,0.5923718481447667
6a7fa1bcd3a7ec788d6340a7,12,2,8.625,170,1,72,101,0.6519513256660324
6a7fa1bcd3a7ec788d6340a7,11,2,8,170,1,66,98,0.49828668636689577
6a7fa1bcd3a7ec788d6340a7,10,2,9.1,170,1,60,79,0.774613388711579
6a7fa1bcd3a7ec788d6340a7,9,3,8.727272727272727,170,1,54,74,0.684574882599003
6a7fa1bcd3a7ec788d6340a7,8,3,8.333333333333334,170,1,48,70,0.5414790638401745
6a7fa1bcd3a7ec788d6340a7,7,3,9.153846153846153,170,1,42,51,0.8498517655393351
6a7fa1bcd3a7ec788d6340a7,6,3,8.857142857142858,170,1,36,46,0.7671007304295534
6a7fa1bcd3a7ec788d6340a7,5,4,9,170,1,30,35,0.8507470009493443
6a7fa1bcd3a7ec788d6340a7,4,4,9,170,1,24,26,0.8832950496365991
6a7fa1bcd3a7ec788d6340a7,3,4,9.294117647058824,170,1,18,12,0.9892861934322814
6a7fa1bcd3a7ec788d6340a7,2,5,9.11111111111111,170,1,12,6,0.9915805803352402
6a7fa1bcd3a7ec788d6340ab,19,0,11,226,0,114,215,0.009725876633838554
6a7fa1bcd3a7ec788d6340ab,18,0,9.5,226,0,108,207,0.007354830856843001
6a7fa1bcd3a7ec788d6340ab,17,1,8.333333333333334,226,0,102,201,0.003996279679145725
6a7fa1bcd3a7ec788d6340ab,16,2,8.5,226,0,96,192,0.0032415229278332913
6a7fa1bcd3a7ec788d6340ab,15,2,8.6,226,0,90,183,0.002592107916809391
6a7fa1bcd3a7ec788d6340ab,14,3,8.166666666666666,226,0,84,177,0.0011678219367285418
6a7fa1bcd3a7ec788d6340ab,13,3,7.571428571428571,226,0,78,173,0.00031486859929281887
6a7fa1bcd3a7ec788d6340ab,12,3,8.375,226,0,72,159,0.0005921437181736534
6a7fa1bcd3a7ec788d6340ab,11,3,8,226,0,66,154,0.00015820395578370114
6a7fa1bcd3a7ec788d6340ab,10,3,8.5,226,0,60,141,0.00023673667666251137
6a7fa1bcd3a7ec788d6340ab,9,3,8.090909090909092,226,0,54,137,0.00003531844647057073
6a7fa1bcd3a7ec788d6340ab,8,3,8.083333333333334,226,0,48,129,0.000011391963156098495
6a7fa1bcd3a7ec788d6340ab,7,4,7.769230769230769,226,0,42,125,7.142339382143692e-7
6a7fa1bcd3a7ec788d6340ab,6,4,7.928571428571429,226,0,36,115,2.2127342061130025e-7
6a7fa1bcd3a7ec788d6340ab,5,5,7.8,226,0,30,109,7.504727948510526e-9
6a7fa1bcd3a7ec788d6340ab,4,6,7.875,226,0,24,100,3.3562963528287135e-10
6a7fa1bcd3a7ec788d6340ab,3,6,8,226,0,18,90,5.322191610419478e-12
6a7fa1bcd3a7ec788d6340ab,2,6,8.222222222222221,226,0,12,78,1.9949342318016666e-14
6a7fa1bcd3a7ec788d6340ab,1,6,8.68421052631579,226,0,6,61,7.620981072068498e-17
6a7fa1bcd3a7ec788d6340af,19,0,17,167,0,114,150,0.8432961151582097
6a7fa1bcd3a7ec788d6340af,18,1,15,167,0,108,137,0.889097644688295
6a7fa1bcd3a7ec788d6340af,17,1,13.333333333333334,167,0,102,127,0.9108300676772019
6a7fa1bcd3a7ec788d6340af,16,1,11.25,167,0,96,122,0.8818969354427312
6a7fa1bcd3a7ec788d6340af,15,1,9.6,167,0,90,119,0.8094211923125741
6a7fa1bcd3a7ec788d6340af,14,1,10.5,167,0,84,104,0.9049008874175724
6a7fa1bcd3a7ec788d6340af,13,1,9.428571428571429,167,0,78,101,0.8339558512217388
6a7fa1bcd3a7ec788d6340af,12,2,9.375,167,0,72,92,0.8439440881408341
6a7fa1bcd3a7ec788d6340af,11,2,9.88888888888889,167,0,66,78,0.9258958966476533
6a7fa1bcd3a7ec788d6340af,10,2,9.2,167,0,60,75,0.856261141378319
6a7fa1bcd3a7ec788d6340af,9,2,8.454545454545455,167,0,54,74,0.6860865898752192
6a7fa1bcd3a7ec788d6340af,8,2,8.333333333333334,167,0,48,67,0.6388762555119157
6a7fa1bcd3a7ec788d6340af,7,2,8.076923076923077,167,0,42,62,0.5135094921614592
6a7fa1bcd3a7ec788d6340af,6,3,8,167,0,36,55,0.4433239512195395
6a7fa1bcd3a7ec788d6340af,5,3,7.866666666666666,167,0,30,49,0.32669037956365116
6a7fa1bcd3a7ec788d6340af,4,3,7.5625,167,0,24,46,0.12768082088358074
6a7fa1bcd3a7ec788d6340af,3,5,7.294117647058823,167,0,18,43,0.02393738452681411
6a7fa1bcd3a7ec788d6340af,2,5,7.611111111111111,167,0,12,30,0.03672389991150391
6a7fa1bcd3a7ec788d6340af,1,6,7.684210526315789,167,0,6,21,0.009472912996535444
6a7fa1bcd3a7ec788d6340b3,19,0,2,172,0,114,170,0.47743303714295826
6a7fa1bcd3a7ec788d6340b3,18,1,8,172,0,108,156,0.5814812488484833
6a7fa1bcd3a7ec788d6340b3,17,1,9,172,0,102,145,0.6326067130314622
6a7fa1bcd3a7ec788d6340b3,16,2,9.25,172,0,96,135,0.652484100891995
6a7fa1bcd3a7ec788d6340b3,15,2,8.2,172,0,90,131,0.5518786779627662
6a7fa1bcd3a7ec788d6340b3,14,2,7.833333333333333,172,0,84,125,0.48646379149807595
6a7fa1bcd3a7ec788d6340b3,13,3,6.714285714285714,172,0,78,125,0.27351581930660346
6a7fa1bcd3a7ec788d6340b3,12,3,6.625,172,0,72,119,0.21035774803266466
6a7fa1bcd3a7ec788d6340b3,11,4,6.444444444444445,172,0,66,114,0.13469317905975195
6a7fa1bcd3a7ec788d6340b3,10,4,7,172,0,60,102,0.17497472617388576
6a7fa1bcd3a7ec788d6340b3,9,4,6.818181818181818,172,0,54,97,0.1039300902975922
6a7fa1bcd3a7ec788d6340b3,8,4,7.666666666666667,172,0,48,80,0.24092837997728667
6a7fa1bcd3a7ec788d6340b3,7,5,7.615384615384615,172,0,42,73,0.18128041330510697
6a7fa1bcd3a7ec788d6340b3,6,5,7.071428571428571,172,0,36,73,0.040668932087763184
6a7fa1bcd3a7ec788d6340b3,5,6,7.266666666666667,172,0,30,63,0.03665285299894791
6a7fa1bcd3a7ec788d6340b3,4,7,7.0625,172,0,24,59,0.006939134738770032
6a7fa1bcd3a7ec788d6340b3,3,7,6.9411764705882355,172,0,18,54,0.0007190085962829828
6a7fa1bcd3a7ec788d6340b3,2,7,6.833333333333333,172,0,12,49,0.000012075740782878306
6a7fa1bcd3a7ec788d6340b3,1,7,7,172,0,6,39,4.732787738424504e-8
6a7fa1bcd3a7ec788d6340b7,19,0,2,192,0,114,190,0.1375337902455262
6a7fa1bcd3a7ec788d6340b7,18,0,7,192,0,108,178,0.1695878662920228
6a7fa1bcd3a7ec788d6340b7,17,0,7.666666666666667,192,0,102,169,0.1646758763251764
6a7fa1bcd3a7ec788d6340b7,16,0,7.25,192,0,96,163,0.12227852078994268
6a7fa1bcd3a7ec788d6340b7,15,1,7.2,192,0,90,156,0.09534962328741899
6a7fa1bcd3a7ec788d6340b7,14,1,8,192,0,84,144,0.12119902892848339
6a7fa1bcd3a7ec788d6340b7,13,1,7.142857142857143,192,0,78,142,0.0519913142640832
6a7fa1bcd3a7ec788d6340b7,12,1,7.125,192,0,72,135,0.03561183828403543
6a7fa1bcd3a7ec788d6340b7,11,1,7.666666666666667,192,0,66,123,0.046665911344941434
6a7fa1bcd3a7ec788d6340b7,10,1,7.1,192,0,60,121,0.013503036805400626
6a7fa1bcd3a7ec788d6340b7,9,1,6.7272727272727275,192,0,54,118,0.0032660196643036167
6a7fa1bcd3a7ec788d6340b7,8,1,7.25,192,0,48,105,0.005073191136400648
6a7fa1bcd3a7ec788d6340b7,7,1,7.461538461538462,192,0,42,95,0.004131889942419087
6a7fa1bcd3a7ec788d6340b7,6,2,7.214285714285714,192,0,36,91,0.0006572902739547743
6a7fa1bcd3a7ec788d6340b7,5,2,7.2,192,0,30,84,0.00014338732155105147
6a7fa1bcd3a7ec788d6340b7,4,2,7.4375,192,0,24,73,0.00007869250814686203
6a7fa1bcd3a7ec788d6340b7,3,2,7.529411764705882,192,0,18,64,0.000011704816670246784
6a7fa1bcd3a7ec788d6340b7,2,2,7.833333333333333,192,0,12,51,0.0000039952545625812135
6a7fa1bcd3a7ec788d6340b7,1,2,7.947368421052632,192,0,6,41,8.45466183177112e-9
6a7fa1bcd3a7ec788d6340bb,19,1,16,210,0,114,194,0.09657346816621584
6a7fa1bcd3a7ec788d6340bb,18,1,10.5,210,0,108,189,0.0627803473907456
6a7fa1bcd3a7ec788d6340bb,17,1,8.666666666666666,210,0,102,184,0.037887324592758925
6a7fa1bcd3a7ec788d6340bb,16,1,7.5,210,0,96,180,0.018435170021370073
6a7fa1bcd3a7ec788d6340bb,15,2,8,210,0,90,170,0.018255007771625614
6a7fa1bcd3a7ec788d6340bb,14,2,8,210,0,84,162,0.013647842200759196
6a7fa1bcd3a7ec788d6340bb,13,2,7.142857142857143,210,0,78,160,0.003676161153441971
6a7fa1bcd3a7ec788d6340bb,12,2,7,210,0,72,154,0.0015965190950267792
6a7fa1bcd3a7ec788d6340bb,11,2,7.111111111111111,210,0,66,146,0.0009106773706293209
6a7fa1bcd3a7ec788d6340bb,10,2,7.1,210,0,60,139,0.00037655611612938096
6a7fa1bcd3a7ec788d6340bb,9,2,6.818181818181818,210,0,54,135,0.0000603664214858014
6a7fa1bcd3a7ec788d6340bb,8,2,6.916666666666667,210,0,48,127,0.000020600087675404913
6a7fa1bcd3a7ec788d6340bb,7,4,6.538461538461538,210,0,42,125,7.142339382143692e-7
6a7fa1bcd3a7ec788d6340bb,6,4,6.571428571428571,210,0,36,118,6.747806825473401e-8
6a7fa1bcd3a7ec788d6340bb,5,4,6.533333333333333,210,0,30,112,1.8411171712522952e-9
6a7fa1bcd3a7ec788d6340bb,4,5,6.6875,210,0,24,103,6.396222261239148e-11
6a7fa1bcd3a7ec788d6340bb,3,5,6.9411764705882355,210,0,18,92,1.3944118592204564e-12
6a7fa1bcd3a7ec788d6340bb,2,5,6.777777777777778,210,0,12,88,4.1926487006116105e-18
6a7fa1bcd3a7ec788d6340bb,1,5,6.578947368421052,210,0,6,85,3.585363736515227e-27
6a7fa1bcd3a7ec788d6340bf,19,0,11,168,1,114,157,0.7367991639289307
6a7fa1bcd3a7ec788d6340bf,18,0,10,168,1,108,148,0.7469907020095012
6a7fa1bcd3a7ec788d6340bf,17,1,9.333333333333334,168,1,102,140,0.7321379235807529
6a7fa1bcd3a7ec788d6340bf,16,1,8.75,168,1,96,133,0.7048279614778014
6a7fa1bcd3a7ec788d6340bf,15,1,10.4,168,1,90,116,0.8555644237924066
6a7fa1bcd3a7ec788d6340bf,14,2,9.833333333333334,168,1,84,109,0.8312937200261807
6a7fa1bcd3a7ec788d6340bf,13,2,10.142857142857142,168,1,78,97,0.8882572471081361
6a7fa1bcd3a7ec788d6340bf,12,3,9.875,168,1,72,89,0.8801491086211128
6a7fa1bcd3a7ec788d6340bf,11,3,9.88888888888889,168,1,66,79,0.9091480706060643
6a7fa1bcd3a7ec788d6340bf,10,3,10,168,1,60,68,0.944087928017764
6a7fa1bcd3a7ec788d6340bf,9,3,9.545454545454545,168,1,54,63,0.9156853818902895
6a7fa1bcd3a7ec788d6340bf,8,3,9.166666666666666,168,1,48,58,0.8704486441922782
6a7fa1bcd3a7ec788d6340bf,7,3,9.23076923076923,168,1,42,48,0.9071694158160261
6a7fa1bcd3a7ec788d6340bf,6,3,9.714285714285714,168,1,36,32,0.9874411770063662
6a7fa1bcd3a7ec788d6340bf,5,3,9.533333333333333,168,1,30,25,0.9882673504532562
6a7fa1bcd3a7ec788d6340bf,4,4,9.3125,168,1,24,19,0.9852619984827636
6a7fa1bcd3a7ec788d6340bf,3,4,9.352941176470589,168,1,18,9,0.9982549750828926
6a7fa1bcd3a7ec788d6340bf,2,5,8.88888888888889,168,1,12,8,0.9698603759223966
6a7fa1bcd3a7ec788d6340bf,1,5,8.68421052631579,168,1,6,3,0.9560484670047393
6a7fa1bcd3a7ec788d6340c3,19,0,1,171,1,114,170,0.47743303714295826
6a7fa1bcd3a7ec788d6340c3,18,0,4.5,171,1,108,162,0.4591501228359549
6a7fa1bcd3a7ec788d6340c3,17,0,5,171,1,102,156,0.3959230488717608
6a7fa1bcd3a7ec788d6340c3,16,0,6,171,1,96,147,0.3957726687940126
6a7fa1bcd3a7ec788d6340c3,15,0,7.4,171,1,90,134,0.488950769503071
6a7fa1bcd3a7ec788d6340c3,14,0,8.333333333333334,171,1,84,121,0.5901523831610104
6a7fa1bcd3a7ec788d6340c3,13,0,9,171,1,78,108,0.6937920080375111
6a7fa1bcd3a7ec788d6340c3,12,0,9.625,171,1,72,94,0.8116817816293794
6a7fa1bcd3a7ec788d6340c3,11,0,9.666666666666666,171,1,66,84,0.8432044601995783
6a7fa1bcd3a7ec788d6340c3,10,1,8.9,171,1,60,82,0.7011736757582099
6a7fa1bcd3a7ec788d6340c3,9,1,9.636363636363637,171,1,54,65,0.8892490071585883
6a7fa1bcd3a7ec788d6340c3,8,1,9.916666666666666,171,1,48,52,0.9535538126864392
6a7fa1bcd3a7ec788d6340c3,7,2,10,171,1,42,41,0.9788404776359307
6a7fa1bcd3a7ec788d6340c3,6,3,9.642857142857142,171,1,36,36,0.9627674172904591
6a7fa1bcd3a7ec788d6340c3,5,4,9.333333333333334,171,1,30,31,0.9341044149183626
6a7fa1bcd3a7ec788d6340c3,4,5,9.25,171,1,24,23,0.9442195105130808
6a7fa1bcd3a7ec788d6340c3,3,5,9.882352941176471,171,1,18,3,0.9999928534207372
6a7fa1bcd3a7ec788d6340c7,19,0,5,178,1,114,173,0.4152493930861107
6a7fa1bcd3a7ec788d6340c7,18,0,11,178,1,108,156,0.5886771440690133
6a7fa1bcd3a7ec788d6340c7,17,0,8.666666666666666,178,1,102,152,0.483659179720636
6a7fa1bcd3a7ec788d6340c7,16,0,7.5,178,1,96,148,0.3739170902096839
6a7fa1bcd3a7ec788d6340c7,15,0,7.2,178,1,90,142,0.30816258578542033
6a7fa1bcd3a7ec788d6340c7,14,0,9.333333333333334,178,1,84,122,0.5656539960740957
6a7fa1bcd3a7ec788d6340c7,13,0,9.857142857142858,178,1,78,109,0.6702613175297177
6a7fa1bcd3a7ec788d6340c7,12,1,10.125,178,1,72,97,0.7491900227256949
6a7fa1bcd3a7ec788d6340c7,11,1,9.666666666666666,178,1,66,91,0.6895494067839572
6a7fa1bcd3a7ec788d6340c7,10,1,9.3,178,1,60,85,0.6186755649588708
6a7fa1bcd3a7ec788d6340c7,9,1,9.181818181818182,178,1,54,77,0.5979799523029605
6a7fa1bcd3a7ec788d6340c7,8,1,8.916666666666666,178,1,48,71,0.5093221236455001
6a7fa1bcd3a7ec788d6340c7,7,2,9.153846153846153,178,1,42,59,0.6179491089688577
6a7fa1bcd3a7ec788d6340c7,6,2,9.214285714285714,178,1,36,49,0.667183048605605
6a7fa1bcd3a7ec788d6340c7,5,2,9.266666666666667,178,1,30,39,0.723901824144329
6a7fa1bcd3a7ec788d6340c7,4,2,8.9375,178,1,24,35,0.5319938260158539
6a7fa1bcd3a7ec788d6340c7,3,3,8.882352941176471,178,1,18,27,0.4888906574664369
6a7fa1bcd3a7ec788d6340c7,2,3,8.555555555555555,178,1,12,24,0.17321125756065964
6a7fa1bcd3a7ec788d6340c7,1,5,8.368421052631579,178,1,6,19,0.023341473846562044
6a7fa1bcd3a7ec788d6340cb,19,0,18,153,1,114,135,0.9634844388527166
6a7fa1bcd3a7ec788d6340cb,18,0,14,153,1,108,125,0.973449127255146
6a7fa1bcd3a7ec788d6340cb,17,1,10.666666666666666,153,1,102,121,0.9524129829598311
6a7fa1bcd3a7ec788d6340cb,16,1,10.5,153,1,96,111,0.9655717878079297
6a7fa1bcd3a7ec788d6340cb,15,1,9.2,153,1,90,107,0.9470210965021655
6a7fa1bcd3a7ec788d6340cb,14,1,8.333333333333334,153,1,84,103,0.9154586100277221
6a7fa1bcd3a7ec788d6340cb,13,1,8.428571428571429,153,1,78,94,0.9260005034329923
6a7fa1bcd3a7ec788d6340cb,12,1,10.125,153,1,72,72,0.993520571346582
6a7fa1bcd3a7ec788d6340cb,11,1,10,153,1,66,63,0.995850595648529
6a7fa1bcd3a7ec788d6340cb,10,1,9.3,153,1,60,60,0.9891627871948423
6a7fa1bcd3a7ec788d6340cb,9,1,9.090909090909092,153,1,54,53,0.9885038814591316
6a7fa1bcd3a7ec788d6340cb,8,1,8.666666666666666,153,1,48,49,0.9752101675615401
6a7fa1bcd3a7ec788d6340cb,7,2,8.615384615384615,153,1,42,41,0.9788404776359307
6a7fa1bcd3a7ec788d6340cb,6,3,8.5,153,1,36,34,0.977721657647856
6a7fa1bcd3a7ec788d6340cb,5,3,8.666666666666666,153,1,30,23,0.9943942321197297
6a7fa1bcd3a7ec788d6340cb,4,3,8.6875,153,1,24,14,0.9986399815055376
6a7fa1bcd3a7ec788d6340cb,3,3,9.058823529411764,153,1,18,-1,1
6a7fa1bcd3a7ec788d6340cf,19,0,7,184,1,114,177,0.3362163434420851
6a7fa1bcd3a7ec788d6340cf,18,1,7,184,1,108,170,0.2939375536852073
6a7fa1bcd3a7ec788d6340cf,17,1,9.333333333333334,184,1,102,156,0.39266242680800395
6a7fa1bcd3a7ec788d6340cf,16,2,8.75,184,1,96,149,0.3452633220821979
6a7fa1bcd3a7ec788d6340cf,15,3,9.4,184,1,90,137,0.4003292522038362
6a7fa1bcd3a7ec788d6340cf,14,3,9.833333333333334,184,1,84,125,0.4760573372509399
6a7fa1bcd3a7ec788d6340cf,13,3,9,184,1,78,121,0.36156433441940955
6a7fa1bcd3a7ec788d6340cf,12,3,8.25,184,1,72,118,0.22929852990395577
6a7fa1bcd3a7ec788d6340cf,11,3,8,184,1,66,112,0.16810601720697377
6a7fa1bcd3a7ec788d6340cf,10,3,8.9,184,1,60,95,0.33235421488708433
6a7fa1bcd3a7ec788d6340cf,9,3,9.636363636363637,184,1,54,78,0.5659301378740056
6a7fa1bcd3a7ec788d6340cf,8,3,9.333333333333334,184,1,48,72,0.4760933649485782
6a7fa1bcd3a7ec788d6340cf,7,3,9.461538461538462,184,1,42,61,0.54834101720264
6a7fa1bcd3a7ec788d6340cf,6,3,9.5,184,1,36,51,0.5938756470372558
6a7fa1bcd3a7ec788d6340cf,5,3,9.533333333333333,184,1,30,41,0.6473116567329436
6a7fa1bcd3a7ec788d6340cf,4,3,9.1875,184,1,24,37,0.44015806903914406
6a7fa1bcd3a7ec788d6340cf,3,4,9.058823529411764,184,1,18,30,0.3375296460210634
6a7fa1bcd3a7ec788d6340cf,2,4,8.777777777777779,184,1,12,26,0.10914743870789637
6a7fa1bcd3a7ec788d6340cf,1,4,9.157894736842104,184,1,6,10,0.4095288435850537
6a7fa1bcd3a7ec788d6340d3,19,0,8,200,0,114,192,0.11643239793775131
6a7fa1bcd3a7ec788d6340d3,18,0,9,200,0,108,182,0.12199797288156361
6a7fa1bcd3a7ec788d6340d3,17,1,7.333333333333333,200,0,102,178,0.07213351035864751
6a7fa1bcd3a7ec788d6340d3,16,2,7.25,200,0,96,171,0.05380705365142075
6a7fa1bcd3a7ec788d6340d3,15,2,6.8,200,0,90,166,0.030665839313553198
6a7fa1bcd3a7ec788d6340d3,14,3,8.5,200,0,84,149,0.07045091013043608
6a7fa1bcd3a7ec788d6340d3,13,3,8.857142857142858,200,0,78,138,0.08173978632140359
6a7fa1bcd3a7ec788d6340d3,12,3,9.125,200,0,72,127,0.0948545775767275
6a7fa1bcd3a7ec788d6340d3,11,4,8.555555555555555,200,0,66,123,0.045793996054458455
6a7fa1bcd3a7ec788d6340d3,10,5,8.4,200,0,60,116,0.028903270146760685
6a7fa1bcd3a7ec788d6340d3,9,6,8.363636363636363,200,0,54,108,0.01929612186540256
6a7fa1bcd3a7ec788d6340d3,8,6,8.25,200,0,48,101,0.01069134594134107
6a7fa1bcd3a7ec788d6340d3,7,6,8.615384615384615,200,0,42,88,0.01713968437958889
6a7fa1bcd3a7ec788d6340d3,6,6,9.214285714285714,200,0,36,71,0.05692090921115471
6a7fa1bcd3a7ec788d6340d3,5,8,9.133333333333333,200,0,30,63,0.029620773329427207
6a7fa1bcd3a7ec788d6340d3,4,8,9,200,0,24,56,0.013635841620963582
6a7fa1bcd3a7ec788d6340d3,3,9,8.588235294117647,200,0,18,54,0.0005192216679735871
6a7fa1bcd3a7ec788d6340d3,2,9,8.333333333333334,200,0,12,50,0.000006254209436839778
6a7fa1bcd3a7ec788d6340d3,1,9,8.526315789473685,200,0,6,38,1.0545273021933321e-7
6a7fa1bcd3a7ec788d6340d7,19,0,14,160,1,114,146,0.8890567364974277
6a7fa1bcd3a7ec788d6340d7,18,0,11.5,160,1,108,137,0.8993004010106207
6a7fa1bcd3a7ec788d6340d7,17,0,10.666666666666666,160,1,102,128,0.9090095228715218
6a7fa1bcd3a7ec788d6340d7,16,1,10,160,1,96,120,0.9035232197558083
6a7fa1bcd3a7ec788d6340d7,15,1,8.8,160,1,90,116,0.8555644237924066
6a7fa1bcd3a7ec788d6340d7,14,1,8.666666666666666,160,1,84,108,0.8532462468508601
6a7fa1bcd3a7ec788d6340d7,13,1,8.714285714285714,160,1,78,99,0.8654444432024374
6a7fa1bcd3a7ec788d6340d7,12,1,9.25,160,1,72,86,0.9267227606244651
6a7fa1bcd3a7ec788d6340d7,11,1,8.88888888888889,160,1,66,80,0.9041559388645222
6a7fa1bcd3a7ec788d6340d7,10,1,8.9,160,1,60,71,0.9169578717929051
6a7fa1bcd3a7ec788d6340d7,9,1,8.545454545454545,160,1,54,66,0.8725926867792079
6a7fa1bcd3a7ec788d6340d7,8,1,8,160,1,48,64,0.7291423221921142
6a7fa1bcd3a7ec788d6340d7,7,2,7.615384615384615,160,1,42,61,0.5485702416694995
6a7fa1bcd3a7ec788d6340d7,6,2,7.571428571428571,160,1,36,54,0.48070476588411915
6a7fa1bcd3a7ec788d6340d7,5,2,7.333333333333333,160,1,30,50,0.2915895774743927
6a7fa1bcd3a7ec788d6340d7,4,2,7.8125,160,1,24,35,0.5319938260158539
6a7fa1bcd3a7ec788d6340d7,3,2,7.9411764705882355,160,1,18,25,0.5957136136158059
6a7fa1bcd3a7ec788d6340d7,2,2,8,160,1,12,16,0.6234347226760487
6a7fa1bcd3a7ec788d6340d7,1,2,8,160,1,6,8,0.591069882401689
6a7fa1bcd3a7ec788d6340db,19,0,16,186,0,114,170,0.47743303714295826
6a7fa1bcd3a7ec788d6340db,18,0,11,186,0,108,164,0.41657306014417816
6a7fa1bcd3a7ec788d6340db,17,0,14.333333333333334,186,0,102,143,0.6800091418011696
6a7fa1bcd3a7ec788d6340db,16,0,11.75,186,0,96,139,0.5785747518784419
6a7fa1bcd3a7ec788d6340db,15,1,10.4,186,0,90,134,0.4870401718088929
6a7fa1bcd3a7ec788d6340db,14,1,9,186,0,84,132,0.3253595774413745
6a7fa1bcd3a7ec788d6340db,13,1,8.428571428571429,186,0,78,127,0.238289441783385
6a7fa1bcd3a7ec788d6340db,12,1,8.875,186,0,72,115,0.29532552265828554
6a7fa1bcd3a7ec788d6340db,11,1,9.11111111111111,186,0,66,104,0.3382354819579344
6a7fa1bcd3a7ec788d6340db,10,3,8.7,186,0,60,99,0.23668904097939203
6a7fa1bcd3a7ec788d6340db,9,3,8.909090909090908,186,0,54,88,0.275553386518605
6a7fa1bcd3a7ec788d6340db,8,3,8.833333333333334,186,0,48,80,0.241844736532743
6a7fa1bcd3a7ec788d6340db,7,3,8.923076923076923,186,0,42,70,0.25671086971193857
6a7fa1bcd3a7ec788d6340db,6,4,8.857142857142858,186,0,36,62,0.21646396169939625
6a7fa1bcd3a7ec788d6340db,5,4,8.866666666666667,186,0,30,53,0.19940043157048662
6a7fa1bcd3a7ec788d6340db,4,4,8.75,186,0,24,46,0.12767690759259148
6a7fa1bcd3a7ec788d6340db,3,4,8.588235294117647,186,0,18,40,0.05111089677084048
6a7fa1bcd3a7ec788d6340db,2,5,8.5,186,0,12,33,0.014083348605925852
6a7fa1bcd3a7ec788d6340db,1,5,8.421052631578947,186,0,6,26,0.0006596169939824723
6a7fa1bcd3a7ec788d6340df,19,1,8,191,0,114,183,0.22836294626841633
6a7fa1bcd3a7ec788d6340df,18,2,7.5,191,0,108,176,0.19058330191458406
6a7fa1bcd3a7ec788d6340df,17,2,7.333333333333333,191,0,102,169,0.16052971523110943
6a7fa1bcd3a7ec788d6340df,16,2,6.25,191,0,96,166,0.09047144601692217
6a7fa1bcd3a7ec788d6340df,15,2,6.2,191,0,90,160,0.06205818621191264
6a7fa1bcd3a7ec788d6340df,14,2,6.333333333333333,191,0,84,153,0.04504725959804582
6a7fa1bcd3a7ec788d6340df,13,2,6.714285714285714,191,0,78,144,0.04036592767027718
6a7fa1bcd3a7ec788d6340df,12,2,6.5,191,0,72,139,0.020192853163845212
6a7fa1bcd3a7ec788d6340df,11,2,7.444444444444445,191,0,66,124,0.04067856483257318
6a7fa1bcd3a7ec788d6340df,10,2,7.2,191,0,60,119,0.018783063720860863
6a7fa1bcd3a7ec788d6340df,9,2,7.181818181818182,191,0,54,112,0.010418181564772686
6a7fa1bcd3a7ec788d6340df,8,2,7.583333333333333,191,0,48,100,0.013560427052654483
6a7fa1bcd3a7ec788d6340df,7,2,7.769230769230769,191,0,42,90,0.011941353380584418
6a7fa1bcd3a7ec788d6340df,6,2,7.571428571428571,191,0,36,85,0.0031353601673525158
6a7fa1bcd3a7ec788d6340df,5,2,7.733333333333333,191,0,30,75,0.002135303206025831
6a7fa1bcd3a7ec788d6340df,4,2,8.3125,191,0,24,58,0.009223806227018162
6a7fa1bcd3a7ec788d6340df,3,4,8.117647058823529,191,0,18,53,0.0010378760363456928
6a7fa1bcd3a7ec788d6340df,2,4,8.5,191,0,12,38,0.0021945180913380898
6a7fa1bcd3a7ec788d6340df,1,4,8.421052631578947,191,0,6,31,0.000024850702551176676
6a7fa1bcd3a7ec788d6340e3,19,0,8,200,0,114,192,0.11643239793775131
6a7fa1bcd3a7ec788d6340e3,18,0,10.5,200,0,108,179,0.1566652419290904
6a7fa1bcd3a7ec788d6340e3,17,0,12.666666666666666,200,0,102,162,0.27600938936145286
6a7fa1bcd3a7ec788d6340e3,16,1,12,200,0,96,152,0.2899872158165562
6a7fa1bcd3a7ec788d6340e3,15,1,10.8,200,0,90,146,0.2306779203135614
6a7fa1bcd3a7ec788d6340e3,14,1,10,200,0,84,140,0.1754946290392955
6a7fa1bcd3a7ec788d6340e3,13,1,9.714285714285714,200,0,78,132,0.15374030028753727
6a7fa1bcd3a7ec788d6340e3,12,1,9.75,200,0,72,122,0.16125168985982347
6a7fa1bcd3a7ec788d6340e3,11,1,9.444444444444445,200,0,66,115,0.12377103551937518
6a7fa1bcd3a7ec788d6340e3,10,1,9.8,200,0,60,102,0.177573509734675
6a7fa1bcd3a7ec788d6340e3,9,1,9.818181818181818,200,0,54,92,0.18647846924492323
6a7fa1bcd3a7ec788d6340e3,8,1,10.166666666666666,200,0,48,78,0.29400031299771223
6a7fa1bcd3a7ec788d6340e3,7,1,9.923076923076923,200,0,42,71,0.23054661192482195
6a7fa1bcd3a7ec788d6340e3,6,2,10,200,0,36,60,0.2731690411292241
6a7fa1bcd3a7ec788d6340e3,5,2,10,200,0,30,50,0.2915895774743927
6a7fa1bcd3a7ec788d6340e3,4,2,9.6875,200,0,24,45,0.15118098109604844
6a7fa1bcd3a7ec788d6340e3,3,2,9.764705882352942,200,0,18,34,0.1788867478455872
6a7fa1bcd3a7ec788d6340e3,2,3,9.833333333333334,200,0,12,23,0.21365199914350827
6a7fa1bcd3a7ec788d6340e3,1,3,9.631578947368421,200,0,6,17,0.052244036365300825
6a7fa1bcd3a7ec788d6340e7,19,1,7,175,0,114,168,0.5110236448863846
6a7fa1bcd3a7ec788d6340e7,18,1,6.5,175,0,108,162,0.4537222313766709
6a7fa1bcd3a7ec788d6340e7,17,1,6.666666666666667,175,0,102,155,0.41400180460562797
6a7fa1bcd3a7ec788d6340e7,16,1,7.5,175,0,96,145,0.4380274512525972
6a7fa1bcd3a7ec788d6340e7,15,1,10.4,175,0,90,123,0.7358881437743356
6a7fa1bcd3a7ec788d6340e7,14,2,9.5,175,0,84,118,0.6545799310285989
6a7fa1bcd3a7ec788d6340e7,13,2,9.571428571428571,175,0,78,108,0.6890094720982408
6a7fa1bcd3a7ec788d6340e7,12,2,9.625,175,0,72,98,0.7242343545586009
6a7fa1bcd3a7ec788d6340e7,11,2,9.444444444444445,175,0,66,90,0.7131733365540592
6a7fa1bcd3a7ec788d6340e7,10,3,9,175,0,60,85,0.6156113801445303
6a7fa1bcd3a7ec788d6340e7,9,4,9.090909090909092,175,0,54,75,0.6502956768598128
6a7fa1bcd3a7ec788d6340e7,8,4,8.833333333333334,175,0,48,69,0.5714198539221709
6a7fa1bcd3a7ec788d6340e7,7,4,8.692307692307692,175,0,42,62,0.5121453604894632
6a7fa1bcd3a7ec788d6340e7,6,4,8.571428571428571,175,0,36,55,0.44293253067394245
6a7fa1bcd3a7ec788d6340e7,5,4,8.866666666666667,175,0,30,42,0.6067932689065241
6a7fa1bcd3a7ec788d6340e7,4,4,8.625,175,0,24,37,0.44013100009353273
6a7fa1bcd3a7ec788d6340e7,3,4,8.470588235294118,175,0,18,31,0.29238578351747563
6a7fa1bcd3a7ec788d6340e7,2,4,8.277777777777779,175,0,12,26,0.10914743870789637
6a7fa1bcd3a7ec788d6340e7,1,4,8.368421052631579,175,0,6,16,0.07541620050417304
6a7fa1bcd3a7ec788d6340eb,19,1,6,174,1,114,168,0.5110236448863846
6a7fa1bcd3a7ec788d6340eb,18,1,8,174,1,108,158,0.5391003378616737
6a7fa1bcd3a7ec788d6340eb,17,1,10,174,1,102,144,0.6534958131827521
6a7fa1bcd3a7ec788d6340eb,16,1,12.5,174,1,96,124,0.8569914840426557
6a7fa1bcd3a7ec788d6340eb,15,2,11.6,174,1,90,116,0.845911490348881
6a7fa1bcd3a7ec788d6340eb,14,2,10.166666666666666,174,1,84,113,0.7608883352311342
6a7fa1bcd3a7ec788d6340eb,13,2,10.285714285714286,174,1,78,102,0.8123464053955947
6a7fa1bcd3a7ec788d6340eb,12,2,10,174,1,72,94,0.8082776654532136
6a7fa1bcd3a7ec788d6340eb,11,3,9.666666666666666,174,1,66,87,0.7769561117597612
6a7fa1bcd3a7ec788d6340eb,10,3,9.6,174,1,60,78,0.7937823676624951
6a7fa1bcd3a7ec788d6340eb,9,3,10.272727272727273,174,1,54,61,0.9387387199274448
6a7fa1bcd3a7ec788d6340eb,8,4,10.416666666666666,174,1,48,49,0.9707798793905792
6a7fa1bcd3a7ec788d6340eb,7,4,10.23076923076923,174,1,42,41,0.9768023506130006
6a7fa1bcd3a7ec788d6340eb,6,5,9.785714285714286,174,1,36,37,0.9476172468069192
6a7fa1bcd3a7ec788d6340eb,5,5,9.533333333333333,174,1,30,31,0.9321077692612307
6a7fa1bcd3a7ec788d6340eb,4,5,9.375,174,1,24,24,0.9271084207747992
6a7fa1bcd3a7ec788d6340eb,3,5,9,174,1,18,21,0.7908535869400433
6a7fa1bcd3a7ec788d6340eb,2,5,9.333333333333334,174,1,12,6,0.9915805803352402
6a7fa1bcd3a7ec788d6340ef,19,0,12,191,0,114,179,0.2992151489642789
6a7fa1bcd3a7ec788d6340ef,18,0,7,191,0,108,177,0.18320122294779403
6a7fa1bcd3a7ec788d6340ef,17,0,8,191,0,102,167,0.19291078430935138
6a7fa1bcd3a7ec788d6340ef,16,0,8.5,191,0,96,157,0.20320370275065586
6a7fa1bcd3a7ec788d6340ef,15,0,8.2,191,0,90,150,0.16729616755439816
6a7fa1bcd3a7ec788d6340ef,14,0,8.5,191,0,84,140,0.17582551850402225
6a7fa1bcd3a7ec788d6340ef,13,1,7.857142857142857,191,0,78,136,0.10302258576611267
6a7fa1bcd3a7ec788d6340ef,12,3,7.375,191,0,72,132,0.05232912324989333
6a7fa1bcd3a7ec788d6340ef,11,3,7,191,0,66,128,0.022753089468569604
6a7fa1bcd3a7ec788d6340ef,10,3,7.4,191,0,60,117,0.02573019681022332
6a7fa1bcd3a7ec788d6340ef,9,3,7.636363636363637,191,0,54,107,0.024702584646671605
6a7fa1bcd3a7ec788d6340ef,8,3,7.833333333333333,191,0,48,97,0.023268404937635608
6a7fa1bcd3a7ec788d6340ef,7,3,7.461538461538462,191,0,42,94,0.005155366429166585
6a7fa1bcd3a7ec788d6340ef,6,3,7.714285714285714,191,0,36,83,0.005067183362940878
6a7fa1bcd3a7ec788d6340ef,5,3,8.6,191,0,30,62,0.045017423379449625
6a7fa1bcd3a7ec788d6340ef,4,4,8.5625,191,0,24,54,0.025001586078025297
6a7fa1bcd3a7ec788d6340ef,3,4,8.529411764705882,191,0,18,46,0.010289945259620098
6a7fa1bcd3a7ec788d6340ef,2,4,8.61111111111111,191,0,12,36,0.004798531548933352
6a7fa1bcd3a7ec788d6340ef,1,4,8.578947368421053,191,0,6,28,0.0001928861143916006
6a7fa1bcd3a7ec788d6340f3,19,0,10,161,1,114,151,0.8301098961024049
6a7fa1bcd3a7ec788d6340f3,18,0,11,161,1,108,139,0.8782097314184866
6a7fa1bcd3a7ec788d6340f3,17,1,9,161,1,102,134,0.8305664247311361
6a7fa1bcd3a7ec788d6340f3,16,1,8.75,161,1,96,126,0.8287399997017677
6a7fa1bcd3a7ec788d6340f3,15,1,9.2,161,1,90,115,0.869145862292493
6a7fa1bcd3a7ec788d6340f3,14,1,9.833333333333334,161,1,84,102,0.9251234468556542
6a7fa1bcd3a7ec788d6340f3,13,1,9.428571428571429,161,1,78,95,0.9158907979453402
6a7fa1bcd3a7ec788d6340f3,12,2,9.875,161,1,72,82,0.9568019112671251
6a7fa1bcd3a7ec788d6340f3,11,2,9.333333333333334,161,1,66,77,0.935888792349754
6a7fa1bcd3a7ec788d6340f3,10,2,9.2,161,1,60,69,0.9381140098476062
6a7fa1bcd3a7ec788d6340f3,9,2,9.272727272727273,161,1,54,59,0.9583995983413371
6a7fa1bcd3a7ec788d6340f3,8,2,8.916666666666666,161,1,48,54,0.9324042116600146
6a7fa1bcd3a7ec788d6340f3,7,2,8.384615384615385,161,1,42,52,0.8271369256759177
6a7fa1bcd3a7ec788d6340f3,6,2,8.071428571428571,161,1,36,48,0.7021233378018232
6a7fa1bcd3a7ec788d6340f3,5,2,8,161,1,30,41,0.6473373946843127
6a7fa1bcd3a7ec788d6340f3,4,2,8.0625,161,1,24,32,0.6687150149155132
6a7fa1bcd3a7ec788d6340f3,3,2,7.823529411764706,161,1,18,28,0.436430403714093
6a7fa1bcd3a7ec788d6340f3,2,2,7.777777777777778,161,1,12,21,0.31152017622655653
6a7fa1bcd3a7ec788d6340f3,1,2,8.052631578947368,161,1,6,8,0.591069882401689
6a7fa1bcd3a7ec788d6340f7,19,0,5,147,1,114,142,0.9240802884234077
6a7fa1bcd3a7ec788d6340f7,18,0,7.5,147,1,108,132,0.9400278619344253
6a7fa1bcd3a7ec788d6340f7,17,0,9,147,1,102,120,0.964046066105349
6a7fa1bcd3a7ec788d6340f7,16,0,9,147,1,96,111,0.9701333890499335
6a7fa1bcd3a7ec788d6340f7,15,0,9.4,147,1,90,100,0.9820954415878782
6a7fa1bcd3a7ec788d6340f7,14,0,10.5,147,1,84,84,0.9962838918757496
6a7fa1bcd3a7ec788d6340f7,13,0,10.142857142857142,147,1,78,76,0.9970049965649412
6a7fa1bcd3a7ec788d6340f7,12,0,10.625,147,1,72,62,0.999506277602145
6a7fa1bcd3a7ec788d6340f7,11,1,11.11111111111111,147,1,66,47,0.999920066119307
6a7fa1bcd3a7ec788d6340f7,10,2,10.9,147,1,60,38,0.9999035849142822
6a7fa1bcd3a7ec788d6340f7,9,2,11.272727272727273,147,1,54,23,0.999993166834154
6a7fa1bcd3a7ec788d6340f7,8,2,11.416666666666666,147,1,48,10,0.9999998517015164
6a7fa1bcd3a7ec788d6340fb,19,0,7,168,1,114,161,0.6627671941271067
6a7fa1bcd3a7ec788d6340fb,18,0,7.5,168,1,108,153,0.6512964200505271
6a7fa1bcd3a7ec788d6340fb,17,0,9.333333333333334,168,1,102,140,0.7387229657491015
6a7fa1bcd3a7ec788d6340fb,16,2,9.5,168,1,96,130,0.7500185751399256
6a7fa1bcd3a7ec788d6340fb,15,3,12,168,1,90,108,0.907293172944859
6a7fa1bcd3a7ec788d6340fb,14,3,10.5,168,1,84,105,0.8687148042905861
6a7fa1bcd3a7ec788d6340fb,13,3,10.571428571428571,168,1,78,94,0.908898264040778
6a7fa1bcd3a7ec788d6340fb,12,3,11.25,168,1,72,78,0.9696935329755204
6a7fa1bcd3a7ec788d6340fb,11,5,10.444444444444445,168,1,66,74,0.8963011946662685
6a7fa1bcd3a7ec788d6340fb,10,5,10.8,168,1,60,60,0.951685177634611
6a7fa1bcd3a7ec788d6340fb,9,6,10.454545454545455,168,1,54,53,0.9116158313589706
6a7fa1bcd3a7ec788d6340fb,8,7,10.333333333333334,168,1,48,44,0.8475575138303395
6a7fa1bcd3a7ec788d6340fb,7,7,10.23076923076923,168,1,42,35,0.9024879561825994
6a7fa1bcd3a7ec788d6340fb,6,7,10.142857142857142,168,1,36,26,0.9469860391430089
6a7fa1bcd3a7ec788d6340fb,5,7,10,168,1,30,18,0.9754147675234098
6a7fa1bcd3a7ec788d6340fb,4,7,10.5,168,1,24,0,1
6a7fa1bcd3a7ec788d6340ff,19,0,11,195,0,114,184,0.2163083076127084
6a7fa1bcd3a7ec788d6340ff,18,0,6.5,195,0,108,182,0.12199797288156361
6a7fa1bcd3a7ec788d6340ff,17,0,6.333333333333333,195,0,102,176,0.08839857063241585
6a7fa1bcd3a7ec788d6340ff,16,0,5.75,195,0,96,172,0.04887361085157261
6a7fa1bcd3a7ec788d6340ff,15,1,6.6,195,0,90,162,0.04992011308983328
6a7fa1bcd3a7ec788d6340ff,14,1,7,195,0,84,153,0.04526526954573577
6a7fa1bcd3a7ec788d6340ff,13,1,7.571428571428571,195,0,78,142,0.0519913142640832
6a7fa1bcd3a7ec788d6340ff,12,1,7.375,195,0,72,136,0.031051242757584637
6a7fa1bcd3a7ec788d6340ff,11,1,6.888888888888889,195,0,66,133,0.010330539488390373
6a7fa1bcd3a7ec788d6340ff,10,1,7.3,195,0,60,122,0.011388201131258194
6a7fa1bcd3a7ec788d6340ff,9,1,7.363636363636363,195,0,54,114,0.00718327919109372
6a7fa1bcd3a7ec788d6340ff,8,2,6.916666666666667,195,0,48,112,0.0010801921864944156
6a7fa1bcd3a7ec788d6340ff,7,2,7.3076923076923075,195,0,42,100,0.0012765981933153736
6a7fa1bcd3a7ec788d6340ff,6,2,7,195,0,36,97,0.00011518065124756447
6a7fa1bcd3a7ec788d6340ff,5,3,6.733333333333333,195,0,30,94,0.000004168201638071978
6a7fa1bcd3a7ec788d6340ff,4,3,6.8125,195,0,24,86,3.670523724900563e-7
6a7fa1bcd3a7ec788d6340ff,3,3,6.9411764705882355,195,0,18,77,1.5535729048589298e-8
6a7fa1bcd3a7ec788d6340ff,2,3,7.222222222222222,195,0,12,65,4.727331162042731e-10
6a7fa1bcd3a7ec788d6340ff,1,3,7.315789473684211,195,0,6,56,9.232367825484889e-15
6a7fa1bcd3a7ec788d634103,19,1,4,196,0,114,192,0.11493555426302722
6a7fa1bcd3a7ec788d634103,18,1,7,196,0,108,182,0.1208537746692375
6a7fa1bcd3a7ec788d634103,17,1,6.333333333333333,196,0,102,177,0.07969313992593419
6a7fa1bcd3a7ec788d634103,16,1,6.25,196,0,96,171,0.05441323108831105
6a7fa1bcd3a7ec788d634103,15,1,7.2,196,0,90,160,0.06254709179707729
6a7fa1bcd3a7ec788d634103,14,1,8,196,0,84,148,0.08029663283071846
6a7fa1bcd3a7ec788d634103,13,1,9.285714285714286,196,0,78,131,0.16874951567630084
6a7fa1bcd3a7ec788d634103,12,1,9.125,196,0,72,123,0.14615935154116275
6a7fa1bcd3a7ec788d634103,11,1,8.666666666666666,196,0,66,118,0.08795803787717132
6a7fa1bcd3a7ec788d634103,10,1,8.3,196,0,60,113,0.0465946622818091
6a7fa1bcd3a7ec788d634103,9,1,8.909090909090908,196,0,54,98,0.0922150430847006
6a7fa1bcd3a7ec788d634103,8,1,8.666666666666666,196,0,48,92,0.05267332848161217
6a7fa1bcd3a7ec788d634103,7,1,9.23076923076923,196,0,42,76,0.12509104029051613
6a7fa1bcd3a7ec788d634103,6,3,8.928571428571429,196,0,36,71,0.05806342564611125
6a7fa1bcd3a7ec788d634103,5,3,8.733333333333333,196,0,30,65,0.02443577803505718
6a7fa1bcd3a7ec788d634103,4,4,9,196,0,24,52,0.039352786369844295
6a7fa1bcd3a7ec788d634103,3,4,8.823529411764707,196,0,18,46,0.010289945259620098
6a7fa1bcd3a7ec788d634103,2,4,8.444444444444445,196,0,12,44,0.00015488437898392315
6a7fa1bcd3a7ec788d634103,1,4,8.105263157894736,196,0,6,42,3.5613353396046196e-9
6a7fa1bcd3a7ec788d634107,19,0,1,170,1,114,169,0.49842719842351263
6a7fa1bcd3a7ec788d634107,18,0,3,170,1,108,164,0.41657306014417816
6a7fa1bcd3a7ec788d634107,17,0,7.666666666666667,170,1,102,147,0.5950031671601854
6a7fa1bcd3a7ec788d634107,16,0,5.75,170,1,96,147,0.3957726687940126
6a7fa1bcd3a7ec788d634107,15,1,7.2,170,1,90,134,0.4870401718088929
6a7fa1bcd3a7ec788d634107,14,2,6.666666666666667,170,1,84,130,0.3675340294724402
6a7fa1bcd3a7ec788d634107,13,3,6,170,1,78,128,0.21569552669539604
6a7fa1bcd3a7ec788d634107,12,3,6.25,170,1,72,120,0.19241373172552342
6a7fa1bcd3a7ec788d634107,11,3,6.333333333333333,170,1,66,113,0.15198588139475092
6a7fa1bcd3a7ec788d634107,10,3,7.2,170,1,60,98,0.25898546561030383
6a7fa1bcd3a7ec788d634107,9,3,7.545454545454546,170,1,54,87,0.3010667868143124
6a7fa1bcd3a7ec788d634107,8,3,7.75,170,1,48,77,0.3216520702675536
6a7fa1bcd3a7ec788d634107,7,3,7.846153846153846,170,1,42,68,0.3139650835375331
6a7fa1bcd3a7ec788d634107,6,3,8.071428571428571,170,1,36,57,0.3712099913958264
6a7fa1bcd3a7ec788d634107,5,3,8.333333333333334,170,1,30,45,0.48304933847960246
6a7fa1bcd3a7ec788d634107,4,3,8.625,170,1,24,32,0.6687104891274049
6a7fa1bcd3a7ec788d634107,3,3,8.705882352941176,170,1,18,22,0.7466832984964493
6a7fa1bcd3a7ec788d634107,2,3,9,170,1,12,8,0.9698733762061228
6a7fa1bcd3a7ec788d63410b,19,0,11,151,1,114,140,0.937923424796322
6a7fa1bcd3a7ec788d63410b,18,0,8.5,151,1,108,134,0.9256835213796574
6a7fa1bcd3a7ec788d63410b,17,0,10.666666666666666,151,1,102,119,0.9683618409432405
6a7fa1bcd3a7ec788d63410b,16,0,10.5,151,1,96,109,0.9774910280610934
6a7fa1bcd3a7ec788d63410b,15,0,9.8,151,1,90,102,0.9755897704993105
6a7fa1bcd3a7ec788d63410b,14,1,9.833333333333334,151,1,84,92,0.981739770031273
6a7fa1bcd3a7ec788d63410b,13,1,10.142857142857142,151,1,78,80,0.9921132460423423
6a7fa1bcd3a7ec788d63410b,12,1,10.125,151,1,72,70,0.9957611735530669
6a7fa1bcd3a7ec788d63410b,11,1,10.222222222222221,151,1,66,59,0.9984633799345564
6a7fa1bcd3a7ec788d63410b,10,2,10.1,151,1,60,50,0.9989452907901163
6a7fa1bcd3a7ec788d63410b,9,2,10.272727272727273,151,1,54,38,0.9998253626114706
6a7fa1bcd3a7ec788d63410b,8,2,9.75,151,1,48,34,0.999735479870333
6a7fa1bcd3a7ec788d63410b,7,2,9.76923076923077,151,1,42,24,0.9999637734609254
6a7fa1bcd3a7ec788d63410b,6,2,9.714285714285714,151,1,36,15,0.9999971927671476
6a7fa1bcd3a7ec788d63410b,5,2,9.533333333333333,151,1,30,8,0.9999998294590557
6a7fa1bcd3a7ec788d63410b,4,2,9.0625,151,1,24,6,0.9999989949564384
6a7fa1bcd3a7ec788d63410f,19,0,4,168,1,114,164,0.6027633718288312
6a7fa1bcd3a7ec788d63410f,18,0,7,168,1,108,154,0.6307484229750414
6a7fa1bcd3a7ec788d63410f,17,0,7,168,1,102,147,0.5950031671601854
6a7fa1bcd3a7ec788d63410f,16,0,10.25,168,1,96,127,0.8183836465400628
6a7fa1bcd3a7ec788d63410f,15,0,11.2,168,1,90,112,0.9080434604167267
6a7fa1bcd3a7ec788d63410f,14,0,10.833333333333334,168,1,84,103,0.9176983724999678
6a7fa1bcd3a7ec788d63410f,13,0,10.714285714285714,168,1,78,93,0.9365168073107996
6a7fa1bcd3a7ec788d63410f,12,1,9.875,168,1,72,89,0.8917403910509202
6a7fa1bcd3a7ec788d63410f,11,1,10,168,1,66,78,0.9275099925342392
6a7fa1bcd3a7ec788d63410f,10,2,9.8,168,1,60,70,0.9277115952679238
6a7fa1bcd3a7ec788d63410f,9,2,9.636363636363637,168,1,54,62,0.9297589982334739
6a7fa1bcd3a7ec788d63410f,8,3,9.25,168,1,48,57,0.8882476712606328
6a7fa1bcd3a7ec788d63410f,7,3,9,168,1,42,51,0.8498517655393351
6a7fa1bcd3a7ec788d63410f,6,3,9.642857142857142,168,1,36,33,0.98314238836662
6a7fa1bcd3a7ec788d63410f,5,3,9.2,168,1,30,30,0.948521827521697
6a7fa1bcd3a7ec788d63410f,4,3,8.75,168,1,24,28,0.8245251917321421
6a7fa1bcd3a7ec788d63410f,3,6,8.705882352941176,168,1,18,20,0.8295503728856306
6a7fa1bcd3a7ec788d63410f,2,7,8.38888888888889,168,1,12,17,0.5561683610105421
6a7fa1bcd3a7ec788d63410f,1,7,8.526315789473685,168,1,6,6,0.7674196429553665
6a7fa1bcd3a7ec788d634113,19,0,6,189,0,114,183,0.23169154298638622
6a7fa1bcd3a7ec788d634113,18,1,7,189,0,108,175,0.21029354929553684
6a7fa1bcd3a7ec788d634113,17,1,7,189,0,102,168,0.17716881513339902
6a7fa1bcd3a7ec788d634113,16,1,9.5,189,0,96,151,0.30959466898582966
6a7fa1bcd3a7ec788d634113,15,2,8.6,189,0,90,146,0.22839575921090882
6a7fa1bcd3a7ec788d634113,14,2,8.166666666666666,189,0,84,140,0.17439394730075156
6a7fa1bcd3a7ec788d634113,13,2,7.142857142857143,189,0,78,139,0.07386503280247922
6a7fa1bcd3a7ec788d634113,12,2,7.5,189,0,72,129,0.07598252300093211
6a7fa1bcd3a7ec788d634113,11,3,7.666666666666667,189,0,66,120,0.06856571110763163
6a7fa1bcd3a7ec788d634113,10,3,7.4,189,0,60,115,0.03482225850942164
6a7fa1bcd3a7ec788d634113,9,3,7.636363636363637,189,0,54,105,0.03399046364847535
6a7fa1bcd3a7ec788d634113,8,3,7.583333333333333,189,0,48,98,0.019514913459012018
6a7fa1bcd3a7ec788d634113,7,3,7.615384615384615,189,0,42,90,0.011940064130274692
6a7fa1bcd3a7ec788d634113,6,3,7.428571428571429,189,0,36,85,0.0031353028582132214
6a7fa1bcd3a7ec788d634113,5,3,7.466666666666667,189,0,30,77,0.0012202754986919953
6a7fa1bcd3a7ec788d634113,4,4,7.5,189,0,24,69,0.000326925312096031
6a7fa1bcd3a7ec788d634113,3,4,7.705882352941177,189,0,18,58,0.00015400335900785783
6a7fa1bcd3a7ec788d634113,2,4,7.888888888888889,189,0,12,47,0.00003477003364363661
6a7fa1bcd3a7ec788d634113,1,5,8.105263157894736,189,0,6,35,0.0000012451929355567269
6a7fa1bcd3a7ec788d634117,19,0,10,158,1,114,148,0.8675660840214566
6a7fa1bcd3a7ec788d634117,18,0,7.5,158,1,108,143,0.8271681173513395
6a7fa1bcd3a7ec788d634117,17,0,10.666666666666666,158,1,102,126,0.9266495415028121
6a7fa1bcd3a7ec788d634117,16,0,10,158,1,96,118,0.9271431140287705
6a7fa1bcd3a7ec788d634117,15,0,10.2,158,1,90,107,0.9503437529992721
6a7fa1bcd3a7ec788d634117,14,0,9,158,1,84,104,0.9071513534974023
6a7fa1bcd3a7ec788d634117,13,0,8.142857142857142,158,1,78,101,0.8352883014626782
6a7fa1bcd3a7ec788d634117,12,1,9.125,158,1,72,85,0.9362882654040489
6a7fa1bcd3a7ec788d634117,11,1,9.222222222222221,158,1,66,75,0.9542980570961566
6a7fa1bcd3a7ec788d634117,10,1,9.5,158,1,60,63,0.9794070932716369
6a7fa1bcd3a7ec788d634117,9,3,8.818181818181818,158,1,54,61,0.9387387199274448
6a7fa1bcd3a7ec788d634117,8,4,8.416666666666666,158,1,48,57,0.8841490344391496
6a7fa1bcd3a7ec788d634117,7,4,8.538461538461538,158,1,42,47,0.920279805898419
6a7fa1bcd3a7ec788d634117,6,5,8.285714285714286,158,1,36,42,0.8669611195080972
6a7fa1bcd3a7ec788d634117,5,5,8.266666666666667,158,1,30,34,0.8737804605835564
6a7fa1bcd3a7ec788d634117,4,6,8,158,1,24,30,0.7472354300916509
6a7fa1bcd3a7ec788d634117,3,7,8.470588235294118,158,1,18,14,0.9623312296815504
6a7fa1bcd3a7ec788d634117,2,7,8.333333333333334,158,1,12,8,0.9669565576885054
6a7fa1bcd3a7ec788d63411b,19,0,4,188,1,114,184,0.2163083076127084
6a7fa1bcd3a7ec788d63411b,18,0,4,188,1,108,180,0.1444307331416726
6a7fa1bcd3a7ec788d63411b,17,1,4.333333333333333,188,1,102,175,0.09663669024107559
6a7fa1bcd3a7ec788d63411b,16,1,5.5,188,1,96,166,0.09157970693708921
6a7fa1bcd3a7ec788d63411b,15,2,5.8,188,1,90,159,0.06919994261544732
6a7fa1bcd3a7ec788d63411b,14,2,7.5,188,1,84,143,0.132676237515979
6a7fa1bcd3a7ec788d63411b,13,2,8.714285714285714,188,1,78,127,0.23727559001469165
6a7fa1bcd3a7ec788d63411b,12,2,9.625,188,1,72,111,0.3903482880195293
6a7fa1bcd3a7ec788d63411b,11,2,9.88888888888889,188,1,66,99,0.470510548818145
6a7fa1bcd3a7ec788d63411b,10,2,9.4,188,1,60,94,0.3599748021798794
6a7fa1bcd3a7ec788d63411b,9,2,10.090909090909092,188,1,54,77,0.5977028883283942
6a7fa1bcd3a7ec788d63411b,8,2,9.75,188,1,48,71,0.5092307652966956
6a7fa1bcd3a7ec788d63411b,7,2,9.692307692307692,188,1,42,62,0.5135094921614592
6a7fa1bcd3a7ec788d63411b,6,3,9.857142857142858,188,1,36,50,0.6309290200187909
6a7fa1bcd3a7ec788d63411b,5,3,9.666666666666666,188,1,30,43,0.565878593151932
6a7fa1bcd3a7ec788d63411b,4,3,9.75,188,1,24,32,0.6687104891274049
6a7fa1bcd3a7ec788d63411b,3,3,10,188,1,18,18,0.8972611227941393
6a7fa1bcd3a7ec788d63411b,2,3,9.944444444444445,188,1,12,9,0.9506829100086749
6a7fa1bcd3a7ec788d63411f,19,1,4,210,0,114,206,0.02878945371418999
6a7fa1bcd3a7ec788d63411f,18,2,4,210,0,108,202,0.01395324615963388
6a7fa1bcd3a7ec788d63411f,17,2,6.333333333333333,210,0,102,191,0.015971945193893115
6a7fa1bcd3a7ec788d63411f,16,2,8.25,210,0,96,177,0.026727191563466934
6a7fa1bcd3a7ec788d63411f,15,2,7.8,210,0,90,171,0.015937825172481362
6a7fa1bcd3a7ec788d63411f,14,3,8.166666666666666,210,0,84,161,0.015543539668580547
6a7fa1bcd3a7ec788d63411f,13,3,8,210,0,78,154,0.009720353698118595
6a7fa1bcd3a7ec788d63411f,12,4,7.875,210,0,72,147,0.005541777343544905
6a7fa1bcd3a7ec788d63411f,11,4,8.11111111111111,210,0,66,137,0.0051050007823944974
6a7fa1bcd3a7ec788d63411f,10,4,8.4,210,0,60,126,0.005525754666154955
6a7fa1bcd3a7ec788d63411f,9,4,8.727272727272727,210,0,54,114,0.007152542678584449
6a7fa1bcd3a7ec788d63411f,8,4,9.166666666666666,210,0,48,100,0.013529707738311657
6a7fa1bcd3a7ec788d63411f,7,4,9,210,0,42,93,0.0063993019224699195
6a7fa1bcd3a7ec788d63411f,6,4,9.571428571428571,210,0,36,76,0.02306573184127137
6a7fa1bcd3a7ec788d63411f,5,4,9.333333333333334,210,0,30,70,0.007793222635657746
6a7fa1bcd3a7ec788d63411f,4,4,9.3125,210,0,24,61,0.004041649178012421
6a7fa1bcd3a7ec788d63411f,3,4,9.117647058823529,210,0,18,55,0.000496828659264846
6a7fa1bcd3a7ec788d63411f,2,4,9.055555555555555,210,0,12,47,0.00003477003364363661
6a7fa1bcd3a7ec788d63411f,1,4,8.894736842105264,210,0,6,41,8.45466183177112e-9
6a7fa1bcd3a7ec788d634123,19,0,6,198,0,114,192,0.11643239793775131
6a7fa1bcd3a7ec788d634123,18,1,7.5,198,0,108,183,0.11074511454444359
6a7fa1bcd3a7ec788d634123,17,2,5.666666666666667,198,0,102,181,0.05197394842368473
6a7fa1bcd3a7ec788d634123,16,3,6,198,0,96,174,0.037246113185910756
6a7fa1bcd3a7ec788d634123,15,3,7.2,198,0,90,162,0.048488644281541204
6a7fa1bcd3a7ec788d634123,14,3,6.833333333333333,198,0,84,157,0.026812364659399207
6a7fa1bcd3a7ec788d634123,13,3,6.714285714285714,198,0,78,151,0.015290198841621838
6a7fa1bcd3a7ec788d634123,12,4,7.125,198,0,72,141,0.014603658773956342
6a7fa1bcd3a7ec788d634123,11,5,7.555555555555555,198,0,66,130,0.01589614393728637
6a7fa1bcd3a7ec788d634123,10,5,7.3,198,0,60,125,0.006483856646098855
6a7fa1bcd3a7ec788d634123,9,5,7.909090909090909,198,0,54,111,0.012218567538797654
6a7fa1bcd3a7ec788d634123,8,5,8.083333333333334,198,0,48,101,0.011103359919270264
6a7fa1bcd3a7ec788d634123,7,5,8.461538461538462,198,0,42,88,0.01756761600357673
6a7fa1bcd3a7ec788d634123,6,5,8.5,198,0,36,79,0.012406513657554647
6a7fa1bcd3a7ec788d634123,5,5,8.4,198,0,30,72,0.004724820175119954
6a7fa1bcd3a7ec788d634123,4,5,8.25,198,0,24,66,0.0008848694993720607
6a7fa1bcd3a7ec788d634123,3,5,8.647058823529411,198,0,18,51,0.002091936505024194
6a7fa1bcd3a7ec788d634123,2,5,8.555555555555555,198,0,12,44,0.00015488437521783265
6a7fa1bcd3a7ec788d634123,1,5,8.368421052631579,198,0,6,39,4.732788278600835e-8
6a7fa1bcd3a7ec788d634127,19,0,13,201,0,114,188,0.16119176997563744
6a7fa1bcd3a7ec788d634127,18,1,10.5,201,0,108,180,0.14303566340926258
6a7fa1bcd3a7ec788d634127,17,1,10,201,0,102,171,0.13842744253980016
6a7fa1bcd3a7ec788d634127,16,1,10,201,0,96,161,0.14549913279217783
6a7fa1bcd3a7ec788d634127,15,1,10.6,201,0,90,148,0.19709564334631707
6a7fa1bcd3a7ec788d634127,14,1,9.833333333333334,201,0,84,142,0.14659859586734425
6a7fa1bcd3a7ec788d634127,13,1,8.857142857142858,201,0,78,139,0.07410837370827904
6a7fa1bcd3a7ec788d634127,12,1,9.375,201,0,72,126,0.10691177504944864
6a7fa1bcd3a7ec788d634127,11,1,9.222222222222221,201,0,66,118,0.08795803787717132
6a7fa1bcd3a7ec788d634127,10,1,9.1,201,0,60,110,0.07000099686047438
6a7fa1bcd3a7ec788d634127,9,1,9,201,0,54,102,0.05338353687537674
6a7fa1bcd3a7ec788d634127,8,1,9.166666666666666,201,0,48,91,0.061234979845520725
6a7fa1bcd3a7ec788d634127,7,1,8.76923076923077,201,0,42,87,0.021357391714400455
6a7fa1bcd3a7ec788d634127,6,2,8.357142857142858,201,0,36,84,0.003996223592188671
6a7fa1bcd3a7ec788d634127,5,3,8.066666666666666,201,0,30,80,0.0005045624858512157
6a7fa1bcd3a7ec788d634127,4,3,7.75,201,0,24,77,0.000016996309224659985
6a7fa1bcd3a7ec788d634127,3,4,7.882352941176471,201,0,18,67,0.000002875512109251504
6a7fa1bcd3a7ec788d634127,2,5,7.611111111111111,201,0,12,64,9.67622476561982e-10
6a7fa1bcd3a7ec788d634127,1,5,7.947368421052632,201,0,6,50,2.5950521214451206e-12
6a7fa1bcd3a7ec788d63412b,19,0,16,186,1,114,170,0.47743303714295826
6a7fa1bcd3a7ec788d63412b,18,0,16.5,186,1,108,153,0.6512964200505271
6a7fa1bcd3a7ec788d63412b,17,0,14.333333333333334,186,1,102,143,0.6800091418011696
6a7fa1bcd3a7ec788d63412b,16,0,14.25,186,1,96,129,0.7850350021850269
6a7fa1bcd3a7ec788d63412b,15,0,13.6,186,1,90,118,0.8290989973834006
6a7fa1bcd3a7ec788d63412b,14,0,12.833333333333334,186,1,84,109,0.840113164155547
6a7fa1bcd3a7ec788d63412b,13,0,12.428571428571429,186,1,78,99,0.8668065642482572
6a7fa1bcd3a7ec788d63412b,12,0,12.5,186,1,72,86,0.9274993664525644
6a7fa1bcd3a7ec788d63412b,11,0,12.11111111111111,186,1,66,77,0.9378908709527961
6a7fa1bcd3a7ec788d63412b,10,1,11.5,186,1,60,71,0.9169578717929051
6a7fa1bcd3a7ec788d63412b,9,2,11.636363636363637,186,1,54,58,0.9655903024622176
6a7fa1bcd3a7ec788d63412b,8,2,10.916666666666666,186,1,48,55,0.9196481064415514
6a7fa1bcd3a7ec788d63412b,7,2,10.76923076923077,186,1,42,46,0.9360603094841078
6a7fa1bcd3a7ec788d63412b,6,2,10.214285714285714,186,1,36,43,0.8497392340130372
6a7fa1bcd3a7ec788d63412b,5,2,9.666666666666666,186,1,30,41,0.6473373946843127
6a7fa1bcd3a7ec788d63412b,4,2,10.0625,186,1,24,25,0.9074022604564191
6a7fa1bcd3a7ec788d63412b,3,2,9.882352941176471,186,1,18,18,0.8972618024501068
6a7fa1bcd3a7ec788d63412b,2,3,9.944444444444445,186,1,12,7,0.9831326198144315
6a7fa1bcd3a7ec788d63412f,19,0,11,162,1,114,151,0.8301098961024049
6a7fa1bcd3a7ec788d63412f,18,0,9.5,162,1,108,143,0.8271681173513395
6a7fa1bcd3a7ec788d63412f,17,0,9.333333333333334,162,1,102,134,0.8378448249599272
6a7fa1bcd3a7ec788d63412f,16,1,8.75,162,1,96,127,0.8133640284574274
6a7fa1bcd3a7ec788d63412f,15,1,9,162,1,90,117,0.8410800622266992
6a7fa1bcd3a7ec788d63412f,14,1,9.166666666666666,162,1,84,107,0.8676069550106738
6a7fa1bcd3a7ec788d63412f,13,1,8.428571428571429,162,1,78,103,0.7983020505049125
6a7fa1bcd3a7ec788d63412f,12,1,7.75,162,1,72,100,0.6789921667149147
6a7fa1bcd3a7ec788d63412f,11,2,8.666666666666666,162,1,66,84,0.8412018102725667
6a7fa1bcd3a7ec788d63412f,10,3,8.9,162,1,60,73,0.8854708225868466
6a7fa1bcd3a7ec788d63412f,9,3,9.909090909090908,162,1,54,53,0.9868354112532272
6a7fa1bcd3a7ec788d63412f,8,3,9.5,162,1,48,48,0.9793656833288995
6a7fa1bcd3a7ec788d63412f,7,3,9.538461538461538,162,1,42,38,0.9902828439213139
6a7fa1bcd3a7ec788d63412f,6,3,9.785714285714286,162,1,36,25,0.9990228475290498
6a7fa1bcd3a7ec788d63412f,5,3,9.866666666666667,162,1,30,14,0.9999542435903712
6a7fa1bcd3a7ec788d63412f,4,3,9.9375,162,1,24,3,0.9999999638595355
6a7fa1bcd3a7ec788d634133,19,0,4,190,0,114,186,0.18745223394951233
6a7fa1bcd3a7ec788d634133,18,0,5.5,190,0,108,179,0.1566652419290904
6a7fa1bcd3a7ec788d634133,17,0,4.666666666666667,190,0,102,176,0.08839857063241585
6a7fa1bcd3a7ec788d634133,16,0,6.5,190,0,96,164,0.11145589420479514
6a7fa1bcd3a7ec788d634133,15,0,6,190,0,90,160,0.06270012365721551
6a7fa1bcd3a7ec788d634133,14,0,6.333333333333333,190,0,84,152,0.051099640189958724
6a7fa1bcd3a7ec788d634133,13,0,6.714285714285714,190,0,78,143,0.04597655510954394
6a7fa1bcd3a7ec788d634133,12,0,6.875,190,0,72,135,0.035624950231440744
6a7fa1bcd3a7ec788d634133,11,0,6.333333333333333,190,0,66,133,0.010331801695794392
6a7fa1bcd3a7ec788d634133,10,2,6.7,190,0,60,123,0.009569053099011338
6a7fa1bcd3a7ec788d634133,9,2,7.181818181818182,190,0,54,111,0.012477355057823663
6a7fa1bcd3a7ec788d634133,8,2,7.416666666666667,190,0,48,101,0.011231696743770244
6a7fa1bcd3a7ec788d634133,7,2,7.538461538461538,190,0,42,92,0.007918842441084331
6a7fa1bcd3a7ec788d634133,6,2,7.642857142857143,190,0,36,83,0.005067291770700278
6a7fa1bcd3a7ec788d634133,5,2,7.4,190,0,30,79,0.000681216250963484
6a7fa1bcd3a7ec788d634133,4,2,7.25,190,0,24,74,0.000054189843177821196
6a7fa1bcd3a7ec788d634133,3,2,7.411764705882353,190,0,18,64,0.000011704816670246784
6a7fa1bcd3a7ec788d634133,2,2,7.333333333333333,190,0,12,58,5.717835033849045e-8
6a7fa1bcd3a7ec788d634133,1,2,7.526315789473684,190,0,6,47,4.081909864576644e-11
6a7fa2a0d3a7ec788da66172,19,0,7,177,0,114,170,0.47743303714295826
6a7fa2a0d3a7ec788da66172,18,1,11,177,0,108,155,0.6023752543830432
6a7fa2a0d3a7ec788da66172,17,1,9.333333333333334,177,0,102,149,0.5459299143999674
6a7fa2a0d3a7ec788da66172,16,1,9.5,177,0,96,139,0.5750535775742526
6a7fa2a0d3a7ec788da66172,15,2,9,177,0,90,132,0.5284663118192501
6a7fa2a0d3a7ec788da66172,14,2,9.166666666666666,177,0,84,122,0.5597474479758323
6a7fa2a0d3a7ec788da66172,13,2,8.571428571428571,177,0,78,117,0.465396209968688
6a7fa2a0d3a7ec788da66172,12,2,9.5,177,0,72,101,0.6519513256660324
6a7fa2a0d3a7ec788da66172,11,3,9.777777777777779,177,0,66,89,0.732207204919475
6a7fa2a0d3a7ec788da66172,10,3,9.5,177,0,60,82,0.6976282608869905
6a7fa2a0d3a7ec788da66172,9,3,8.909090909090908,177,0,54,79,0.5351800539305905
6a7fa2a0d3a7ec788da66172,8,3,9.333333333333334,177,0,48,65,0.6992724469850445
6a7fa2a0d3a7ec788da66172,7,3,9.23076923076923,177,0,42,57,0.684257721436255
6a7fa2a0d3a7ec788da66172,6,3,8.714285714285714,177,0,36,55,0.4433239512195395
6a7fa2a0d3a7ec788da66172,5,3,9,177,0,30,42,0.60699217684158
6a7fa2a0d3a7ec788da66172,4,3,8.875,177,0,24,35,0.5319908854982119
6a7fa2a0d3a7ec788da66172,3,3,8.764705882352942,177,0,18,28,0.43643027391848527
6a7fa2a0d3a7ec788da66172,2,3,9,177,0,12,15,0.686841895384282
6a7fa2a0d3a7ec788da66172,1,3,8.68421052631579,177,0,6,12,0.2576257442098104
6a7fa2a0d3a7ec788da66176,19,0,16,168,1,114,152,0.8162264267890589
6a7fa2a0d3a7ec788da66176,18,0,9.5,168,1,108,149,0.7289510424152248
6a7fa2a0d3a7ec788da66176,17,0,10.666666666666666,168,1,102,136,0.8078072996021306
6a7fa2a0d3a7ec788da66176,16,0,10,168,1,96,128,0.8021146702500769
6a7fa2a0d3a7ec788da66176,15,0,11,168,1,90,113,0.8971287316880209
6a7fa2a0d3a7ec788da66176,14,1,10.5,168,1,84,105,0.8934209381028771
6a7fa2a0d3a7ec788da66176,13,1,10.857142857142858,168,1,78,92,0.9434606159661784
6a7fa2a0d3a7ec788da66176,12,1,10.25,168,1,72,86,0.9267227606244651
6a7fa2a0d3a7ec788da66176,11,2,10.222222222222221,168,1,66,76,0.9448236381323757
6a7fa2a0d3a7ec788da66176,10,2,10.1,168,1,60,67,0.9554872331402772
6a7fa2a0d3a7ec788da66176,9,2,10.454545454545455,168,1,54,53,0.9881929460338952
6a7fa2a0d3a7ec788da66176,8,2,10.5,168,1,48,42,0.9959385980255844
6a7fa2a0d3a7ec788da66176,7,2,11.076923076923077,168,1,42,24,0.9999637734609254
6a7fa2a0d3a7ec788da66176,6,2,10.928571428571429,168,1,36,15,0.9999971927671476
6a7fa2a0d3a7ec788da66176,5,3,10.4,168,1,30,12,0.9999891803915121
6a7fa2a0d3a7ec788da66176,4,3,10.0625,168,1,24,7,0.9999959897843715
6a7fa2a0d3a7ec788da6617a,19,0,7,146,1,114,139,0.9440133873943445
6a7fa2a0d3a7ec788da6617a,18,0,10.5,146,1,108,125,0.973449127255146
6a7fa2a0d3a7ec788da6617a,17,1,9.333333333333334,146,1,102,118,0.9658178415115907
6a7fa2a0d3a7ec788da6617a,16,2,13.5,146,1,96,92,0.9901877187570183
6a7fa2a0d3a7ec788da6617a,15,2,11.6,146,1,90,88,0.9912710952512612
6a7fa2a0d3a7ec788da6617a,14,2,11,146,1,84,80,0.9942810014269476
6a7fa2a0d3a7ec788da6617a,13,2,10.285714285714286,146,1,78,74,0.9953662513350827
6a7fa2a0d3a7ec788da6617a,12,2,10.5,146,1,72,62,0.9983784169247198
6a7fa2a0d3a7ec788da6617a,11,3,10.555555555555555,146,1,66,51,0.9980978759073537
6a7fa2a0d3a7ec788da6617a,10,4,10.9,146,1,60,37,0.9980789217155702
6a7fa2a0d3a7ec788da6617a,9,5,10.818181818181818,146,1,54,27,0.9971500089799551
6a7fa2a0d3a7ec788da6617a,8,5,10.583333333333334,146,1,48,19,0.9991196362101441
6a7fa2a0d3a7ec788da6617a,7,5,10.76923076923077,146,1,42,6,0.9999712429591686
6a7fa2a0d3a7ec788da6617e,19,1,3,201,0,114,198,0.06658667141148836
6a7fa2a0d3a7ec788da6617e,18,1,8.5,201,0,108,184,0.10127242727108213
6a7fa2a0d3a7ec788da6617e,17,1,8,201,0,102,177,0.07969313992593419
6a7fa2a0d3a7ec788da6617e,16,1,7,201,0,96,173,0.043475828426885736
6a7fa2a0d3a7ec788da6617e,15,1,6.6,201,0,90,168,0.023934810629738564
6a7fa2a0d3a7ec788da6617e,14,1,7.333333333333333,201,0,84,157,0.027309445461651156
6a7fa2a0d3a7ec788da6617e,13,1,7,201,0,78,152,0.01332515080253086
6a7fa2a0d3a7ec788da6617e,12,1,7.75,201,0,72,139,0.020221814709420038
6a7fa2a0d3a7ec788da6617e,11,2,7.888888888888889,201,0,66,130,0.016778900714141263
6a7fa2a0d3a7ec788da6617e,10,2,7.7,201,0,60,124,0.008015603229928116
6a7fa2a0d3a7ec788da6617e,9,2,7.818181818181818,201,0,54,115,0.005930624432931595
6a7fa2a0d3a7ec788da6617e,8,2,7.666666666666667,201,0,48,109,0.0021470284174917196
6a7fa2a0d3a7ec788da6617e,7,2,7.3076923076923075,201,0,42,106,0.0002694901876836471
6a7fa2a0d3a7ec788da6617e,6,2,7.428571428571429,201,0,36,97,0.00011518065124756447
6a7fa2a0d3a7ec788da6617e,5,2,7.466666666666667,201,0,30,89,0.000026199183242359736
6a7fa2a0d3a7ec788da6617e,4,2,7.8125,201,0,24,76,0.000025183498448524855
6a7fa2a0d3a7ec788da6617e,3,4,7.823529411764706,201,0,18,68,0.0000017708276802899465
6a7fa2a0d3a7ec788da6617e,2,4,8.055555555555555,201,0,12,56,2.0395799910264994e-7
6a7fa2a0d3a7ec788da6617e,1,4,8.263157894736842,201,0,6,44,6.109504931558702e-10
6a7fa2acd3a7ec788da93c76,19,2,3,179,1,114,176,0.337772605310553
6a7fa2acd3a7ec788da93c76,18,2,7.5,179,1,108,164,0.4003241477668941
6a7fa2acd3a7ec788da93c76,17,2,7,179,1,102,158,0.34387020159512954
6a7fa2acd3a7ec788da93c76,16,2,8.25,179,1,96,146,0.4091668172158419
6a7fa2acd3a7ec788da93c76,15,3,7,179,1,90,144,0.2575789787178963
6a7fa2acd3a7ec788da93c76,14,3,7.166666666666667,179,1,84,136,0.23754155973123037
6a7fa2acd3a7ec788da93c76,13,3,7.285714285714286,179,1,78,128,0.21569552669539604
6a7fa2acd3a7ec788da93c76,12,3,8,179,1,72,115,0.29181404317331155
6a7fa2acd3a7ec788da93c76,11,3,8.333333333333334,179,1,66,104,0.3357034436940385
6a7fa2acd3a7ec788da93c76,10,3,8.2,179,1,60,97,0.2824053282229562
6a7fa2acd3a7ec788da93c76,9,3,8.545454545454545,179,1,54,85,0.3553653299153689
6a7fa2acd3a7ec788da93c76,8,3,8.083333333333334,179,1,48,82,0.19577628778918096
6a7fa2acd3a7ec788da93c76,7,3,9.076923076923077,179,1,42,61,0.54834101720264
6a7fa2acd3a7ec788da93c76,6,4,8.714285714285714,179,1,36,57,0.3709033840753842
6a7fa2acd3a7ec788da93c76,5,5,9,179,1,30,44,0.5231044012565366
6a7fa2acd3a7ec788da93c76,4,5,8.875,179,1,24,37,0.43985280139689076
6a7fa2acd3a7ec788da93c76,3,5,9.352941176470589,179,1,18,20,0.8309729908952359
6a7fa2acd3a7ec788da93c76,2,5,9.166666666666666,179,1,12,14,0.7466757111963335
6a7fa2acd3a7ec788da93c76,1,5,9.052631578947368,179,1,6,7,0.6828240002936151
6a7fa2acd3a7ec788da93c7a,19,1,15,158,1,114,143,0.9027857070554023
6a7fa2acd3a7ec788da93c7a,18,1,9.5,158,1,108,139,0.8680054171496618
6a7fa2acd3a7ec788da93c7a,17,1,9,158,1,102,131,0.8695469757536195
6a7fa2acd3a7ec788da93c7a,16,2,8,158,1,96,126,0.8155694365046625
6a7fa2acd3a7ec788da93c7a,15,2,10.2,158,1,90,107,0.9377617271586771
6a7fa2acd3a7ec788da93c7a,14,2,9.5,158,1,84,101,0.9273452085110165
6a7fa2acd3a7ec788da93c7a,13,2,9.571428571428571,158,1,78,91,0.9466832888966721
6a7fa2acd3a7ec788da93c7a,12,2,9.25,158,1,72,84,0.942202043378449
6a7fa2acd3a7ec788da93c7a,11,4,9.11111111111111,158,1,66,76,0.9228430753464935
6a7fa2acd3a7ec788da93c7a,10,4,9,158,1,60,68,0.933081992230995
6a7fa2acd3a7ec788da93c7a,9,4,9.454545454545455,158,1,54,54,0.9781742446002811
6a7fa2acd3a7ec788da93c7a,8,4,8.916666666666666,158,1,48,51,0.9571896590699767
6a7fa2acd3a7ec788da93c7a,7,4,9,158,1,42,41,0.9768023506130006
6a7fa2acd3a7ec788da93c7a,6,4,9.642857142857142,158,1,36,23,0.999371417546115
6a7fa2acd3a7ec788da93c7a,5,4,9.066666666666666,158,1,30,22,0.9961025917777384
6a7fa2acd3a7ec788da93c7a,4,5,9.375,158,1,24,8,0.9999269536616668
6a7fa2b0d3a7ec788daaaa19,19,0,8,155,1,114,147,0.8786550457181486
6a7fa2b0d3a7ec788daaaa19,18,0,6,155,1,108,143,0.8271681173513395
6a7fa2b0d3a7ec788daaaa19,17,0,7,155,1,102,134,0.8378448249599272
6a7fa2b0d3a7ec788daaaa19,16,0,7.25,155,1,96,126,0.8338220567074006
6a7fa2b0d3a7ec788daaaa19,15,0,7,155,1,90,120,0.7955720112192918
6a7fa2b0d3a7ec788daaaa19,14,0,6.166666666666667,155,1,84,118,0.6616422816011973
6a7fa2b0d3a7ec788daaaa19,13,0,7.428571428571429,155,1,78,103,0.7995875406743891
6a7fa2b0d3a7ec788daaaa19,12,0,7.375,155,1,72,96,0.7715048009000838
6a7fa2b0d3a7ec788daaaa19,11,1,7.222222222222222,155,1,66,90,0.7145388404971496
6a7fa2b0d3a7ec788daaaa19,10,1,7.3,155,1,60,82,0.7011736757582099
6a7fa2b0d3a7ec788daaaa19,9,1,7.181818181818182,155,1,54,76,0.6281346839046006
6a7fa2b0d3a7ec788daaaa19,8,1,7.416666666666667,155,1,48,66,0.6700662547335222
6a7fa2b0d3a7ec788daaaa19,7,1,7,155,1,42,64,0.4440073661114647
6a7fa2b0d3a7ec788daaaa19,6,1,7.428571428571429,155,1,36,51,0.5939740759548656
6a7fa2b0d3a7ec788daaaa19,5,1,7.733333333333333,155,1,30,39,0.7239049214295297
6a7fa2b0d3a7ec788daaaa19,4,1,7.6875,155,1,24,32,0.668715322860522
6a7fa2b0d3a7ec788daaaa19,3,1,8,155,1,18,19,0.8666242658145273
6a7fa2b0d3a7ec788daaaa19,2,1,8.555555555555555,155,1,12,1,0.9999954245198555
6a7fab555a61570130937e07,19,0,16,161,1,114,145,0.8987832689374369
6a7fab555a61570130937e07,18,0,13.5,161,1,108,134,0.9256835213796574
6a7fab555a61570130937e07,17,0,10.333333333333334,161,1,102,130,0.8884133814383182
6a7fab555a61570130937e07,16,0,8.75,161,1,96,126,0.8338220567074006
6a7fab555a61570130937e07,15,0,8.6,161,1,90,118,0.8290989973834006
6a7fab555a61570130937e07,14,0,8.666666666666666,161,1,84,109,0.840113164155547
6a7fab555a61570130937e07,13,0,8.285714285714286,161,1,78,103,0.7995875406743891
6a7fab555a61570130937e07,12,0,8.25,161,1,72,95,0.7921251144050789
6a7fab555a61570130937e07,11,1,7.555555555555555,161,1,66,93,0.6372933807253889
6a7fab555a61570130937e07,10,1,7.9,161,1,60,82,0.7011736757582099
6a7fab555a61570130937e07,9,1,7.636363636363637,161,1,54,77,0.5979799523029605
6a7fab555a61570130937e07,8,1,8.083333333333334,161,1,48,64,0.7291423221921142
6a7fab555a61570130937e07,7,1,7.923076923076923,161,1,42,58,0.6517783463509635
6a7fab555a61570130937e07,6,1,8.214285714285714,161,1,36,46,0.7672441952705221
6a7fab555a61570130937e07,5,2,8.2,161,1,30,38,0.7593787931652591
6a7fab555a61570130937e07,4,2,8.5625,161,1,24,24,0.9278753698192994
6a7fab555a61570130937e07,3,3,8.647058823529411,161,1,18,14,0.9733415560468814
6a7fab555a61570130937e07,2,4,8.277777777777779,161,1,12,12,0.8498225760828647
6a7fab555a61570130937e07,1,5,8.31578947368421,161,1,6,3,0.9560484670047393
6a7fab555a61570130937e0b,19,0,2,189,0,114,187,0.17399580299594936
6a7fab555a61570130937e0b,18,0,4.5,189,0,108,180,0.1444307331416726
6a7fab555a61570130937e0b,17,2,4,189,0,102,177,0.07837869151664487
6a7fab555a61570130937e0b,16,2,4.75,189,0,96,170,0.05997629478361527
6a7fab555a61570130937e0b,15,2,4,189,0,90,169,0.020858483023100893
6a7fab555a61570130937e0b,14,2,4.5,189,0,84,162,0.013647842200759196
6a7fab555a61570130937e0b,13,3,5,189,0,78,154,0.009720353698118595
6a7fab555a61570130937e0b,12,3,5.625,189,0,72,144,0.009271970364405314
6a7fab555a61570130937e0b,11,5,6.333333333333333,189,0,66,132,0.011559785883890106
6a7fab555a61570130937e0b,10,5,6.2,189,0,60,127,0.00447981431832367
6a7fab555a61570130937e0b,9,5,6.636363636363637,189,0,54,116,0.004790679047697372
6a7fab555a61570130937e0b,8,6,6.416666666666667,189,0,48,112,0.0010408239268854189
6a7fab555a61570130937e0b,7,6,6.461538461538462,189,0,42,105,0.0003467563000825585
6a7fab555a61570130937e0b,6,7,6.071428571428571,189,0,36,104,0.000011690512569507334
6a7fab555a61570130937e0b,5,8,6.333333333333333,189,0,30,94,0.0000037549349804224933
6a7fab555a61570130937e0b,4,8,6.5,189,0,24,85,5.514128123534209e-7
6a7fab555a61570130937e0b,3,8,6.235294117647059,189,0,18,83,4.559097596887092e-10
6a7fab555a61570130937e0b,2,8,6.666666666666667,189,0,12,69,2.4554054076787405e-11
6a7fab555a61570130937e0b,1,8,6.684210526315789,189,0,6,62,2.8925968875198753e-17
6a7fab555a61570130937e0f,19,0,12,179,1,114,167,0.5404661050381683
6a7fab555a61570130937e0f,18,0,10.5,179,1,108,158,0.5457128736899441
6a7fab555a61570130937e0f,17,1,9.333333333333334,179,1,102,151,0.5016571402570048
6a7fab555a61570130937e0f,16,1,10.5,179,1,96,137,0.6198995861987086
6a7fab555a61570130937e0f,15,1,10.8,179,1,90,125,0.694594381253886
6a7fab555a61570130937e0f,14,1,11.166666666666666,179,1,84,112,0.7861640810823821
6a7fab555a61570130937e0f,13,1,10.285714285714286,179,1,78,107,0.7154806467878533
6a7fab555a61570130937e0f,12,1,10.5,179,1,72,95,0.7914012860965011
6a7fab555a61570130937e0f,11,2,9.555555555555555,179,1,66,93,0.6361002027328558
6a7fab555a61570130937e0f,10,2,9.3,179,1,60,86,0.5893835537164744
6a7fab555a61570130937e0f,9,2,9.090909090909092,179,1,54,79,0.5362953986958795
6a7fab555a61570130937e0f,8,2,8.5,179,1,48,77,0.3219217433201985
6a7fab555a61570130937e0f,7,2,8.846153846153847,179,1,42,64,0.4439819359685646
6a7fab555a61570130937e0f,6,2,8.714285714285714,179,1,36,57,0.371253047197882
6a7fab555a61570130937e0f,5,2,8.8,179,1,30,47,0.4023104887302537
6a7fab555a61570130937e0f,4,2,9.125,179,1,24,33,0.6241012925810732
6a7fab555a61570130937e0f,3,2,8.882352941176471,179,1,18,28,0.436430403714093
6a7fab555a61570130937e0f,2,2,9.333333333333334,179,1,12,11,0.8910140923640023
6a7fab555a61570130937e0f,1,2,8.947368421052632,179,1,6,9,0.49821636117809404
6a7fab555a61570130937e13,19,0,26,181,1,114,155,0.7704976971791322
6a7fab555a61570130937e13,18,0,21.5,181,1,108,138,0.8891169250938534
6a7fab555a61570130937e13,17,0,17,181,1,102,130,0.8884133814383182
6a7fab555a61570130937e13,16,0,14.25,181,1,96,124,0.8621608326163153
6a7fab555a61570130937e13,15,0,13.8,181,1,90,112,0.9080434604167267
6a7fab555a61570130937e13,14,1,12.833333333333334,181,1,84,104,0.9049008874175724
6a7fab555a61570130937e13,13,2,12.285714285714286,181,1,78,95,0.9114554435444306
6a7fab555a61570130937e13,12,2,11.5,181,1,72,89,0.8889466740997382
6a7fab555a61570130937e13,11,3,11,181,1,66,82,0.8686846845539747
6a7fab555a61570130937e13,10,3,11.4,181,1,60,67,0.9522988086839715
6a7fab555a61570130937e13,9,4,11.363636363636363,181,1,54,56,0.9694119555793774
6a7fab555a61570130937e13,8,5,11.166666666666666,181,1,48,47,0.968462373985048
6a7fab555a61570130937e13,7,6,11.153846153846153,181,1,42,36,0.9666168964217783
6a7fab555a61570130937e13,6,6,10.571428571428571,181,1,36,33,0.9628649767201404
6a7fab555a61570130937e13,5,6,10.266666666666667,181,1,30,27,0.9666843182671359
6a7fab555a61570130937e13,4,6,10.625,181,1,24,11,0.9986106755463575
6a7fab555a61570130937e17,19,0,6,163,1,114,157,0.7367991639289307
6a7fab555a61570130937e17,18,1,5,163,1,108,153,0.6432698264114384
6a7fab555a61570130937e17,17,1,5.666666666666667,163,1,102,146,0.611340951882072
6a7fab555a61570130937e17,16,2,6.25,163,1,96,138,0.5878968389877532
6a7fab555a61570130937e17,15,2,6.4,163,1,90,131,0.5518786779627662
6a7fab555a61570130937e17,14,2,7.666666666666667,163,1,84,117,0.6771819676516175
6a7fab555a61570130937e17,13,3,8.571428571428571,163,1,78,103,0.7818604242980915
6a7fab555a61570130937e17,12,4,9.625,163,1,72,86,0.8913387158459652
6a7fab555a61570130937e17,11,4,9.88888888888889,163,1,66,74,0.9386294567065576
6a7fab555a61570130937e17,10,4,9.6,163,1,60,67,0.9415153744400465
6a7fab555a61570130937e17,9,4,10.181818181818182,163,1,54,51,0.9868218376872464
6a7fab555a61570130937e17,8,4,9.666666666666666,163,1,48,47,0.9804568882902874
6a7fab555a61570130937e17,7,5,9.153846153846153,163,1,42,44,0.9469040994245936
6a7fab555a61570130937e17,6,5,8.785714285714286,163,1,36,40,0.9057602939225989
6a7fab555a61570130937e17,5,5,9.4,163,1,30,22,0.9950405568104009
6a7fab555a61570130937e17,4,6,9.5625,163,1,24,10,0.9989611918385612
6a7fab555a61570130937e17,3,7,9.294117647058824,163,1,18,5,0.9979454245114242
6a7fab555a61570130937e17,2,7,8.944444444444445,163,1,12,2,0.9994400151382925
6a7fab555a61570130937e1b,19,0,10,203,1,114,193,0.10681350219149563
6a7fab555a61570130937e1b,18,0,9.5,203,1,108,184,0.10220213072087049
6a7fab555a61570130937e1b,17,1,8.333333333333334,203,1,102,178,0.07213351035864751
6a7fab555a61570130937e1b,16,1,9,203,1,96,167,0.08290593967075094
6a7fab555a61570130937e1b,15,2,10.8,203,1,90,149,0.1798113357671066
6a7fab555a61570130937e1b,14,2,11.333333333333334,203,1,84,135,0.261281351779957
6a7fab555a61570130937e1b,13,2,10.428571428571429,203,1,78,130,0.18397207705439847
6a7fab555a61570130937e1b,12,2,10.25,203,1,72,121,0.1769553985006439
6a7fab555a61570130937e1b,11,2,11,203,1,66,104,0.33770496389757537
6a7fab555a61570130937e1b,10,2,10.4,203,1,60,99,0.23743442246449992
6a7fab555a61570130937e1b,9,2,11.272727272727273,203,1,54,79,0.5362953986958795
6a7fab555a61570130937e1b,8,2,12,203,1,48,59,0.85183081181079
6a7fab555a61570130937e1b,7,3,11.923076923076923,203,1,42,48,0.9071694158160261
6a7fab555a61570130937e1b,6,4,12.071428571428571,203,1,36,34,0.9769726902071255
6a7fab555a61570130937e1b,5,4,12.466666666666667,203,1,30,16,0.9997699251959145
6a7fab555a61570130937e1b,4,4,12.25,203,1,24,7,0.9999921850198937
6a7fab555a61570130937e1f,19,0,7,209,0,114,202,0.0449810242067046
6a7fab555a61570130937e1f,18,0,5.5,209,0,108,198,0.023461203387198995
6a7fab555a61570130937e1f,17,0,5,209,0,102,194,0.01092880500693147
6a7fab555a61570130937e1f,16,0,6,209,0,96,185,0.009350891316846162
6a7fab555a61570130937e1f,15,0,5.6,209,0,90,181,0.0036161014399657106
6a7fab555a61570130937e1f,14,0,6.333333333333333,209,0,84,171,0.0033731589777074153
6a7fab555a61570130937e1f,13,1,7.142857142857143,209,0,78,159,0.004366247893692227
6a7fab555a61570130937e1f,12,1,6.625,209,0,72,156,0.0010850360581884377
6a7fab555a61570130937e1f,11,1,8.11111111111111,209,0,66,136,0.006178633912664926
6a7fab555a61570130937e1f,10,1,9.5,209,0,60,114,0.04039940334128652
6a7fab555a61570130937e1f,9,1,9.363636363636363,209,0,54,106,0.02906378385964429
6a7fab555a61570130937e1f,8,1,10.083333333333334,209,0,48,88,0.09378000821045923
6a7fab555a61570130937e1f,7,1,9.615384615384615,209,0,42,84,0.03662036625308948
6a7fab555a61570130937e1f,6,1,9.642857142857142,209,0,36,74,0.033922183426668584
6a7fab555a61570130937e1f,5,1,9.4,209,0,30,68,0.012539445052548875
6a7fab555a61570130937e1f,4,1,9.375,209,0,24,59,0.007057059532339059
6a7fab555a61570130937e1f,3,1,9.294117647058824,209,0,18,51,0.0020919550655285513
6a7fab555a61570130937e1f,2,1,9.777777777777779,209,0,12,33,0.014083354335406036
6a7fab555a61570130937e1f,1,2,9.736842105263158,209,0,6,24,0.002061620179551989
6a7fab555a61570130937e23,19,0,5,189,1,114,184,0.2163083076127084
6a7fab555a61570130937e23,18,0,6.5,189,1,108,176,0.19750409592472
6a7fab555a61570130937e23,17,0,7,189,1,102,168,0.17842710556160435
6a7fab555a61570130937e23,16,0,8,189,1,96,157,0.20320370275065586
6a7fab555a61570130937e23,15,1,8.2,189,1,90,148,0.19709564334631707
6a7fab555a61570130937e23,14,1,8,189,1,84,141,0.16060452417498908
6a7fab555a61570130937e23,13,1,9.142857142857142,189,1,78,125,0.27856048930491933
6a7fab555a61570130937e23,12,1,9.125,189,1,72,116,0.2732613107900152
6a7fab555a61570130937e23,11,2,8.777777777777779,189,1,66,110,0.2047689726293288
6a7fab555a61570130937e23,10,2,9.2,189,1,60,97,0.28333623356035925
6a7fab555a61570130937e23,9,3,9.727272727272727,189,1,54,82,0.44322735528696705
6a7fab555a61570130937e23,8,3,9.583333333333334,189,1,48,74,0.41199925421157496
6a7fab555a61570130937e23,7,4,9.384615384615385,189,1,42,67,0.34406568974295804
6a7fab555a61570130937e23,6,4,9.785714285714286,189,1,36,52,0.5557165858667441
6a7fab555a61570130937e23,5,4,9.666666666666666,189,1,30,44,0.5242554874966024
6a7fab555a61570130937e23,4,6,9.8125,189,1,24,32,0.6644345933618933
6a7fab555a61570130937e23,3,6,9.705882352941176,189,1,18,24,0.6470437721952774
6a7fab555a61570130937e23,2,6,10,189,1,12,9,0.9504405097386011
6a7fab555a61570130937e27,19,0,11,154,0,114,143,0.9162753923954124
6a7fab555a61570130937e27,18,0,10.5,154,0,108,133,0.9331627764109753
6a7fab555a61570130937e27,17,0,9.333333333333334,154,0,102,126,0.9266495415028121
6a7fab555a61570130937e27,16,1,8,154,0,96,122,0.8818969354427312
6a7fab555a61570130937e27,15,1,7.4,154,0,90,117,0.8410800622266992
6a7fab555a61570130937e27,14,2,6.666666666666667,154,0,84,114,0.7410939333141858
6a7fab555a61570130937e27,13,3,6.857142857142857,154,0,78,106,0.7221530718937307
6a7fab555a61570130937e27,12,4,6.5,154,0,72,102,0.6015211126794493
6a7fab555a61570130937e27,11,4,6.222222222222222,154,0,66,98,0.48495731047834245
6a7fab555a61570130937e27,10,4,6,154,0,60,94,0.35415830718912916
6a7fab555a61570130937e27,9,5,7.090909090909091,154,0,54,76,0.6034311190105225
6a7fab555a61570130937e27,8,5,7.166666666666667,154,0,48,68,0.592518054987336
6a7fab555a61570130937e27,7,5,7,154,0,42,63,0.4724352234714601
6a7fab555a61570130937e27,6,5,6.857142857142857,154,0,36,58,0.33510414364541774
6a7fab555a61570130937e27,5,5,6.933333333333334,154,0,30,50,0.290987269574373
6a7fab555a61570130937e27,4,5,7,154,0,24,42,0.23927230765287275
6a7fab555a61570130937e27,3,5,6.764705882352941,154,0,18,39,0.06454950025488806
6a7fab555a61570130937e27,2,5,7.166666666666667,154,0,12,25,0.13846198661459685
6a7fab555a61570130937e27,1,5,7,154,0,6,21,0.009472913075676543
6a7fab555a61570130937e2b,19,0,5,175,0,114,170,0.47743303714295826
6a7fab555a61570130937e2b,18,0,8.5,175,0,108,158,0.5457128736899441
6a7fab555a61570130937e2b,17,0,8,175,0,102,151,0.5060104959404595
6a7fab555a61570130937e2b,16,0,8.25,175,0,96,142,0.5094671266033036
6a7fab555a61570130937e2b,15,0,8.4,175,0,90,133,0.5128359619138071
6a7fab555a61570130937e2b,14,0,8.166666666666666,175,0,84,126,0.4668186859360978
6a7fab555a61570130937e2b,13,0,7.428571428571429,175,0,78,123,0.3225605224415206
6a7fab555a61570130937e2b,12,0,7.625,175,0,72,114,0.3184732480020269
6a7fab555a61570130937e2b,11,1,7.777777777777778,175,0,66,105,0.31362238548582033
6a7fab555a61570130937e2b,10,1,7.9,175,0,60,96,0.3081616699341954
6a7fab555a61570130937e2b,9,1,8.090909090909092,175,0,54,86,0.328416435000329
6a7fab555a61570130937e2b,8,1,7.666666666666667,175,0,48,83,0.1751602691550238
6a7fab555a61570130937e2b,7,2,7.538461538461538,175,0,42,77,0.10909975068945071
6a7fab555a61570130937e2b,6,3,7.214285714285714,175,0,36,74,0.033920637159341266
6a7fab555a61570130937e2b,5,3,7.133333333333334,175,0,30,68,0.012539375103937548
6a7fab555a61570130937e2b,4,3,7.75,175,0,24,51,0.048813436642985805
6a7fab555a61570130937e2b,3,3,7.705882352941177,175,0,18,44,0.01823742269231942
6a7fab555a61570130937e2b,2,4,7.555555555555555,175,0,12,39,0.0014559209546141252
6a7fab555a61570130937e2b,1,4,8.052631578947368,175,0,6,22,0.005838666701822086
6a7fab555a61570130937e2f,19,0,10,183,1,114,173,0.4152493930861107
6a7fab555a61570130937e2f,18,1,9,183,1,108,165,0.3911084284931232
6a7fab555a61570130937e2f,17,2,8,183,1,102,159,0.3242304386539704
6a7fab555a61570130937e2f,16,2,8,183,1,96,151,0.30500778001556283
6a7fab555a61570130937e2f,15,2,7.6,183,1,90,145,0.2461686317243651
6a7fab555a61570130937e2f,14,2,7.166666666666667,183,1,84,140,0.17439394730075156
6a7fab555a61570130937e2f,13,2,8.285714285714286,183,1,78,125,0.277331580396419
6a7fab555a61570130937e2f,12,2,8.625,183,1,72,114,0.31737519969176464
6a7fab555a61570130937e2f,11,2,9,183,1,66,102,0.38913876215539656
6a7fab555a61570130937e2f,10,3,8.7,183,1,60,96,0.30688698324474073
6a7fab555a61570130937e2f,9,3,8.636363636363637,183,1,54,88,0.275553386518605
6a7fab555a61570130937e2f,8,3,8.583333333333334,183,1,48,80,0.241844736532743
6a7fab555a61570130937e2f,7,3,8.923076923076923,183,1,42,67,0.3447532712584001
6a7fab555a61570130937e2f,6,3,8.642857142857142,183,1,36,62,0.21661073430637287
6a7fab555a61570130937e2f,5,3,9.066666666666666,183,1,30,47,0.4022987177403209
6a7fab555a61570130937e2f,4,3,9.5,183,1,24,31,0.7115637736502617
6a7fab555a61570130937e2f,3,3,9.352941176470589,183,1,18,24,0.6482088087597757
6a7fab555a61570130937e2f,2,3,9.444444444444445,183,1,12,13,0.8014261546870236
6a7fab555a61570130937e2f,1,3,9.526315789473685,183,1,6,2,0.9862240554511069
6a7fab555a61570130937e33,19,0,13,188,0,114,175,0.3750106613991015
6a7fab555a61570130937e33,18,0,10.5,188,0,108,167,0.3549338819896411
6a7fab555a61570130937e33,17,1,10.333333333333334,188,0,102,157,0.37167703838864996
6a7fab555a61570130937e33,16,1,9.25,188,0,96,151,0.30959466898582966
6a7fab555a61570130937e33,15,1,11,188,0,90,133,0.5108112029514222
6a7fab555a61570130937e33,14,1,11.333333333333334,188,0,84,120,0.612784114657717
6a7fab555a61570130937e33,13,1,10.428571428571429,188,0,78,115,0.5189226080622934
6a7fab555a61570130937e33,12,1,10,188,0,72,108,0.4695720774383449
6a7fab555a61570130937e33,11,1,9.666666666666666,188,0,66,101,0.41650720422013066
6a7fab555a61570130937e33,10,1,9.9,188,0,60,89,0.5022653429526271
6a7fab555a61570130937e33,9,1,9.454545454545455,188,0,54,84,0.3848080715102587
6a7fab555a61570130937e33,8,1,8.916666666666666,188,0,48,81,0.21824593340589304
6a7fab555a61570130937e33,7,1,8.692307692307692,188,0,42,75,0.14273200141896764
6a7fab555a61570130937e33,6,2,8.642857142857142,188,0,36,67,0.11015104129099551
6a7fab555a61570130937e33,5,3,8.2,188,0,30,65,0.02443577803505718
6a7fab555a61570130937e33,4,4,8,188,0,24,60,0.00535999747136738
6a7fab555a61570130937e33,3,4,7.882352941176471,188,0,18,54,0.0007212851865370808
6a7fab555a61570130937e33,2,5,7.611111111111111,188,0,12,51,0.000003995254545526436
6a7fab555a61570130937e33,1,5,7.842105263157895,188,0,6,39,4.732788278600835e-8
6a7fab555a61570130937e37,19,0,21,148,1,114,127,0.9849023995431347
6a7fab555a61570130937e37,18,0,12.5,148,1,108,123,0.9792446483293245
6a7fab555a61570130937e37,17,0,11.666666666666666,148,1,102,113,0.9859159322069815
6a7fab555a61570130937e37,16,1,10.75,148,1,96,105,0.983809507719146
6a7fab555a61570130937e37,15,1,10,148,1,90,98,0.9844535471707591
6a7fab555a61570130937e37,14,1,10.166666666666666,148,1,84,87,0.9918914109002901
6a7fab555a61570130937e37,13,1,10.857142857142858,148,1,78,72,0.9982722276413999
6a7fab555a61570130937e37,12,2,10.125,148,1,72,67,0.9965231831077834
6a7fab555a61570130937e37,11,2,10.666666666666666,148,1,66,52,0.9993821445543575
6a7fab555a61570130937e37,10,2,10.8,148,1,60,40,0.9998668853183557
6a7fab555a61570130937e37,9,2,10.818181818181818,148,1,54,29,0.9999770168773523
6a7fab555a61570130937e37,8,3,10.333333333333334,148,1,48,24,0.9999437700725561
6a7fab555a61570130937e37,7,3,10.153846153846153,148,1,42,16,0.9999904988906144
6a7fab555a61570130937e37,6,3,9.642857142857142,148,1,36,13,0.9999956799418566
6a7fab555a61570130937e37,5,5,9.4,148,1,30,7,0.9999568270693814
6a7fab555a61570130937e37,4,5,9.3125,148,1,24,-1,1
6a7fab555a61570130937e3b,19,1,7,223,0,114,216,0.008452389893832936
6a7fab555a61570130937e3b,18,1,15,223,0,108,193,0.04125344381724669
6a7fab555a61570130937e3b,17,2,13.666666666666666,223,0,102,182,0.04664534990584422
6a7fab555a61570130937e3b,16,2,11.25,223,0,96,178,0.023594208576465724
6a7fab555a61570130937e3b,15,2,11,223,0,90,168,0.02377548906725857
6a7fab555a61570130937e3b,14,3,10.333333333333334,223,0,84,161,0.015543539668580547
6a7fab555a61570130937e3b,13,4,9.428571428571429,223,0,78,157,0.0058889444905251085
6a7fab555a61570130937e3b,12,5,9.25,223,0,72,149,0.00374115957123209
6a7fab555a61570130937e3b,11,5,8.555555555555555,223,0,66,146,0.0008761605005653049
6a7fab555a61570130937e3b,10,6,8.6,223,0,60,137,0.0005429318351846664
6a7fab555a61570130937e3b,9,6,8.727272727272727,223,0,54,127,0.00042451598132124983
6a7fab555a61570130937e3b,8,6,8.583333333333334,223,0,48,120,0.0001412781045826841
6a7fab555a61570130937e3b,7,6,9.153846153846153,223,0,42,104,0.000452051871444933
6a7fab555a61570130937e3b,6,6,8.785714285714286,223,0,36,100,0.000044862304491571366
6a7fab555a61570130937e3b,5,6,8.2,223,0,30,100,3.8350479404036264e-7
6a7fab555a61570130937e3b,4,6,8.5625,223,0,24,86,3.669716219731783e-7
6a7fab555a61570130937e3b,3,6,8.294117647058824,223,0,18,82,8.42409271442918e-10
6a7fab555a61570130937e3b,2,7,8.11111111111111,223,0,12,77,4.5190280912369614e-14
6a7fab555a61570130937e3b,1,7,8.157894736842104,223,0,6,68,8.245830716380152e-20
6a7fab555a61570130937e3f,19,0,12,181,0,114,169,0.49842719842351263
6a7fab555a61570130937e3f,18,1,9.5,181,0,108,162,0.4537222313766709
6a7fab555a61570130937e3f,17,1,11.666666666666666,181,0,102,146,0.611340951882072
6a7fab555a61570130937e3f,16,1,10,181,0,96,141,0.5293857669610371
6a7fab555a61570130937e3f,15,1,9.6,181,0,90,133,0.5108112029514222
6a7fab555a61570130937e3f,14,2,10.166666666666666,181,0,84,120,0.6078783495092024
6a7fab555a61570130937e3f,13,2,9.857142857142858,181,0,78,112,0.5923718481447667
6a7fab555a61570130937e3f,12,2,9.75,181,0,72,103,0.6006717754112371
6a7fab555a61570130937e3f,11,2,10,181,0,66,91,0.6882385256759035
6a7fab555a61570130937e3f,10,2,10.4,181,0,60,77,0.81810527932854
6a7fab555a61570130937e3f,9,2,10.272727272727273,181,0,54,68,0.8342167762326088
6a7fab555a61570130937e3f,8,2,10.5,181,0,48,55,0.9196481064415514
6a7fab555a61570130937e3f,7,2,10,181,0,42,51,0.8502513698284923
6a7fab555a61570130937e3f,6,2,9.714285714285714,181,0,36,45,0.7969201720320823
6a7fab555a61570130937e3f,5,2,9.266666666666667,181,0,30,42,0.6070153224642943
6a7fab555a61570130937e3f,4,2,9.4375,181,0,24,30,0.7521203374674397
6a7fab555a61570130937e3f,3,2,9.294117647058824,181,0,18,23,0.6988289661423664
6a7fab555a61570130937e3f,2,3,9.11111111111111,181,0,12,17,0.558178997701107
6a7fab555a61570130937e3f,1,4,8.947368421052632,181,0,6,11,0.32867704463528885
6a7fab555a61570130937e43,19,0,9,142,1,114,133,0.9706941273737278
6a7fab555a61570130937e43,18,0,11.5,142,1,108,119,0.9873902096603442
6a7fab555a61570130937e43,17,0,10.666666666666666,142,1,102,110,0.9907539971588284
6a7fab555a61570130937e43,16,1,10.75,142,1,96,99,0.9922107816614046
6a7fab555a61570130937e43,15,1,11.8,142,1,90,83,0.9978614321231989
6a7fab555a61570130937e43,14,2,10.833333333333334,142,1,84,77,0.9957037534653929
6a7fab555a61570130937e43,13,3,10.285714285714286,142,1,78,70,0.9917883430824942
6a7fab555a61570130937e43,12,3,9.875,142,1,72,63,0.9947039420562069
6a7fab555a61570130937e43,11,3,9.666666666666666,142,1,66,55,0.9970736305595918
6a7fab555a61570130937e43,10,3,9.7,142,1,60,45,0.9988821381200419
6a7fab555a61570130937e43,9,3,10,142,1,54,32,0.9997893668376782
6a7fab555a61570130937e43,8,3,9.666666666666666,142,1,48,26,0.999917175468673
6a7fab555a61570130937e43,7,3,9.307692307692308,142,1,42,21,0.9999653764688701
6a7fab555a61570130937e43,6,4,9,142,1,36,16,0.999924658630148
6a7fab555a61570130937e43,5,4,8.866666666666667,142,1,30,9,0.9999901980411078
6a7fab555a61570130937e47,19,0,13,184,0,114,171,0.45653401739093846
6a7fab555a61570130937e47,18,0,13.5,184,0,108,157,0.5672751725296116
6a7fab555a61570130937e47,17,0,13,184,0,102,145,0.6382713070133742
6a7fab555a61570130937e47,16,0,12,184,0,96,136,0.6458189302629653
6a7fab555a61570130937e47,15,2,10,184,0,90,134,0.4815289448668473
6a7fab555a61570130937e47,14,2,8.833333333333334,184,0,84,131,0.34499402416708824
6a7fab555a61570130937e47,13,2,9.285714285714286,184,0,78,119,0.41533098318439393
6a7fab555a61570130937e47,12,3,9.375,184,0,72,109,0.437435934806261
6a7fab555a61570130937e47,11,3,8.777777777777779,184,0,66,105,0.31131675328399966
6a7fab555a61570130937e47,10,3,9.5,184,0,60,89,0.4998960253303033
6a7fab555a61570130937e47,9,3,9.090909090909092,184,0,54,84,0.38393128350918826
6a7fab555a61570130937e47,8,3,8.75,184,0,48,79,0.2670878999453583
6a7fab555a61570130937e47,7,3,8.76923076923077,184,0,42,70,0.25671086971193857
6a7fab555a61570130937e47,6,4,8.5,184,0,36,65,0.1466862622776118
6a7fab555a61570130937e47,5,4,8.6,184,0,30,55,0.14986381771641918
6a7fab555a61570130937e47,4,6,8.25,184,0,24,52,0.03924198769702774
6a7fab555a61570130937e47,3,6,8.294117647058824,184,0,18,43,0.02392590398043543
6a7fab555a61570130937e47,2,6,8.555555555555555,184,0,12,30,0.03672238195352467
6a7fab555a61570130937e47,1,6,8.526315789473685,184,0,6,22,0.00583866666709324
6a7fab555a61570130937e4b,19,0,8,177,1,114,169,0.49842719842351263
6a7fab555a61570130937e4b,18,0,10,177,1,108,157,0.5672751725296116
6a7fab555a61570130937e4b,17,0,11.666666666666666,177,1,102,142,0.7001529549563971
6a7fab555a61570130937e4b,16,0,12,177,1,96,129,0.7850350021850269
6a7fab555a61570130937e4b,15,1,10.2,177,1,90,126,0.6729986277957696
6a7fab555a61570130937e4b,14,1,10,177,1,84,117,0.6827022382889456
6a7fab555a61570130937e4b,13,1,9.857142857142858,177,1,78,108,0.6926864019457675
6a7fab555a61570130937e4b,12,1,9,177,1,72,105,0.5496653550842157
6a7fab555a61570130937e4b,11,1,9.666666666666666,177,1,66,90,0.7145388404971496
6a7fab555a61570130937e4b,10,1,10.1,177,1,60,76,0.8387271197266203
6a7fab555a61570130937e4b,9,1,9.636363636363637,177,1,54,71,0.7664295895024322
6a7fab555a61570130937e4b,8,1,9.583333333333334,177,1,48,62,0.7830315632210597
6a7fab555a61570130937e4b,7,2,9.461538461538462,177,1,42,54,0.7751455234657242
6a7fab555a61570130937e4b,6,2,9.071428571428571,177,1,36,50,0.6310247568798378
6a7fab555a61570130937e4b,5,2,8.933333333333334,177,1,30,43,0.565899202461917
6a7fab555a61570130937e4b,4,2,9.1875,177,1,24,30,0.7521203374674397
6a7fab555a61570130937e4b,3,2,9.411764705882353,177,1,18,17,0.9230020436732413
6a7fab555a61570130937e4b,2,2,9.5,177,1,12,6,0.9915909317891999
6a7fab555a61570130937e4f,19,1,7,154,1,114,147,0.865045518190916
6a7fab555a61570130937e4f,18,1,11.5,154,1,108,131,0.9365781747124036
6a7fab555a61570130937e4f,17,1,11,154,1,102,121,0.9524129829598311
6a7fab555a61570130937e4f,16,2,11,154,1,96,110,0.9578783125683648
6a7fab555a61570130937e4f,15,3,9.8,154,1,90,105,0.9276730192121964
6a7fab555a61570130937e4f,14,4,8.666666666666666,154,1,84,102,0.8591307416118648
6a7fab555a61570130937e4f,13,4,9.142857142857142,154,1,78,90,0.9106137485375477
6a7fab555a61570130937e4f,12,4,8.625,154,1,72,85,0.9012568435918547
6a7fab555a61570130937e4f,11,4,8.333333333333334,154,1,66,79,0.8920442410061199
6a7fab555a61570130937e4f,10,4,8.1,154,1,60,73,0.8739493491830989
6a7fab555a61570130937e4f,9,5,8.545454545454545,154,1,54,60,0.9192362463284209
6a7fab555a61570130937e4f,8,5,8.333333333333334,154,1,48,54,0.912625371267236
6a7fab555a61570130937e4f,7,5,8.307692307692308,154,1,42,46,0.9249034978030355
6a7fab555a61570130937e4f,6,7,8.428571428571429,154,1,36,36,0.8753664683219493
6a7fab555a61570130937e4f,5,7,8.2,154,1,30,31,0.8773181356172584
6a7fab555a61570130937e4f,4,7,8.1875,154,1,24,23,0.9150976693990619
6a7fab555a61570130937e4f,3,8,8.058823529411764,154,1,18,17,0.845460364182517
6a7fab555a61570130937e4f,2,8,8.222222222222221,154,1,12,6,0.9699461465503978
6a7fab555a61570130937e4f,1,8,8.263157894736842,154,1,6,-3,1
6a7fab555a61570130937e53,19,0,9,196,1,114,187,0.17399580299594936
6a7fab555a61570130937e53,18,1,9,196,1,108,178,0.16790281676693103
6a7fab555a61570130937e53,17,1,8.333333333333334,196,1,102,171,0.13842744253980016
6a7fab555a61570130937e53,16,1,7.75,196,1,96,165,0.10092785053290047
6a7fab555a61570130937e53,15,1,9,196,1,90,151,0.1528740217652766
6a7fab555a61570130937e53,14,1,9.666666666666666,196,1,84,138,0.20793224477643193
6a7fab555a61570130937e53,13,2,9.428571428571429,196,1,78,130,0.18397207705439847
6a7fab555a61570130937e53,12,3,9.375,196,1,72,121,0.1754807722839686
6a7fab555a61570130937e53,11,4,9.11111111111111,196,1,66,114,0.13469317905975195
6a7fab555a61570130937e53,10,4,9.6,196,1,60,100,0.21307678829688267
6a7fab555a61570130937e53,9,4,9.636363636363637,196,1,54,90,0.2266305055996831
6a7fab555a61570130937e53,8,4,10.166666666666666,196,1,48,74,0.4102078866153252
6a7fab555a61570130937e53,7,4,10.461538461538462,196,1,42,60,0.5818633165773411
6a7fab555a61570130937e53,6,4,10.571428571428571,196,1,36,48,0.7012863588656099
6a7fab555a61570130937e53,5,4,10.066666666666666,196,1,30,45,0.4829070487364191
6a7fab555a61570130937e53,4,5,9.625,196,1,24,42,0.23927230765287275
6a7fab555a61570130937e53,3,5,9.235294117647058,196,1,18,39,0.06454950025488806
6a7fab555a61570130937e53,2,5,9.277777777777779,196,1,12,29,0.049213631571864605
6a7fab555a61570130937e53,1,5,9.68421052631579,196,1,6,12,0.25762574411179373
6a7fab555a61570130937e57,19,0,6,158,1,114,152,0.8162264267890589
6a7fab555a61570130937e57,18,0,10,158,1,108,138,0.8891169250938534
6a7fab555a61570130937e57,17,0,9,158,1,102,131,0.8769589118957499
6a7fab555a61570130937e57,16,1,12.5,158,1,96,108,0.9763383379075403
6a7fab555a61570130937e57,15,1,11.8,158,1,90,99,0.9820547958466048
6a7fab555a61570130937e57,14,1,12,158,1,84,86,0.9931311829829667
6a7fab555a61570130937e57,13,1,11.285714285714286,158,1,78,79,0.993460604595868
6a7fab555a61570130937e57,12,1,11.75,158,1,72,64,0.9988789800411804
6a7fab555a61570130937e57,11,1,11.777777777777779,158,1,66,52,0.9997518169930051
6a7fab555a61570130937e57,10,1,11.4,158,1,60,44,0.9998829841339905
6a7fab555a61570130937e57,9,1,10.636363636363637,158,1,54,41,0.9996873956622705
6a7fab555a61570130937e57,8,1,10.333333333333334,158,1,48,34,0.9997755364999483
6a7fab555a61570130937e57,7,3,9.615384615384615,158,1,42,33,0.9979737433299409
6a7fab555a61570130937e57,6,3,9.142857142857142,158,1,36,30,0.9933661354240344
6a7fab555a61570130937e57,5,3,8.8,158,1,30,26,0.9835959421612593
6a7fab555a61570130937e57,4,3,8.625,158,1,24,20,0.9787454788750056
6a7fab555a61570130937e57,3,3,8.529411764705882,158,1,18,13,0.9826949240280611
6a7fab555a61570130937e57,2,3,8.944444444444445,158,1,12,-3,1
6a7fab555a61570130937e5b,19,1,2,199,0,114,197,0.07328948370774198
6a7fab555a61570130937e5b,18,1,1.5,199,0,108,196,0.029459299968682785
6a7fab555a61570130937e5b,17,1,3.3333333333333335,199,0,102,189,0.0208634233335712
6a7fab555a61570130937e5b,16,1,5.25,199,0,96,178,0.02382830566093108
6a7fab555a61570130937e5b,15,3,4.6,199,0,90,176,0.007665906985989361
6a7fab555a61570130937e5b,14,3,7.166666666666667,199,0,84,156,0.030529948887445275
6a7fab555a61570130937e5b,13,4,6.714285714285714,199,0,78,152,0.012846229781827237
6a7fab555a61570130937e5b,12,4,6.75,199,0,72,145,0.0077443081159544475
6a7fab555a61570130937e5b,11,4,7.888888888888889,199,0,66,128,0.02246781580064049
6a7fab555a61570130937e5b,10,4,8.8,199,0,60,111,0.060608153125816785
6a7fab555a61570130937e5b,9,4,9.090909090909092,199,0,54,99,0.08033778147213688
6a7fab555a61570130937e5b,8,4,8.75,199,0,48,94,0.03836773040533548
6a7fab555a61570130937e5b,7,4,8.846153846153847,199,0,42,84,0.03657543962651147
6a7fab555a61570130937e5b,6,4,8.642857142857142,199,0,36,78,0.0153581577527816
6a7fab555a61570130937e5b,5,4,8.6,199,0,30,70,0.007793222635657746
6a7fab555a61570130937e5b,4,5,8.625,199,0,24,61,0.0040411857065341256
6a7fab555a61570130937e5b,3,5,8.647058823529411,199,0,18,52,0.001480123333166024
6a7fab555a61570130937e5b,2,5,9,199,0,12,37,0.0032659203902902266
6a7fab555a61570130937e5b,1,5,9.31578947368421,199,0,6,22,0.005838666701806213
6a7fab555a61570130937e5f,19,0,4,169,1,114,165,0.5821774224788857
6a7fab555a61570130937e5f,18,0,7.5,169,1,108,154,0.6307484229750414
6a7fab555a61570130937e5f,17,0,9,169,1,102,142,0.7001529549563971
6a7fab555a61570130937e5f,16,0,10.25,169,1,96,128,0.8021146702500769
6a7fab555a61570130937e5f,15,0,9.4,169,1,90,122,0.7586302611988636
6a7fab555a61570130937e5f,14,0,10.166666666666666,169,1,84,108,0.8554715257535038
6a7fab555a61570130937e5f,13,0,10.285714285714286,169,1,78,97,0.8940958098316103
6a7fab555a61570130937e5f,12,0,10.125,169,1,72,88,0.9052731843343572
6a7fab555a61570130937e5f,11,1,9.88888888888889,169,1,66,80,0.9041559388645222
6a7fab555a61570130937e5f,10,2,9.8,169,1,60,71,0.9160760175695657
6a7fab555a61570130937e5f,9,3,10,169,1,54,59,0.9566474766524972
6a7fab555a61570130937e5f,8,3,9.583333333333334,169,1,48,54,0.9314755387744166
6a7fab555a61570130937e5f,7,3,9,169,1,42,52,0.8267467638521188
6a7fab555a61570130937e5f,6,3,9.785714285714286,169,1,36,32,0.9874411770063662
6a7fab555a61570130937e5f,5,3,9.866666666666667,169,1,30,21,0.9975808849174396
6a7fab555a61570130937e5f,4,3,10,169,1,24,9,0.9999673462034182
6a7fab555a61570130937e5f,3,3,9.647058823529411,169,1,18,5,0.9999652233177934
6a7fab555a61570130937e63,19,0,4,183,0,114,179,0.2992151489642789
6a7fab555a61570130937e63,18,0,7.5,183,0,108,168,0.335194101558027
6a7fab555a61570130937e63,17,0,8.333333333333334,183,0,102,158,0.3539555243641034
6a7fab555a61570130937e63,16,1,7.5,183,0,96,153,0.27102167794046805
6a7fab555a61570130937e63,15,2,8,183,0,90,143,0.28394370363642873
6a7fab555a61570130937e63,14,2,8,183,0,84,135,0.261281351779957
6a7fab555a61570130937e63,13,3,7.285714285714286,183,0,78,132,0.15125076217679148
6a7fab555a61570130937e63,12,4,8.125,183,0,72,118,0.2232525180364149
6a7fab555a61570130937e63,11,5,8.88888888888889,183,0,66,103,0.334755395486149
6a7fab555a61570130937e63,10,5,9.2,183,0,60,91,0.4187454827676331
6a7fab555a61570130937e63,9,5,8.727272727272727,183,0,54,87,0.2910605592982417
6a7fab555a61570130937e63,8,5,8.833333333333334,183,0,48,77,0.3150314994087345
6a7fab555a61570130937e63,7,6,8.538461538461538,183,0,42,72,0.19677635548999045
6a7fab555a61570130937e63,6,6,8.642857142857142,183,0,36,62,0.2111292931358979
6a7fab555a61570130937e63,5,6,8.266666666666667,183,0,30,59,0.07758672433769066
6a7fab555a61570130937e63,4,7,8.1875,183,0,24,52,0.03846412543474291
6a7fab555a61570130937e63,3,7,8.117647058823529,183,0,18,45,0.013680666733825246
6a7fab555a61570130937e63,2,7,8.277777777777779,183,0,12,34,0.009957355506590675
6a7fab555a61570130937e63,1,7,8.157894736842104,183,0,6,28,0.00019288597941207668
6a7fab555a61570130937e67,19,0,20,181,1,114,161,0.6627671941271067
6a7fab555a61570130937e67,18,1,17,181,1,108,147,0.7550162159757831
6a7fab555a61570130937e67,17,1,12.666666666666666,181,1,102,143,0.67394796078687
6a7fab555a61570130937e67,16,1,13.25,181,1,96,128,0.7971695547983765
6a7fab555a61570130937e67,15,1,13,181,1,90,116,0.8555644237924066
6a7fab555a61570130937e67,14,1,13.666666666666666,181,1,84,99,0.9491256553884432
6a7fab555a61570130937e67,13,1,13.714285714285714,181,1,78,85,0.9807809401312992
6a7fab555a61570130937e67,12,1,13,181,1,72,77,0.9827038311763805
6a7fab555a61570130937e67,11,1,12.444444444444445,181,1,66,69,0.9845649537845486
6a7fab555a61570130937e67,10,1,12.1,181,1,60,60,0.9891627871948423
6a7fab555a61570130937e67,9,1,12,181,1,54,49,0.9959170520988789
6a7fab555a61570130937e67,8,2,12.75,181,1,48,28,0.999970207607506
6a7fab555a61570130937e67,7,2,12.153846153846153,181,1,42,23,0.9999778188355202
6a7fab555a61570130937e67,6,5,11.642857142857142,181,1,36,18,0.9992463719698762
6a7fab555a61570130937e67,5,6,11.533333333333333,181,1,30,8,0.9994355822255032
6a7fab555a61570130937e67,4,6,11.0625,181,1,24,4,0.9998729997255972
6a7fab555a61570130937e6b,19,0,23,178,0,114,155,0.7704976971791322
6a7fab555a61570130937e6b,18,0,17,178,0,108,144,0.8125499688775368
6a7fab555a61570130937e6b,17,0,15.666666666666666,178,0,102,131,0.8769589118957499
6a7fab555a61570130937e6b,16,0,15.25,178,0,96,117,0.9352311386322821
6a7fab555a61570130937e6b,15,1,12.6,178,0,90,115,0.869145862292493
6a7fab555a61570130937e6b,14,1,11.166666666666666,178,0,84,111,0.804351014422684
6a7fab555a61570130937e6b,13,1,10.857142857142858,178,0,78,102,0.8166406119603297
6a7fab555a61570130937e6b,12,1,10.5,178,0,72,94,0.8109409216680308
6a7fab555a61570130937e6b,11,2,9.777777777777779,178,0,66,90,0.7131733365540592
6a7fab555a61570130937e6b,10,3,8.9,178,0,60,89,0.4998960253303033
6a7fab555a61570130937e6b,9,3,8.545454545454545,178,0,54,84,0.38393128350918826
6a7fab555a61570130937e6b,8,3,7.916666666666667,178,0,48,83,0.17502109987990255
6a7fab555a61570130937e6b,7,4,7.384615384615385,178,0,42,82,0.05116574544071177
6a7fab555a61570130937e6b,6,4,7.285714285714286,178,0,36,76,0.02306573184127137
6a7fab555a61570130937e6b,5,5,7,178,0,30,73,0.0036469629925431272
6a7fab555a61570130937e6b,4,5,6.8125,178,0,24,69,0.00032690768209140894
6a7fab555a61570130937e6b,3,5,6.9411764705882355,178,0,18,60,0.00006752234925434553
6a7fab555a61570130937e6b,2,5,7.277777777777778,178,0,12,47,0.00003477003325111791
6a7fab555a61570130937e6b,1,5,7.315789473684211,178,0,6,39,4.732788278600835e-8
6a7fab555a61570130937e6f,19,0,10,224,0,114,214,0.011071523251815004
6a7fab555a61570130937e6f,18,1,11,224,0,108,202,0.01420632178192988
6a7fab555a61570130937e6f,17,1,12.666666666666666,224,0,102,186,0.0300392745684357
6a7fab555a61570130937e6f,16,1,12,224,0,96,176,0.030517777980261458
6a7fab555a61570130937e6f,15,1,10.8,224,0,90,170,0.01837221139564525
6a7fab555a61570130937e6f,14,1,9.666666666666666,224,0,84,166,0.007534933018073874
6a7fab555a61570130937e6f,13,1,10.142857142857142,224,0,78,153,0.011454709291851915
6a7fab555a61570130937e6f,12,1,9.375,224,0,72,149,0.004001969824641811
6a7fab555a61570130937e6f,11,1,9.11111111111111,224,0,66,142,0.002032505846258748
6a7fab555a61570130937e6f,10,1,9.9,224,0,60,125,0.006693379128541896
6a7fab555a61570130937e6f,9,1,9.363636363636363,224,0,54,121,0.001740296097473495
6a7fab555a61570130937e6f,8,1,9.833333333333334,224,0,48,106,0.0041167438955176895
6a7fab555a61570130937e6f,7,2,10,224,0,42,94,0.005155802263386489
6a7fab555a61570130937e6f,6,2,9.785714285714286,224,0,36,87,0.0019006302328486656
6a7fab555a61570130937e6f,5,2,10.133333333333333,224,0,30,72,0.004727715353638887
6a7fab555a61570130937e6f,4,2,10.1875,224,0,24,61,0.00404167691469582
6a7fab555a61570130937e6f,3,4,9.588235294117647,224,0,18,61,0.00004413359196007672
6a7fab555a61570130937e6f,2,5,9.777777777777779,224,0,12,48,0.00002061798841455112
6a7fab555a61570130937e6f,1,5,10.263157894736842,224,0,6,29,0.00009937550400704548
6a7fab555a61570130937e73,19,1,6,205,0,114,199,0.06037738029210427
6a7fab555a61570130937e73,18,1,5,205,0,108,195,0.03302698479314043
6a7fab555a61570130937e73,17,1,6,205,0,102,187,0.026660409149243423
6a7fab555a61570130937e73,16,1,7.5,205,0,96,175,0.03441793925169413
6a7fab555a61570130937e73,15,1,8.2,205,0,90,164,0.03945457277491473
6a7fab555a61570130937e73,14,1,8.666666666666666,205,0,84,153,0.04526526954573577
6a7fab555a61570130937e73,13,2,9,205,0,78,142,0.05183276071888517
6a7fab555a61570130937e73,12,2,9.125,205,0,72,132,0.052677970071869494
6a7fab555a61570130937e73,11,2,9.555555555555555,205,0,66,119,0.07790580145973267
6a7fab555a61570130937e73,10,2,8.9,205,0,60,116,0.030042906228317703
6a7fab555a61570130937e73,9,2,8.545454545454545,205,0,54,111,0.012477355057823663
6a7fab555a61570130937e73,8,2,8.166666666666666,205,0,48,107,0.003327017593913827
6a7fab555a61570130937e73,7,2,8.076923076923077,205,0,42,100,0.0012765981933153736
6a7fab555a61570130937e73,6,3,7.857142857142857,205,0,36,95,0.00020990287755828291
6a7fab555a61570130937e73,5,3,8.133333333333333,205,0,30,83,0.00019807360185632836
6a7fab555a61570130937e73,4,4,7.8125,205,0,24,80,0.0000050207638924713935
6a7fab555a61570130937e73,3,6,7.588235294117647,205,0,18,76,2.7169506048430064e-8
6a7fab555a61570130937e73,2,6,7.611111111111111,205,0,12,68,5.2143542582092286e-11
6a7fab555a61570130937e73,1,6,7.7368421052631575,205,0,6,58,1.3640315420997362e-15
6a7fab555a61570130937e77,19,2,7,159,1,114,152,0.7746882762377075
6a7fab555a61570130937e77,18,2,8,159,1,108,143,0.7945248370957199
6a7fab555a61570130937e77,17,2,9,159,1,102,132,0.8394355843804202
6a7fab555a61570130937e77,16,2,9,159,1,96,123,0.8564169519809115
6a7fab555a61570130937e77,15,2,8.4,159,1,90,117,0.8315032907137395
6a7fab555a61570130937e77,14,2,8.833333333333334,159,1,84,106,0.874249354250178
6a7fab555a61570130937e77,13,2,9.571428571428571,159,1,78,92,0.9391696812761361
6a7fab555a61570130937e77,12,3,10.25,159,1,72,77,0.9734616364260193
6a7fab555a61570130937e77,11,3,10.222222222222221,159,1,66,67,0.9846043817147002
6a7fab555a61570130937e77,10,3,9.8,159,1,60,61,0.9832517096240574
6a7fab555a61570130937e77,9,3,9.636363636363637,159,1,54,53,0.9868354112532272
6a7fab555a61570130937e77,8,3,9.333333333333334,159,1,48,47,0.9836108643438611
6a7fab555a61570130937e77,7,3,9.307692307692308,159,1,42,38,0.9902828439213139
6a7fab555a61570130937e77,6,3,9.285714285714286,159,1,36,29,0.9953030356178634
6a7fab555a61570130937e77,5,3,9.266666666666667,159,1,30,20,0.9984774587209708
6a7fab555a61570130937e77,4,3,9.125,159,1,24,13,0.9992613391716143
6a7fab555a61570130937e77,3,3,9.176470588235293,159,1,18,3,0.9999985186149282
6a7fab555a61570130937e7b,19,0,5,152,1,114,147,0.8786550457181486
6a7fab555a61570130937e7b,18,1,4.5,152,1,108,143,0.8172121683204372
6a7fab555a61570130937e7b,17,2,5,152,1,102,137,0.7676324701776225
6a7fab555a61570130937e7b,16,3,5.25,152,1,96,131,0.703818103949871
6a7fab555a61570130937e7b,15,3,7.6,152,1,90,114,0.8480820796676108
6a7fab555a61570130937e7b,14,3,10,152,1,84,92,0.961700137808261
6a7fab555a61570130937e7b,13,3,9.142857142857142,152,1,78,88,0.9532428723864601
6a7fab555a61570130937e7b,12,3,9,152,1,72,80,0.9604863063950747
6a7fab555a61570130937e7b,11,3,8.222222222222221,152,1,66,78,0.9203045493618316
6a7fab555a61570130937e7b,10,3,8.2,152,1,60,70,0.9243445733805317
6a7fab555a61570130937e7b,9,3,8.727272727272727,152,1,54,56,0.9754344925645757
6a7fab555a61570130937e7b,8,5,8.416666666666666,152,1,48,51,0.943271742244973
6a7fab555a61570130937e7b,7,5,8.538461538461538,152,1,42,41,0.9694100259331175
6a7fab555a61570130937e7b,6,5,8.642857142857142,152,1,36,31,0.9870336310829013
6a7fab555a61570130937e7b,5,5,8.533333333333333,152,1,30,24,0.9902681656852284
6a7fab555a61570130937e7b,4,5,8.625,152,1,24,14,0.9983535179431142
6a7fab555a61570130937e7b,3,5,8.705882352941176,152,1,18,4,0.9999812035924671
6a7fab555a61570130937e7f,19,0,16,171,1,114,155,0.7704976971791322
6a7fab555a61570130937e7f,18,0,14.5,171,1,108,142,0.8410470200600447
6a7fab555a61570130937e7f,17,0,13,171,1,102,132,0.8647163905441276
6a7fab555a61570130937e7f,16,0,15,171,1,96,111,0.9701333890499335
6a7fab555a61570130937e7f,15,0,14.2,171,1,90,100,0.9820954415878782
6a7fab555a61570130937e7f,14,1,12.666666666666666,171,1,84,95,0.9711093576750778
6a7fab555a61570130937e7f,13,1,12.285714285714286,171,1,78,85,0.9807809401312992
6a7fab555a61570130937e7f,12,1,12.125,171,1,72,74,0.9902629234829432
6a7fab555a61570130937e7f,11,3,11,171,1,66,72,0.9663549538610015
6a7fab555a61570130937e7f,10,3,10.6,171,1,60,65,0.9657809921708838
6a7fab555a61570130937e7f,9,3,9.909090909090908,171,1,54,62,0.9278948703476929
6a7fab555a61570130937e7f,8,5,10.166666666666666,171,1,48,49,0.9577466018109201
6a7fab555a61570130937e7f,7,5,10.23076923076923,171,1,42,38,0.9826171961253247
6a7fab555a61570130937e7f,6,5,10.714285714285714,171,1,36,21,0.9986659934317009
6a7fab555a61570130937e7f,5,6,10.666666666666666,171,1,30,11,0.9987662143910766
6a7fab555a61570130937e7f,4,6,10.625,171,1,24,1,0.9999885424695281
6a7fab555a61570130937e83,19,0,5,177,0,114,172,0.43578753853547614
6a7fab555a61570130937e83,18,0,7.5,177,0,108,162,0.4591501228359549
6a7fab555a61570130937e83,17,0,9.333333333333334,177,0,102,149,0.5507308229933352
6a7fab555a61570130937e83,16,0,7.75,177,0,96,146,0.4180145970576088
6a7fab555a61570130937e83,15,1,7.4,177,0,90,140,0.3493513035413206
6a7fab555a61570130937e83,14,1,7.5,177,0,84,132,0.3253595774413745
6a7fab555a61570130937e83,13,1,7.285714285714286,177,0,78,126,0.2579888803183892
6a7fab555a61570130937e83,12,1,6.875,177,0,72,122,0.16125168985982347
6a7fab555a61570130937e83,11,1,7.555555555555555,177,0,66,109,0.22465693395956715
6a7fab555a61570130937e83,10,1,7.2,177,0,60,105,0.12859450969719385
6a7fab555a61570130937e83,9,2,7,177,0,54,100,0.07068970464479923
6a7fab555a61570130937e83,8,2,7.333333333333333,177,0,48,89,0.08170080263869055
6a7fab555a61570130937e83,7,2,7.538461538461538,177,0,42,79,0.0818030763309348
6a7fab555a61570130937e83,6,2,8.142857142857142,177,0,36,63,0.1913250023932047
6a7fab555a61570130937e83,5,2,8.333333333333334,177,0,30,52,0.22783255935278118
6a7fab555a61570130937e83,4,2,8.5625,177,0,24,40,0.31268827276058153
6a7fab555a61570130937e83,3,2,8.647058823529411,177,0,18,30,0.33753155521713046
6a7fab555a61570130937e83,2,2,8.666666666666666,177,0,12,21,0.31152017622655653
6a7fab555a61570130937e83,1,3,8.368421052631579,177,0,6,18,0.03537943477589973
6a7fab555a61570130937e87,19,0,5,162,1,114,157,0.7367991639289307
6a7fab555a61570130937e87,18,0,6.5,162,1,108,149,0.7289510424152248
6a7fab555a61570130937e87,17,0,6.666666666666667,162,1,102,142,0.7001529549563971
6a7fab555a61570130937e87,16,0,7,162,1,96,134,0.6886346452733977
6a7fab555a61570130937e87,15,0,8.4,162,1,90,120,0.7955720112192918
6a7fab555a61570130937e87,14,0,9.5,162,1,84,105,0.895675368225782
6a7fab555a61570130937e87,13,0,9.714285714285714,162,1,78,94,0.9273561714403348
6a7fab555a61570130937e87,12,0,9.875,162,1,72,83,0.9533010625288142
6a7fab555a61570130937e87,11,1,9.444444444444445,162,1,66,77,0.937482686734349
6a7fab555a61570130937e87,10,2,9.2,162,1,60,70,0.9277115952679238
6a7fab555a61570130937e87,9,2,9.909090909090908,162,1,54,53,0.9881929460338952
6a7fab555a61570130937e87,8,2,9.833333333333334,162,1,48,44,0.9927955063560506
6a7fab555a61570130937e87,7,3,10.153846153846153,162,1,42,30,0.9993051986005765
6a7fab555a61570130937e87,6,3,10.214285714285714,162,1,36,19,0.9999444041104071
6a7fab555a61570130937e87,5,5,9.666666666666666,162,1,30,17,0.9991064055471225
6a7fab555a61570130937e87,4,5,9.5,162,1,24,10,0.999806268007945
6a7fab555a61570130937e87,3,5,9.294117647058824,162,1,18,4,0.9999812035924671
6a7fab555a61570130937e8b,19,0,14,171,0,114,157,0.7367991639289307
6a7fab555a61570130937e8b,18,0,9,171,0,108,153,0.6512964200505271
6a7fab555a61570130937e8b,17,1,9.666666666666666,171,0,102,142,0.6939065440990935
6a7fab555a61570130937e8b,16,1,9.25,171,0,96,134,0.6843571699965773
6a7fab555a61570130937e8b,15,1,8,171,0,90,131,0.5583226068190821
6a7fab555a61570130937e8b,14,1,7.833333333333333,171,0,84,124,0.5149270818510049
6a7fab555a61570130937e8b,13,1,8.428571428571429,171,0,78,112,0.5954725902770284
6a7fab555a61570130937e8b,12,2,8.375,171,0,72,104,0.5744266292676214
6a7fab555a61570130937e8b,11,3,7.666666666666667,171,0,66,102,0.38675823693041306
6a7fab555a61570130937e8b,10,4,7,171,0,60,101,0.19342538942258689
6a7fab555a61570130937e8b,9,4,7.636363636363637,171,0,54,87,0.29884503391530987
6a7fab555a61570130937e8b,8,4,8.5,171,0,48,69,0.5714198539221709
6a7fab555a61570130937e8b,7,5,8.538461538461538,171,0,42,60,0.5757030264912355
6a7fab555a61570130937e8b,6,6,8.642857142857142,171,0,36,50,0.611640382217854
6a7fab555a61570130937e8b,5,6,8.933333333333334,171,0,30,37,0.7801522683558222
6a7fab555a61570130937e8b,4,6,8.875,171,0,24,29,0.7847741776136051
6a7fab555a61570130937e8b,3,6,8.647058823529411,171,0,18,24,0.6470437721952774
6a7fab555a61570130937e8b,2,6,8.777777777777779,171,0,12,13,0.8012089117248734
6a7fab555a61570130937e8b,1,6,8.789473684210526,171,0,6,4,0.9060397750987319
6a7fab555a61570130937e8f,19,0,7,129,1,114,122,0.9910594298665347
6a7fab555a61570130937e8f,18,1,7.5,129,1,108,114,0.9869576724578879
6a7fab555a61570130937e8f,17,2,7.666666666666667,129,1,102,106,0.9792787324172532
6a7fab555a61570130937e8f,16,3,7.75,129,1,96,98,0.9652179847687175
6a7fab555a61570130937e8f,15,4,7,129,1,90,94,0.9285662909840048
6a7fab555a61570130937e8f,14,5,6.833333333333333,129,1,84,88,0.8702905080832594
6a7fab555a61570130937e8f,13,5,6.571428571428571,129,1,78,83,0.8860611908418452
6a7fab555a61570130937e8f,12,5,7,129,1,72,73,0.9217497795584212
6a7fab555a61570130937e8f,11,5,7,129,1,66,66,0.9402748663902495
6a7fab555a61570130937e8f,10,5,7.2,129,1,60,57,0.9618608432616511
6a7fab555a61570130937e8f,9,5,7.363636363636363,129,1,54,48,0.9779502891178309
6a7fab555a61570130937e8f,8,5,7.333333333333333,129,1,48,41,0.9859314116034794
6a7fab555a61570130937e8f,7,6,7.461538461538462,129,1,42,32,0.9775695998182794
6a7fab555a61570130937e8f,6,7,7.857142857142857,129,1,36,19,0.9728338432776301
6a7fab555a61570130937e8f,5,7,8.066666666666666,129,1,30,8,0.9952734096540737
6a7fab555a61570130937e8f,4,7,7.9375,129,1,24,2,0.9994871798827345
6a7fab555a61570130937e93,19,0,9,171,0,114,162,0.6431121232791293
6a7fab555a61570130937e93,18,0,10.5,171,0,108,150,0.7103179506901026
6a7fab555a61570130937e93,17,0,10.333333333333334,171,0,102,140,0.7387229657491015
6a7fab555a61570130937e93,16,1,9.25,171,0,96,134,0.6843571699965773
6a7fab555a61570130937e93,15,3,8.8,171,0,90,127,0.6242044215710233
6a7fab555a61570130937e93,14,3,9.333333333333334,171,0,84,115,0.704746070439851
6a7fab555a61570130937e93,13,4,8.285714285714286,171,0,78,113,0.5360133618403424
6a7fab555a61570130937e93,12,4,7.875,171,0,72,108,0.44997450119617305
6a7fab555a61570130937e93,11,5,7.666666666666667,171,0,66,102,0.35853856108667687
6a7fab555a61570130937e93,10,5,7.5,171,0,60,96,0.29146658065925657
6a7fab555a61570130937e93,9,5,7.818181818181818,171,0,54,85,0.34322763210362645
6a7fab555a61570130937e93,8,5,8,171,0,48,75,0.3728359824159542
6a7fab555a61570130937e93,7,5,8.461538461538462,171,0,42,61,0.541348012744904
6a7fab555a61570130937e93,6,6,8.071428571428571,171,0,36,58,0.3276553080458457
6a7fab555a61570130937e93,5,6,8.6,171,0,30,42,0.5976328021789205
6a7fab555a61570130937e93,4,7,8.4375,171,0,24,36,0.46804893583313656
6a7fab555a61570130937e93,3,7,8.352941176470589,171,0,18,29,0.3804151732690785
6a7fab555a61570130937e93,2,7,8.555555555555555,171,0,12,17,0.5561683610105421
6a7fab555a61570130937e93,1,8,8.368421052631579,171,0,6,12,0.2564162361765735
6a7fab555a61570130937e97,19,0,12,201,0,114,189,0.14903918519401274
6a7fab555a61570130937e97,18,0,13,201,0,108,175,0.21249121092520992
6a7fab555a61570130937e97,17,0,13.666666666666666,201,0,102,160,0.31386089225367814
6a7fab555a61570130937e97,16,0,12.75,201,0,96,150,0.3316094675655459
6a7fab555a61570130937e97,15,0,11.2,201,0,90,145,0.24949538502777446
6a7fab555a61570130937e97,14,0,10.833333333333334,201,0,84,136,0.24435597692573444
6a7fab555a61570130937e97,13,1,10.285714285714286,201,0,78,129,0.20163131922139432
6a7fab555a61570130937e97,12,1,11,201,0,72,113,0.34196773772826
6a7fab555a61570130937e97,11,1,10.444444444444445,201,0,66,107,0.26712019543950505
6a7fab555a61570130937e97,10,1,10.4,201,0,60,97,0.2835519070591906
6a7fab555a61570130937e97,9,1,10.090909090909092,201,0,54,90,0.22865756860775982
6a7fab555a61570130937e97,8,1,10.083333333333334,201,0,48,80,0.24205972925829256
6a7fab555a61570130937e97,7,1,9.692307692307692,201,0,42,75,0.14273200141896764
6a7fab555a61570130937e97,6,2,9.357142857142858,201,0,36,70,0.06870880108519611
6a7fab555a61570130937e97,5,2,9.4,201,0,30,60,0.0655477585710629
6a7fab555a61570130937e97,4,3,9.375,201,0,24,51,0.048813436642985805
6a7fab555a61570130937e97,3,4,9.588235294117647,201,0,18,38,0.08073345474621602
6a7fab555a61570130937e97,2,4,9.444444444444445,201,0,12,31,0.027038174798606204
6a7fab555a61570130937e97,1,4,9.421052631578947,201,0,6,22,0.005838666701822086
6a7fab555a61570130937e9b,19,0,7,191,1,114,184,0.2163083076127084
6a7fab555a61570130937e9b,18,0,9.5,191,1,108,172,0.2614406037864973
6a7fab555a61570130937e9b,17,0,8.666666666666666,191,1,102,165,0.22405496548312767
6a7fab555a61570130937e9b,16,0,9,191,1,96,155,0.23635058111531324
6a7fab555a61570130937e9b,15,0,8.2,191,1,90,150,0.16729616755439816
6a7fab555a61570130937e9b,14,0,8.333333333333334,191,1,84,141,0.16090056531820934
6a7fab555a61570130937e9b,13,1,8.142857142857142,191,1,78,134,0.1265525435379089
6a7fab555a61570130937e9b,12,1,8.25,191,1,72,125,0.11901146211587849
6a7fab555a61570130937e9b,11,1,8.333333333333334,191,1,66,116,0.11080870811549491
6a7fab555a61570130937e9b,10,1,8.8,191,1,60,103,0.16002338821475137
6a7fab555a61570130937e9b,9,1,9.818181818181818,191,1,54,83,0.41423405823019305
6a7fab555a61570130937e9b,8,1,9.916666666666666,191,1,48,72,0.47663406130513475
6a7fab555a61570130937e9b,7,2,9.461538461538462,191,1,42,68,0.3140692508650513
6a7fab555a61570130937e9b,6,2,9.785714285714286,191,1,36,54,0.48070476588411915
6a7fab555a61570130937e9b,5,2,9.666666666666666,191,1,30,46,0.4422226321714662
6a7fab555a61570130937e9b,4,2,10.0625,191,1,24,30,0.7521203374674397
6a7fab555a61570130937e9b,3,2,10.176470588235293,191,1,18,18,0.8972618024501068
6a7fab555a61570130937e9b,2,4,9.777777777777779,191,1,12,15,0.6868416809038442
6a7fab555a61570130937e9b,1,4,9.736842105263158,191,1,6,6,0.767588273879158
6a7fab555a61570130937e9f,19,0,9,199,0,114,190,0.1375337902455262
6a7fab555a61570130937e9f,18,1,7,199,0,108,185,0.09241850514338729
6a7fab555a61570130937e9f,17,1,5.666666666666667,199,0,102,182,0.04737025774292322
6a7fab555a61570130937e9f,16,1,6.25,199,0,96,174,0.03872726343950136
6a7fab555a61570130937e9f,15,1,6.6,199,0,90,166,0.03088012833578147
6a7fab555a61570130937e9f,14,1,7.333333333333333,199,0,84,155,0.03534192754807211
6a7fab555a61570130937e9f,13,1,8.285714285714286,199,0,78,141,0.0586746011402986
6a7fab555a61570130937e9f,12,3,8.125,199,0,72,134,0.04039637596862646
6a7fab555a61570130937e9f,11,3,7.555555555555555,199,0,66,131,0.014272137687572406
6a7fab555a61570130937e9f,10,3,7.8,199,0,60,121,0.013476794025608358
6a7fab555a61570130937e9f,9,3,7.181818181818182,199,0,54,120,0.0021531296788556316
6a7fab555a61570130937e9f,8,3,7.333333333333333,199,0,48,111,0.0013633016481180943
6a7fab555a61570130937e9f,7,3,7.538461538461538,199,0,42,101,0.000995878406647116
6a7fab555a61570130937e9f,6,4,7.357142857142857,199,0,36,96,0.00015585296378667167
6a7fab555a61570130937e9f,5,4,7.733333333333333,199,0,30,83,0.00019806979573983616
6a7fab555a61570130937e9f,4,5,7.6875,199,0,24,76,0.00002518281026144625
6a7fab555a61570130937e9f,3,5,7.470588235294118,199,0,18,72,2.3430237088674743e-7
6a7fab555a61570130937e9f,2,5,7.388888888888889,199,0,12,66,2.2884680176758452e-10
6a7fab555a61570130937e9f,1,5,7.526315789473684,199,0,6,56,9.232367825484816e-15
6a7fab555a61570130937ea3,19,0,8,183,0,114,175,0.3750106613991015
6a7fab555a61570130937ea3,18,0,5,183,0,108,173,0.24447565749928296
6a7fab555a61570130937ea3,17,0,5.333333333333333,183,0,102,167,0.19291078430935138
6a7fab555a61570130937ea3,16,0,5.5,183,0,96,161,0.14616740429156344
6a7fab555a61570130937ea3,15,1,6.2,183,0,90,152,0.13978068820418058
6a7fab555a61570130937ea3,14,1,7,183,0,84,141,0.16060452417498908
6a7fab555a61570130937ea3,13,2,7.714285714285714,183,0,78,129,0.2008058070419239
6a7fab555a61570130937ea3,12,2,8.625,183,0,72,114,0.31737519969176464
6a7fab555a61570130937ea3,11,3,8.555555555555555,183,0,66,106,0.2878025895288193
6a7fab555a61570130937ea3,10,3,8.3,183,0,60,100,0.2155631215548059
6a7fab555a61570130937ea3,9,3,8.181818181818182,183,0,54,93,0.16713952555203287
6a7fab555a61570130937ea3,8,3,8.5,183,0,48,81,0.2180589701062236
6a7fab555a61570130937ea3,7,3,9.307692307692308,183,0,42,62,0.5133006628944426
6a7fab555a61570130937ea3,6,3,9.285714285714286,183,0,36,53,0.5183928819247127
6a7fab555a61570130937ea3,5,3,9.066666666666666,183,0,30,47,0.4022987177403209
6a7fab555a61570130937ea3,4,3,8.75,183,0,24,43,0.2070141197294862
6a7fab555a61570130937ea3,3,3,8.705882352941176,183,0,18,35,0.1488337500521598
6a7fab555a61570130937ea3,2,4,8.722222222222221,183,0,12,26,0.10914743870789637
6a7fab555a61570130937ea3,1,4,8.842105263157896,183,0,6,15,0.10626025634381536
6a7fab555a61570130937ea7,19,0,3,195,0,114,192,0.11643239793775131
6a7fab555a61570130937ea7,18,0,9,195,0,108,177,0.18320122294779403
6a7fab555a61570130937ea7,17,0,11.333333333333334,195,0,102,161,0.2946345890719546
6a7fab555a61570130937ea7,16,0,11.5,195,0,96,149,0.3525101385993723
6a7fab555a61570130937ea7,15,0,9.6,195,0,90,147,0.21417134857634132
6a7fab555a61570130937ea7,14,0,9.833333333333334,195,0,84,136,0.24435597692573444
6a7fab555a61570130937ea7,13,1,10,195,0,78,125,0.27856048930491933
6a7fab555a61570130937ea7,12,2,10.875,195,0,72,108,0.46814634696448426
6a7fab555a61570130937ea7,11,2,10.777777777777779,195,0,66,98,0.49828668636689577
6a7fab555a61570130937ea7,10,2,10,195,0,60,95,0.3334971341251269
6a7fab555a61570130937ea7,9,2,9.272727272727273,195,0,54,93,0.16738710791087685
6a7fab555a61570130937ea7,8,2,8.916666666666666,195,0,48,88,0.09377174222300697
6a7fab555a61570130937ea7,7,2,8.384615384615385,195,0,42,86,0.025682947243008646
6a7fab555a61570130937ea7,6,3,8,195,0,36,83,0.005067183362940878
6a7fab555a61570130937ea7,5,4,8.066666666666666,195,0,30,74,0.0027995744424981
6a7fab555a61570130937ea7,4,4,8.25,195,0,24,63,0.002248895854562433
6a7fab555a61570130937ea7,3,4,7.823529411764706,195,0,18,62,0.00002859908804012169
6a7fab555a61570130937ea7,2,4,8.5,195,0,12,42,0.00039408882097740873
6a7fab555a61570130937ea7,1,5,8.263157894736842,195,0,6,38,1.069882924405192e-7
6a7fab555a61570130937eab,19,0,7,188,0,114,181,0.26429774707085496
6a7fab555a61570130937eab,18,0,8.5,188,0,108,171,0.2790248410879608
6a7fab555a61570130937eab,17,0,6.666666666666667,188,0,102,168,0.17842710556160435
6a7fab555a61570130937eab,16,0,5.5,188,0,96,166,0.09196196534729563
6a7fab555a61570130937eab,15,1,5.6,188,0,90,160,0.06254709179707729
6a7fab555a61570130937eab,14,1,6.833333333333333,188,0,84,147,0.08934962405992818
6a7fab555a61570130937eab,13,1,6.857142857142857,188,0,78,140,0.0660332312393378
6a7fab555a61570130937eab,12,1,6.5,188,0,72,136,0.031051242757584637
6a7fab555a61570130937eab,11,1,6.666666666666667,188,0,66,128,0.022847404361008516
6a7fab555a61570130937eab,10,1,6.7,188,0,60,121,0.013503036805400626
6a7fab555a61570130937eab,9,2,6.7272727272727275,188,0,54,114,0.0071824926467909216
6a7fab555a61570130937eab,8,2,7.166666666666667,188,0,48,102,0.009264538884916778
6a7fab555a61570130937eab,7,2,7.384615384615385,188,0,42,92,0.007918842441084331
6a7fab555a61570130937eab,6,2,7.285714285714286,188,0,36,86,0.0024473708300999986
6a7fab555a61570130937eab,5,2,6.933333333333334,188,0,30,84,0.00014338732155105147
6a7fab555a61570130937eab,4,3,6.75,188,0,24,80,0.000005020766845958387
6a7fab555a61570130937eab,3,3,6.705882352941177,188,0,18,74,8.110196277168037e-8
6a7fab555a61570130937eab,2,3,6.666666666666667,188,0,12,68,5.2143545098056896e-11
6a7fab555a61570130937eab,1,3,6.7368421052631575,188,0,6,60,2.0019145624802056e-16
6a7fab555a61570130937eaf,19,1,15,188,0,114,173,0.4087072677457137
6a7fab555a61570130937eaf,18,1,10,188,0,108,168,0.33143496229283775
6a7fab555a61570130937eaf,17,1,8.666666666666666,188,0,102,162,0.27388958863540913
6a7fab555a61570130937eaf,16,1,7.75,188,0,96,157,0.20220752468855366
6a7fab555a61570130937eaf,15,1,6.8,188,0,90,154,0.11601191246691885
6a7fab555a61570130937eaf,14,1,6.333333333333333,188,0,84,150,0.06434498044618725
6a7fab555a61570130937eaf,13,1,6.285714285714286,188,0,78,144,0.04048325175187019
6a7fab555a61570130937eaf,12,1,7,188,0,72,132,0.05277120750297547
6a7fab555a61570130937eaf,11,2,6.555555555555555,188,0,66,129,0.01960301502743229
6a7fab555a61570130937eaf,10,2,7,188,0,60,118,0.022042466902986647
6a7fab555a61570130937eaf,9,3,7.090909090909091,188,0,54,110,0.014875827319145484
6a7fab555a61570130937eaf,8,5,7,188,0,48,104,0.006161766957178951
6a7fab555a61570130937eaf,7,5,6.923076923076923,188,0,42,98,0.002061234210751355
6a7fab555a61570130937eaf,6,6,7.285714285714286,188,0,36,86,0.0024191317972236392
6a7fab555a61570130937eaf,5,7,7.333333333333333,188,0,30,78,0.0008882889161968696
6a7fab555a61570130937eaf,4,7,7.0625,188,0,24,75,0.000036795067016525104
6a7fab555a61570130937eaf,3,7,7.647058823529412,188,0,18,58,0.00015365007500293466
6a7fab555a61570130937eaf,2,7,7.888888888888889,188,0,12,46,0.00005791243442453687
6a7fab555a61570130937eaf,1,7,8.105263157894736,188,0,6,34,0.000002754091798063096
6a7fab555a61570130937eb3,19,0,11,182,1,114,171,0.45653401739093846
6a7fab555a61570130937eb3,18,0,11.5,182,1,108,159,0.5240545818167843
6a7fab555a61570130937eb3,17,0,9.333333333333334,182,1,102,154,0.4393234361058474
6a7fab555a61570130937eb3,16,0,10.5,182,1,96,140,0.5556438629400843
6a7fab555a61570130937eb3,15,0,9.8,182,1,90,133,0.5128359619138071
6a7fab555a61570130937eb3,14,0,9.166666666666666,182,1,84,127,0.4423719114969384
6a7fab555a61570130937eb3,13,0,10.571428571428571,182,1,78,108,0.6937920080375111
6a7fab555a61570130937eb3,12,1,9.625,182,1,72,105,0.5496653550842157
6a7fab555a61570130937eb3,11,1,9.11111111111111,182,1,66,100,0.44373069490713835
6a7fab555a61570130937eb3,10,1,8.6,182,1,60,96,0.3081616699341954
6a7fab555a61570130937eb3,9,1,8.454545454545455,182,1,54,89,0.2517500268542682
6a7fab555a61570130937eb3,8,1,8.083333333333334,182,1,48,85,0.1381944237218186
6a7fab555a61570130937eb3,7,1,8.538461538461538,182,1,42,71,0.23054661192482195
6a7fab555a61570130937eb3,6,1,8.785714285714286,182,1,36,59,0.30423967442663635
6a7fab555a61570130937eb3,5,1,9,182,1,30,47,0.4023115317815245
6a7fab555a61570130937eb3,4,1,9.375,182,1,24,32,0.668715322860522
6a7fab555a61570130937eb3,3,1,9.058823529411764,182,1,18,28,0.43643040794674043
6a7fab555a61570130937eb3,2,2,9.055555555555555,182,1,12,19,0.42902150219205804
6a7fab555a61570130937eb3,1,3,9.263157894736842,182,1,6,6,0.767588273879158
6a7fab555a61570130937eb7,19,1,11,200,0,114,189,0.14704592241317044
6a7fab555a61570130937eb7,18,1,9,200,0,108,182,0.1208537746692375
6a7fab555a61570130937eb7,17,1,8.333333333333334,200,0,102,175,0.09663669024107559
6a7fab555a61570130937eb7,16,1,7,200,0,96,172,0.048694206786626434
6a7fab555a61570130937eb7,15,2,6.8,200,0,90,166,0.030665839313553198
6a7fab555a61570130937eb7,14,2,7,200,0,84,158,0.02381070265194355
6a7fab555a61570130937eb7,13,2,6.857142857142857,200,0,78,152,0.013294030295726447
6a7fab555a61570130937eb7,12,2,8.375,200,0,72,133,0.0463456781696971
6a7fab555a61570130937eb7,11,2,8.555555555555555,200,0,66,123,0.046623273172025324
6a7fab555a61570130937eb7,10,2,8.3,200,0,60,117,0.025778244119344106
6a7fab555a61570130937eb7,9,2,7.7272727272727275,200,0,54,115,0.005930624432931595
6a7fab555a61570130937eb7,8,2,8.583333333333334,200,0,48,97,0.023277131695824304
6a7fab555a61570130937eb7,7,3,8.615384615384615,200,0,42,88,0.017674641175126505
6a7fab555a61570130937eb7,6,3,8.5,200,0,36,81,0.00802167186469112
6a7fab555a61570130937eb7,5,3,8.533333333333333,200,0,30,72,0.004727698637041065
6a7fab555a61570130937eb7,4,4,8.375,200,0,24,66,0.0008849333790019873
6a7fab555a61570130937eb7,3,5,9.235294117647058,200,0,18,43,0.02393738452681411
6a7fab555a61570130937eb7,2,5,9.277777777777779,200,0,12,33,0.014083348605925852
6a7fab555a61570130937eb7,1,5,9.157894736842104,200,0,6,26,0.0006596169939824723
6a7fab555a61570130937ebb,19,0,19,171,1,114,152,0.8162264267890589
6a7fab555a61570130937ebb,18,0,12.5,171,1,108,146,0.7811466915290319
6a7fab555a61570130937ebb,17,1,10.666666666666666,171,1,102,139,0.7503201130273823
6a7fab555a61570130937ebb,16,1,10,171,1,96,131,0.7439020707114087
6a7fab555a61570130937ebb,15,1,10.8,171,1,90,117,0.8410800622266992
6a7fab555a61570130937ebb,14,1,11.166666666666666,171,1,84,104,0.9049008874175724
6a7fab555a61570130937ebb,13,2,10.857142857142858,171,1,78,95,0.9114554435444306
6a7fab555a61570130937ebb,12,2,12.125,171,1,72,74,0.988338199726734
6a7fab555a61570130937ebb,11,2,12,171,1,66,63,0.9949503268248661
6a7fab555a61570130937ebb,10,2,11.5,171,1,60,56,0.9953951989004433
6a7fab555a61570130937ebb,9,3,11,171,1,54,50,0.9932549201813532
6a7fab555a61570130937ebb,8,3,11.25,171,1,48,36,0.9991681461333438
6a7fab555a61570130937ebb,7,3,11.461538461538462,171,1,42,22,0.9999545031964086
6a7fab555a61570130937ebb,6,4,11,171,1,36,17,0.9999018186175898
6a7fab555a61570130937ebb,5,4,10.866666666666667,171,1,30,8,0.9999934426757732
6a7fab555a61570130937ebf,19,0,8,183,0,114,175,0.3750106613991015
6a7fab555a61570130937ebf,18,0,8.5,183,0,108,166,0.37511023571214375
6a7fab555a61570130937ebf,17,0,9.666666666666666,183,0,102,154,0.4393234361058474
6a7fab555a61570130937ebf,16,1,8.5,183,0,96,149,0.350563978802874
6a7fab555a61570130937ebf,15,1,9.6,183,0,90,135,0.4633716784150393
6a7fab555a61570130937ebf,14,1,9.166666666666666,183,0,84,128,0.41722430904078867
6a7fab555a61570130937ebf,13,1,8.571428571428571,183,0,78,123,0.32214340439584843
6a7fab555a61570130937ebf,12,2,8.25,183,0,72,117,0.25145931219796847
6a7fab555a61570130937ebf,11,2,8.222222222222221,183,0,66,109,0.22434436500604116
6a7fab555a61570130937ebf,10,2,8.2,183,0,60,101,0.1962272890765268
6a7fab555a61570130937ebf,9,3,7.636363636363637,183,0,54,99,0.08078654455517437
6a7fab555a61570130937ebf,8,3,8,183,0,48,87,0.10710376304108907
6a7fab555a61570130937ebf,7,3,8.461538461538462,183,0,42,73,0.18310207012588892
6a7fab555a61570130937ebf,6,3,8.285714285714286,183,0,36,67,0.11014371140990023
6a7fab555a61570130937ebf,5,3,8.066666666666666,183,0,30,62,0.045017423379449625
6a7fab555a61570130937ebf,4,3,8.75,183,0,24,43,0.2070141197294862
6a7fab555a61570130937ebf,3,3,8.705882352941176,183,0,18,35,0.1488337500521598
6a7fab555a61570130937ebf,2,3,8.61111111111111,183,0,12,28,0.06506411398148189
6a7fab555a61570130937ebf,1,3,8.947368421052632,183,0,6,13,0.19669328568145164
6a7fab555a61570130937ec3,19,0,4,147,1,114,143,0.9162753923954124
6a7fab555a61570130937ec3,18,0,6.5,147,1,108,134,0.9256835213796574
6a7fab555a61570130937ec3,17,0,8.333333333333334,147,1,102,122,0.9539107104663943
6a7fab555a61570130937ec3,16,0,7.75,147,1,96,116,0.9426097162589337
6a7fab555a61570130937ec3,15,0,9.2,147,1,90,101,0.9790565843833274
6a7fab555a61570130937ec3,14,0,9.5,147,1,84,90,0.9883585477057468
6a7fab555a61570130937ec3,13,1,8.571428571428571,147,1,78,87,0.9732736644433669
6a7fab555a61570130937ec3,12,1,8.5,147,1,72,79,0.9752761469533728
6a7fab555a61570130937ec3,11,1,8.666666666666666,147,1,66,69,0.9845649537845486
6a7fab555a61570130937ec3,10,1,8.8,147,1,60,59,0.9913859046889576
6a7fab555a61570130937ec3,9,1,8.545454545454545,147,1,54,53,0.9885038814591316
6a7fab555a61570130937ec3,8,1,9.166666666666666,147,1,48,37,0.9992654578376414
6a7fab555a61570130937ec3,7,1,9,147,1,42,30,0.9994440062959291
6a7fab555a61570130937ec3,6,1,8.857142857142858,147,1,36,23,0.9996443037863376
6a7fab555a61570130937ec3,5,1,8.6,147,1,30,18,0.9994651524101555
6a7fab555a61570130937ec3,4,1,8.875,147,1,24,5,0.9999997764103404
6a7fab555a61570130937ec7,19,0,13,168,1,114,155,0.7704976971791322
6a7fab555a61570130937ec7,18,0,14,168,1,108,140,0.8665668259345295
6a7fab555a61570130937ec7,17,0,11.666666666666666,168,1,102,133,0.851678931977168
6a7fab555a61570130937ec7,16,0,10.5,168,1,96,126,0.8338220567074006
6a7fab555a61570130937ec7,15,1,10,168,1,90,118,0.825695620739061
6a7fab555a61570130937ec7,14,1,9.5,168,1,84,111,0.804351014422684
6a7fab555a61570130937ec7,13,1,9.714285714285714,168,1,78,100,0.8502272749617531
6a7fab555a61570130937ec7,12,1,9.875,168,1,72,89,0.8917403910509202
6a7fab555a61570130937ec7,11,2,9.222222222222221,168,1,66,85,0.8227576214978727
6a7fab555a61570130937ec7,10,2,8.6,168,1,60,82,0.7004616084270716
6a7fab555a61570130937ec7,9,2,8.727272727272727,168,1,54,72,0.7405675004268601
6a7fab555a61570130937ec7,8,2,8.75,168,1,48,63,0.7566486040331151
6a7fab555a61570130937ec7,7,3,8.923076923076923,168,1,42,52,0.8267467638521188
6a7fab555a61570130937ec7,6,3,9.357142857142858,168,1,36,37,0.952856733462098
6a7fab555a61570130937ec7,5,3,9.533333333333333,168,1,30,25,0.9882673504532562
6a7fab555a61570130937ec7,4,3,9.6875,168,1,24,13,0.9992613391716143
6a7fab555a61570130937ec7,3,4,9.470588235294118,168,1,18,7,0.9996680820354911
6a7fab555a61570130937ecb,19,0,18,186,1,114,168,0.5194579567177472
6a7fab555a61570130937ecb,18,0,12,186,1,108,162,0.4591501228359549
6a7fab555a61570130937ecb,17,0,12,186,1,102,150,0.5283912934846393
6a7fab555a61570130937ecb,16,0,12,186,1,96,138,0.6012975913412169
6a7fab555a61570130937ecb,15,0,10.4,186,1,90,134,0.488950769503071
6a7fab555a61570130937ecb,14,0,10.833333333333334,186,1,84,121,0.5901523831610104
6a7fab555a61570130937ecb,13,0,10.142857142857142,186,1,78,115,0.5196955956625088
6a7fab555a61570130937ecb,12,0,9.875,186,1,72,107,0.49660555931595135
6a7fab555a61570130937ecb,11,0,9.444444444444445,186,1,66,101,0.41667001785030633
6a7fab555a61570130937ecb,10,1,9.3,186,1,60,93,0.3875765892284975
6a7fab555a61570130937ecb,9,1,9.454545454545455,186,1,54,82,0.444286210339837
6a7fab555a61570130937ecb,8,1,9.833333333333334,186,1,48,68,0.6071832141472395
6a7fab555a61570130937ecb,7,1,9.384615384615385,186,1,42,64,0.4440073661114647
6a7fab555a61570130937ecb,6,1,9.214285714285714,186,1,36,57,0.37125807534776734
6a7fab555a61570130937ecb,5,1,9,186,1,30,51,0.25858223351222387
6a7fab555a61570130937ecb,4,1,9.25,186,1,24,38,0.39580757746382067
6a7fab555a61570130937ecb,3,1,10,186,1,18,16,0.9440130939248207
6a7fab555a61570130937ecb,2,3,9.555555555555555,186,1,12,14,0.7466846525544946
6a7fab555a61570130937ecb,1,4,9.31578947368421,186,1,6,9,0.49821636117809404
6a7fab555a61570130937ecf,19,0,15,213,0,114,198,0.06738196299410833
6a7fab555a61570130937ecf,18,0,9.5,213,0,108,194,0.03723663606244558
6a7fab555a61570130937ecf,17,1,8.333333333333334,213,0,102,188,0.023610136523369515
6a7fab555a61570130937ecf,16,1,8,213,0,96,181,0.016159680316741504
6a7fab555a61570130937ecf,15,1,8.4,213,0,90,171,0.01603795321451117
6a7fab555a61570130937ecf,14,1,7.666666666666667,213,0,84,167,0.006447578493641157
6a7fab555a61570130937ecf,13,1,7,213,0,78,164,0.0018154037146150379
6a7fab555a61570130937ecf,12,1,6.5,213,0,72,161,0.0003925498400069985
6a7fab555a61570130937ecf,11,1,6.222222222222222,213,0,66,157,0.00007833902878281864
6a7fab555a61570130937ecf,10,1,6.3,213,0,60,150,0.0000251702548188265
6a7fab555a61570130937ecf,9,2,6.636363636363637,213,0,54,140,0.00001541712037049081
6a7fab555a61570130937ecf,8,2,7.166666666666667,213,0,48,127,0.000020600087675404913
6a7fab555a61570130937ecf,7,3,7.230769230769231,213,0,42,119,0.000005465441574110537
6a7fab555a61570130937ecf,6,3,8.142857142857142,213,0,36,99,0.00006198961129065081
6a7fab555a61570130937ecf,5,3,8.4,213,0,30,87,0.00005258495654978896
6a7fab555a61570130937ecf,4,3,8.875,213,0,24,71,0.00016260287787324935
6a7fab555a61570130937ecf,3,3,8.588235294117647,213,0,18,67,0.000002875512138671446
6a7fab555a61570130937ecf,2,3,8.444444444444445,213,0,12,61,7.801003696586673e-9
6a7fab555a61570130937ecf,1,3,8.578947368421053,213,0,6,50,2.5950521214451497e-12
6a7fab555a61570130937ed3,19,0,4,156,0,114,152,0.8162264267890589
6a7fab555a61570130937ed3,18,2,4,156,0,108,148,0.7167819192756404
6a7fab555a61570130937ed3,17,2,5,156,0,102,141,0.6976533363196029
6a7fab555a61570130937ed3,16,3,5.25,156,0,96,135,0.6273450065420333
6a7fab555a61570130937ed3,15,4,5.6,156,0,90,128,0.5627029532934605
6a7fab555a61570130937ed3,14,4,8.166666666666666,156,0,84,107,0.8013941064184104
6a7fab555a61570130937ed3,13,4,7.857142857142857,156,0,78,101,0.7852768584715942
6a7fab555a61570130937ed3,12,4,7.5,156,0,72,96,0.7377718037714054
6a7fab555a61570130937ed3,11,4,7.777777777777778,156,0,66,86,0.7812648465375811
6a7fab555a61570130937ed3,10,5,7.7,156,0,60,79,0.7299301779574221
6a7fab555a61570130937ed3,9,5,7.909090909090909,156,0,54,69,0.781824004746225
6a7fab555a61570130937ed3,8,5,7.833333333333333,156,0,48,62,0.7640202015200793
6a7fab555a61570130937ed3,7,5,7.384615384615385,156,0,42,60,0.5757030264912355
6a7fab555a61570130937ed3,6,6,7,156,0,36,58,0.3276553080458457
6a7fab555a61570130937ed3,5,6,7.066666666666666,156,0,30,50,0.2877628297473643
6a7fab555a61570130937ed3,4,6,7.1875,156,0,24,41,0.27331837339732573
6a7fab555a61570130937ed3,3,6,7,156,0,18,37,0.09989650706669156
6a7fab555a61570130937ed3,2,6,7.166666666666667,156,0,12,27,0.08484732937937331
6a7fab555a61570130937ed3,1,6,7.315789473684211,156,0,6,17,0.0522440338857626
6a7fab555a61570130937ed7,19,0,18,167,1,114,149,0.8557813269952906
6a7fab555a61570130937ed7,18,0,12,167,1,108,143,0.8271681173513395
6a7fab555a61570130937ed7,17,1,11.666666666666666,167,1,102,132,0.8573322525326695
6a7fab555a61570130937ed7,16,2,11.75,167,1,96,120,0.890083617237525
6a7fab555a61570130937ed7,15,2,12,167,1,90,107,0.9377617271586771
6a7fab555a61570130937ed7,14,2,13.166666666666666,167,1,84,88,0.9858237669891042
6a7fab555a61570130937ed7,13,2,13.142857142857142,167,1,78,75,0.9947085150554564
6a7fab555a61570130937ed7,12,3,13.125,167,1,72,62,0.9951702506828881
6a7fab555a61570130937ed7,11,4,12.666666666666666,167,1,66,53,0.9917607474398619
6a7fab555a61570130937ed7,10,4,12.5,167,1,60,42,0.9967759988537077
6a7fab555a61570130937ed7,9,4,12.636363636363637,167,1,54,28,0.9993743789128046
6a7fab555a61570130937ed7,8,4,11.75,167,1,48,26,0.9995316218168935
6a7fab555a61570130937ed7,7,4,11.615384615384615,167,1,42,16,0.9999286950911793
6a7fab555a61570130937ed7,6,4,11.571428571428571,167,1,36,5,0.9999984014734469
6a7fab555a61570130937edb,19,0,11,197,1,114,186,0.18745223394951233
6a7fab555a61570130937edb,18,1,8.5,197,1,108,180,0.14303566340926258
6a7fab555a61570130937edb,17,1,8,197,1,102,173,0.11616430572943694
6a7fab555a61570130937edb,16,1,7.75,197,1,96,166,0.09157970693708921
6a7fab555a61570130937edb,15,1,6.8,197,1,90,163,0.04443415597033137
6a7fab555a61570130937edb,14,1,7.5,197,1,84,152,0.051028281709945916
6a7fab555a61570130937edb,13,2,8.142857142857142,197,1,78,140,0.06582160881883217
6a7fab555a61570130937edb,12,2,8.625,197,1,72,128,0.08533892086937887
6a7fab555a61570130937edb,11,2,8.444444444444445,197,1,66,121,0.06065772170218375
6a7fab555a61570130937edb,10,3,9,197,1,60,107,0.10158043697875328
6a7fab555a61570130937edb,9,3,9.090909090909092,197,1,54,97,0.10454291099186946
6a7fab555a61570130937edb,8,4,9.666666666666666,197,1,48,81,0.21725443675807807
6a7fab555a61570130937edb,7,4,9.538461538461538,197,1,42,73,0.18280072154366128
6a7fab555a61570130937edb,6,4,9.357142857142858,197,1,36,66,0.12742570996662558
6a7fab555a61570130937edb,5,4,9.6,197,1,30,53,0.19940043157048662
6a7fab555a61570130937edb,4,4,10.25,197,1,24,33,0.6240495133473819
6a7fab555a61570130937edb,3,4,9.941176470588236,197,1,18,28,0.4364273309188948
6a7fab555a61570130937edb,2,5,10.11111111111111,197,1,12,15,0.6868344103442239
6a7fab555a61570130937edb,1,5,10.157894736842104,197,1,6,4,0.9060435103417244
6a7fab555a61570130937edf,19,0,19,168,1,114,149,0.8557813269952906
6a7fab555a61570130937edf,18,0,10.5,168,1,108,147,0.7643999416398053
6a7fab555a61570130937edf,17,0,8.333333333333334,168,1,102,143,0.6800091418011696
6a7fab555a61570130937edf,16,0,12.5,168,1,96,118,0.9271431140287705
6a7fab555a61570130937edf,15,0,13.8,168,1,90,99,0.9847467389158137
6a7fab555a61570130937edf,14,0,12.333333333333334,168,1,84,94,0.9770158688598389
6a7fab555a61570130937edf,13,0,12.428571428571429,168,1,78,81,0.9914315636940416
6a7fab555a61570130937edf,12,0,12,168,1,72,72,0.9939983285021133
6a7fab555a61570130937edf,11,0,12.555555555555555,168,1,66,55,0.9995760580007832
6a7fab555a61570130937edf,10,0,12.5,168,1,60,43,0.9999419577143875
6a7fab555a61570130937edf,9,0,11.818181818181818,168,1,54,38,0.9999118808458639
6a7fab555a61570130937edf,8,0,11.666666666666666,168,1,48,28,0.999988102710162
6a7fab555a61570130937edf,7,1,11.461538461538462,168,1,42,19,0.9999986364435411
6a7fab555a61570130937edf,6,1,11.071428571428571,168,1,36,13,0.9999996295148568
6a7fab555a61570130937edf,5,2,10.866666666666667,168,1,30,5,0.9999999878991463
6a7fab555a61570130937ee3,19,1,5,213,0,114,208,0.022888320013861995
6a7fab555a61570130937ee3,18,1,8,213,0,108,197,0.026222629596016116
6a7fab555a61570130937ee3,17,1,7,213,0,102,192,0.014209905726442578
6a7fab555a61570130937ee3,16,2,10.25,213,0,96,172,0.04816104081144128
6a7fab555a61570130937ee3,15,2,9.2,213,0,90,167,0.027034644168655305
6a7fab555a61570130937ee3,14,2,7.833333333333333,213,0,84,166,0.0075084051572000925
6a7fab555a61570130937ee3,13,2,7.714285714285714,213,0,78,159,0.0043579209721295205
6a7fab555a61570130937ee3,12,2,9.25,213,0,72,139,0.020192853163845212
6a7fab555a61570130937ee3,11,2,9.333333333333334,213,0,66,129,0.01960301502743229
6a7fab555a61570130937ee3,10,2,9.2,213,0,60,121,0.01349874782746856
6a7fab555a61570130937ee3,9,2,8.818181818181818,213,0,54,116,0.004878905693877966
6a7fab555a61570130937ee3,8,2,8.75,213,0,48,108,0.0026780494379108526
6a7fab555a61570130937ee3,7,3,8.461538461538462,213,0,42,103,0.000598166844165127
6a7fab555a61570130937ee3,6,3,8.571428571428571,213,0,36,93,0.0003751193427285622
6a7fab555a61570130937ee3,5,3,8.6,213,0,30,84,0.00014338718237833276
6a7fab555a61570130937ee3,4,4,8.375,213,0,24,79,0.0000075887448568696165
6a7fab555a61570130937ee3,3,4,8.117647058823529,213,0,18,75,4.713304104972713e-8
6a7fab555a61570130937ee3,2,4,8,213,0,12,69,2.4574195890712275e-11
6a7fab555a61570130937ee3,1,5,8.31578947368421,213,0,6,55,2.3876449492930753e-14
6a7fab555a61570130937ee7,19,1,6,177,1,114,171,0.4492436226803659
6a7fab555a61570130937ee7,18,1,5,177,1,108,167,0.3509135449654409
6a7fab555a61570130937ee7,17,1,5.333333333333333,177,1,102,161,0.29234259203344054
6a7fab555a61570130937ee7,16,1,8.5,177,1,96,143,0.48350693681820534
6a7fab555a61570130937ee7,15,2,9,177,1,90,132,0.5284663118192501
6a7fab555a61570130937ee7,14,2,11.333333333333334,177,1,84,109,0.8312937200261807
6a7fab555a61570130937ee7,13,4,10.571428571428571,177,1,78,103,0.7510178284324045
6a7fab555a61570130937ee7,12,4,10.25,177,1,72,95,0.7576595549754611
6a7fab555a61570130937ee7,11,4,10.444444444444445,177,1,66,83,0.8357055651007235
6a7fab555a61570130937ee7,10,4,10.2,177,1,60,75,0.8414588330831251
6a7fab555a61570130937ee7,9,4,9.818181818181818,177,1,54,69,0.8042446218265199
6a7fab555a61570130937ee7,8,4,9.583333333333334,177,1,48,62,0.7782036671135893
6a7fab555a61570130937ee7,7,5,9.538461538461538,177,1,42,53,0.7911977156002159
6a7fab555a61570130937ee7,6,5,9.928571428571429,177,1,36,38,0.9356953640285925
6a7fab555a61570130937ee7,5,5,10.066666666666666,177,1,30,26,0.9817823541708423
6a7fab555a61570130937ee7,4,5,10,177,1,24,17,0.9931763641104827
6a7fab555a61570130937ee7,3,5,9.941176470588236,177,1,18,8,0.9991469659182862
6a7fab555a61570130937ee7,2,5,9.833333333333334,177,1,12,0,1
6a7fab555a61570130937eeb,19,1,8,191,0,114,183,0.22836294626841633
6a7fab555a61570130937eeb,18,1,8.5,191,0,108,174,0.22576326861592716
6a7fab555a61570130937eeb,17,1,8.666666666666666,191,0,102,165,0.22240316937722987
6a7fab555a61570130937eeb,16,1,8,191,0,96,159,0.1723093003257271
6a7fab555a61570130937eeb,15,1,8.2,191,0,90,150,0.16678836847356318
6a7fab555a61570130937eeb,14,1,9.333333333333334,191,0,84,135,0.2630752844355428
6a7fab555a61570130937eeb,13,2,8.571428571428571,191,0,78,131,0.16808607328454048
6a7fab555a61570130937eeb,12,2,8.5,191,0,72,123,0.14583049795622857
6a7fab555a61570130937eeb,11,2,8.444444444444445,191,0,66,115,0.12362532417330835
6a7fab555a61570130937eeb,10,2,8.9,191,0,60,102,0.1774574803255172
6a7fab555a61570130937eeb,9,2,8.818181818181818,191,0,54,94,0.14971694308114097
6a7fab555a61570130937eeb,8,3,8.583333333333334,191,0,48,88,0.09371924299195267
6a7fab555a61570130937eeb,7,3,8.307692307692308,191,0,42,83,0.04341067596969048
6a7fab555a61570130937eeb,6,3,8.357142857142858,191,0,36,74,0.033920637159341266
6a7fab555a61570130937eeb,5,3,9,191,0,30,56,0.1286860469987
6a7fab555a61570130937eeb,4,4,8.6875,191,0,24,52,0.039352786369844295
6a7fab555a61570130937eeb,3,5,8.588235294117647,191,0,18,45,0.013763234467575968
6a7fab555a61570130937eeb,2,5,8.61111111111111,191,0,12,36,0.0047985306214070565
6a7fab555a61570130937eeb,1,5,8.578947368421053,191,0,6,28,0.00019288611439154254
6a7fab555a61570130937eef,19,0,9,202,0,114,193,0.10681350219149563
6a7fab555a61570130937eef,18,0,6,202,0,108,190,0.05717207038930367
6a7fab555a61570130937eef,17,0,5.333333333333333,202,0,102,186,0.030193323199731135
6a7fab555a61570130937eef,16,1,6.25,202,0,96,177,0.026997401278248467
6a7fab555a61570130937eef,15,2,6.8,202,0,90,168,0.02377548906725857
6a7fab555a61570130937eef,14,3,7.5,202,0,84,157,0.026812364659399207
6a7fab555a61570130937eef,13,3,7.142857142857143,202,0,78,152,0.01318325881519079
6a7fab555a61570130937eef,12,3,7.625,202,0,72,141,0.014871233197822197
6a7fab555a61570130937eef,11,3,8,202,0,66,130,0.016725686545312164
6a7fab555a61570130937eef,10,3,8.5,202,0,60,117,0.02573019681022332
6a7fab555a61570130937eef,9,4,8.363636363636363,202,0,54,110,0.01481643680580221
6a7fab555a61570130937eef,8,4,8.666666666666666,202,0,48,98,0.01947398136238586
6a7fab555a61570130937eef,7,5,8.76923076923077,202,0,42,88,0.01756761600357673
6a7fab555a61570130937eef,6,5,8.857142857142858,202,0,36,78,0.015324229500939892
6a7fab555a61570130937eef,5,5,8.866666666666667,202,0,30,69,0.009908669116404277
6a7fab555a61570130937eef,4,5,8.6875,202,0,24,63,0.00224868078710432
6a7fab555a61570130937eef,3,5,8.588235294117647,202,0,18,56,0.00033920526185624483
6a7fab555a61570130937eef,2,5,8.38888888888889,202,0,12,51,0.000003995254545526436
6a7fab555a61570130937eef,1,5,8.842105263157896,202,0,6,34,0.0000027540923772460963
6a7fab555a61570130937ef3,19,1,6,183,1,114,177,0.33108764897687026
6a7fab555a61570130937ef3,18,1,5,183,1,108,173,0.2418831278058493
6a7fab555a61570130937ef3,17,1,10,183,1,102,153,0.4574996030014092
6a7fab555a61570130937ef3,16,1,10.25,183,1,96,142,0.5064342832749904
6a7fab555a61570130937ef3,15,1,9,183,1,90,138,0.3937935989289303
6a7fab555a61570130937ef3,14,3,7.833333333333333,183,1,84,136,0.23754155973123037
6a7fab555a61570130937ef3,13,3,8.285714285714286,183,1,78,125,0.27351581930660346
6a7fab555a61570130937ef3,12,3,8,183,1,72,119,0.21035774803266466
6a7fab555a61570130937ef3,11,4,7.444444444444445,183,1,66,116,0.10840337884368105
6a7fab555a61570130937ef3,10,5,8.2,183,1,60,101,0.18643208681329151
6a7fab555a61570130937ef3,9,5,8.909090909090908,183,1,54,85,0.34322763210362645
6a7fab555a61570130937ef3,8,6,8.833333333333334,183,1,48,77,0.2976148454605864
6a7fab555a61570130937ef3,7,7,8.923076923076923,183,1,42,67,0.2901016220474496
6a7fab555a61570130937ef3,6,7,9.285714285714286,183,1,36,53,0.45994690658763654
6a7fab555a61570130937ef3,5,7,9.733333333333333,183,1,30,37,0.7372756911028137
6a7fab555a61570130937ef3,4,7,9.6875,183,1,24,28,0.794098979590873
6a7fab555a61570130937ef3,3,8,9.176470588235293,183,1,18,27,0.44263622498831817
6a7fab555a61570130937ef3,2,9,9.166666666666666,183,1,12,18,0.359310523461509
6a7fab555a61570130937ef3,1,9,8.947368421052632,183,1,6,13,0.1761062066288007
6a7fab555a61570130937ef7,19,0,10,198,0,114,188,0.16119176997563744
6a7fab555a61570130937ef7,18,0,9.5,198,0,108,179,0.1566652419290904
6a7fab555a61570130937ef7,17,0,11.333333333333334,198,0,102,164,0.24069328121045377
6a7fab555a61570130937ef7,16,0,9.75,198,0,96,159,0.1731295727088793
6a7fab555a61570130937ef7,15,2,8.4,198,0,90,156,0.09454710924394108
6a7fab555a61570130937ef7,14,3,9.166666666666666,198,0,84,143,0.13034575631138043
6a7fab555a61570130937ef7,13,3,9.142857142857142,198,0,78,134,0.12457566621420144
6a7fab555a61570130937ef7,12,3,8.75,198,0,72,128,0.08472107440862661
6a7fab555a61570130937ef7,11,3,9,198,0,66,117,0.09832852765074984
6a7fab555a61570130937ef7,10,3,8.7,198,0,60,111,0.061166613335852646
6a7fab555a61570130937ef7,9,4,9.090909090909092,198,0,54,98,0.09155225697016617
6a7fab555a61570130937ef7,8,4,8.833333333333334,198,0,48,92,0.05250715989840002
6a7fab555a61570130937ef7,7,4,9.153846153846153,198,0,42,79,0.08167976325342018
6a7fab555a61570130937ef7,6,5,9.071428571428571,198,0,36,71,0.05786411818337515
6a7fab555a61570130937ef7,5,5,9.466666666666667,198,0,30,56,0.12848602736973155
6a7fab555a61570130937ef7,4,6,9.375,198,0,24,48,0.08864484287527273
6a7fab555a61570130937ef7,3,6,9.176470588235293,198,0,18,42,0.031105225900363916
6a7fab555a61570130937ef7,2,7,9.222222222222221,198,0,12,32,0.01962336183394656
6a7fab555a61570130937ef7,1,7,9,198,0,6,27,0.00035908883250548775
6a7fab555a61570130937efb,19,0,3,193,0,114,190,0.1375337902455262
6a7fab555a61570130937efb,18,1,3,193,0,108,187,0.07648809505322664
6a7fab555a61570130937efb,17,1,6,193,0,102,175,0.09663669024107559
6a7fab555a61570130937efb,16,2,5.5,193,0,96,171,0.05380705365142075
6a7fab555a61570130937efb,15,3,6.4,193,0,90,161,0.05431591074885702
6a7fab555a61570130937efb,14,3,7,193,0,84,151,0.056204953480419276
6a7fab555a61570130937efb,13,3,6.857142857142857,193,0,78,145,0.035130155212900825
6a7fab555a61570130937efb,12,3,7.125,193,0,72,136,0.030815710828753753
6a7fab555a61570130937efb,11,4,7.444444444444445,193,0,66,126,0.03016017545623022
6a7fab555a61570130937efb,10,4,7.2,193,0,60,121,0.013381671275258805
6a7fab555a61570130937efb,9,4,6.818181818181818,193,0,54,118,0.0032539302496619633
6a7fab555a61570130937efb,8,4,7.333333333333333,193,0,48,105,0.005063686494546958
6a7fab555a61570130937efb,7,4,7.846153846153846,193,0,42,91,0.009738313116160795
6a7fab555a61570130937efb,6,4,7.857142857142857,193,0,36,83,0.005066090497349272
6a7fab555a61570130937efb,5,4,8,193,0,30,73,0.0036488735737802303
6a7fab555a61570130937efb,4,4,7.8125,193,0,24,68,0.0004587968549754282
6a7fab555a61570130937efb,3,4,8,193,0,18,57,0.00022956170788003525
6a7fab555a61570130937efb,2,4,8.166666666666666,193,0,12,46,0.00005792148719894707
6a7fab555a61570130937efb,1,4,8.894736842105264,193,0,6,24,0.002061620179551989
6a7fab555a61570130937eff,19,0,21,190,0,114,169,0.49842719842351263
6a7fab555a61570130937eff,18,0,17.5,190,0,108,155,0.6098554702927377
6a7fab555a61570130937eff,17,0,17,190,0,102,139,0.7570564553881356
6a7fab555a61570130937eff,16,0,13.25,190,0,96,137,0.6237367651393345
6a7fab555a61570130937eff,15,0,11.4,190,0,90,133,0.5128359619138071
6a7fab555a61570130937eff,14,0,10.666666666666666,190,0,84,126,0.4668186859360978
6a7fab555a61570130937eff,13,1,10.571428571428571,190,0,78,116,0.4932673090281535
6a7fab555a61570130937eff,12,1,10,190,0,72,110,0.4171037912177475
6a7fab555a61570130937eff,11,2,9.555555555555555,190,0,66,104,0.33770496389757537
6a7fab555a61570130937eff,10,2,9.3,190,0,60,97,0.28333623356035925
6a7fab555a61570130937eff,9,2,8.909090909090908,190,0,54,92,0.1864229458889212
6a7fab555a61570130937eff,8,2,8.5,190,0,48,88,0.09377174222300697
6a7fab555a61570130937eff,7,2,8.307692307692308,190,0,42,82,0.051233528796376354
6a7fab555a61570130937eff,6,2,8.714285714285714,190,0,36,68,0.09463472797231866
6a7fab555a61570130937eff,5,2,8.533333333333333,190,0,30,62,0.04501783805244838
6a7fab555a61570130937eff,4,2,8.5,190,0,24,54,0.0250019578400933
6a7fab555a61570130937eff,3,2,8.235294117647058,190,0,18,50,0.0029300577402997367
6a7fab555a61570130937eff,2,2,8,190,0,12,46,0.000057921487202461985
6a7fab555a61570130937eff,1,4,7.7368421052631575,190,0,6,43,1.4607335717962469e-9
6a7fab555a61570130937f03,19,0,18,206,0,114,188,0.16119176997563744
6a7fab555a61570130937f03,18,0,15,206,0,108,176,0.19750409592472
6a7fab555a61570130937f03,17,0,11.666666666666666,206,0,102,171,0.1393646210624269
6a7fab555a61570130937f03,16,2,10.75,206,0,96,163,0.12019653603315669
6a7fab555a61570130937f03,15,2,10.6,206,0,90,153,0.12636755850971446
6a7fab555a61570130937f03,14,3,10.833333333333334,206,0,84,141,0.15672935717109968
6a7fab555a61570130937f03,13,3,11,206,0,78,129,0.19819617190319033
6a7fab555a61570130937f03,12,4,10.25,206,0,72,124,0.12758348799385089
6a7fab555a61570130937f03,11,4,9.777777777777779,206,0,66,118,0.08612529983406497
6a7fab555a61570130937f03,10,5,10,206,0,60,106,0.10933155657421277
6a7fab555a61570130937f03,9,5,9.636363636363637,206,0,54,100,0.06876476398301834
6a7fab555a61570130937f03,8,5,9.333333333333334,206,0,48,94,0.03793270960149757
6a7fab555a61570130937f03,7,6,9.23076923076923,206,0,42,86,0.024858165052312177
6a7fab555a61570130937f03,6,7,8.642857142857142,206,0,36,85,0.002941517000249561
6a7fab555a61570130937f03,5,7,8.466666666666667,206,0,30,79,0.0006624760468943551
6a7fab555a61570130937f03,4,7,8.625,206,0,24,68,0.00045387877875147916
6a7fab555a61570130937f03,3,7,8.764705882352942,206,0,18,57,0.00022899035924643855
6a7fab555a61570130937f03,2,7,9.11111111111111,206,0,12,42,0.000393978466483123
6a7fab555a61570130937f03,1,7,9.526315789473685,206,0,6,25,0.0011750837832102078
6a7fab555a61570130937f07,19,1,8,198,0,114,190,0.1357180044992721
6a7fab555a61570130937f07,18,1,9,198,0,108,180,0.14303566340926258
6a7fab555a61570130937f07,17,2,10,198,0,102,168,0.17387591492868715
6a7fab555a61570130937f07,16,2,9.75,198,0,96,159,0.16999522096073033
6a7fab555a61570130937f07,15,2,9,198,0,90,153,0.12636755850971446
6a7fab555a61570130937f07,14,2,8.5,198,0,84,147,0.08885996182961615
6a7fab555a61570130937f07,13,2,8.857142857142858,198,0,78,136,0.10265954588580439
6a7fab555a61570130937f07,12,2,9.125,198,0,72,125,0.11875688714909752
6a7fab555a61570130937f07,11,2,9.11111111111111,198,0,66,116,0.1106821031270747
6a7fab555a61570130937f07,10,2,8.7,198,0,60,111,0.06130511267228375
6a7fab555a61570130937f07,9,2,9,198,0,54,99,0.08088455042590238
6a7fab555a61570130937f07,8,2,9.416666666666666,198,0,48,85,0.13818028385222636
6a7fab555a61570130937f07,7,2,9.846153846153847,198,0,42,70,0.2567894084544919
6a7fab555a61570130937f07,6,2,9.642857142857142,198,0,36,63,0.1913250023932047
6a7fab555a61570130937f07,5,3,9.266666666666667,198,0,30,59,0.07834003418716046
6a7fab555a61570130937f07,4,3,9.4375,198,0,24,47,0.10699287782766402
6a7fab555a61570130937f07,3,3,9.470588235294118,198,0,18,37,0.09998097577470826
6a7fab555a61570130937f07,2,4,9.277777777777779,198,0,12,31,0.027038174798606204
6a7fab555a61570130937f07,1,7,9.105263157894736,198,0,6,25,0.0011750837832102078
6a7fab555a61570130937f0b,19,0,15,192,0,114,177,0.3362163434420851
6a7fab555a61570130937f0b,18,0,10,192,0,108,172,0.2614406037864973
6a7fab555a61570130937f0b,17,0,9.666666666666666,192,0,102,163,0.25801932578587544
6a7fab555a61570130937f0b,16,0,8.25,192,0,96,159,0.1731295727088793
6a7fab555a61570130937f0b,15,1,7,192,0,90,157,0.08612611706383452
6a7fab555a61570130937f0b,14,1,8.333333333333334,192,0,84,142,0.14659859586734425
6a7fab555a61570130937f0b,13,1,8.571428571428571,192,0,78,132,0.15374030028753727
6a7fab555a61570130937f0b,12,1,9,192,0,72,120,0.19453099558107365
6a7fab555a61570130937f0b,11,1,9.777777777777779,192,0,66,104,0.3382354819579344
6a7fab555a61570130937f0b,10,1,10.9,192,0,60,83,0.6744270885609429
6a7fab555a61570130937f0b,9,1,11,192,0,54,71,0.7664295895024322
6a7fab555a61570130937f0b,8,1,10.333333333333334,192,0,48,68,0.6071832141472395
6a7fab555a61570130937f0b,7,1,10.76923076923077,192,0,42,52,0.8272016280944104
6a7fab555a61570130937f0b,6,3,10.214285714285714,192,0,36,49,0.6670790848577957
6a7fab555a61570130937f0b,5,3,9.8,192,0,30,45,0.48304933847960246
6a7fab555a61570130937f0b,4,3,9.5,192,0,24,40,0.3126871481807213
6a7fab555a61570130937f0b,3,4,9.294117647058824,192,0,18,34,0.17888613034025083
6a7fab555a61570130937f0b,2,5,9.166666666666666,192,0,12,27,0.08485287286700392
6a7fab555a61570130937f0b,1,5,8.894736842105264,192,0,6,23,0.0035015208137963265
6a7fab555a61570130937f0f,19,0,6,195,0,114,189,0.14903918519401274
6a7fab555a61570130937f0f,18,0,8.5,195,0,108,178,0.1695878662920228
6a7fab555a61570130937f0f,17,0,8,195,0,102,171,0.1393646210624269
6a7fab555a61570130937f0f,16,0,9.25,195,0,96,158,0.18777815148936455
6a7fab555a61570130937f0f,15,1,8.4,195,0,90,153,0.12749820448687357
6a7fab555a61570130937f0f,14,1,8.166666666666666,195,0,84,146,0.09916484686664141
6a7fab555a61570130937f0f,13,2,8.142857142857142,195,0,78,138,0.08266103988343733
6a7fab555a61570130937f0f,12,2,9,195,0,72,123,0.14583049795622857
6a7fab555a61570130937f0f,11,2,8.666666666666666,195,0,66,117,0.09877443902614111
6a7fab555a61570130937f0f,10,2,8.5,195,0,60,110,0.0699664353722632
6a7fab555a61570130937f0f,9,3,8.363636363636363,195,0,54,103,0.046062567925037136
6a7fab555a61570130937f0f,8,3,8.666666666666666,195,0,48,91,0.06120019693131966
6a7fab555a61570130937f0f,7,3,9.307692307692308,195,0,42,74,0.16202976142614625
6a7fab555a61570130937f0f,6,3,9.285714285714286,195,0,36,65,0.14677302750076685
6a7fab555a61570130937f0f,5,3,9.466666666666667,195,0,30,53,0.199439675082511
6a7fab555a61570130937f0f,4,3,9.625,195,0,24,41,0.2746781314832726
6a7fab555a61570130937f0f,3,4,9.647058823529411,195,0,18,31,0.29238578351747563
6a7fab555a61570130937f0f,2,4,9.333333333333334,195,0,12,27,0.0848530036364916
6a7fab555a61570130937f0f,1,4,9.105263157894736,195,0,6,22,0.005838666701822086
6a7fab565a61570130937f13,19,1,4,166,0,114,162,0.6324759435754731
6a7fab565a61570130937f13,18,1,4,166,0,108,158,0.5391003378616737
6a7fab565a61570130937f13,17,2,5.333333333333333,166,0,102,150,0.5124557623525365
6a7fab565a61570130937f13,16,2,5.75,166,0,96,143,0.47583052203070875
6a7fab565a61570130937f13,15,2,5.4,166,0,90,139,0.36731965844238657
6a7fab565a61570130937f13,14,2,5,166,0,84,136,0.24221828975925916
6a7fab565a61570130937f13,13,2,5.142857142857143,166,0,78,130,0.18397207705439847
6a7fab565a61570130937f13,12,2,6.25,166,0,72,116,0.27254017786088475
6a7fab565a61570130937f13,11,2,5.888888888888889,166,0,66,113,0.15274356749646023
6a7fab565a61570130937f13,10,3,5.8,166,0,60,108,0.08995515327541125
6a7fab565a61570130937f13,9,4,5.636363636363637,166,0,54,104,0.03945368173178541
6a7fab565a61570130937f13,8,5,5.75,166,0,48,97,0.022975610557371705
6a7fab565a61570130937f13,7,5,6.153846153846154,166,0,42,86,0.02551196616552214
6a7fab565a61570130937f13,6,6,6.642857142857143,166,0,36,73,0.04004443229249278
6a7fab565a61570130937f13,5,6,6.8,166,0,30,64,0.029909115556218998
6a7fab565a61570130937f13,4,6,6.6875,166,0,24,59,0.007044159870295132
6a7fab565a61570130937f13,3,6,7,166,0,18,47,0.007618924401184852
6a7fab565a61570130937f13,2,6,7.277777777777778,166,0,12,35,0.006959968249371717
6a7fab565a61570130937f13,1,6,7.842105263157895,166,0,6,17,0.0522440338857626
6a7fab565a61570130937f17,19,0,10,189,0,114,179,0.2992151489642789
6a7fab565a61570130937f17,18,0,9,189,0,108,171,0.2790248410879608
6a7fab565a61570130937f17,17,0,9,189,0,102,162,0.27600938936145286
6a7fab565a61570130937f17,16,0,11,189,0,96,145,0.44057645194401157
6a7fab565a61570130937f17,15,1,10.6,189,0,90,136,0.4398883152875868
6a7fab565a61570130937f17,14,1,9.666666666666666,189,0,84,131,0.34750428491041324
6a7fab565a61570130937f17,13,1,9.714285714285714,189,0,78,121,0.36859794709310434
6a7fab565a61570130937f17,12,1,9.625,189,0,72,112,0.3664069257903664
6a7fab565a61570130937f17,11,2,9.555555555555555,189,0,66,103,0.36306845600580256
6a7fab565a61570130937f17,10,3,9.6,189,0,60,93,0.3858698794594815
6a7fab565a61570130937f17,9,3,9.727272727272727,189,0,54,82,0.44322735528696705
6a7fab565a61570130937f17,8,4,9.25,189,0,48,78,0.29255022852427204
6a7fab565a61570130937f17,7,4,9.615384615384615,189,0,42,64,0.4428554275180695
6a7fab565a61570130937f17,6,5,9.142857142857142,189,0,36,61,0.2426868036738688
6a7fab565a61570130937f17,5,5,9.133333333333333,189,0,30,52,0.22740033780331362
6a7fab565a61570130937f17,4,5,8.8125,189,0,24,48,0.08892877625598927
6a7fab565a61570130937f17,3,6,8.529411764705882,189,0,18,44,0.01822902273708254
6a7fab565a61570130937f17,2,6,8.666666666666666,189,0,12,33,0.01408299518378403
6a7fab565a61570130937f17,1,6,8.578947368421053,189,0,6,26,0.000659616993043949
6a7fab565a61570130937f1b,19,1,8,169,0,114,161,0.6517957914385384
6a7fab565a61570130937f1b,18,2,5.5,169,0,108,158,0.5237590250564748
6a7fab565a61570130937f1b,17,2,5,169,0,102,154,0.42639163780429
6a7fab565a61570130937f1b,16,2,6.25,169,0,96,144,0.4534149631877483
6a7fab565a61570130937f1b,15,2,6.2,169,0,90,138,0.3894943519347199
6a7fab565a61570130937f1b,14,3,7.333333333333333,169,0,84,125,0.4760573372509399
6a7fab565a61570130937f1b,13,3,7.285714285714286,169,0,78,118,0.43366015592407425
6a7fab565a61570130937f1b,12,3,7,169,0,72,113,0.33777354493147
6a7fab565a61570130937f1b,11,3,7.333333333333333,169,0,66,103,0.36088137947399335
6a7fab565a61570130937f1b,10,3,7.3,169,0,60,96,0.30688698324474073
6a7fab565a61570130937f1b,9,4,6.7272727272727275,169,0,54,95,0.1323891331321594
6a7fab565a61570130937f1b,8,4,6.75,169,0,48,88,0.09343886536267636
6a7fab565a61570130937f1b,7,4,6.384615384615385,169,0,42,86,0.025654672830590756
6a7fab565a61570130937f1b,6,4,6.071428571428571,169,0,36,84,0.003995335678233151
6a7fab565a61570130937f1b,5,4,6.333333333333333,169,0,30,74,0.0027995744424981
6a7fab565a61570130937f1b,4,4,6.3125,169,0,24,68,0.0004587968549754282
6a7fab565a61570130937f1b,3,5,6.411764705882353,169,0,18,60,0.00006752234925434553
6a7fab565a61570130937f1b,2,5,6.611111111111111,169,0,12,50,0.0000069886723042280035
6a7fab565a61570130937f1b,1,5,6.526315789473684,169,0,6,45,2.4900494534132794e-10
6a7fab565a61570130937f1f,19,0,7,161,1,114,154,0.7864052100750102
6a7fab565a61570130937f1f,18,0,8,161,1,108,145,0.7972039669897083
6a7fab565a61570130937f1f,17,0,6.666666666666667,161,1,102,141,0.7197405264040585
6a7fab565a61570130937f1f,16,0,5.25,161,1,96,140,0.5556438629400843
6a7fab565a61570130937f1f,15,1,5.2,161,1,90,135,0.4633716784150393
6a7fab565a61570130937f1f,14,1,6.333333333333333,161,1,84,123,0.5396120296907406
6a7fab565a61570130937f1f,13,1,7.714285714285714,161,1,78,107,0.7154806467878533
6a7fab565a61570130937f1f,12,1,8.25,161,1,72,95,0.7914012860965011
6a7fab565a61570130937f1f,11,2,7.888888888888889,161,1,66,90,0.7131733365540592
6a7fab565a61570130937f1f,10,2,7.6,161,1,60,85,0.6180668280441354
6a7fab565a61570130937f1f,9,2,8.272727272727273,161,1,54,70,0.7902041841881561
6a7fab565a61570130937f1f,8,2,9.166666666666666,161,1,48,51,0.9617891643410625
6a7fab565a61570130937f1f,7,2,8.76923076923077,161,1,42,47,0.9227507894351705
6a7fab565a61570130937f1f,6,2,9,161,1,36,35,0.9711254169669759
6a7fab565a61570130937f1f,5,2,8.866666666666667,161,1,30,28,0.969881263532495
6a7fab565a61570130937f1f,4,3,8.9375,161,1,24,18,0.9901731826272815
6a7fab565a61570130937f1f,3,3,9,161,1,18,8,0.999198208412396
6a7fab565a61570130937f1f,2,3,8.88888888888889,161,1,12,1,0.9999954230401906
6a7fab565a61570130937f23,19,0,9,167,1,114,158,0.7190659285672863
6a7fab565a61570130937f23,18,2,6,167,1,108,155,0.5851178215596525
6a7fab565a61570130937f23,17,2,6.666666666666667,167,1,102,147,0.5768421907726835
6a7fab565a61570130937f23,16,3,6.5,167,1,96,141,0.5009636358968801
6a7fab565a61570130937f23,15,3,7.8,167,1,90,128,0.6025449909246767
6a7fab565a61570130937f23,14,3,8.5,167,1,84,116,0.6838615637064637
6a7fab565a61570130937f23,13,3,8.714285714285714,167,1,78,106,0.7221530718937307
6a7fab565a61570130937f23,12,3,8.125,167,1,72,102,0.619960133973693
6a7fab565a61570130937f23,11,4,8.333333333333334,167,1,66,92,0.6442458984722699
6a7fab565a61570130937f23,10,5,8.4,167,1,60,83,0.6344714031059564
6a7fab565a61570130937f23,9,5,8,167,1,54,79,0.5157771775453726
6a7fab565a61570130937f23,8,5,7.916666666666667,167,1,48,72,0.465549743961288
6a7fab565a61570130937f23,7,6,8,167,1,42,63,0.4541323550431603
6a7fab565a61570130937f23,6,8,7.928571428571429,167,1,36,56,0.27506140627527725
6a7fab565a61570130937f23,5,8,7.666666666666667,167,1,30,52,0.17497389101807104
6a7fab565a61570130937f23,4,8,8.5,167,1,24,31,0.5933094656818096
6a7fab565a61570130937f23,3,8,8.411764705882353,167,1,18,24,0.5858407813910629
6a7fab565a61570130937f23,2,8,8.222222222222221,167,1,12,19,0.41279737010590856
6a7fab565a61570130937f23,1,9,8.68421052631579,167,1,6,2,0.9036821431585342
6a7fab565a61570130937f27,19,0,2,179,0,114,177,0.3362163434420851
6a7fab565a61570130937f27,18,0,5.5,179,0,108,168,0.335194101558027
6a7fab565a61570130937f27,17,0,9,179,0,102,152,0.483659179720636
6a7fab565a61570130937f27,16,0,7.5,179,0,96,149,0.3525101385993723
6a7fab565a61570130937f27,15,0,7,179,0,90,144,0.26832491382237894
6a7fab565a61570130937f27,14,0,8,179,0,84,131,0.34828843996576647
6a7fab565a61570130937f27,13,1,8.142857142857142,179,0,78,122,0.3450445355338148
6a7fab565a61570130937f27,12,1,8.375,179,0,72,112,0.3664069257903664
6a7fab565a61570130937f27,11,1,8.555555555555555,179,0,66,102,0.3897763505414724
6a7fab565a61570130937f27,10,1,8,179,0,60,99,0.23760491767356123
6a7fab565a61570130937f27,9,1,8.454545454545455,179,0,54,86,0.328416435000329
6a7fab565a61570130937f27,8,1,8.833333333333334,179,0,48,73,0.4442729168424312
6a7fab565a61570130937f27,7,1,9.76923076923077,179,0,42,52,0.8272016280944104
6a7fab565a61570130937f27,6,1,9.285714285714286,179,0,36,49,0.6671964023225471
6a7fab565a61570130937f27,5,1,9,179,0,30,44,0.5244359443196832
6a7fab565a61570130937f27,4,2,8.75,179,0,24,39,0.35317684741001776
6a7fab565a61570130937f27,3,3,8.529411764705882,179,0,18,34,0.17888672653616172
6a7fab565a61570130937f27,2,4,8.277777777777779,179,0,12,30,0.0367239296081946
6a7fab565a61570130937f27,1,5,8.157894736842104,179,0,6,24,0.002061620179549563
6a7fab565a61570130937f2b,19,0,8,161,1,114,153,0.8016539313087332
6a7fab565a61570130937f2b,18,0,9.5,161,1,108,142,0.8410470200600447
6a7fab565a61570130937f2b,17,0,9,161,1,102,134,0.8378448249599272
6a7fab565a61570130937f2b,16,0,11.5,161,1,96,115,0.9493135796602477
6a7fab565a61570130937f2b,15,0,9.8,161,1,90,112,0.9080434604167267
6a7fab565a61570130937f2b,14,0,10.833333333333334,161,1,84,96,0.9685425791516805
6a7fab565a61570130937f2b,13,0,11.142857142857142,161,1,78,83,0.9874072372615552
6a7fab565a61570130937f2b,12,0,12.125,161,1,72,64,0.9991512550302453
6a7fab565a61570130937f2b,11,0,11.333333333333334,161,1,66,59,0.998628095139326
6a7fab565a61570130937f2b,10,1,10.5,161,1,60,56,0.995877855009088
6a7fab565a61570130937f2b,9,1,10.636363636363637,161,1,54,44,0.9991127067575025
6a7fab565a61570130937f2b,8,1,11.083333333333334,161,1,48,28,0.999985683484324
6a7fab565a61570130937f2b,7,1,10.461538461538462,161,1,42,25,0.999949425765617
6a7fab565a61570130937f2b,6,1,10.642857142857142,161,1,36,12,0.9999998489039639
6a7fab565a61570130937f2b,5,1,10.8,161,1,30,-1,1
6a7fab565a61570130937f2f,19,0,10,161,1,114,151,0.8301098961024049
6a7fab565a61570130937f2f,18,1,6.5,161,1,108,148,0.7377960115297122
6a7fab565a61570130937f2f,17,2,5.666666666666667,161,1,102,144,0.6391158797286457
6a7fab565a61570130937f2f,16,2,7.75,161,1,96,130,0.7500185751399256
6a7fab565a61570130937f2f,15,2,6.4,161,1,90,129,0.5981749970727521
6a7fab565a61570130937f2f,14,2,6,161,1,84,125,0.48646379149807595
6a7fab565a61570130937f2f,13,2,6.714285714285714,161,1,78,114,0.5417890511739805
6a7fab565a61570130937f2f,12,3,6.5,161,1,72,109,0.437435934806261
6a7fab565a61570130937f2f,11,3,6.888888888888889,161,1,66,99,0.46751220996854265
6a7fab565a61570130937f2f,10,3,7.8,161,1,60,83,0.6710347234664842
6a7fab565a61570130937f2f,9,3,8.363636363636363,161,1,54,69,0.8111449982314689
6a7fab565a61570130937f2f,8,4,8.5,161,1,48,59,0.8468600679236846
6a7fab565a61570130937f2f,7,4,8.76923076923077,161,1,42,47,0.920279805898419
6a7fab565a61570130937f2f,6,4,8.928571428571429,161,1,36,36,0.9619408916335886
6a7fab565a61570130937f2f,5,4,9.2,161,1,30,23,0.9942084611277159
6a7fab565a61570130937f2f,4,4,9.3125,161,1,24,12,0.9996020826303142
6a7fab565a61570130937f2f,3,5,8.823529411764707,161,1,18,11,0.9936377044910736
6a7fab565a61570130937f2f,2,6,8.666666666666666,161,1,12,5,0.9962806030827678
6a7fab565a61570130937f33,19,0,17,201,1,114,184,0.2163083076127084
6a7fab565a61570130937f33,18,0,13,201,1,108,175,0.21249121092520992
6a7fab565a61570130937f33,17,0,10.333333333333334,201,1,102,170,0.15165660412411966
6a7fab565a61570130937f33,16,1,9.5,201,1,96,163,0.12173982326206338
6a7fab565a61570130937f33,15,1,9,201,1,90,156,0.09534962328741899
6a7fab565a61570130937f33,14,1,10.166666666666666,201,1,84,140,0.1754946290392955
6a7fab565a61570130937f33,13,1,10.571428571428571,201,1,78,127,0.238289441783385
6a7fab565a61570130937f33,12,1,11.5,201,1,72,109,0.44316906530956607
6a7fab565a61570130937f33,11,1,11.555555555555555,201,1,66,97,0.5271134626223932
6a7fab565a61570130937f33,10,1,11.3,201,1,60,88,0.5315931397909383
6a7fab565a61570130937f33,9,1,11.545454545454545,201,1,54,74,0.6864197155527106
6a7fab565a61570130937f33,8,1,11.166666666666666,201,1,48,67,0.639003142938785
6a7fab565a61570130937f33,7,1,11.307692307692308,201,1,42,54,0.7752050138312487
6a7fab565a61570130937f33,6,1,10.785714285714286,201,1,36,50,0.6310369172147043
6a7fab565a61570130937f33,5,1,10.933333333333334,201,1,30,37,0.7925596625698632
6a7fab565a61570130937f33,4,1,10.5,201,1,24,33,0.6241015569126391
6a7fab565a61570130937f33,3,1,10.352941176470589,201,1,18,25,0.5957136230465881
6a7fab565a61570130937f33,2,1,10.5,201,1,12,12,0.8498229756221802
6a7fab565a61570130937f33,1,1,10.157894736842104,201,1,6,8,0.591069882401689
6a7fab565a61570130937f37,19,0,7,164,1,114,157,0.7367991639289307
6a7fab565a61570130937f37,18,0,9.5,164,1,108,145,0.7972039669897083
6a7fab565a61570130937f37,17,1,7.666666666666667,164,1,102,141,0.7133191332735358
6a7fab565a61570130937f37,16,1,7.5,164,1,96,134,0.6843571699965773
6a7fab565a61570130937f37,15,1,9.2,164,1,90,118,0.825695620739061
6a7fab565a61570130937f37,14,2,9.166666666666666,164,1,84,109,0.8312937200261807
6a7fab565a61570130937f37,13,2,8.857142857142858,164,1,78,102,0.8123464053955947
6a7fab565a61570130937f37,12,3,8.125,164,1,72,99,0.6934661769507152
6a7fab565a61570130937f37,11,3,8.777777777777779,164,1,66,85,0.8172589700281669
6a7fab565a61570130937f37,10,4,9.1,164,1,60,73,0.8739493491830989
6a7fab565a61570130937f37,9,4,9.454545454545455,164,1,54,60,0.9414857745602967
6a7fab565a61570130937f37,8,4,9.916666666666666,164,1,48,45,0.9871143944598622
6a7fab565a61570130937f37,7,5,9.538461538461538,164,1,42,40,0.9746651330690917
6a7fab565a61570130937f37,6,5,9.071428571428571,164,1,36,37,0.9476172468069192
6a7fab565a61570130937f37,5,5,9,164,1,30,29,0.9580874521531917
6a7fab565a61570130937f37,4,5,9.3125,164,1,24,15,0.9972801238340758
6a7fab565a61570130937f37,3,5,9.588235294117647,164,1,18,1,0.9999993240743031
6a7fab565a61570130937f3b,19,1,3,187,0,114,184,0.213235270042811
6a7fab565a61570130937f3b,18,1,5,187,0,108,177,0.18135583663372765
6a7fab565a61570130937f3b,17,2,5.666666666666667,187,0,102,170,0.14788873088574586
6a7fab565a61570130937f3b,16,2,6.25,187,0,96,162,0.13152871453298617
6a7fab565a61570130937f3b,15,2,8.8,187,0,90,143,0.28394370363642873
6a7fab565a61570130937f3b,14,2,8.666666666666666,187,0,84,135,0.261281351779957
6a7fab565a61570130937f3b,13,2,9,187,0,78,124,0.2986159574736684
6a7fab565a61570130937f3b,12,3,9,187,0,72,115,0.29181404317331155
6a7fab565a61570130937f3b,11,3,8.555555555555555,187,0,66,110,0.203684921862396
6a7fab565a61570130937f3b,10,3,9.2,187,0,60,95,0.33235421488708433
6a7fab565a61570130937f3b,9,3,9.181818181818182,187,0,54,86,0.32770444790180364
6a7fab565a61570130937f3b,8,4,9.333333333333334,187,0,48,75,0.3793134337581349
6a7fab565a61570130937f3b,7,4,9,187,0,42,70,0.2562432195551754
6a7fab565a61570130937f3b,6,4,8.928571428571429,187,0,36,62,0.21646396169939625
6a7fab565a61570130937f3b,5,5,8.666666666666666,187,0,30,57,0.10960730187250473
6a7fab565a61570130937f3b,4,5,8.5625,187,0,24,50,0.06006750681390906
6a7fab565a61570130937f3b,3,6,8.647058823529411,187,0,18,40,0.05107725526748855
6a7fab565a61570130937f3b,2,6,8.555555555555555,187,0,12,33,0.01408299518378403
6a7fab565a61570130937f3b,1,6,8.473684210526315,187,0,6,26,0.000659616993043949
6a7fab565a61570130937f3f,19,0,14,195,0,114,181,0.26429774707085496
6a7fab565a61570130937f3f,18,0,10,195,0,108,175,0.21249121092520992
6a7fab565a61570130937f3f,17,0,8,195,0,102,171,0.1393646210624269
6a7fab565a61570130937f3f,16,0,8,195,0,96,163,0.12227852078994268
6a7fab565a61570130937f3f,15,0,8.2,195,0,90,154,0.11633694666128325
6a7fab565a61570130937f3f,14,0,7.5,195,0,84,150,0.06443991233641307
6a7fab565a61570130937f3f,13,0,8.714285714285714,195,0,78,134,0.12667802552064453
6a7fab565a61570130937f3f,12,1,8,195,0,72,131,0.059805910053633865
6a7fab565a61570130937f3f,11,1,7.888888888888889,195,0,66,124,0.040714530863929566
6a7fab565a61570130937f3f,10,1,8.4,195,0,60,111,0.06133427484998797
6a7fab565a61570130937f3f,9,3,7.909090909090909,195,0,54,108,0.020939308282707018
6a7fab565a61570130937f3f,8,3,8.25,195,0,48,96,0.02762783356255717
6a7fab565a61570130937f3f,7,3,8.384615384615385,195,0,42,86,0.025679441750978596
6a7fab565a61570130937f3f,6,3,8.5,195,0,36,76,0.023073339804557825
6a7fab565a61570130937f3f,5,3,8.266666666666667,195,0,30,71,0.006088483349412604
6a7fab565a61570130937f3f,4,3,8.3125,195,0,24,62,0.0030256822275415247
6a7fab565a61570130937f3f,3,3,8.294117647058824,195,0,18,54,0.0007212852819463856
6a7fab565a61570130937f3f,2,3,8.333333333333334,195,0,12,45,0.00009530341709339191
6a7fab565a61570130937f3f,1,3,8.421052631578947,195,0,6,35,0.000001245192935556801
6a7fab565a61570130937f43,19,0,11,215,0,114,204,0.036317825432571095
6a7fab565a61570130937f43,18,0,14,215,0,108,187,0.07715725499830807
6a7fab565a61570130937f43,17,1,13.666666666666666,215,0,102,174,0.10606709894207575
6a7fab565a61570130937f43,16,3,12.25,215,0,96,166,0.08766078446754282
6a7fab565a61570130937f43,15,4,11.4,215,0,90,158,0.07109180787682115
6a7fab565a61570130937f43,14,5,11,215,0,84,149,0.060982505387150415
6a7fab565a61570130937f43,13,6,10.571428571428571,215,0,78,141,0.0434158122997355
6a7fab565a61570130937f43,12,6,10.75,215,0,72,129,0.059675867261900425
6a7fab565a61570130937f43,11,6,10.11111111111111,215,0,66,124,0.034165024486793295
6a7fab565a61570130937f43,10,7,10.2,215,0,60,113,0.03273120420982413
6a7fab565a61570130937f43,9,7,10.454545454545455,215,0,54,100,0.05336199035890665
6a7fab565a61570130937f43,8,8,10.166666666666666,215,0,48,93,0.02550270470982197
6a7fab565a61570130937f43,7,8,10.307692307692308,215,0,42,81,0.038246511994792766
6a7fab565a61570130937f43,6,9,9.928571428571429,215,0,36,76,0.008243635201621026
6a7fab565a61570130937f47,19,0,11,148,1,114,137,0.9546687535893252
6a7fab565a61570130937f47,18,0,14.5,148,1,108,119,0.9873902096603442
6a7fab565a61570130937f47,17,0,12,148,1,102,112,0.9877534253983279
6a7fab565a61570130937f47,16,0,12.25,148,1,96,99,0.9951917346829989
6a7fab565a61570130937f47,15,0,11.8,148,1,90,89,0.9973388416975009
6a7fab565a61570130937f47,14,0,11.166666666666666,148,1,84,81,0.9979842441442793
6a7fab565a61570130937f47,13,0,11,148,1,78,71,0.9990570714490279
6a7fab565a61570130937f47,12,1,10,148,1,72,68,0.9972640647373362
6a7fab565a61570130937f47,11,1,10.333333333333334,148,1,66,55,0.9994616028614469
6a7fab565a61570130937f47,10,1,10.6,148,1,60,42,0.9999359998554076
6a7fab565a61570130937f47,9,1,9.818181818181818,148,1,54,40,0.9997834411951041
6a7fab565a61570130937f47,8,1,9.416666666666666,148,1,48,35,0.9996616150333452
6a7fab565a61570130937f47,7,2,9.153846153846153,148,1,42,29,0.9996231634367722
6a7fab565a61570130937f47,6,2,9.214285714285714,148,1,36,19,0.9999609932847794
6a7fab565a61570130937f47,5,3,9.266666666666667,148,1,30,9,0.9999986531069474
6a7fab565a61570130937f47,4,3,9.125,148,1,24,2,0.9999999888278315
6a7fab565a61570130937f4b,19,1,7,176,0,114,169,0.49037500402632106
6a7fab565a61570130937f4b,18,2,7,176,0,108,162,0.4410195561685623
6a7fab565a61570130937f4b,17,3,8.333333333333334,176,0,102,151,0.4671001395599609
6a7fab565a61570130937f4b,16,3,9,176,0,96,140,0.5225339055878376
6a7fab565a61570130937f4b,15,3,8.2,176,0,90,135,0.44494801150837804
6a7fab565a61570130937f4b,14,3,9.5,176,0,84,119,0.6176237859405501
6a7fab565a61570130937f4b,13,3,9,176,0,78,113,0.5584448352047255
6a7fab565a61570130937f4b,12,3,9.25,176,0,72,102,0.619960133973693
6a7fab565a61570130937f4b,11,3,8.777777777777779,176,0,66,97,0.5227439815470348
6a7fab565a61570130937f4b,10,4,8.5,176,0,60,91,0.4362384301432218
6a7fab565a61570130937f4b,9,4,8.181818181818182,176,0,54,86,0.32524042160847627
6a7fab565a61570130937f4b,8,4,8.666666666666666,176,0,48,72,0.47394746928098747
6a7fab565a61570130937f4b,7,4,8.23076923076923,176,0,42,69,0.28404023415354773
6a7fab565a61570130937f4b,6,4,8.357142857142858,176,0,36,59,0.30397075905685567
6a7fab565a61570130937f4b,5,4,8.2,176,0,30,53,0.19940043157048662
6a7fab565a61570130937f4b,4,5,8.125,176,0,24,46,0.1276287452001577
6a7fab565a61570130937f4b,3,5,8.235294117647058,176,0,18,36,0.12258834222504263
6a7fab565a61570130937f4b,2,5,8.222222222222221,176,0,12,28,0.06506403158298421
6a7fab565a61570130937f4b,1,5,8.263157894736842,176,0,6,19,0.023341473846562044
6a7fab565a61570130937f4f,19,0,11,156,1,114,145,0.8987832689374369
6a7fab565a61570130937f4f,18,1,15,156,1,108,126,0.9611212463318926
6a7fab565a61570130937f4f,17,2,16,156,1,102,108,0.9764106539565754
6a7fab565a61570130937f4f,16,3,14.75,156,1,96,97,0.9669485907901086
6a7fab565a61570130937f4f,15,3,13.8,156,1,90,87,0.9791157994627615
6a7fab565a61570130937f4f,14,4,14,156,1,84,72,0.9736666787085491
6a7fab565a61570130937f4f,13,4,12.571428571428571,156,1,78,68,0.9785901679018358
6a7fab565a61570130937f4f,12,4,13.125,156,1,72,51,0.9930508768117884
6a7fab565a61570130937f4f,11,4,13.222222222222221,156,1,66,37,0.998081304258513
6a7fab565a61570130937f4f,10,4,13.2,156,1,60,24,0.9996611780970839
6a7fab565a61570130937f4f,9,4,13.454545454545455,156,1,54,8,0.999993547649202
6a7fab565a61570130937f4f,8,5,13,156,1,48,0,1
6a7fab565a61570130937f53,19,0,6,216,0,114,210,0.01823140682693369
6a7fab565a61570130937f53,18,0,8.5,216,0,108,199,0.020794544573848075
6a7fab565a61570130937f53,17,0,9.666666666666666,216,0,102,187,0.02679436678836098
6a7fab565a61570130937f53,16,2,9.25,216,0,96,179,0.02078070359011937
6a7fab565a61570130937f53,15,2,10.2,216,0,90,165,0.03470009979252807
6a7fab565a61570130937f53,14,2,9.5,216,0,84,159,0.020798036143914116
6a7fab565a61570130937f53,13,2,9.428571428571429,216,0,78,150,0.017840787785163962
6a7fab565a61570130937f53,12,2,9.375,216,0,72,141,0.014950716732683762
6a7fab565a61570130937f53,11,2,9.666666666666666,216,0,66,129,0.01960301502743229
6a7fab565a61570130937f53,10,2,8.9,216,0,60,127,0.0046164999145645175
6a7fab565a61570130937f53,9,2,8.545454545454545,216,0,54,122,0.0014006095926176675
6a7fab565a61570130937f53,8,2,8.583333333333334,216,0,48,113,0.0008523428822636034
6a7fab565a61570130937f53,7,2,9,216,0,42,99,0.0016291264237879367
6a7fab565a61570130937f53,6,2,8.642857142857142,216,0,36,95,0.0002099045493516191
6a7fab565a61570130937f53,5,2,8.6,216,0,30,87,0.00005258499268552393
6a7fab565a61570130937f53,4,2,8.5,216,0,24,80,0.000005020766919993313
6a7fab565a61570130937f53,3,2,8.647058823529411,216,0,18,69,0.000001081431609155966
6a7fab565a61570130937f53,2,2,8.944444444444445,216,0,12,55,3.7856820330124163e-7
6a7fab565a61570130937f53,1,2,8.842105263157896,216,0,6,48,1.6261424357212143e-11
6a7fab565a61570130937f57,19,1,7,161,1,114,154,0.7735596428947507
6a7fab565a61570130937f57,18,3,5.5,161,1,108,150,0.6407424814084398
6a7fab565a61570130937f57,17,3,6.666666666666667,161,1,102,141,0.6638352182390195
6a7fab565a61570130937f57,16,4,7.5,161,1,96,131,0.6475816387562328
6a7fab565a61570130937f57,15,4,8.6,161,1,90,118,0.7423842797375078
6a7fab565a61570130937f57,14,5,9.333333333333334,161,1,84,105,0.7425487002590477
6a7fab565a61570130937f57,13,6,8.571428571428571,161,1,78,101,0.5923724791321415
6a7fab565a61570130937f57,12,6,8.625,161,1,72,92,0.6438600062329278
6a7fab565a61570130937f57,11,6,7.888888888888889,161,1,66,90,0.5712509329230494
6a7fab565a61570130937f57,10,6,8,161,1,60,81,0.61381728044668
6a7fab565a61570130937f57,9,6,7.909090909090909,161,1,54,74,0.6067731062066021
6a7fab565a61570130937f57,8,7,7.75,161,1,48,68,0.47245018257824023
6a7fab565a61570130937f57,7,8,8.076923076923077,161,1,42,56,0.4275197829516041
6a7fab565a61570130937f57,6,8,8.428571428571429,161,1,36,43,0.5841811630443939
6a7fab565a61570130937f57,5,8,8.133333333333333,161,1,30,39,0.54744753776051
6a7fab565a61570130937f57,4,8,7.9375,161,1,24,34,0.4817263756428503
6a7fab565a61570130937f57,3,8,8.058823529411764,161,1,18,24,0.5858407813910629
6a7fab565a61570130937f57,2,8,8.166666666666666,161,1,12,14,0.7167861972231971
6a7fab565a61570130937f57,1,8,8.421052631578947,161,1,6,1,0.9948146362420668
6a7fab565a61570130937f5b,19,0,9,160,0,114,151,0.8301098961024049
6a7fab565a61570130937f5b,18,0,11.5,160,0,108,137,0.8993004010106207
6a7fab565a61570130937f5b,17,0,8.333333333333334,160,0,102,135,0.8232178109505882
6a7fab565a61570130937f5b,16,1,7,160,0,96,132,0.7246932492176299
6a7fab565a61570130937f5b,15,2,6.4,160,0,90,128,0.6208961740382547
6a7fab565a61570130937f5b,14,2,6.333333333333333,160,0,84,122,0.5597474479758323
6a7fab565a61570130937f5b,13,2,6.714285714285714,160,0,78,113,0.5671850778478559
6a7fab565a61570130937f5b,12,2,6.375,160,0,72,109,0.44184293091220245
6a7fab565a61570130937f5b,11,2,6.111111111111111,160,0,66,105,0.31314134639069113
6a7fab565a61570130937f5b,10,3,6.2,160,0,60,98,0.25898546561030383
6a7fab565a61570130937f5b,9,3,6.7272727272727275,160,0,54,86,0.32770444790180364
6a7fab565a61570130937f5b,8,3,7.583333333333333,160,0,48,69,0.5741203190401746
6a7fab565a61570130937f5b,7,3,7.076923076923077,160,0,42,68,0.3139650835375331
6a7fab565a61570130937f5b,6,3,7,160,0,36,62,0.21661073430637287
6a7fab565a61570130937f5b,5,5,7.133333333333334,160,0,30,53,0.19908186541745412
6a7fab565a61570130937f5b,4,5,6.8125,160,0,24,51,0.04879965423590354
6a7fab565a61570130937f5b,3,5,7.235294117647059,160,0,18,37,0.09997579031998485
6a7fab565a61570130937f5b,2,6,7.5,160,0,12,25,0.13845001087443498
6a7fab565a61570130937f5b,1,7,7.578947368421052,160,0,6,16,0.07541399777199555
6a7fab565a61570130937f5f,19,0,3,195,0,114,192,0.11643239793775131
6a7fab565a61570130937f5f,18,0,3,195,0,108,189,0.06331159121869663
6a7fab565a61570130937f5f,17,0,5.333333333333333,195,0,102,179,0.06553145380774411
6a7fab565a61570130937f5f,16,1,5.5,195,0,96,173,0.043475828426885736
6a7fab565a61570130937f5f,15,1,6.2,195,0,90,164,0.03945457277491473
6a7fab565a61570130937f5f,14,1,7,195,0,84,153,0.04526526954573577
6a7fab565a61570130937f5f,13,1,7,195,0,78,146,0.031175026024955907
6a7fab565a61570130937f5f,12,2,7,195,0,72,139,0.020192853163845212
6a7fab565a61570130937f5f,11,3,6.777777777777778,195,0,66,134,0.008701234339021478
6a7fab565a61570130937f5f,10,4,6.9,195,0,60,126,0.005525754666154955
6a7fab565a61570130937f5f,9,4,7.545454545454546,195,0,54,112,0.010371607154496237
6a7fab565a61570130937f5f,8,4,7.75,195,0,48,102,0.009245201460280178
6a7fab565a61570130937f5f,7,4,7.384615384615385,195,0,42,99,0.0016282006724563135
6a7fab565a61570130937f5f,6,4,7.071428571428571,195,0,36,96,0.00015585296378667167
6a7fab565a61570130937f5f,5,4,7.2,195,0,30,87,0.0000525842622429837
6a7fab565a61570130937f5f,4,4,7.3125,195,0,24,78,0.000011394672245238183
6a7fab565a61570130937f5f,3,4,7.470588235294118,195,0,18,68,0.0000017708276802899465
6a7fab565a61570130937f5f,2,4,7.444444444444445,195,0,12,61,7.801003696575688e-9
6a7fab565a61570130937f5f,1,4,7.7368421052631575,195,0,6,48,1.6261424357212143e-11
6a7fab565a61570130937f63,19,0,6,193,0,114,187,0.17399580299594936
6a7fab565a61570130937f63,18,0,4.5,193,0,108,184,0.10220213072087049
6a7fab565a61570130937f63,17,0,3.3333333333333335,193,0,102,183,0.042641518155363226
6a7fab565a61570130937f63,16,0,5.5,193,0,96,171,0.05461806056480634
6a7fab565a61570130937f63,15,0,6.8,193,0,90,159,0.06993031893554309
6a7fab565a61570130937f63,14,0,6.666666666666667,193,0,84,153,0.0453268658616136
6a7fab565a61570130937f63,13,0,6.571428571428571,193,0,78,147,0.02726235575120894
6a7fab565a61570130937f63,12,2,6.25,193,0,72,143,0.01094034072282547
6a7fab565a61570130937f63,11,3,7.222222222222222,193,0,66,128,0.022753089468569604
6a7fab565a61570130937f63,10,3,7.5,193,0,60,118,0.022002736526262646
6a7fab565a61570130937f63,9,3,7.909090909090909,193,0,54,106,0.02903190494661454
6a7fab565a61570130937f63,8,3,7.833333333333333,193,0,48,99,0.01629870470681198
6a7fab565a61570130937f63,7,3,7.846153846153846,193,0,42,91,0.009745732505959418
6a7fab565a61570130937f63,6,4,7.428571428571429,193,0,36,89,0.0011288171325928521
6a7fab565a61570130937f63,5,4,7.6,193,0,30,79,0.0006811963018694736
6a7fab565a61570130937f63,4,4,7.5625,193,0,24,72,0.00011350297066027487
6a7fab565a61570130937f63,3,4,8,193,0,18,57,0.00022956170788003525
6a7fab565a61570130937f63,2,4,7.944444444444445,193,0,12,50,0.000006988672341933045
6a7fab565a61570130937f63,1,4,8.368421052631579,193,0,6,34,0.0000027540923772462886
6a7fab565a61570130937f67,19,0,1,186,0,114,185,0.2015584933919955
6a7fab565a61570130937f67,18,0,8,186,0,108,170,0.2972007249012399
6a7fab565a61570130937f67,17,0,8.666666666666666,186,0,102,160,0.31386089225367814
6a7fab565a61570130937f67,16,0,9.5,186,0,96,148,0.3739170902096839
6a7fab565a61570130937f67,15,0,10.8,186,0,90,132,0.5367398692593923
6a7fab565a61570130937f67,14,0,9.833333333333334,186,0,84,127,0.4423719114969384
6a7fab565a61570130937f67,13,1,10.285714285714286,186,0,78,114,0.544579498502251
6a7fab565a61570130937f67,12,3,10,186,0,72,106,0.5159580627920664
6a7fab565a61570130937f67,11,3,9.222222222222221,186,0,66,103,0.36088137947399335
6a7fab565a61570130937f67,10,3,9.4,186,0,60,92,0.4136974233072073
6a7fab565a61570130937f67,9,4,9,186,0,54,87,0.29884503391530987
6a7fab565a61570130937f67,8,5,8.75,186,0,48,81,0.21390195081285834
6a7fab565a61570130937f67,7,5,8.538461538461538,186,0,42,75,0.14135146152572617
6a7fab565a61570130937f67,6,6,8.071428571428571,186,0,36,73,0.04004443229249278
6a7fab565a61570130937f67,5,6,7.8,186,0,30,69,0.009854421144731437
6a7fab565a61570130937f67,4,7,7.9375,186,0,24,59,0.006939134738770032
6a7fab565a61570130937f67,3,8,7.882352941176471,186,0,18,52,0.001417356622109047
6a7fab565a61570130937f67,2,8,7.722222222222222,186,0,12,47,0.00003457025123131795
6a7fab565a61570130937f67,1,8,8.210526315789474,186,0,6,30,0.000051445108421751374
6a7fab565a61570130937f6b,19,0,12,174,0,114,162,0.6431121232791293
6a7fab565a61570130937f6b,18,0,7.5,174,0,108,159,0.5240545818167843
6a7fab565a61570130937f6b,17,0,6,174,0,102,156,0.3959230488717608
6a7fab565a61570130937f6b,16,0,5.75,174,0,96,151,0.3112677049692788
6a7fab565a61570130937f6b,15,0,7.2,174,0,90,138,0.39526459107538564
6a7fab565a61570130937f6b,14,0,7,174,0,84,132,0.3260809722612389
6a7fab565a61570130937f6b,13,0,6.714285714285714,174,0,78,127,0.23857180193557176
6a7fab565a61570130937f6b,12,0,6.375,174,0,72,123,0.14623967527764242
6a7fab565a61570130937f6b,11,1,6.333333333333333,174,0,66,117,0.09888402942188536
6a7fab565a61570130937f6b,10,1,6.6,174,0,60,108,0.09022601638488335
6a7fab565a61570130937f6b,9,2,7.181818181818182,174,0,54,95,0.13339639603727846
6a7fab565a61570130937f6b,8,2,7.416666666666667,174,0,48,85,0.13818028385222636
6a7fab565a61570130937f6b,7,2,7.769230769230769,174,0,42,73,0.18315118224744115
6a7fab565a61570130937f6b,6,2,8.142857142857142,174,0,36,60,0.2731690411292241
6a7fab565a61570130937f6b,5,2,8.066666666666666,174,0,30,53,0.1994435448213903
6a7fab565a61570130937f6b,4,3,8.0625,174,0,24,45,0.15118065605649178
6a7fab565a61570130937f6b,3,3,8.117647058823529,174,0,18,36,0.12259542048710467
6a7fab565a61570130937f6b,2,3,8,174,0,12,30,0.03672392993261048
6a7fab565a61570130937f6b,1,3,8,174,0,6,22,0.005838666701822086
6a7fab985a61570130a4d297,19,0,7,160,1,114,153,0.8016539313087332
6a7fab985a61570130a4d297,18,0,8.5,160,1,108,143,0.8271681173513395
6a7fab985a61570130a4d297,17,1,8,160,1,102,136,0.8007000084406346
6a7fab985a61570130a4d297,16,1,9.5,160,1,96,122,0.8818969354427312
6a7fab985a61570130a4d297,15,1,11.4,160,1,90,103,0.9686059725071945
6a7fab985a61570130a4d297,14,2,11.5,160,1,84,91,0.9792398216831333
6a7fab985a61570130a4d297,13,2,12,160,1,78,76,0.9939333318277914
6a7fab985a61570130a4d297,12,2,10.625,160,1,72,75,0.9861310868948415
6a7fab985a61570130a4d297,11,3,10.555555555555555,160,1,66,65,0.9887322725186954
6a7fab985a61570130a4d297,10,4,11,160,1,60,50,0.9930098002345382
6a7fab985a61570130a4d297,9,4,10.909090909090908,160,1,54,40,0.9972042262648118
6a7fab985a61570130a4d297,8,5,10.083333333333334,160,1,48,39,0.9889047032947148
6a7fab985a61570130a4d297,7,5,10.153846153846153,160,1,42,28,0.9965866375826251
6a7fab985a61570130a4d297,6,5,10.5,160,1,36,13,0.9997388018361245
6a7fab985a61570130a4d297,5,5,10.466666666666667,160,1,30,3,0.9999942592605765
6a7fab985a61570130a4d29b,19,1,6,180,1,114,174,0.38879674920079693
6a7fab985a61570130a4d29b,18,1,11,180,1,108,158,0.5391003378616737
6a7fab985a61570130a4d29b,17,1,9,180,1,102,153,0.4574996030014092
6a7fab985a61570130a4d29b,16,1,8.75,180,1,96,145,0.4380274512525972
6a7fab985a61570130a4d29b,15,2,8.4,180,1,90,138,0.3894943519347199
6a7fab985a61570130a4d29b,14,2,8,180,1,84,132,0.3230409243526664
6a7fab985a61570130a4d29b,13,2,9,180,1,78,117,0.465396209968688
6a7fab985a61570130a4d29b,12,2,8.625,180,1,72,111,0.3903482880195293
6a7fab985a61570130a4d29b,11,2,9.333333333333334,180,1,66,96,0.5540330847658395
6a7fab985a61570130a4d29b,10,2,9.7,180,1,60,83,0.6737481299988403
6a7fab985a61570130a4d29b,9,2,10.181818181818182,180,1,54,68,0.8342167762326088
6a7fab985a61570130a4d29b,8,2,10,180,1,48,60,0.830531169207193
6a7fab985a61570130a4d29b,7,3,10.153846153846153,180,1,42,48,0.9071694158160261
6a7fab985a61570130a4d29b,6,4,10.214285714285714,180,1,36,37,0.9519998280318178
6a7fab985a61570130a4d29b,5,4,10.533333333333333,180,1,30,22,0.9961025917777384
6a7fab985a61570130a4d29b,4,4,10.8125,180,1,24,7,0.9999921850198937
6a7fab985a61570130a4d29f,19,0,9,172,1,114,163,0.6230932764034727
6a7fab985a61570130a4d29f,18,0,7.5,172,1,108,157,0.5672751725296116
6a7fab985a61570130a4d29f,17,1,6.666666666666667,172,1,102,152,0.47952942662421727
6a7fab985a61570130a4d29f,16,1,5.75,172,1,96,149,0.350563978802874
6a7fab985a61570130a4d29f,15,1,6.6,172,1,90,139,0.3713314032101112
6a7fab985a61570130a4d29f,14,1,6.166666666666667,172,1,84,135,0.2630752844355428
6a7fab985a61570130a4d29f,13,1,6.857142857142857,172,1,78,124,0.2999622575940968
6a7fab985a61570130a4d29f,12,1,6.875,172,1,72,117,0.252110840881692
6a7fab985a61570130a4d29f,11,1,7.111111111111111,172,1,66,108,0.24535927534822344
6a7fab985a61570130a4d29f,10,1,7.5,172,1,60,97,0.2835519070591906
6a7fab985a61570130a4d29f,9,1,7.2727272727272725,172,1,54,92,0.18647846924492323
6a7fab985a61570130a4d29f,8,1,7.833333333333333,172,1,48,78,0.29400031299771223
6a7fab985a61570130a4d29f,7,1,8.307692307692308,172,1,42,64,0.4440073661114647
6a7fab985a61570130a4d29f,6,1,8.642857142857142,172,1,36,51,0.5939740759548656
6a7fab985a61570130a4d29f,5,1,8.866666666666667,172,1,30,39,0.7239049214295297
6a7fab985a61570130a4d29f,4,1,8.5625,172,1,24,35,0.5319940133062666
6a7fab985a61570130a4d29f,3,1,8.352941176470589,172,1,18,30,0.33753155749800057
6a7fab985a61570130a4d29f,2,1,7.944444444444445,172,1,12,29,0.049213681790276395
6a7fab985a61570130a4d29f,1,1,8.31578947368421,172,1,6,14,0.14631566524302592
6a7fab985a61570130a4d2a3,19,0,7,179,1,114,172,0.43578753853547614
6a7fab985a61570130a4d2a3,18,0,11,179,1,108,157,0.5672751725296116
6a7fab985a61570130a4d2a3,17,1,11.333333333333334,179,1,102,145,0.6326067130314622
6a7fab985a61570130a4d2a3,16,1,10,179,1,96,139,0.5750535775742526
6a7fab985a61570130a4d2a3,15,1,9.2,179,1,90,133,0.5108112029514222
6a7fab985a61570130a4d2a3,14,1,9.833333333333334,179,1,84,120,0.612784114657717
6a7fab985a61570130a4d2a3,13,1,9.142857142857142,179,1,78,115,0.5189226080622934
6a7fab985a61570130a4d2a3,12,1,9.5,179,1,72,103,0.6026092068903888
6a7fab985a61570130a4d2a3,11,1,10,179,1,66,89,0.7386277593284727
6a7fab985a61570130a4d2a3,10,1,9.9,179,1,60,80,0.7517734122026786
6a7fab985a61570130a4d2a3,9,2,10.181818181818182,179,1,54,67,0.8539620308873375
6a7fab985a61570130a4d2a3,8,2,10,179,1,48,59,0.85183081181079
6a7fab985a61570130a4d2a3,7,2,10.076923076923077,179,1,42,48,0.9075804025735772
6a7fab985a61570130a4d2a3,6,3,9.428571428571429,179,1,36,47,0.7354370358005198
6a7fab985a61570130a4d2a3,5,3,9.666666666666666,179,1,30,34,0.8761335012995445
6a7fab985a61570130a4d2a3,4,3,9.9375,179,1,24,20,0.9787454788750056
6a7fab985a61570130a4d2a3,3,4,9.823529411764707,179,1,18,12,0.9892861934322814
6a7fab9d5a61570130a64358,19,0,1,198,0,114,197,0.0741780404631083
6a7fab9d5a61570130a64358,18,0,5,198,0,108,188,0.0699649903485179
6a7fab9d5a61570130a64358,17,0,5.333333333333333,198,0,102,182,0.047633291501167276
6a7fab9d5a61570130a64358,16,0,5.75,198,0,96,175,0.03453664715921274
6a7fab9d5a61570130a64358,15,0,6,198,0,90,168,0.02398287226510074
6a7fab9d5a61570130a64358,14,0,8.333333333333334,198,0,84,148,0.08042144570748513
6a7fab9d5a61570130a64358,13,0,8,198,0,78,142,0.05203218852184358
6a7fab9d5a61570130a64358,12,0,8.75,198,0,72,128,0.08554796767118113
6a7fab9d5a61570130a64358,11,0,8.555555555555555,198,0,66,121,0.06072927455119706
6a7fab9d5a61570130a64358,10,0,9.2,198,0,60,106,0.11468309921269919
6a7fab9d5a61570130a64358,9,0,9.545454545454545,198,0,54,93,0.16744306926213315
6a7fab9d5a61570130a64358,8,1,9.083333333333334,198,0,48,89,0.08170764365101224
6a7fab9d5a61570130a64358,7,1,8.923076923076923,198,0,42,82,0.05123460522386004
6a7fab9d5a61570130a64358,6,1,9.571428571428571,198,0,36,64,0.1680463925949712
6a7fab9d5a61570130a64358,5,2,9.333333333333334,198,0,30,58,0.0930326573712529
6a7fab9d5a61570130a64358,4,2,9,198,0,24,54,0.0250019578400933
6a7fab9d5a61570130a64358,3,2,9.058823529411764,198,0,18,44,0.018237423029626942
6a7fab9d5a61570130a64358,2,2,9.444444444444445,198,0,12,28,0.06506411398837683
6a7fab9d5a61570130a64358,1,2,9.631578947368421,198,0,6,15,0.10626025634381536
6a7fab9d5a61570130a6435c,19,1,6,131,1,114,125,0.9783491105094628
6a7fab9d5a61570130a6435c,18,1,12,131,1,108,107,0.9921393829897133
6a7fab9d5a61570130a6435c,17,1,10,131,1,102,101,0.9938189519500044
6a7fab9d5a61570130a6435c,16,1,8.5,131,1,96,97,0.9937799721633678
6a7fab9d5a61570130a6435c,15,2,8.2,131,1,90,90,0.9896318033917614
6a7fab9d5a61570130a6435c,14,2,7.5,131,1,84,86,0.9889066577645496
6a7fab9d5a61570130a6435c,13,3,7.714285714285714,131,1,78,77,0.9852844723661104
6a7fab9d5a61570130a6435c,12,3,8.125,131,1,72,66,0.9929089278374545
6a7fab9d5a61570130a6435c,11,3,7.666666666666667,131,1,66,62,0.992812531005754
6a7fab9d5a61570130a6435c,10,3,8,131,1,60,51,0.9973124510474384
6a7fab9d5a61570130a6435c,9,3,8,131,1,54,43,0.998610679070338
6a7fab9d5a61570130a6435c,8,4,7.583333333333333,131,1,48,40,0.9954471782164785
6a7fab9d5a61570130a6435c,7,5,7.538461538461538,131,1,42,33,0.9927965482952371
6a7fab9d5a61570130a6435c,6,5,7.642857142857143,131,1,36,24,0.9975616877375219
6a7fab9d5a61570130a6435c,5,5,7.733333333333333,131,1,30,15,0.9995134922665757
6a7fab9d5a61570130a6435c,4,5,8.0625,131,1,24,2,0.9999975509058008
6a7faba05a61570130a6fb6b,19,0,15,181,1,114,166,0.5613922711408769
6a7faba05a61570130a6fb6b,18,0,12.5,181,1,108,156,0.5886771440690133
6a7faba05a61570130a6fb6b,17,1,9.333333333333334,181,1,102,153,0.4574996030014092
6a7faba05a61570130a6fb6b,16,1,8,181,1,96,149,0.350563978802874
6a7faba05a61570130a6fb6b,15,1,8.4,181,1,90,139,0.3713314032101112
6a7faba05a61570130a6fb6b,14,2,8.833333333333334,181,1,84,128,0.41409710512988673
6a7faba05a61570130a6fb6b,13,2,9.142857142857142,181,1,78,117,0.465396209968688
6a7faba05a61570130a6fb6b,12,2,8.5,181,1,72,113,0.3410108200564099
6a7faba05a61570130a6fb6b,11,2,7.777777777777778,181,1,66,111,0.18630492087147552
6a7faba05a61570130a6fb6b,10,2,7.8,181,1,60,103,0.15992219363890978
6a7faba05a61570130a6fb6b,9,2,8.272727272727273,181,1,54,90,0.22858423941736658
6a7faba05a61570130a6fb6b,8,3,7.916666666666667,181,1,48,86,0.12187630681673356
6a7faba05a61570130a6fb6b,7,4,8,181,1,42,77,0.10892104336172957
6a7faba05a61570130a6fb6b,6,4,8,181,1,36,69,0.08081411191489288
6a7faba05a61570130a6fb6b,5,4,8.733333333333333,181,1,30,50,0.2915146782102097
6a7faba05a61570130a6fb6b,4,4,8.625,181,1,24,43,0.20700591908583427
6a7faba05a61570130a6fb6b,3,5,8.941176470588236,181,1,18,29,0.3856957277798721
6a7faba05a61570130a6fb6b,2,5,9,181,1,12,19,0.4290186832675339
6a7faba05a61570130a6fb6b,1,5,9.263157894736842,181,1,6,5,0.8420477581648522
6a7fabb582ba586ac46e6bcb,19,1,3,183,0,114,180,0.277306635849929
6a7fabb582ba586ac46e6bcb,18,1,5.5,183,0,108,172,0.2586347788986823
6a7fabb582ba586ac46e6bcb,17,1,6.666666666666667,183,0,102,163,0.2560637345178286
6a7fabb582ba586ac46e6bcb,16,2,6.25,183,0,96,158,0.18432895760460907
6a7fabb582ba586ac46e6bcb,15,2,6,183,0,90,153,0.12636755850971446
6a7fabb582ba586ac46e6bcb,14,3,6.5,183,0,84,144,0.1184086431654309
6a7fabb582ba586ac46e6bcb,13,4,6.857142857142857,183,0,78,135,0.10884548462044967
6a7fabb582ba586ac46e6bcb,12,5,6.5,183,0,72,131,0.05458046067236685
6a7fabb582ba586ac46e6bcb,11,6,6.555555555555555,183,0,66,124,0.034165024486793295
6a7fabb582ba586ac46e6bcb,10,6,6.5,183,0,60,118,0.019550282476426713
6a7fabb582ba586ac46e6bcb,9,7,6.636363636363637,183,0,54,110,0.011638096984946191
6a7fabb582ba586ac46e6bcb,8,7,7,183,0,48,99,0.013612212340866497
6a7fabb582ba586ac46e6bcb,7,7,7.538461538461538,183,0,42,85,0.026939531963815825
6a7fabb582ba586ac46e6bcb,6,8,7.142857142857143,183,0,36,83,0.0038443482224449917
6a7fabb582ba586ac46e6bcb,5,8,7.266666666666667,183,0,30,74,0.002349803969927297
6a7fabb582ba586ac46e6bcb,4,9,7.1875,183,0,24,68,0.0002804180412008533
6a7fabb582ba586ac46e6bcb,3,9,7.470588235294118,183,0,18,56,0.0002481776497130677
6a7fabb582ba586ac46e6bcb,2,9,7.666666666666667,183,0,12,45,0.00008285337925262337
6a7fabb582ba586ac46e6bcf,19,0,15,191,0,114,176,0.35540987813491126
6a7fabb582ba586ac46e6bcf,18,2,13,191,0,108,165,0.38034512662950276
6a7fabb582ba586ac46e6bcf,17,2,12,191,0,102,155,0.40527607680987554
6a7fabb582ba586ac46e6bcf,16,2,11.25,191,0,96,146,0.4091668172158419
6a7fabb582ba586ac46e6bcf,15,2,10.2,191,0,90,140,0.34561848432520587
6a7fabb582ba586ac46e6bcf,14,2,11.666666666666666,191,0,84,121,0.5839471202257795
6a7fabb582ba586ac46e6bcf,13,2,11.428571428571429,191,0,78,111,0.6172459452636622
6a7fabb582ba586ac46e6bcf,12,2,11.125,191,0,72,102,0.6265510478532272
6a7fabb582ba586ac46e6bcf,11,2,11.333333333333334,191,0,66,89,0.7372112466417216
6a7fabb582ba586ac46e6bcf,10,3,11,191,0,60,81,0.7233052453745693
6a7fabb582ba586ac46e6bcf,9,3,10.181818181818182,191,0,54,79,0.5351800539305905
6a7fabb582ba586ac46e6bcf,8,3,10.083333333333334,191,0,48,70,0.5414790638401745
6a7fabb582ba586ac46e6bcf,7,3,9.615384615384615,191,0,42,66,0.37678371630581325
6a7fabb582ba586ac46e6bcf,6,3,9.928571428571429,191,0,36,52,0.5562504548891969
6a7fabb582ba586ac46e6bcf,5,3,9.6,191,0,30,47,0.4022987177403209
6a7fabb582ba586ac46e6bcf,4,4,9.25,191,0,24,43,0.20700591908583427
6a7fabb582ba586ac46e6bcf,3,5,9.176470588235293,191,0,18,35,0.1488242124748042
6a7fabb582ba586ac46e6bcf,2,5,9,191,0,12,29,0.049213631571864605
6a7fabb582ba586ac46e6bcf,1,5,9.368421052631579,191,0,6,13,0.19669328564357863
6a7fabb582ba586ac46e6bd3,19,0,3,194,0,114,191,0.12666824944565946
6a7fabb582ba586ac46e6bd3,18,0,4.5,194,0,108,185,0.0932536233723174
6a7fabb582ba586ac46e6bd3,17,0,7.666666666666667,194,0,102,171,0.1393646210624269
6a7fabb582ba586ac46e6bd3,16,0,7.75,194,0,96,163,0.12227852078994268
6a7fabb582ba586ac46e6bd3,15,1,7.6,194,0,90,156,0.09534962328741899
6a7fabb582ba586ac46e6bd3,14,3,6.833333333333333,194,0,84,153,0.04437527452719757
6a7fabb582ba586ac46e6bd3,13,3,7.714285714285714,194,0,78,140,0.06511546481287203
6a7fabb582ba586ac46e6bd3,12,3,7.625,194,0,72,133,0.04604579421978922
6a7fabb582ba586ac46e6bd3,11,3,7.888888888888889,194,0,66,123,0.046443015702647215
6a7fabb582ba586ac46e6bd3,10,3,8,194,0,60,114,0.040299275149546926
6a7fabb582ba586ac46e6bd3,9,3,7.818181818181818,194,0,54,108,0.020939308282707018
6a7fabb582ba586ac46e6bd3,8,3,7.5,194,0,48,104,0.006224608504297386
6a7fabb582ba586ac46e6bd3,7,3,7.461538461538462,194,0,42,97,0.002617696606356645
6a7fabb582ba586ac46e6bd3,6,3,7.785714285714286,194,0,36,85,0.0031353028582132214
6a7fabb582ba586ac46e6bd3,5,3,7.733333333333333,194,0,30,78,0.0009143999009588016
6a7fabb582ba586ac46e6bd3,4,3,7.9375,194,0,24,67,0.0006394124346769498
6a7fabb582ba586ac46e6bd3,3,3,8.235294117647058,194,0,18,54,0.0007212852819463856
6a7fabb582ba586ac46e6bd3,2,3,8.277777777777779,194,0,12,45,0.00009530341709339191
6a7fabb582ba586ac46e6bd3,1,3,8,194,0,6,42,3.5613353396046196e-9
6a7fabb582ba586ac46e6bd7,19,0,15,169,1,114,154,0.7864052100750102
6a7fabb582ba586ac46e6bd7,18,0,9.5,169,1,108,150,0.7103179506901026
6a7fabb582ba586ac46e6bd7,17,0,8.333333333333334,169,1,102,144,0.6593626596641019
6a7fabb582ba586ac46e6bd7,16,0,8.25,169,1,96,136,0.6458189302629653
6a7fabb582ba586ac46e6bd7,15,0,6.8,169,1,90,135,0.4651692649213912
6a7fabb582ba586ac46e6bd7,14,0,7.166666666666667,169,1,84,126,0.4668186859360978
6a7fabb582ba586ac46e6bd7,13,0,9.428571428571429,169,1,78,103,0.7995875406743891
6a7fabb582ba586ac46e6bd7,12,1,9.75,169,1,72,91,0.8628528305737674
6a7fabb582ba586ac46e6bd7,11,1,9.666666666666666,169,1,66,82,0.8759805551840347
6a7fabb582ba586ac46e6bd7,10,1,10.5,169,1,60,64,0.9748768402502923
6a7fabb582ba586ac46e6bd7,9,1,10.454545454545455,169,1,54,54,0.9854620164401195
6a7fabb582ba586ac46e6bd7,8,1,10.083333333333334,169,1,48,48,0.9802833300490839
6a7fabb582ba586ac46e6bd7,7,2,10.23076923076923,169,1,42,36,0.9948512914462114
6a7fabb582ba586ac46e6bd7,6,2,9.714285714285714,169,1,36,33,0.9832602069960442
6a7fabb582ba586ac46e6bd7,5,2,9.466666666666667,169,1,30,27,0.9775747422102772
6a7fabb582ba586ac46e6bd7,4,2,9.75,169,1,24,13,0.9992639349663356
6a7fabb582ba586ac46e6bd7,3,3,9.647058823529411,169,1,18,5,0.9999652233177934
6a7fabb582ba586ac46e6bdb,19,0,9,184,0,114,175,0.3750106613991015
6a7fabb582ba586ac46e6bdb,18,0,6,184,0,108,172,0.2614406037864973
6a7fabb582ba586ac46e6bdb,17,0,9.666666666666666,184,0,102,155,0.4174740527379652
6a7fabb582ba586ac46e6bdb,16,1,9.75,184,0,96,145,0.4380274512525972
6a7fabb582ba586ac46e6bdb,15,2,9.6,184,0,90,136,0.4349928201197734
6a7fabb582ba586ac46e6bdb,14,2,10.833333333333334,184,0,84,119,0.6314514023465299
6a7fabb582ba586ac46e6bdb,13,2,10,184,0,78,114,0.5417890511739805
6a7fabb582ba586ac46e6bdb,12,2,9.75,184,0,72,106,0.5213081997092563
6a7fabb582ba586ac46e6bdb,11,2,9.333333333333334,184,0,66,100,0.44297664450002616
6a7fabb582ba586ac46e6bdb,10,2,9.5,184,0,60,89,0.5018023439959779
6a7fabb582ba586ac46e6bdb,9,2,9.545454545454545,184,0,54,79,0.5362953986958795
6a7fabb582ba586ac46e6bdb,8,2,9.583333333333334,184,0,48,69,0.574708188897948
6a7fabb582ba586ac46e6bdb,7,2,9.076923076923077,184,0,42,66,0.37691846709441434
6a7fabb582ba586ac46e6bdb,6,2,9.5,184,0,36,51,0.5939630945224493
6a7fabb582ba586ac46e6bdb,5,2,9.4,184,0,30,43,0.565899202461917
6a7fabb582ba586ac46e6bdb,4,3,9.25,184,0,24,36,0.4857381671179579
6a7fabb582ba586ac46e6bdb,3,3,8.941176470588236,184,0,18,32,0.25073569008156027
6a7fabb582ba586ac46e6bdb,2,4,9.055555555555555,184,0,12,21,0.3115201457719646
6a7fabb582ba586ac46e6bdb,1,6,8.68421052631579,184,0,6,19,0.023341473437872365
6a7fabb582ba586ac46e6bdf,19,0,13,176,1,114,163,0.6230932764034727
6a7fabb582ba586ac46e6bdf,18,0,10.5,176,1,108,155,0.6098554702927377
6a7fabb582ba586ac46e6bdf,17,0,11,176,1,102,143,0.6800091418011696
6a7fabb582ba586ac46e6bdf,16,0,10.5,176,1,96,134,0.6886346452733977
6a7fabb582ba586ac46e6bdf,15,0,11.8,176,1,90,117,0.8445228646366966
6a7fabb582ba586ac46e6bdf,14,0,12,176,1,84,104,0.9071513534974023
6a7fabb582ba586ac46e6bdf,13,1,11.285714285714286,176,1,78,97,0.8927223672251362
6a7fabb582ba586ac46e6bdf,12,1,10.75,176,1,72,90,0.8778678160303952
6a7fabb582ba586ac46e6bdf,11,1,11.11111111111111,176,1,66,76,0.9463913438080297
6a7fabb582ba586ac46e6bdf,10,2,10.6,176,1,60,70,0.9277115952679238
6a7fabb582ba586ac46e6bdf,9,3,10,176,1,54,66,0.8702754626026157
6a7fabb582ba586ac46e6bdf,8,3,10.416666666666666,176,1,48,51,0.9609243083831996
6a7fabb582ba586ac46e6bdf,7,3,10.384615384615385,176,1,42,41,0.9785020414912282
6a7fabb582ba586ac46e6bdf,6,3,10.142857142857142,176,1,36,34,0.977721657647856
6a7fabb582ba586ac46e6bdf,5,3,10.2,176,1,30,23,0.9943942321197297
6a7fabb582ba586ac46e6bdf,4,3,10.5,176,1,24,8,0.9999879583878747
6a7fabb582ba586ac46e6bdf,3,3,10.235294117647058,176,1,18,2,0.9999998201166067
6a7fabb582ba586ac46e6be3,19,1,19,189,1,114,170,0.46976268317180814
6a7fabb582ba586ac46e6be3,18,1,15,189,1,108,159,0.5177381037810302
6a7fabb582ba586ac46e6be3,17,1,13.333333333333334,189,1,102,149,0.5459299143999674
6a7fabb582ba586ac46e6be3,16,1,15.5,189,1,96,127,0.8133640284574274
6a7fabb582ba586ac46e6be3,15,1,14,189,1,90,119,0.8094211923125741
6a7fabb582ba586ac46e6be3,14,1,13.666666666666666,189,1,84,107,0.8676069550106738
6a7fabb582ba586ac46e6be3,13,1,13.285714285714286,189,1,78,96,0.9048087583018112
6a7fabb582ba586ac46e6be3,12,1,12.375,189,1,72,90,0.8778678160303952
6a7fabb582ba586ac46e6be3,11,1,12.333333333333334,189,1,66,78,0.9275099925342392
6a7fabb582ba586ac46e6be3,10,1,11.6,189,1,60,73,0.8897778237559659
6a7fabb582ba586ac46e6be3,9,1,10.818181818181818,189,1,54,70,0.7905995981077103
6a7fabb582ba586ac46e6be3,8,1,10.75,189,1,48,60,0.8307096281489466
6a7fabb582ba586ac46e6be3,7,1,10.846153846153847,189,1,42,48,0.9076502831326654
6a7fabb582ba586ac46e6be3,6,1,10.571428571428571,189,1,36,41,0.8932618622288164
6a7fabb582ba586ac46e6be3,5,1,10.133333333333333,189,1,30,37,0.7925596625698632
6a7fabb582ba586ac46e6be3,4,1,10.125,189,1,24,27,0.8557450156784638
6a7fabb582ba586ac46e6be3,3,2,10.176470588235293,189,1,18,16,0.9440130572915322
6a7fabb582ba586ac46e6be3,2,3,9.833333333333334,189,1,12,12,0.8498229665556772
6a7fabb582ba586ac46e6be3,1,3,9.789473684210526,189,1,6,3,0.9560485008900188
6a7fabb582ba586ac46e6be7,19,2,8,168,1,114,160,0.6463185107311669
6a7fabb582ba586ac46e6be7,18,3,10,168,1,108,148,0.6742152657671309
6a7fabb582ba586ac46e6be7,17,4,10,168,1,102,138,0.6472927676950061
6a7fabb582ba586ac46e6be7,16,4,9,168,1,96,132,0.6305504278860575
6a7fabb582ba586ac46e6be7,15,4,10.6,168,1,90,115,0.783728362865906
6a7fabb582ba586ac46e6be7,14,4,12.333333333333334,168,1,84,94,0.9165395000875513
6a7fabb582ba586ac46e6be7,13,4,12.142857142857142,168,1,78,83,0.9469328928836955
6a7fabb582ba586ac46e6be7,12,4,11.75,168,1,72,74,0.9639076006428703
6a7fabb582ba586ac46e6be7,11,4,10.555555555555555,168,1,66,73,0.9452805381671957
6a7fabb582ba586ac46e6be7,10,4,11.1,168,1,60,57,0.9848000315520316
6a7fabb582ba586ac46e6be7,9,4,11.090909090909092,168,1,54,46,0.9939377685509267
6a7fabb582ba586ac46e6be7,8,4,11.083333333333334,168,1,48,35,0.9981677378592767
6a7fabb582ba586ac46e6be7,7,4,10.692307692307692,168,1,42,29,0.9989450517987946
6a7fabb582ba586ac46e6be7,6,4,10.428571428571429,168,1,36,22,0.9995561578766395
6a7fabb582ba586ac46e6be7,5,4,9.933333333333334,168,1,30,19,0.9989661701499191
6a7fabb582ba586ac46e6be7,4,4,9.9375,168,1,24,9,0.999959197458871
6a7fabb582ba586ac46e6be7,3,4,9.411764705882353,168,1,18,8,0.9991940942792135
6a7fabb582ba586ac46e6beb,19,0,11,194,1,114,183,0.23169154298638622
6a7fabb582ba586ac46e6beb,18,0,14.5,194,1,108,165,0.39567414952996427
6a7fabb582ba586ac46e6beb,17,0,15.666666666666666,194,1,102,147,0.5950031671601854
6a7fabb582ba586ac46e6beb,16,0,16,194,1,96,130,0.7671712112379153
6a7fabb582ba586ac46e6beb,15,0,14,194,1,90,124,0.7185688611286405
6a7fabb582ba586ac46e6beb,14,0,13.833333333333334,194,1,84,111,0.8064871451104274
6a7fabb582ba586ac46e6beb,13,1,12.571428571428571,194,1,78,106,0.7375044145785631
6a7fabb582ba586ac46e6beb,12,1,11.875,194,1,72,99,0.703206277145746
6a7fabb582ba586ac46e6beb,11,3,11,194,1,66,95,0.5778719379456323
6a7fabb582ba586ac46e6beb,10,3,10.2,194,1,60,92,0.4136974233072073
6a7fabb582ba586ac46e6beb,9,4,9.363636363636363,194,1,54,91,0.20509948694595662
6a7fabb582ba586ac46e6beb,8,4,9.666666666666666,194,1,48,78,0.29255022852427204
6a7fabb582ba586ac46e6beb,7,4,10.384615384615385,194,1,42,59,0.6162168186916985
6a7fabb582ba586ac46e6beb,6,4,10.214285714285714,194,1,36,51,0.593292540932557
6a7fabb582ba586ac46e6beb,5,5,10.4,194,1,30,38,0.7572547028403082
6a7fabb582ba586ac46e6beb,4,5,10.0625,194,1,24,33,0.623591850457237
6a7fabb582ba586ac46e6beb,3,6,10,194,1,18,24,0.6470437721952774
6a7fabb582ba586ac46e6beb,2,7,9.944444444444445,194,1,12,15,0.6841949395022672
6a7fabb582ba586ac46e6beb,1,7,9.736842105263158,194,1,6,9,0.49814132725757954
6a7fabb582ba586ac46e6bef,19,1,4,183,1,114,179,0.2947347573967169
6a7fabb582ba586ac46e6bef,18,1,7,183,1,108,169,0.31242948614279953
6a7fabb582ba586ac46e6bef,17,1,12,183,1,102,147,0.589761947988999
6a7fabb582ba586ac46e6bef,16,2,11.5,183,1,96,137,0.6097894787144017
6a7fabb582ba586ac46e6bef,15,2,11.8,183,1,90,124,0.7071713926245872
6a7fabb582ba586ac46e6bef,14,2,11.333333333333334,183,1,84,115,0.7205060528379907
6a7fabb582ba586ac46e6bef,13,2,10,183,1,78,113,0.5671850778478559
6a7fabb582ba586ac46e6bef,12,2,9.625,183,1,72,106,0.5213081997092563
6a7fabb582ba586ac46e6bef,11,2,10.11111111111111,183,1,66,92,0.6625097960431385
6a7fabb582ba586ac46e6bef,10,3,10.1,183,1,60,82,0.6976282608869905
6a7fabb582ba586ac46e6bef,9,3,10.090909090909092,183,1,54,72,0.73891982365201
6a7fabb582ba586ac46e6bef,8,3,10,183,1,48,63,0.7558193746448105
6a7fabb582ba586ac46e6bef,7,3,9.692307692307692,183,1,42,57,0.684257721436255
6a7fabb582ba586ac46e6bef,6,3,9.714285714285714,183,1,36,47,0.7354370358005198
6a7fabb582ba586ac46e6bef,5,5,9.8,183,1,30,36,0.8208868475306831
6a7fabb582ba586ac46e6bef,4,6,9.3125,183,1,24,34,0.5747399115675279
6a7fabb582ba586ac46e6bef,3,6,9.647058823529411,183,1,18,19,0.8650057061241717
6a7fabb582ba586ac46e6bef,2,7,9.666666666666666,183,1,12,9,0.9475016567904371
6a7fabb582ba586ac46e6bef,1,7,9.631578947368421,183,1,6,0,1
6a7fabb582ba586ac46e6bf3,19,0,8,209,0,114,201,0.04991099425484444
6a7fabb582ba586ac46e6bf3,18,0,5.5,209,0,108,198,0.023461203387198995
6a7fabb582ba586ac46e6bf3,17,0,6.333333333333333,209,0,102,190,0.018483081397096528
6a7fabb582ba586ac46e6bf3,16,0,8.75,209,0,96,174,0.03886383880487579
6a7fabb582ba586ac46e6bf3,15,1,8.8,209,0,90,165,0.03494762821277035
6a7fabb582ba586ac46e6bf3,14,1,9.666666666666666,209,0,84,151,0.057375662402632574
6a7fabb582ba586ac46e6bf3,13,2,9.428571428571429,209,0,78,143,0.04580493094996103
6a7fabb582ba586ac46e6bf3,12,2,10,209,0,72,129,0.07598252300093211
6a7fabb582ba586ac46e6bf3,11,2,10,209,0,66,119,0.07790580145973267
6a7fabb582ba586ac46e6bf3,10,2,9.5,209,0,60,114,0.04038230172171958
6a7fabb582ba586ac46e6bf3,9,2,9.181818181818182,209,0,54,108,0.02095740552001307
6a7fabb582ba586ac46e6bf3,8,2,9.333333333333334,209,0,48,97,0.023277131695824304
6a7fabb582ba586ac46e6bf3,7,2,9.076923076923077,209,0,42,91,0.009746723289344214
6a7fabb582ba586ac46e6bf3,6,2,9.285714285714286,209,0,36,79,0.012436529575701323
6a7fabb582ba586ac46e6bf3,5,2,8.866666666666667,209,0,30,76,0.001618964822340016
6a7fabb582ba586ac46e6bf3,4,2,9.0625,209,0,24,64,0.0016596799260564133
6a7fabb582ba586ac46e6bf3,3,2,9.470588235294118,209,0,18,48,0.005593023919719218
6a7fabb582ba586ac46e6bf3,2,2,9.666666666666666,209,0,12,35,0.006960092602128021
6a7fabb582ba586ac46e6bf3,1,3,9.526315789473685,209,0,6,28,0.0001928861143916006
6a7fabb582ba586ac46e6bf7,19,0,9,163,1,114,154,0.7864052100750102
6a7fabb582ba586ac46e6bf7,18,0,12.5,163,1,108,138,0.8891169250938534
6a7fabb582ba586ac46e6bf7,17,1,9.333333333333334,163,1,102,135,0.8160169692948277
6a7fabb582ba586ac46e6bf7,16,1,7.75,163,1,96,132,0.7246932492176299
6a7fabb582ba586ac46e6bf7,15,1,8.6,163,1,90,120,0.7922743337449105
6a7fabb582ba586ac46e6bf7,14,1,8,163,1,84,115,0.7263875806404304
6a7fabb582ba586ac46e6bf7,13,1,8.142857142857142,163,1,78,106,0.7375044145785631
6a7fabb582ba586ac46e6bf7,12,1,8.25,163,1,72,97,0.7491900227256949
6a7fabb582ba586ac46e6bf7,11,1,7.888888888888889,163,1,66,92,0.663763033137703
6a7fabb582ba586ac46e6bf7,10,2,7.8,163,1,60,85,0.6180668280441354
6a7fabb582ba586ac46e6bf7,9,2,7.636363636363637,163,1,54,79,0.5362953986958795
6a7fabb582ba586ac46e6bf7,8,2,7.5,163,1,48,73,0.4441980786444501
6a7fabb582ba586ac46e6bf7,7,2,7.153846153846154,163,1,42,70,0.2567894084544919
6a7fabb582ba586ac46e6bf7,6,2,7.142857142857143,163,1,36,63,0.1913250023932047
6a7fabb582ba586ac46e6bf7,5,2,6.866666666666666,163,1,30,60,0.0655477585710629
6a7fabb582ba586ac46e6bf7,4,2,6.9375,163,1,24,52,0.03935350596173141
6a7fabb582ba586ac46e6bf7,3,2,7.352941176470588,163,1,18,38,0.08073361467962237
6a7fabb582ba586ac46e6bf7,2,2,7.777777777777778,163,1,12,23,0.21365199927357917
6a7fabb582ba586ac46e6bf7,1,3,7.842105263157895,163,1,6,14,0.14631566524302592
6a7fabb582ba586ac46e6bfb,19,0,7,184,0,114,177,0.3362163434420851
6a7fabb582ba586ac46e6bfb,18,1,6,184,0,108,172,0.2586347788986823
6a7fabb582ba586ac46e6bfb,17,1,7,184,0,102,163,0.2560637345178286
6a7fabb582ba586ac46e6bfb,16,1,8.25,184,0,96,151,0.30959466898582966
6a7fabb582ba586ac46e6bfb,15,1,8.6,184,0,90,141,0.3279158352747469
6a7fabb582ba586ac46e6bfb,14,1,8.333333333333334,184,0,84,134,0.2830939361449544
6a7fabb582ba586ac46e6bfb,13,1,9.428571428571429,184,0,78,118,0.4423807370585146
6a7fabb582ba586ac46e6bfb,12,3,9,184,0,72,112,0.3618474881281272
6a7fabb582ba586ac46e6bfb,11,3,8.88888888888889,184,0,66,104,0.3357034436940385
6a7fabb582ba586ac46e6bfb,10,3,8.5,184,0,60,99,0.23668904097939203
6a7fabb582ba586ac46e6bfb,9,3,7.818181818181818,184,0,54,98,0.09207783008768358
6a7fabb582ba586ac46e6bfb,8,3,7.5,184,0,48,94,0.038461334440146606
6a7fabb582ba586ac46e6bfb,7,3,7.230769230769231,184,0,42,90,0.011940064130274692
6a7fabb582ba586ac46e6bfb,6,5,7.214285714285714,184,0,36,83,0.005057269327448896
6a7fabb582ba586ac46e6bfb,5,5,8.266666666666667,184,0,30,60,0.06546443225440214
6a7fabb582ba586ac46e6bfb,4,5,8.125,184,0,24,54,0.02499638347292176
6a7fabb582ba586ac46e6bfb,3,5,7.823529411764706,184,0,18,51,0.002091936505024194
6a7fabb582ba586ac46e6bfb,2,6,7.666666666666667,184,0,12,46,0.000057921369416582275
6a7fabb582ba586ac46e6bfb,1,6,7.526315789473684,184,0,6,41,8.454661831087357e-9
6a7fabb582ba586ac46e6bff,19,0,24,192,1,114,168,0.5194579567177472
6a7fabb582ba586ac46e6bff,18,0,16,192,1,108,160,0.5023650654248791
6a7fabb582ba586ac46e6bff,17,0,14.333333333333334,192,1,102,149,0.5507308229933352
6a7fabb582ba586ac46e6bff,16,0,13,192,1,96,140,0.5556438629400843
6a7fabb582ba586ac46e6bff,15,0,12.2,192,1,90,131,0.560576602641671
6a7fabb582ba586ac46e6bff,14,1,11.166666666666666,192,1,84,125,0.4902529548618481
6a7fabb582ba586ac46e6bff,13,1,11.571428571428571,192,1,78,111,0.6204980523505914
6a7fabb582ba586ac46e6bff,12,1,11.125,192,1,72,103,0.6026092068903888
6a7fabb582ba586ac46e6bff,11,1,11.444444444444445,192,1,66,89,0.7386277593284727
6a7fabb582ba586ac46e6bff,10,1,11.3,192,1,60,79,0.7754120569315223
6a7fabb582ba586ac46e6bff,9,1,11.090909090909092,192,1,54,70,0.7905995981077103
6a7fabb582ba586ac46e6bff,8,1,11,192,1,48,60,0.8307096281489466
6a7fabb582ba586ac46e6bff,7,3,10.384615384615385,192,1,42,57,0.684257721436255
6a7fabb582ba586ac46e6bff,6,4,10.285714285714286,192,1,36,48,0.7012863588656099
6a7fabb582ba586ac46e6bff,5,4,10.466666666666667,192,1,30,35,0.8507470009493443
6a7fabb582ba586ac46e6bff,4,5,10,192,1,24,32,0.6681536960515153
6a7fabb582ba586ac46e6bff,3,5,10.058823529411764,192,1,18,21,0.7908535869400433
6a7fabb582ba586ac46e6bff,2,5,10.333333333333334,192,1,12,6,0.9915805803352402
6a7fabb582ba586ac46e6c03,19,1,14,216,0,114,202,0.044481654607732034
6a7fabb582ba586ac46e6c03,18,1,13.5,216,0,108,189,0.0627803473907456
6a7fabb582ba586ac46e6c03,17,3,12,216,0,102,180,0.05556739309094438
6a7fabb582ba586ac46e6c03,16,3,12.25,216,0,96,167,0.07940492276144401
6a7fabb582ba586ac46e6c03,15,3,12.4,216,0,90,154,0.11225063582455543
6a7fabb582ba586ac46e6c03,14,4,12,216,0,84,144,0.11311009725691662
6a7fabb582ba586ac46e6c03,13,4,10.571428571428571,216,0,78,142,0.04975431723371777
6a7fabb582ba586ac46e6c03,12,5,10.5,216,0,72,132,0.048226546463674955
6a7fabb582ba586ac46e6c03,11,5,10,216,0,66,126,0.028933447357157298
6a7fabb582ba586ac46e6c03,10,5,10,216,0,60,116,0.028903270146760685
6a7fabb582ba586ac46e6c03,9,5,9.545454545454545,216,0,54,111,0.012218567538797654
6a7fabb582ba586ac46e6c03,8,5,9.166666666666666,216,0,48,106,0.00407674139055447
6a7fabb582ba586ac46e6c03,7,5,8.76923076923077,216,0,42,102,0.0007708685391619203
6a7fabb582ba586ac46e6c03,6,5,8.571428571428571,216,0,36,96,0.00015571614654176234
6a7fabb582ba586ac46e6c03,5,5,8.533333333333333,216,0,30,88,0.000037213268357030185
6a7fabb582ba586ac46e6c03,4,6,8.125,216,0,24,86,3.669716219731783e-7
6a7fabb582ba586ac46e6c03,3,6,8.117647058823529,216,0,18,78,8.812044292181329e-9
6a7fabb582ba586ac46e6c03,2,6,7.777777777777778,216,0,12,76,1.0175739215093623e-13
6a7fabb582ba586ac46e6c03,1,7,7.842105263157895,216,0,6,67,2.2032721729660163e-19
6a7fabb582ba586ac46e6c07,19,1,4,156,1,114,152,0.8030371842007316
6a7fabb582ba586ac46e6c07,18,1,5,156,1,108,146,0.7715914630172731
6a7fabb582ba586ac46e6c07,17,1,8.666666666666666,156,1,102,130,0.8809903995299586
6a7fabb582ba586ac46e6c07,16,2,8.25,156,1,96,123,0.8564169519809115
6a7fabb582ba586ac46e6c07,15,3,8,156,1,90,116,0.8221021296686833
6a7fabb582ba586ac46e6c07,14,4,7.333333333333333,156,1,84,112,0.7237294023594387
6a7fabb582ba586ac46e6c07,13,4,8.142857142857142,156,1,78,99,0.8159035216149683
6a7fabb582ba586ac46e6c07,12,4,8.25,156,1,72,90,0.8421186439283559
6a7fabb582ba586ac46e6c07,11,5,7.888888888888889,156,1,66,85,0.757241808993612
6a7fabb582ba586ac46e6c07,10,5,8.8,156,1,60,68,0.9009770836889404
6a7fabb582ba586ac46e6c07,9,5,8.636363636363637,156,1,54,61,0.9091624569258463
6a7fabb582ba586ac46e6c07,8,5,8.583333333333334,156,1,48,53,0.9241699302676414
6a7fabb582ba586ac46e6c07,7,5,8.615384615384615,156,1,42,44,0.9469040994245936
6a7fabb582ba586ac46e6c07,6,5,8.785714285714286,156,1,36,33,0.9788096073725825
6a7fabb582ba586ac46e6c07,5,5,8.8,156,1,30,24,0.9902681656852284
6a7fabb582ba586ac46e6c07,4,5,9,156,1,24,12,0.9994329955091273
6a7fabb582ba586ac46e6c07,3,5,8.823529411764707,156,1,18,6,0.9998566787905254
6a7fabb582ba586ac46e6c07,2,5,8.61111111111111,156,1,12,1,0.9999947977701467
6a7fabb582ba586ac46e6c0b,19,0,13,176,1,114,163,0.6230932764034727
6a7fabb582ba586ac46e6c0b,18,0,12,176,1,108,152,0.6714425563300875
6a7fabb582ba586ac46e6c0b,17,1,8.666666666666666,176,1,102,150,0.5238138447883085
6a7fabb582ba586ac46e6c0b,16,1,8.75,176,1,96,141,0.5293857669610371
6a7fabb582ba586ac46e6c0b,15,1,9.6,176,1,90,128,0.6282406870546099
6a7fabb582ba586ac46e6c0b,14,2,9.166666666666666,176,1,84,121,0.5839471202257795
6a7fabb582ba586ac46e6c0b,13,2,8.571428571428571,176,1,78,116,0.4907897391532653
6a7fabb582ba586ac46e6c0b,12,2,8.25,176,1,72,110,0.4158748194734273
6a7fabb582ba586ac46e6c0b,11,3,8,176,1,66,104,0.3357034436940385
6a7fabb582ba586ac46e6c0b,10,3,8.3,176,1,60,93,0.3858698794594815
6a7fabb582ba586ac46e6c0b,9,3,9.181818181818182,176,1,54,75,0.6559192956215277
6a7fabb582ba586ac46e6c0b,8,3,9.416666666666666,176,1,48,63,0.7558193746448105
6a7fabb582ba586ac46e6c0b,7,3,9.846153846153847,176,1,42,48,0.9071694158160261
6a7fabb582ba586ac46e6c0b,6,4,9.928571428571429,176,1,36,37,0.9519998280318178
6a7fabb582ba586ac46e6c0b,5,5,9.666666666666666,176,1,30,31,0.9321077692612307
6a7fabb582ba586ac46e6c0b,4,6,9.25,176,1,24,28,0.8192177583335213
6a7fabb582ba586ac46e6c0b,3,6,8.941176470588236,176,1,18,24,0.6470437721952774
6a7fabb582ba586ac46e6c0b,2,6,8.777777777777779,176,1,12,18,0.49272813106582825
6a7fabb582ba586ac46e6c0b,1,6,8.526315789473685,176,1,6,14,0.14631564317564028
6a7fabb582ba586ac46e6c0f,19,0,10,129,1,114,119,0.9932957338073478
6a7fabb582ba586ac46e6c0f,18,0,10.5,129,1,108,108,0.9964134097430823
6a7fabb582ba586ac46e6c0f,17,1,10.333333333333334,129,1,102,98,0.9951039229035679
6a7fabb582ba586ac46e6c0f,16,1,10.25,129,1,96,88,0.9973539523133523
6a7fabb582ba586ac46e6c0f,15,1,9.8,129,1,90,80,0.9984236994894563
6a7fabb582ba586ac46e6c0f,14,1,8.666666666666666,129,1,84,77,0.9983265482507996
6a7fabb582ba586ac46e6c0f,13,2,8.571428571428571,129,1,78,69,0.9974529590458473
6a7fabb582ba586ac46e6c0f,12,2,8.25,129,1,72,63,0.9981318825247958
6a7fabb582ba586ac46e6c0f,11,2,8.88888888888889,129,1,66,49,0.9996039155476503
6a7fabb582ba586ac46e6c0f,10,2,8.2,129,1,60,47,0.9994821530130782
6a7fabb582ba586ac46e6c0f,9,3,7.636363636363637,129,1,54,45,0.9978539035353748
6a7fabb582ba586ac46e6c0f,8,3,7.833333333333333,129,1,48,35,0.9993696495424654
6a7fabb582ba586ac46e6c0f,7,3,8,129,1,42,25,0.999885643431489
6a7fabb582ba586ac46e6c0f,6,5,8.071428571428571,129,1,36,16,0.9994930795569807
6a7fabb582ba586ac46e6c0f,5,5,8.2,129,1,30,6,0.9999712377379859
6a7fabb582ba586ac46e6c13,19,0,13,197,0,114,184,0.2163083076127084
6a7fabb582ba586ac46e6c13,18,0,11.5,197,0,108,174,0.22815304229146166
6a7fabb582ba586ac46e6c13,17,1,10.333333333333334,197,0,102,166,0.20661059426423517
6a7fabb582ba586ac46e6c13,16,1,10.25,197,0,96,156,0.21830538644212583
6a7fabb582ba586ac46e6c13,15,1,9,197,0,90,152,0.13978068820418058
6a7fabb582ba586ac46e6c13,14,1,9.333333333333334,197,0,84,141,0.16060452417498908
6a7fabb582ba586ac46e6c13,13,1,9.857142857142858,197,0,78,128,0.2194954007679889
6a7fabb582ba586ac46e6c13,12,1,10.125,197,0,72,116,0.2732613107900152
6a7fabb582ba586ac46e6c13,11,2,9.444444444444445,197,0,66,112,0.16896302512560032
6a7fabb582ba586ac46e6c13,10,3,8.8,197,0,60,109,0.07938066330350889
6a7fabb582ba586ac46e6c13,9,3,9.272727272727273,197,0,54,95,0.13321127205764385
6a7fabb582ba586ac46e6c13,8,4,9.416666666666666,197,0,48,84,0.15527000361420262
6a7fabb582ba586ac46e6c13,7,6,9.076923076923077,197,0,42,79,0.07866076785381894
6a7fabb582ba586ac46e6c13,6,7,8.642857142857142,197,0,36,76,0.021284268826013305
6a7fabb582ba586ac46e6c13,5,8,8.133333333333333,197,0,30,75,0.001799397430768557
6a7fabb582ba586ac46e6c13,4,8,7.9375,197,0,24,70,0.00021373513070626032
6a7fabb582ba586ac46e6c13,3,8,8.294117647058824,197,0,18,56,0.000327304112937086
6a7fabb582ba586ac46e6c13,2,8,8.666666666666666,197,0,12,41,0.0006108525976738135
6a7fabb582ba586ac46e6c13,1,8,8.368421052631579,197,0,6,38,1.0698127104021916e-7
6a7fabb582ba586ac46e6c17,19,0,10,183,1,114,173,0.4152493930861107
6a7fabb582ba586ac46e6c17,18,2,7,183,1,108,169,0.3040745550154113
6a7fabb582ba586ac46e6c17,17,2,8,183,1,102,159,0.3242304386539704
6a7fabb582ba586ac46e6c17,16,4,9.75,183,1,96,144,0.4012157368321102
6a7fabb582ba586ac46e6c17,15,4,8.8,183,1,90,139,0.3340385523752926
6a7fabb582ba586ac46e6c17,14,4,10,183,1,84,123,0.49642216201708356
6a7fabb582ba586ac46e6c17,13,4,9.714285714285714,183,1,78,115,0.48813075418708407
6a7fabb582ba586ac46e6c17,12,4,9.5,183,1,72,107,0.47533900070264506
6a7fabb582ba586ac46e6c17,11,4,9.88888888888889,183,1,66,94,0.5924340869037925
6a7fabb582ba586ac46e6c17,10,4,10.4,183,1,60,79,0.7607957089321502
6a7fabb582ba586ac46e6c17,9,4,10.818181818181818,183,1,54,64,0.8948702081413993
6a7fabb582ba586ac46e6c17,8,5,10.5,183,1,48,57,0.8689961282163482
6a7fabb582ba586ac46e6c17,7,5,10.307692307692308,183,1,42,49,0.8790078828485611
6a7fabb582ba586ac46e6c17,6,5,10.285714285714286,183,1,36,39,0.9217880610154805
6a7fabb582ba586ac46e6c17,5,5,10.066666666666666,183,1,30,32,0.915397416055454
6a7fabb582ba586ac46e6c17,4,6,9.6875,183,1,24,28,0.8192177583335213
6a7fabb582ba586ac46e6c17,3,6,9.352941176470589,183,1,18,24,0.6470437721952774
6a7fabb582ba586ac46e6c17,2,6,9.38888888888889,183,1,12,14,0.7464892625088938
6a7fabb582ba586ac46e6c17,1,6,9.157894736842104,183,1,6,9,0.4982157327129684
6a7fabb582ba586ac46e6c1b,19,0,17,201,1,114,184,0.2163083076127084
6a7fabb582ba586ac46e6c1b,18,0,13,201,1,108,175,0.21249121092520992
6a7fabb582ba586ac46e6c1b,17,0,10.666666666666666,201,1,102,169,0.1646758763251764
6a7fabb582ba586ac46e6c1b,16,1,11,201,1,96,157,0.20220752468855366
6a7fabb582ba586ac46e6c1b,15,1,12.6,201,1,90,138,0.3937935989289303
6a7fabb582ba586ac46e6c1b,14,2,11.666666666666666,201,1,84,131,0.34499402416708824
6a7fabb582ba586ac46e6c1b,13,2,11.571428571428571,201,1,78,120,0.3908522053094502
6a7fabb582ba586ac46e6c1b,12,2,10.75,201,1,72,115,0.29453021255840156
6a7fabb582ba586ac46e6c1b,11,2,11.333333333333334,201,1,66,99,0.470510548818145
6a7fabb582ba586ac46e6c1b,10,4,10.6,201,1,60,95,0.3281907602891924
6a7fabb582ba586ac46e6c1b,9,4,11.363636363636363,201,1,54,76,0.6211355671159899
6a7fabb582ba586ac46e6c1b,8,4,10.75,201,1,48,72,0.47394746928098747
6a7fabb582ba586ac46e6c1b,7,4,10.461538461538462,201,1,42,65,0.4090106220477871
6a7fabb582ba586ac46e6c1b,6,4,10.357142857142858,201,1,36,56,0.40640392525334584
6a7fabb582ba586ac46e6c1b,5,4,10.8,201,1,30,39,0.7236158923963544
6a7fabb582ba586ac46e6c1b,4,4,10.3125,201,1,24,36,0.4857064017244075
6a7fabb582ba586ac46e6c1b,3,4,10.058823529411764,201,1,18,30,0.3375296460210634
6a7fabb582ba586ac46e6c1b,2,5,10,201,1,12,21,0.31151868080247225
6a7fabb582ba586ac46e6c1b,1,6,10.473684210526315,201,1,6,2,0.9862184616792173
6a7fabb582ba586ac46e6c1f,19,0,9,175,0,114,166,0.5613922711408769
6a7fabb582ba586ac46e6c1f,18,1,8.5,175,0,108,158,0.5391003378616737
6a7fabb582ba586ac46e6c1f,17,1,8.666666666666666,175,0,102,149,0.5459299143999674
6a7fabb582ba586ac46e6c1f,16,3,8.25,175,0,96,142,0.47935058228588256
6a7fabb582ba586ac46e6c1f,15,3,8.4,175,0,90,133,0.4902687983307482
6a7fabb582ba586ac46e6c1f,14,4,7.333333333333333,175,0,84,131,0.3209397993991266
6a7fabb582ba586ac46e6c1f,13,4,7.285714285714286,175,0,78,124,0.2833760881382217
6a7fabb582ba586ac46e6c1f,12,5,6.875,175,0,72,120,0.17498185521530252
6a7fabb582ba586ac46e6c1f,11,5,7.333333333333333,175,0,66,109,0.20790345765671372
6a7fabb582ba586ac46e6c1f,10,6,7.4,175,0,60,101,0.16844058558375405
6a7fabb582ba586ac46e6c1f,9,6,7.2727272727272725,175,0,54,95,0.1202678826084563
6a7fabb582ba586ac46e6c1f,8,6,7.666666666666667,175,0,48,83,0.1629936449749696
6a7fabb582ba586ac46e6c1f,7,6,7.461538461538462,175,0,42,78,0.09097409501568382
6a7fabb582ba586ac46e6c1f,6,6,7.642857142857143,175,0,36,68,0.09258919457593559
6a7fabb582ba586ac46e6c1f,5,6,7.533333333333333,175,0,30,62,0.04463448290128031
6a7fabb582ba586ac46e6c1f,4,6,7.4375,175,0,24,56,0.015379145068233315
6a7fabb582ba586ac46e6c1f,3,7,7.352941176470588,175,0,18,50,0.002917576592386367
6a7fabb582ba586ac46e6c1f,2,8,7.222222222222222,175,0,12,45,0.00009464383968722212
6a7fabb582ba586ac46e6c1f,1,9,7.2105263157894735,175,0,6,38,1.0545273021933321e-7
6a7fabb582ba586ac46e6c23,19,0,10,204,0,114,194,0.09779652872840609
6a7fabb582ba586ac46e6c23,18,0,7.5,204,0,108,189,0.06331159121869663
6a7fabb582ba586ac46e6c23,17,0,7,204,0,102,183,0.042641518155363226
6a7fabb582ba586ac46e6c23,16,0,9,204,0,96,168,0.07518081304056043
6a7fabb582ba586ac46e6c23,15,0,9,204,0,90,159,0.06993031893554309
6a7fabb582ba586ac46e6c23,14,1,10.333333333333334,204,0,84,142,0.14659859586734425
6a7fabb582ba586ac46e6c23,13,2,9.571428571428571,204,0,78,137,0.09224743088067294
6a7fabb582ba586ac46e6c23,12,2,8.875,204,0,72,133,0.0463456781696971
6a7fabb582ba586ac46e6c23,11,2,8.88888888888889,204,0,66,124,0.04067856483257318
6a7fabb582ba586ac46e6c23,10,2,8.9,204,0,60,115,0.0348917169141662
6a7fabb582ba586ac46e6c23,9,2,9,204,0,54,105,0.034023506907147005
6a7fabb582ba586ac46e6c23,8,2,9,204,0,48,96,0.02763869444225424
6a7fabb582ba586ac46e6c23,7,3,8.538461538461538,204,0,42,93,0.006403719282051945
6a7fabb582ba586ac46e6c23,6,4,8.571428571428571,204,0,36,84,0.003995335678233151
6a7fabb582ba586ac46e6c23,5,4,8.466666666666667,204,0,30,77,0.001220235362503286
6a7fabb582ba586ac46e6c23,4,4,8.4375,204,0,24,69,0.000326925312096031
6a7fabb582ba586ac46e6c23,3,4,8.647058823529411,204,0,18,57,0.00022956170788003525
6a7fabb582ba586ac46e6c23,2,4,8.333333333333334,204,0,12,54,6.946466098552579e-7
6a7fabb582ba586ac46e6c23,1,5,8.210526315789474,204,0,6,48,1.626142435721193e-11
6a7fabb582ba586ac46e6c27,19,0,14,200,0,114,186,0.18745223394951233
6a7fabb582ba586ac46e6c27,18,0,9,200,0,108,182,0.12199797288156361
6a7fabb582ba586ac46e6c27,17,0,10,200,0,102,170,0.15165660412411966
6a7fabb582ba586ac46e6c27,16,0,9.75,200,0,96,161,0.14616740429156344
6a7fabb582ba586ac46e6c27,15,1,8.8,200,0,90,156,0.09534962328741899
6a7fabb582ba586ac46e6c27,14,1,9,200,0,84,146,0.09916484686664141
6a7fabb582ba586ac46e6c27,13,1,8.285714285714286,200,0,78,142,0.0519913142640832
6a7fabb582ba586ac46e6c27,12,1,8.375,200,0,72,133,0.046425363989671946
6a7fabb582ba586ac46e6c27,11,1,8.555555555555555,200,0,66,123,0.046665911344941434
6a7fabb582ba586ac46e6c27,10,1,8.9,200,0,60,111,0.06133427484998797
6a7fabb582ba586ac46e6c27,9,1,9.454545454545455,200,0,54,96,0.11842695088696673
6a7fabb582ba586ac46e6c27,8,1,9.5,200,0,48,86,0.12196226291107055
6a7fabb582ba586ac46e6c27,7,1,10.384615384615385,200,0,42,65,0.4100471568753312
6a7fabb582ba586ac46e6c27,6,1,9.928571428571429,200,0,36,61,0.24393540140845094
6a7fabb582ba586ac46e6c27,5,2,9.666666666666666,200,0,30,55,0.14989243888942527
6a7fabb582ba586ac46e6c27,4,2,9.875,200,0,24,42,0.23939972138068838
6a7fabb582ba586ac46e6c27,3,2,9.941176470588236,200,0,18,31,0.29238725485423755
6a7fabb582ba586ac46e6c27,2,2,9.777777777777779,200,0,12,24,0.17321125763649003
6a7fabb582ba586ac46e6c27,1,2,9.631578947368421,200,0,6,17,0.052244036365300825
6a7fabb582ba586ac46e6c2b,19,1,7,196,0,114,189,0.14704592241317044
6a7fabb582ba586ac46e6c2b,18,3,5.5,196,0,108,185,0.08572765017530715
6a7fabb582ba586ac46e6c2b,17,4,5.666666666666667,196,0,102,179,0.05649935317757504
6a7fabb582ba586ac46e6c2b,16,5,5.75,196,0,96,173,0.03386626354880863
6a7fabb582ba586ac46e6c2b,15,5,6.6,196,0,90,163,0.0363328196919826
6a7fabb582ba586ac46e6c2b,14,6,6.666666666666667,196,0,84,156,0.021827777906823716
6a7fabb582ba586ac46e6c2b,13,6,6.571428571428571,196,0,78,150,0.013604866778013895
6a7fabb582ba586ac46e6c2b,12,6,8,196,0,72,132,0.04169887835718136
6a7fabb582ba586ac46e6c2b,11,6,8.333333333333334,196,0,66,121,0.05058982175960715
6a7fabb582ba586ac46e6c2b,10,6,8.6,196,0,60,110,0.06107570328915483
6a7fabb582ba586ac46e6c2b,9,6,8.909090909090908,196,0,54,98,0.08351590947852869
6a7fabb582ba586ac46e6c2b,8,6,8.583333333333334,196,0,48,93,0.04251811764270563
6a7fabb582ba586ac46e6c2b,7,6,8.384615384615385,196,0,42,87,0.02068979085647582
6a7fabb582ba586ac46e6c2b,6,6,8.142857142857142,196,0,36,82,0.0063062110041244976
6a7fabb582ba586ac46e6c2b,5,7,8.066666666666666,196,0,30,75,0.002067279236978966
6a7fabb582ba586ac46e6c2b,4,7,7.875,196,0,24,70,0.0002291251492729482
6a7fabb582ba586ac46e6c2b,3,7,8.058823529411764,196,0,18,59,0.00010220121269518629
6a7fabb582ba586ac46e6c2b,2,7,8.38888888888889,196,0,12,45,0.00009528616037146053
6a7fabb582ba586ac46e6c2b,1,7,8.526315789473685,196,0,6,34,0.000002754091798063096
6a7fabb582ba586ac46e6c2f,19,0,7,146,1,114,139,0.9440133873943445
6a7fabb582ba586ac46e6c2f,18,0,7,146,1,108,132,0.9400278619344253
6a7fabb582ba586ac46e6c2f,17,1,7.666666666666667,146,1,102,123,0.9409633252711465
6a7fabb582ba586ac46e6c2f,16,2,8.25,146,1,96,113,0.9436205871941246
6a7fabb582ba586ac46e6c2f,15,2,9.4,146,1,90,99,0.9744026484260431
6a7fabb582ba586ac46e6c2f,14,2,8.333333333333334,146,1,84,96,0.9605298907627237
6a7fabb582ba586ac46e6c2f,13,4,8.428571428571429,146,1,78,87,0.9291477429206614
6a7fabb582ba586ac46e6c2f,12,4,8.875,146,1,72,75,0.9607780222814917
6a7fabb582ba586ac46e6c2f,11,5,8.333333333333334,146,1,66,71,0.9166586018218608
6a7fabb582ba586ac46e6c2f,10,5,8.3,146,1,60,63,0.9376184214872467
6a7fabb582ba586ac46e6c2f,9,5,8.545454545454545,146,1,54,52,0.9673429922479018
6a7fabb582ba586ac46e6c2f,8,5,8.5,146,1,48,44,0.9792958932837613
6a7fabb582ba586ac46e6c2f,7,6,8.23076923076923,146,1,42,39,0.953929107922787
6a7fabb582ba586ac46e6c2f,6,6,7.785714285714286,146,1,36,37,0.9288389532605604
6a7fabb582ba586ac46e6c2f,5,6,8.4,146,1,30,20,0.992765112057666
6a7fabb582ba586ac46e6c2f,4,6,8.5625,146,1,24,9,0.9992236958320124
6a7fabb582ba586ac46e6c33,19,0,9,182,0,114,173,0.4152493930861107
6a7fabb582ba586ac46e6c33,18,0,11,182,0,108,160,0.5023650654248791
6a7fabb582ba586ac46e6c33,17,0,9.333333333333334,182,0,102,154,0.4393234361058474
6a7fabb582ba586ac46e6c33,16,0,9.5,182,0,96,144,0.463388213460025
6a7fabb582ba586ac46e6c33,15,0,10.2,182,0,90,131,0.560576602641671
6a7fabb582ba586ac46e6c33,14,0,10.166666666666666,182,0,84,121,0.5901523831610104
6a7fabb582ba586ac46e6c33,13,0,10,182,0,78,112,0.5963927827621339
6a7fabb582ba586ac46e6c33,12,0,9.375,182,0,72,107,0.49660555931595135
6a7fabb582ba586ac46e6c33,11,0,9.555555555555555,182,0,66,96,0.5552792525992208
6a7fabb582ba586ac46e6c33,10,0,9,182,0,60,92,0.41563672130444673
6a7fabb582ba586ac46e6c33,9,1,9,182,0,54,83,0.41423405823019305
6a7fabb582ba586ac46e6c33,8,1,8.5,182,0,48,80,0.24205972925829256
6a7fabb582ba586ac46e6c33,7,1,8.307692307692308,182,0,42,74,0.1620768524161111
6a7fabb582ba586ac46e6c33,6,1,8.071428571428571,182,0,36,69,0.08085850346234914
6a7fabb582ba586ac46e6c33,5,1,8.066666666666666,182,0,30,61,0.05449452844731993
6a7fabb582ba586ac46e6c33,4,1,8.1875,182,0,24,51,0.04881349096429548
6a7fabb582ba586ac46e6c33,3,1,8.117647058823529,182,0,18,44,0.018237423035236643
6a7fabb582ba586ac46e6c33,2,2,8.11111111111111,182,0,12,36,0.0047985315555009725
6a7fabb582ba586ac46e6c33,1,3,8.157894736842104,182,0,6,27,0.0003590891510788707
6a7fabb582ba586ac46e6c37,19,0,4,157,0,114,153,0.8016539313087332
6a7fabb582ba586ac46e6c37,18,0,6,157,0,108,145,0.7972039669897083
6a7fabb582ba586ac46e6c37,17,0,7.333333333333333,157,0,102,135,0.8232178109505882
6a7fabb582ba586ac46e6c37,16,1,7.5,157,0,96,127,0.8133640284574274
6a7fabb582ba586ac46e6c37,15,1,9.2,157,0,90,111,0.9146192593179403
6a7fabb582ba586ac46e6c37,14,1,8.5,157,0,84,106,0.8809952717755035
6a7fabb582ba586ac46e6c37,13,2,7.428571428571429,157,0,78,105,0.7546544691087153
6a7fabb582ba586ac46e6c37,12,2,7.25,157,0,72,99,0.7008901332574672
6a7fabb582ba586ac46e6c37,11,2,7.444444444444445,157,0,66,90,0.7131733365540592
6a7fabb582ba586ac46e6c37,10,2,7.6,157,0,60,81,0.7262506487455685
6a7fabb582ba586ac46e6c37,9,3,7.2727272727272725,157,0,54,77,0.5964240889160765
6a7fabb582ba586ac46e6c37,8,3,6.833333333333333,157,0,48,75,0.3809369204273529
6a7fabb582ba586ac46e6c37,7,3,7,157,0,42,66,0.37678371630581325
6a7fabb582ba586ac46e6c37,6,3,7.214285714285714,157,0,36,56,0.406751629992442
6a7fabb582ba586ac46e6c37,5,4,7.2,157,0,30,49,0.3266102736582181
6a7fabb582ba586ac46e6c37,4,4,7.4375,157,0,24,38,0.39578296157117404
6a7fabb582ba586ac46e6c37,3,5,7.294117647058823,157,0,18,33,0.2128399905760563
6a7fabb582ba586ac46e6c37,2,5,7.111111111111111,157,0,12,29,0.049213631571864605
6a7fabb582ba586ac46e6c37,1,5,7.2105263157894735,157,0,6,20,0.01504402129773149
6a7fabb582ba586ac46e6c3b,19,2,2,134,1,114,132,0.9368500208306171
6a7fabb582ba586ac46e6c3b,18,2,5,134,1,108,124,0.9481131252936885
6a7fabb582ba586ac46e6c3b,17,3,4.666666666666667,134,1,102,120,0.9045696207869738
6a7fabb582ba586ac46e6c3b,16,3,6.75,134,1,96,107,0.9423766737542282
6a7fabb582ba586ac46e6c3b,15,3,7.4,134,1,90,97,0.9608792593854238
6a7fabb582ba586ac46e6c3b,14,4,6.833333333333333,134,1,84,93,0.9214276099056926
6a7fabb582ba586ac46e6c3b,13,4,6.428571428571429,134,1,78,89,0.9173760901123216
6a7fabb582ba586ac46e6c3b,12,5,6.625,134,1,72,81,0.8784714933645646
6a7fabb582ba586ac46e6c3b,11,5,6.777777777777778,134,1,66,73,0.9037272799413508
6a7fabb582ba586ac46e6c3b,10,5,6.5,134,1,60,69,0.8910575986102522
6a7fabb582ba586ac46e6c3b,9,5,7.090909090909091,134,1,54,56,0.9493777424609465
6a7fabb582ba586ac46e6c3b,8,5,7.5,134,1,48,44,0.9792958932837613
6a7fabb582ba586ac46e6c3b,7,5,7.538461538461538,134,1,42,36,0.9879605006115919
6a7fabb582ba586ac46e6c3b,6,5,7.928571428571429,134,1,36,23,0.9980205057804471
6a7fabb582ba586ac46e6c3b,5,5,7.533333333333333,134,1,30,21,0.9964995045893399
6a7fabb582ba586ac46e6c3b,4,6,7.125,134,1,24,20,0.9742971013072503
6a7fabb582ba586ac46e6c3b,3,6,7.294117647058823,134,1,18,10,0.9957539787153212
6a7fabb582ba586ac46e6c3b,2,7,7.333333333333333,134,1,12,2,0.9994400151382925
6a7fabb582ba586ac46e6c3f,19,0,5,153,1,114,148,0.8675660840214566
6a7fabb582ba586ac46e6c3f,18,1,5,153,1,108,143,0.8172121683204372
6a7fabb582ba586ac46e6c3f,17,1,5.666666666666667,153,1,102,136,0.8007000084406346
6a7fabb582ba586ac46e6c3f,16,1,7.25,153,1,96,124,0.8569914840426557
6a7fabb582ba586ac46e6c3f,15,1,7.8,153,1,90,114,0.8818284705854136
6a7fabb582ba586ac46e6c3f,14,1,9.166666666666666,153,1,84,98,0.9556022235169954
6a7fabb582ba586ac46e6c3f,13,1,10,153,1,78,83,0.9863991332421628
6a7fabb582ba586ac46e6c3f,12,1,9.375,153,1,72,78,0.97926665625339
6a7fabb582ba586ac46e6c3f,11,1,9.777777777777779,153,1,66,65,0.9934063068981254
6a7fabb582ba586ac46e6c3f,10,1,9.7,153,1,60,56,0.995877855009088
6a7fabb582ba586ac46e6c3f,9,1,9.181818181818182,153,1,54,52,0.9909941121415073
6a7fabb582ba586ac46e6c3f,8,1,9.416666666666666,153,1,48,40,0.9978962565460479
6a7fabb582ba586ac46e6c3f,7,1,9.23076923076923,153,1,42,33,0.9981761600807015
6a7fabb582ba586ac46e6c3f,6,1,9.214285714285714,153,1,36,24,0.9994200214562998
6a7fabb582ba586ac46e6c3f,5,1,9.866666666666667,153,1,30,5,0.999999997999982
6a7fabb582ba586ac46e6c3f,4,1,9.6875,153,1,24,-2,1
6a7fabb582ba586ac46e6c43,19,1,11,164,1,114,153,0.7886244798863525
6a7fabb582ba586ac46e6c43,18,1,7,164,1,108,150,0.7015496421635558
6a7fabb582ba586ac46e6c43,17,1,9,164,1,102,137,0.7846302596611093
6a7fabb582ba586ac46e6c43,16,1,10.5,164,1,96,122,0.8818969354427312
6a7fabb582ba586ac46e6c43,15,2,9.2,164,1,90,118,0.8162193429602018
6a7fabb582ba586ac46e6c43,14,2,8.833333333333334,164,1,84,111,0.7979123303875708
6a7fabb582ba586ac46e6c43,13,2,8.571428571428571,164,1,78,104,0.7748385918005849
6a7fabb582ba586ac46e6c43,12,2,8.875,164,1,72,93,0.8266707843129939
6a7fabb582ba586ac46e6c43,11,2,8.666666666666666,164,1,66,86,0.8030923164114536
6a7fabb582ba586ac46e6c43,10,2,8.6,164,1,60,78,0.7970037519629303
6a7fabb582ba586ac46e6c43,9,2,8.545454545454545,164,1,54,70,0.7902041841881561
6a7fabb582ba586ac46e6c43,8,2,9.833333333333334,164,1,48,46,0.9877771764426845
6a7fabb582ba586ac46e6c43,7,2,9.461538461538462,164,1,42,41,0.9788404776359307
6a7fabb582ba586ac46e6c43,6,2,9.5,164,1,36,31,0.990895540462452
6a7fabb582ba586ac46e6c43,5,2,9.333333333333334,164,1,30,24,0.9918213476253893
6a7fabb582ba586ac46e6c43,4,2,9.8125,164,1,24,7,0.9999963417647689
6a7fabb582ba586ac46e6c43,3,2,9.588235294117647,164,1,18,1,0.9999999900863183
6a7fabb582ba586ac46e6c47,19,0,12,171,1,114,159,0.7007891976829919
6a7fabb582ba586ac46e6c47,18,0,10.5,171,1,108,150,0.7103179506901026
6a7fabb582ba586ac46e6c47,17,0,11,171,1,102,138,0.7747025691927047
6a7fabb582ba586ac46e6c47,16,1,9.5,171,1,96,133,0.7048279614778014
6a7fabb582ba586ac46e6c47,15,1,9.4,171,1,90,124,0.7155777435492743
6a7fabb582ba586ac46e6c47,14,2,9.333333333333334,171,1,84,115,0.7205060528379907
6a7fabb582ba586ac46e6c47,13,2,9,171,1,78,108,0.6890094720982408
6a7fabb582ba586ac46e6c47,12,3,8.75,171,1,72,101,0.6450692660643389
6a7fabb582ba586ac46e6c47,11,3,8.555555555555555,171,1,66,94,0.6050610932418712
6a7fabb582ba586ac46e6c47,10,3,9.2,171,1,60,79,0.7714727740987306
6a7fabb582ba586ac46e6c47,9,3,8.909090909090908,171,1,54,73,0.7122892730623873
6a7fabb582ba586ac46e6c47,8,4,8.583333333333334,171,1,48,68,0.603550065337759
6a7fabb582ba586ac46e6c47,7,4,8.461538461538462,171,1,42,61,0.547083433302057
6a7fabb582ba586ac46e6c47,6,4,8.285714285714286,171,1,36,55,0.44293253067394245
6a7fabb582ba586ac46e6c47,5,6,8.466666666666667,171,1,30,44,0.5165457750143322
6a7fabb582ba586ac46e6c47,4,6,8.9375,171,1,24,28,0.8192177583335213
6a7fabb582ba586ac46e6c47,3,6,9,171,1,18,18,0.8956243602460899
6a7fabb582ba586ac46e6c47,2,6,9.333333333333334,171,1,12,3,0.9996149832500872
6a7fabb582ba586ac46e6c4b,19,0,17,158,1,114,141,0.9312879335983295
6a7fabb582ba586ac46e6c4b,18,0,14,158,1,108,130,0.9520329024088581
6a7fabb582ba586ac46e6c4b,17,0,14,158,1,102,116,0.9787245739711665
6a7fabb582ba586ac46e6c4b,16,0,11.75,158,1,96,111,0.9701333890499335
6a7fabb582ba586ac46e6c4b,15,1,10.6,158,1,90,105,0.9590007330112771
6a7fabb582ba586ac46e6c4b,14,2,9.666666666666666,158,1,84,100,0.9354165908751054
6a7fabb582ba586ac46e6c4b,13,2,9,158,1,78,95,0.9114554435444306
6a7fabb582ba586ac46e6c4b,12,2,8.625,158,1,72,89,0.8889466740997382
6a7fabb582ba586ac46e6c4b,11,2,8.444444444444445,158,1,66,82,0.874350160279091
6a7fabb582ba586ac46e6c4b,10,2,8.1,158,1,60,77,0.81810527932854
6a7fabb582ba586ac46e6c4b,9,2,8.363636363636363,158,1,54,66,0.8721621458638054
6a7fabb582ba586ac46e6c4b,8,2,8.75,158,1,48,53,0.9436142779633077
6a7fabb582ba586ac46e6c4b,7,2,8.923076923076923,158,1,42,42,0.9729953536339235
6a7fabb582ba586ac46e6c4b,6,3,8.714285714285714,158,1,36,36,0.9627674172904591
6a7fabb582ba586ac46e6c4b,5,4,8.333333333333334,158,1,30,33,0.89803322417391
6a7fabb582ba586ac46e6c4b,4,4,8.125,158,1,24,28,0.824451811805057
6a7fabb582ba586ac46e6c4b,3,4,8.117647058823529,158,1,18,20,0.8311096541515646
6a7fabb582ba586ac46e6c4b,2,4,8.444444444444445,158,1,12,6,0.9915904598399516
6a7fabb582ba586ac46e6c4f,19,1,7,156,1,114,149,0.842263056286887
6a7fabb582ba586ac46e6c4f,18,1,7,156,1,108,142,0.8309976144179662
6a7fabb582ba586ac46e6c4f,17,1,9.333333333333334,156,1,102,128,0.9016140593015197
6a7fabb582ba586ac46e6c4f,16,1,8.25,156,1,96,123,0.8698603581168831
6a7fabb582ba586ac46e6c4f,15,2,7.4,156,1,90,119,0.8000692047001245
6a7fabb582ba586ac46e6c4f,14,2,9,156,1,84,102,0.9184706471883365
6a7fabb582ba586ac46e6c4f,13,2,9.428571428571429,156,1,78,90,0.9534150036964555
6a7fabb582ba586ac46e6c4f,12,3,9.75,156,1,72,78,0.9696935329755204
6a7fabb582ba586ac46e6c4f,11,3,11.11111111111111,156,1,66,56,0.9967171100224719
6a7fabb582ba586ac46e6c4f,10,3,11,156,1,60,46,0.998723414901604
6a7fabb582ba586ac46e6c4f,9,3,11.636363636363637,156,1,54,28,0.9998881452143513
6a7fabb582ba586ac46e6c4f,8,4,11.666666666666666,156,1,48,16,0.999928768199341
6a7fabb582ba586ac46e6c4f,7,4,11,156,1,42,13,0.9999666441366093
6a7fabb582ba586ac46e6c4f,6,4,10.928571428571429,156,1,36,3,0.9999995737014187
6a7fabb582ba586ac46e6c53,19,1,9,156,0,114,147,0.865045518190916
6a7fabb582ba586ac46e6c53,18,1,6.5,156,0,108,143,0.8172121683204372
6a7fabb582ba586ac46e6c53,17,1,6,156,0,102,138,0.7678282089603549
6a7fabb582ba586ac46e6c53,16,2,5.5,156,0,96,134,0.6731556804207077
6a7fabb582ba586ac46e6c53,15,2,5.8,156,0,90,127,0.6432282095221702
6a7fabb582ba586ac46e6c53,14,4,5.833333333333333,156,0,84,121,0.5412616610281902
6a7fabb582ba586ac46e6c53,13,5,5.571428571428571,156,0,78,117,0.40038365787542846
6a7fabb582ba586ac46e6c53,12,5,5.875,156,0,72,109,0.39430299382251394
6a7fabb582ba586ac46e6c53,11,5,5.666666666666667,156,0,66,105,0.2891696105691448
6a7fabb582ba586ac46e6c53,10,5,6.6,156,0,60,90,0.44582339183693764
6a7fabb582ba586ac46e6c53,9,5,6.181818181818182,156,0,54,88,0.2665299772520878
6a7fabb582ba586ac46e6c53,8,6,6.583333333333333,156,0,48,77,0.2976148454605864
6a7fabb582ba586ac46e6c53,7,6,6.846153846153846,156,0,42,67,0.32810763568179946
6a7fabb582ba586ac46e6c53,6,6,7.142857142857143,156,0,36,56,0.3951193904405138
6a7fabb582ba586ac46e6c53,5,7,7.333333333333333,156,0,30,46,0.4119189128624727
6a7fabb582ba586ac46e6c53,4,7,7.4375,156,0,24,37,0.4243918770642405
6a7fabb582ba586ac46e6c53,3,7,7.588235294117647,156,0,18,27,0.4817346852551301
6a7fabb582ba586ac46e6c53,2,8,7.277777777777778,156,0,12,25,0.1343441388991549
6a7fabb582ba586ac46e6c53,1,8,7.368421052631579,156,0,6,16,0.0752132986960916
6a7fabb582ba586ac46e6c57,19,0,9,180,0,114,171,0.45653401739093846
6a7fabb582ba586ac46e6c57,18,0,8.5,180,0,108,163,0.4377512218467989
6a7fabb582ba586ac46e6c57,17,0,8.333333333333334,180,0,102,155,0.4174740527379652
6a7fabb582ba586ac46e6c57,16,0,7.25,180,0,96,151,0.3112677049692788
6a7fabb582ba586ac46e6c57,15,0,6.2,180,0,90,149,0.1820926612970908
6a7fabb582ba586ac46e6c57,14,0,5.5,180,0,84,147,0.08949210315903838
6a7fabb582ba586ac46e6c57,13,0,5.857142857142857,180,0,78,139,0.07417213006911168
6a7fabb582ba586ac46e6c57,12,0,5.625,180,0,72,135,0.035624950231440744
6a7fabb582ba586ac46e6c57,11,0,5.888888888888889,180,0,66,127,0.026528640067691005
6a7fabb582ba586ac46e6c57,10,0,6.2,180,0,60,118,0.022051773134214525
6a7fabb582ba586ac46e6c57,9,0,6.7272727272727275,180,0,54,106,0.029064488090093887
6a7fabb582ba586ac46e6c57,8,0,8.083333333333334,180,0,48,83,0.17516304558131163
6a7fabb582ba586ac46e6c57,7,0,7.6923076923076925,180,0,42,80,0.0703271041157032
6a7fabb582ba586ac46e6c57,6,0,8.785714285714286,180,0,36,57,0.3712585690298293
6a7fabb582ba586ac46e6c57,5,0,8.4,180,0,30,54,0.1734636757318789
6a7fabb582ba586ac46e6c57,4,0,7.9375,180,0,24,53,0.03148631454570885
6a7fabb582ba586ac46e6c57,3,0,8.352941176470589,180,0,18,38,0.08073361478479335
6a7fabb582ba586ac46e6c57,2,0,8.222222222222221,180,0,12,32,0.019643328074688837
6a7fabb582ba586ac46e6c57,1,1,8.263157894736842,180,0,6,23,0.0035015208138023586
6a7fabb582ba586ac46e6c5b,19,0,7,172,0,114,165,0.5821774224788857
6a7fabb582ba586ac46e6c5b,18,1,5,172,0,108,162,0.4537222313766709
6a7fabb582ba586ac46e6c5b,17,1,6.333333333333333,172,0,102,153,0.4574996030014092
6a7fabb582ba586ac46e6c5b,16,1,6.25,172,0,96,147,0.3935332435895807
6a7fabb582ba586ac46e6c5b,15,2,6.2,172,0,90,141,0.3244524220641854
6a7fabb582ba586ac46e6c5b,14,2,6.833333333333333,172,0,84,131,0.34499402416708824
6a7fabb582ba586ac46e6c5b,13,2,6.142857142857143,172,0,78,129,0.2008058070419239
6a7fabb582ba586ac46e6c5b,12,2,6.125,172,0,72,123,0.14583049795622857
6a7fabb582ba586ac46e6c5b,11,3,5.777777777777778,172,0,66,120,0.06856571110763163
6a7fabb582ba586ac46e6c5b,10,3,6.5,172,0,60,107,0.10158043697875328
6a7fabb582ba586ac46e6c5b,9,6,6.454545454545454,172,0,54,101,0.05602164522234909
6a7fabb582ba586ac46e6c5b,8,6,6.583333333333333,172,0,48,93,0.04251811764270563
6a7fabb582ba586ac46e6c5b,7,7,6.384615384615385,172,0,42,89,0.012891170015789996
6a7fabb582ba586ac46e6c5b,6,7,6.428571428571429,172,0,36,82,0.005964571993317376
6a7fabb582ba586ac46e6c5b,5,7,6.533333333333333,172,0,30,74,0.0027072875411569977
6a7fabb582ba586ac46e6c5b,4,7,6.3125,172,0,24,71,0.00016111779757430796
6a7fabb582ba586ac46e6c5b,3,7,6.352941176470588,172,0,18,64,0.000011688726988506135
6a7fabb582ba586ac46e6c5b,2,7,6.5,172,0,12,55,3.785526746881103e-7
6a7fabb582ba586ac46e6c5b,1,7,6.473684210526316,172,0,6,49,6.54428230116923e-12
6a7fabb582ba586ac46e6c5f,19,1,10,164,0,114,154,0.7735596428947507
6a7fabb582ba586ac46e6c5f,18,1,9,164,0,108,146,0.7715914630172731
6a7fabb582ba586ac46e6c5f,17,3,7.333333333333333,164,0,102,142,0.6456707045681604
6a7fabb582ba586ac46e6c5f,16,3,7.5,164,0,96,134,0.6472468090570416
6a7fabb582ba586ac46e6c5f,15,3,8.2,164,0,90,123,0.7058583827199888
6a7fabb582ba586ac46e6c5f,14,3,6.833333333333333,164,0,84,123,0.5237943332893868
6a7fabb582ba586ac46e6c5f,13,4,6.428571428571429,164,0,78,119,0.3932072194242668
6a7fabb582ba586ac46e6c5f,12,4,6.75,164,0,72,110,0.3999886411854064
6a7fabb582ba586ac46e6c5f,11,4,6.777777777777778,164,0,66,103,0.35384069551544506
6a7fabb582ba586ac46e6c5f,10,4,6.4,164,0,60,100,0.21307678829688267
6a7fabb582ba586ac46e6c5f,9,4,6,164,0,54,98,0.09155225697016617
6a7fabb582ba586ac46e6c5f,8,4,5.916666666666667,164,0,48,93,0.04497939768086035
6a7fabb582ba586ac46e6c5f,7,4,6.615384615384615,164,0,42,78,0.09454933223336043
6a7fabb582ba586ac46e6c5f,6,4,7,164,0,36,66,0.12742570996662558
6a7fabb582ba586ac46e6c5f,5,4,7.333333333333333,164,0,30,54,0.1734281433238808
6a7fabb582ba586ac46e6c5f,4,5,7.125,164,0,24,50,0.06006750681390906
6a7fabb582ba586ac46e6c5f,3,6,7.470588235294118,164,0,18,37,0.09989650706669156
6a7fabb582ba586ac46e6c5f,2,6,7.888888888888889,164,0,12,22,0.2597950185766507
6a7fabb582ba586ac46e6c5f,1,6,8.105263157894736,164,0,6,10,0.40952841605093127
6a7fabb582ba586ac46e6c63,19,0,8,163,1,114,155,0.7704976971791322
6a7fabb582ba586ac46e6c63,18,1,8.5,163,1,108,146,0.7715914630172731
6a7fabb582ba586ac46e6c63,17,1,8,163,1,102,139,0.7503201130273823
6a7fabb582ba586ac46e6c63,16,1,10.25,163,1,96,122,0.8818969354427312
6a7fabb582ba586ac46e6c63,15,3,8.6,163,1,90,120,0.7603326197577981
6a7fabb582ba586ac46e6c63,14,3,9.5,163,1,84,106,0.856311090714023
6a7fabb582ba586ac46e6c63,13,3,10,163,1,78,93,0.9182489650905676
6a7fabb582ba586ac46e6c63,12,3,9.375,163,1,72,88,0.8929143017665861
6a7fabb582ba586ac46e6c63,11,3,9.88888888888889,163,1,66,74,0.9545643943202087
6a7fabb582ba586ac46e6c63,10,3,9.8,163,1,60,65,0.9657809921708838
6a7fabb582ba586ac46e6c63,9,5,9.545454545454545,163,1,54,58,0.9361679703644064
6a7fabb582ba586ac46e6c63,8,5,9.083333333333334,163,1,48,54,0.912625371267236
6a7fabb582ba586ac46e6c63,7,5,9.307692307692308,163,1,42,42,0.9631245784336367
6a7fabb582ba586ac46e6c63,6,6,9.357142857142858,163,1,36,32,0.9683177605509569
6a7fabb582ba586ac46e6c63,5,6,8.866666666666667,163,1,30,30,0.936074358113629
6a7fabb582ba586ac46e6c63,4,6,8.8125,163,1,24,22,0.9538849972391101
6a7fabb582ba586ac46e6c63,3,7,8.823529411764707,163,1,18,13,0.9726351317398515
6a7fabb582ba586ac46e6c63,2,7,9.055555555555555,163,1,12,0,1
6a7fabb582ba586ac46e6c67,19,0,11,148,0,114,137,0.9546687535893252
6a7fabb582ba586ac46e6c67,18,1,14,148,0,108,120,0.9781281631344199
6a7fabb582ba586ac46e6c67,17,1,10,148,0,102,118,0.9658178415115907
6a7fabb582ba586ac46e6c67,16,2,9,148,0,96,112,0.948857196859551
6a7fabb582ba586ac46e6c67,15,2,10,148,0,90,98,0.9770473181081596
6a7fabb582ba586ac46e6c67,14,3,10,148,0,84,88,0.9729383154310489
6a7fabb582ba586ac46e6c67,13,3,8.857142857142858,148,0,78,86,0.9626714150732487
6a7fabb582ba586ac46e6c67,12,3,8.625,148,0,72,79,0.9653875378815072
6a7fabb582ba586ac46e6c67,11,4,8.222222222222221,148,0,66,74,0.9386294567065576
6a7fabb582ba586ac46e6c67,10,4,8,148,0,60,68,0.933081992230995
6a7fabb582ba586ac46e6c67,9,4,8.363636363636363,148,0,54,56,0.9694119555793774
6a7fabb582ba586ac46e6c67,8,4,8.333333333333334,148,0,48,48,0.9760500922948557
6a7fabb582ba586ac46e6c67,7,4,7.769230769230769,148,0,42,47,0.920279805898419
6a7fabb582ba586ac46e6c67,6,4,7.857142857142857,148,0,36,38,0.9402022190314091
6a7fabb582ba586ac46e6c67,5,5,7.8,148,0,30,31,0.9321077692612307
6a7fabb582ba586ac46e6c67,4,5,7.875,148,0,24,22,0.9582108690606501
6a7fabb582ba586ac46e6c67,3,5,7.647058823529412,148,0,18,18,0.8971028567855102
6a7fabb582ba586ac46e6c67,2,7,7.555555555555555,148,0,12,12,0.846515047416913
6a7fabb582ba586ac46e6c67,1,7,7.315789473684211,148,0,6,9,0.49814132725757954
6a7fabb582ba586ac46e6c6b,19,2,5,182,1,114,177,0.3196478584757156
6a7fabb582ba586ac46e6c6b,18,2,8,182,1,108,166,0.3606827066807527
6a7fabb582ba586ac46e6c6b,17,2,7,182,1,102,161,0.2864808389786068
6a7fabb582ba586ac46e6c6b,16,2,7.25,182,1,96,153,0.26709424863040016
6a7fabb582ba586ac46e6c6b,15,2,7.2,182,1,90,146,0.22839575921090882
6a7fabb582ba586ac46e6c6b,14,2,8.5,182,1,84,131,0.34499402416708824
6a7fabb582ba586ac46e6c6b,13,2,9.285714285714286,182,1,78,117,0.465396209968688
6a7fabb582ba586ac46e6c6b,12,2,9.875,182,1,72,103,0.6006717754112371
6a7fabb582ba586ac46e6c6b,11,3,9.444444444444445,182,1,66,97,0.5227439815470348
6a7fabb582ba586ac46e6c6b,10,3,10,182,1,60,82,0.6976282608869905
6a7fabb582ba586ac46e6c6b,9,4,9.636363636363637,182,1,54,76,0.6211355671159899
6a7fabb582ba586ac46e6c6b,8,4,9.416666666666666,182,1,48,69,0.5714198539221709
6a7fabb582ba586ac46e6c6b,7,5,9.615384615384615,182,1,42,57,0.675247776177845
6a7fabb582ba586ac46e6c6b,6,5,9.5,182,1,36,49,0.6627229982275161
6a7fabb582ba586ac46e6c6b,5,6,9.933333333333334,182,1,30,33,0.88522667584112
6a7fabb582ba586ac46e6c6b,4,6,9.6875,182,1,24,27,0.8503032979133367
6a7fabb582ba586ac46e6c6b,3,6,9.882352941176471,182,1,18,14,0.9719450362961126
6a7fabb582ba586ac46e6c6b,2,6,9.88888888888889,182,1,12,4,0.9986643862472591
6a7fabb582ba586ac46e6c6f,19,0,14,183,0,114,169,0.49842719842351263
6a7fabb582ba586ac46e6c6f,18,0,10,183,0,108,163,0.4377512218467989
6a7fabb582ba586ac46e6c6f,17,1,8.666666666666666,183,0,102,157,0.37167703838864996
6a7fabb582ba586ac46e6c6f,16,2,8.5,183,0,96,149,0.3452633220821979
6a7fabb582ba586ac46e6c6f,15,2,8.4,183,0,90,141,0.3244524220641854
6a7fabb582ba586ac46e6c6f,14,2,7.833333333333333,183,0,84,136,0.24221828975925916
6a7fabb582ba586ac46e6c6f,13,2,7.571428571428571,183,0,78,130,0.18397207705439847
6a7fabb582ba586ac46e6c6f,12,2,8.5,183,0,72,115,0.29453021255840156
6a7fabb582ba586ac46e6c6f,11,3,8.222222222222221,183,0,66,109,0.22313207822973483
6a7fabb582ba586ac46e6c6f,10,3,8.7,183,0,60,96,0.30688698324474073
6a7fabb582ba586ac46e6c6f,9,4,8,183,0,54,95,0.1323891331321594
6a7fabb582ba586ac46e6c6f,8,4,7.75,183,0,48,90,0.07064518457913732
6a7fabb582ba586ac46e6c6f,7,5,7.461538461538462,183,0,42,86,0.02551196616552214
6a7fabb582ba586ac46e6c6f,6,6,7.571428571428571,183,0,36,77,0.01857328529250637
6a7fabb582ba586ac46e6c6f,5,6,8.066666666666666,183,0,30,62,0.04463448290128031
6a7fabb582ba586ac46e6c6f,4,7,7.875,183,0,24,57,0.011748715243939611
6a7fabb582ba586ac46e6c6f,3,8,7.588235294117647,183,0,18,54,0.0006934136657901267
6a7fabb582ba586ac46e6c6f,2,9,7.722222222222222,183,0,12,44,0.00013380003152742046
6a7fabb582ba586ac46e6c6f,1,9,7.684210526315789,183,0,6,37,2.4621811298292755e-7
6a7fabb582ba586ac46e6c73,19,0,2,181,0,114,179,0.2992151489642789
6a7fabb582ba586ac46e6c73,18,0,3.5,181,0,108,174,0.22815304229146166
6a7fabb582ba586ac46e6c73,17,0,4.666666666666667,181,0,102,167,0.19291078430935138
6a7fabb582ba586ac46e6c73,16,1,5.25,181,0,96,160,0.15851884080660603
6a7fabb582ba586ac46e6c73,15,1,5,181,0,90,156,0.09534962328741899
6a7fabb582ba586ac46e6c73,14,1,5.833333333333333,181,0,84,146,0.09916484686664141
6a7fabb582ba586ac46e6c73,13,1,6.285714285714286,181,0,78,137,0.09256615630913156
6a7fabb582ba586ac46e6c73,12,2,6.25,181,0,72,131,0.059697182507250264
6a7fabb582ba586ac46e6c73,11,2,5.777777777777778,181,0,66,129,0.01960301502743229
6a7fabb582ba586ac46e6c73,10,2,5.5,181,0,60,126,0.005567411314116708
6a7fabb582ba586ac46e6c73,9,2,5.818181818181818,181,0,54,117,0.003998959899241464
6a7fabb582ba586ac46e6c73,8,2,5.583333333333333,181,0,48,114,0.0006699136868490239
6a7fabb582ba586ac46e6c73,7,3,5.923076923076923,181,0,42,104,0.000460551358587299
6a7fabb582ba586ac46e6c73,6,3,6.285714285714286,181,0,36,93,0.0003751193427285622
6a7fabb582ba586ac46e6c73,5,3,6.266666666666667,181,0,30,87,0.00005258495654978896
6a7fabb582ba586ac46e6c73,4,3,6.75,181,0,24,73,0.00007869250449741221
6a7fabb582ba586ac46e6c73,3,3,6.647058823529412,181,0,18,68,0.0000017708276950951771
6a7fabb582ba586ac46e6c73,2,3,6.944444444444445,181,0,12,56,2.0395799910350362e-7
6a7fabb582ba586ac46e6c73,1,3,6.7368421052631575,181,0,6,53,1.5694269205057483e-13
6a7fabb582ba586ac46e6c77,19,0,24,164,1,114,140,0.937923424796322
6a7fabb582ba586ac46e6c77,18,0,19,164,1,108,126,0.9700202396646568
6a7fabb582ba586ac46e6c77,17,0,17,164,1,102,113,0.9859159322069815
6a7fabb582ba586ac46e6c77,16,0,14.75,164,1,96,105,0.9876167436198577
6a7fabb582ba586ac46e6c77,15,1,14.6,164,1,90,91,0.9942763132705813
6a7fabb582ba586ac46e6c77,14,2,14.333333333333334,164,1,84,78,0.9952882078990684
6a7fabb582ba586ac46e6c77,13,2,13.857142857142858,164,1,78,67,0.9979379345838467
6a7fabb582ba586ac46e6c77,12,2,14,164,1,72,52,0.9995050986295492
6a7fabb582ba586ac46e6c77,11,2,14.11111111111111,164,1,66,37,0.9999205340541237
6a7fabb582ba586ac46e6c77,10,2,13.2,164,1,60,32,0.9999628204377791
6a7fabb582ba586ac46e6c77,9,2,12.363636363636363,164,1,54,28,0.9999810610822168
6a7fabb582ba586ac46e6c77,8,3,12.416666666666666,164,1,48,15,0.9999928063649546
6a7fabb582ba586ac46e6c77,7,3,12.076923076923077,164,1,42,7,0.9999995993684838
6a7fabb582ba586ac46e6c7b,19,0,17,199,0,114,182,0.2476940837770965
6a7fabb582ba586ac46e6c7b,18,0,16,199,0,108,167,0.3549338819896411
6a7fabb582ba586ac46e6c7b,17,0,13.666666666666666,199,0,102,158,0.3539555243641034
6a7fabb582ba586ac46e6c7b,16,0,12.5,199,0,96,149,0.3525101385993723
6a7fabb582ba586ac46e6c7b,15,0,13.4,199,0,90,132,0.5367398692593923
6a7fabb582ba586ac46e6c7b,14,1,12.666666666666666,199,0,84,123,0.5396120296907406
6a7fabb582ba586ac46e6c7b,13,1,11.571428571428571,199,0,78,118,0.4423807370585146
6a7fabb582ba586ac46e6c7b,12,2,11.125,199,0,72,110,0.4158748194734273
6a7fabb582ba586ac46e6c7b,11,2,10.555555555555555,199,0,66,104,0.33770496389757537
6a7fabb582ba586ac46e6c7b,10,2,11.5,199,0,60,84,0.6462372285521054
6a7fabb582ba586ac46e6c7b,9,3,10.909090909090908,199,0,54,79,0.5351800539305905
6a7fabb582ba586ac46e6c7b,8,3,10.416666666666666,199,0,48,74,0.41199925421157496
6a7fabb582ba586ac46e6c7b,7,3,10.153846153846153,199,0,42,67,0.3447532712584001
6a7fabb582ba586ac46e6c7b,6,3,9.785714285714286,199,0,36,62,0.21661073430637287
6a7fabb582ba586ac46e6c7b,5,3,9.933333333333334,199,0,30,50,0.2915825563431341
6a7fabb582ba586ac46e6c7b,4,3,9.6875,199,0,24,44,0.17760561104354008
6a7fabb582ba586ac46e6c7b,3,3,9.588235294117647,199,0,18,36,0.12259542048710467
6a7fabb582ba586ac46e6c7b,2,3,9.722222222222221,199,0,12,24,0.17321125756065964
6a7fabb582ba586ac46e6c7b,1,3,9.631578947368421,199,0,6,16,0.07541620050417304
6a7fabb582ba586ac46e6c7f,19,1,11,207,0,114,196,0.08050776549700303
6a7fabb582ba586ac46e6c7f,18,1,8.5,207,0,108,190,0.056700360386471804
6a7fabb582ba586ac46e6c7f,17,1,10,207,0,102,177,0.07969313992593419
6a7fabb582ba586ac46e6c7f,16,1,11.25,207,0,96,162,0.13324317856160914
6a7fabb582ba586ac46e6c7f,15,2,10.2,207,0,90,156,0.09454710924394108
6a7fabb582ba586ac46e6c7f,14,2,8.833333333333334,207,0,84,154,0.03986037141860193
6a7fabb582ba586ac46e6c7f,13,3,8.714285714285714,207,0,78,146,0.030793927079049262
6a7fabb582ba586ac46e6c7f,12,3,8.875,207,0,72,136,0.030815710828753753
6a7fabb582ba586ac46e6c7f,11,3,8.444444444444445,207,0,66,131,0.014272137687572406
6a7fabb582ba586ac46e6c7f,10,3,8.9,207,0,60,118,0.022002736526262646
6a7fabb582ba586ac46e6c7f,9,3,8.272727272727273,207,0,54,116,0.004875884475932399
6a7fabb582ba586ac46e6c7f,8,4,8.666666666666666,207,0,48,103,0.007595303147484736
6a7fabb582ba586ac46e6c7f,7,4,8.307692307692308,207,0,42,99,0.0016282006724563135
6a7fabb582ba586ac46e6c7f,6,5,8.571428571428571,207,0,36,87,0.0018975776363220228
6a7fabb582ba586ac46e6c7f,5,5,8.266666666666667,207,0,30,83,0.00019801777190911926
6a7fabb582ba586ac46e6c7f,4,5,8.4375,207,0,24,72,0.00011349844354362056
6a7fabb582ba586ac46e6c7f,3,5,8.411764705882353,207,0,18,64,0.000011704802532034719
6a7fabb582ba586ac46e6c7f,2,5,8.722222222222221,207,0,12,50,0.0000069886723042280035
6a7fabb582ba586ac46e6c7f,1,6,8.368421052631579,207,0,6,48,1.6261424356481788e-11
6a7fabb582ba586ac46e6c83,19,0,13,164,1,114,151,0.8301098961024049
6a7fabb582ba586ac46e6c83,18,0,9.5,164,1,108,145,0.7972039669897083
6a7fabb582ba586ac46e6c83,17,0,9,164,1,102,137,0.7916285151980273
6a7fabb582ba586ac46e6c83,16,1,10,164,1,96,124,0.8569914840426557
6a7fabb582ba586ac46e6c83,15,2,9,164,1,90,119,0.8000692047001245
6a7fabb582ba586ac46e6c83,14,3,8.833333333333334,164,1,84,111,0.7807533894828999
6a7fabb582ba586ac46e6c83,13,4,7.857142857142857,164,1,78,109,0.628861208973907
6a7fabb582ba586ac46e6c83,12,4,8.875,164,1,72,93,0.7945117371541638
6a7fabb582ba586ac46e6c83,11,5,8.11111111111111,164,1,66,91,0.6318362872485835
6a7fabb582ba586ac46e6c83,10,5,8.5,164,1,60,79,0.7299301779574221
6a7fabb582ba586ac46e6c83,9,6,8.272727272727273,164,1,54,73,0.631538316496802
6a7fabb582ba586ac46e6c83,8,6,9.083333333333334,164,1,48,55,0.8531035962818423
6a7fabb582ba586ac46e6c83,7,6,9.23076923076923,164,1,42,44,0.9167522165822899
6a7fabb582ba586ac46e6c83,6,6,9.285714285714286,164,1,36,34,0.9563576774807744
6a7fabb582ba586ac46e6c83,5,7,9.2,164,1,30,26,0.9363305156398519
6a7fabb582ba586ac46e6c83,4,7,8.8125,164,1,24,23,0.9150976693990619
6a7fabb582ba586ac46e6c83,3,7,8.647058823529411,164,1,18,17,0.9101524490695647
6a7fabb582ba586ac46e6c83,2,7,8.61111111111111,164,1,12,9,0.9475016567904371
6a7fabb582ba586ac46e6c87,19,1,5,149,0,114,144,0.8942937560620059
6a7fabb582ba586ac46e6c87,18,1,7,149,0,108,135,0.9074431127076825
6a7fabb582ba586ac46e6c87,17,1,8.666666666666666,149,0,102,123,0.9409633252711465
6a7fabb582ba586ac46e6c87,16,1,8.25,149,0,96,116,0.9375969889636104
6a7fabb582ba586ac46e6c87,15,1,8,149,0,90,109,0.932330766760671
6a7fabb582ba586ac46e6c87,14,1,8.333333333333334,149,0,84,99,0.9491256553884432
6a7fabb582ba586ac46e6c87,13,1,8.571428571428571,149,0,78,89,0.9634587794566127
6a7fabb582ba586ac46e6c87,12,1,8,149,0,72,85,0.9362882654040489
6a7fabb582ba586ac46e6c87,11,2,7.777777777777778,149,0,66,79,0.9147892091427623
6a7fabb582ba586ac46e6c87,10,2,7.4,149,0,60,75,0.856261141378319
6a7fabb582ba586ac46e6c87,9,2,7.090909090909091,149,0,54,71,0.7660477053927471
6a7fabb582ba586ac46e6c87,8,2,7.25,149,0,48,62,0.7828645654850974
6a7fabb582ba586ac46e6c87,7,2,7.538461538461538,149,0,42,51,0.8502513698284923
6a7fabb582ba586ac46e6c87,6,2,7.571428571428571,149,0,36,43,0.8497392340130372
6a7fabb582ba586ac46e6c87,5,2,7.6,149,0,30,35,0.8510945788296933
6a7fabb582ba586ac46e6c87,4,3,7.375,149,0,24,31,0.7115637736502617
6a7fabb582ba586ac46e6c87,3,3,7.294117647058823,149,0,18,25,0.5957133549913881
6a7fabb582ba586ac46e6c87,2,3,7,149,0,12,23,0.21365199914350827
6a7fabb582ba586ac46e6c87,1,3,6.894736842105263,149,0,6,18,0.03537943477589973
6a7fabb582ba586ac46e6c8b,19,0,8,178,1,114,170,0.47743303714295826
6a7fabb582ba586ac46e6c8b,18,0,11.5,178,1,108,155,0.6098554702927377
6a7fabb582ba586ac46e6c8b,17,0,9.666666666666666,178,1,102,149,0.5507308229933352
6a7fabb582ba586ac46e6c8b,16,0,10.25,178,1,96,137,0.6237367651393345
6a7fabb582ba586ac46e6c8b,15,0,10,178,1,90,128,0.6308304060074056
6a7fabb582ba586ac46e6c8b,14,0,10,178,1,84,118,0.6616422816011973
6a7fabb582ba586ac46e6c8b,13,0,10,178,1,78,108,0.6937920080375111
6a7fabb582ba586ac46e6c8b,12,1,10,178,1,72,98,0.7266338181072417
6a7fabb582ba586ac46e6c8b,11,1,9.222222222222221,178,1,66,95,0.5827994647143299
6a7fabb582ba586ac46e6c8b,10,1,9.7,178,1,60,81,0.7269939605604152
6a7fabb582ba586ac46e6c8b,9,1,10,178,1,54,68,0.8346338883462787
6a7fabb582ba586ac46e6c8b,8,1,10.166666666666666,178,1,48,56,0.9054538372483039
6a7fabb582ba586ac46e6c8b,7,2,9.923076923076923,178,1,42,49,0.8904696812689249
6a7fabb582ba586ac46e6c8b,6,2,9.857142857142858,178,1,36,40,0.9114718473517668
6a7fabb582ba586ac46e6c8b,5,2,10.266666666666667,178,1,30,24,0.9918213476253893
6a7fabb582ba586ac46e6c8b,4,2,10.1875,178,1,24,15,0.9976261246300434
6a7fabb582ba586ac46e6c8b,3,2,10.352941176470589,178,1,18,2,0.9999998298435905
6a7fabb582ba586ac46e6c8f,19,0,14,126,1,114,112,0.9962464333354146
6a7fabb582ba586ac46e6c8f,18,1,13,126,1,108,100,0.9949271774837906
6a7fabb582ba586ac46e6c8f,17,2,10,126,1,102,96,0.9883889827197535
6a7fabb582ba586ac46e6c8f,16,2,8.75,126,1,96,91,0.9907997966075592
6a7fabb582ba586ac46e6c8f,15,2,8.4,126,1,90,84,0.9936374091475516
6a7fabb582ba586ac46e6c8f,14,2,8,126,1,84,78,0.9952882078990684
6a7fabb582ba586ac46e6c8f,13,2,7.428571428571429,126,1,78,74,0.9953662513350827
6a7fabb582ba586ac46e6c8f,12,3,7.25,126,1,72,68,0.9912455055790343
6a7fabb582ba586ac46e6c8f,11,5,6.666666666666667,126,1,66,66,0.9402748663902495
6a7fabb582ba586ac46e6c8f,10,5,6.5,126,1,60,61,0.9475032529853469
6a7fabb582ba586ac46e6c8f,9,5,6.909090909090909,126,1,54,50,0.9733178579604806
6a7fabb582ba586ac46e6c8f,8,6,7.083333333333333,126,1,48,41,0.956166602305831
6a7fabb582ba586ac46e6c8f,7,6,7.076923076923077,126,1,42,34,0.9727166567657879
6a7fabb582ba586ac46e6c8f,6,6,7.357142857142857,126,1,36,23,0.9910003320174477
6a7fabb582ba586ac46e6c8f,5,6,7.533333333333333,126,1,30,13,0.9980961232896475
6a7fabb582ba586ac46e6c8f,4,6,7.8125,126,1,24,1,0.9999885424695281
6a7fabb582ba586ac46e6c93,19,0,3,207,0,114,204,0.036317825432571095
6a7fabb582ba586ac46e6c93,18,1,7.5,207,0,108,192,0.04596253031462587
6a7fabb582ba586ac46e6c93,17,1,6,207,0,102,189,0.0208634233335712
6a7fabb582ba586ac46e6c93,16,1,5.75,207,0,96,184,0.010736014507667075
6a7fabb582ba586ac46e6c93,15,2,7.2,207,0,90,171,0.015937825172481362
6a7fabb582ba586ac46e6c93,14,2,6.166666666666667,207,0,84,170,0.003966237398835647
6a7fabb582ba586ac46e6c93,13,2,6.285714285714286,207,0,78,163,0.0021715856079886136
6a7fabb582ba586ac46e6c93,12,2,6.25,207,0,72,157,0.0008896501969851156
6a7fabb582ba586ac46e6c93,11,2,6.444444444444445,207,0,66,149,0.0004833326880085968
6a7fabb582ba586ac46e6c93,10,3,7.3,207,0,60,134,0.0011321616067682156
6a7fabb582ba586ac46e6c93,9,3,7.454545454545454,207,0,54,125,0.0007144497416072801
6a7fabb582ba586ac46e6c93,8,4,7.5,207,0,48,117,0.00031738245617322534
6a7fabb582ba586ac46e6c93,7,4,7.846153846153846,207,0,42,105,0.0003529265637892947
6a7fabb582ba586ac46e6c93,6,4,7.642857142857143,207,0,36,100,0.00004514685048292939
6a7fabb582ba586ac46e6c93,5,4,7.733333333333333,207,0,30,91,0.000012767117063843797
6a7fabb582ba586ac46e6c93,4,4,7.625,207,0,24,85,5.769226112378275e-7
6a7fabb582ba586ac46e6c93,3,5,8,207,0,18,71,3.933552577663358e-7
6a7fabb582ba586ac46e6c93,2,5,8.555555555555555,207,0,12,53,0.000001259449868764505
6a7fabb582ba586ac46e6c93,1,5,8.210526315789474,207,0,6,51,1.0240671299528585e-12
6a7fabb582ba586ac46e6c97,19,0,8,142,1,114,134,0.9672755487742172
6a7fabb582ba586ac46e6c97,18,0,7,142,1,108,128,0.9619449498804641
6a7fabb582ba586ac46e6c97,17,1,7,142,1,102,121,0.9524129829598311
6a7fabb582ba586ac46e6c97,16,1,8.25,142,1,96,109,0.9731627254237866
6a7fabb582ba586ac46e6c97,15,1,6.8,142,1,90,108,0.9400350193151408
6a7fabb582ba586ac46e6c97,14,1,7.5,142,1,84,97,0.9613929976561165
6a7fabb582ba586ac46e6c97,13,1,8,142,1,78,86,0.9772889802797642
6a7fabb582ba586ac46e6c97,12,1,9,142,1,72,70,0.9957611735530669
6a7fabb582ba586ac46e6c97,11,1,9.555555555555555,142,1,66,56,0.9992991436902393
6a7fabb582ba586ac46e6c97,10,1,9.2,142,1,60,50,0.9992380767167601
6a7fabb582ba586ac46e6c97,9,1,9.272727272727273,142,1,54,40,0.9997834411951041
6a7fabb582ba586ac46e6c97,8,1,9.083333333333334,142,1,48,33,0.9998533720959543
6a7fabb582ba586ac46e6c97,7,1,9.692307692307692,142,1,42,16,0.9999997753653619
6a7fabb582ba586ac46e6c97,6,1,9.714285714285714,142,1,36,6,0.999999998235088
6a7fabb582ba586ac46e6c9b,19,0,6,171,1,114,165,0.5821774224788857
6a7fabb582ba586ac46e6c9b,18,0,7,171,1,108,157,0.5672751725296116
6a7fabb582ba586ac46e6c9b,17,0,9,171,1,102,144,0.6593626596641019
6a7fabb582ba586ac46e6c9b,16,2,9,171,1,96,135,0.652484100891995
6a7fabb582ba586ac46e6c9b,15,3,9,171,1,90,126,0.6454285541187199
6a7fabb582ba586ac46e6c9b,14,3,9.333333333333334,171,1,84,115,0.704746070439851
6a7fabb582ba586ac46e6c9b,13,3,9.285714285714286,171,1,78,106,0.7221530718937307
6a7fabb582ba586ac46e6c9b,12,3,9.375,171,1,72,96,0.76015317877278
6a7fabb582ba586ac46e6c9b,11,3,9.777777777777779,171,1,66,83,0.8527713083084683
6a7fabb582ba586ac46e6c9b,10,4,9,171,1,60,81,0.713234424808185
6a7fabb582ba586ac46e6c9b,9,4,9.090909090909092,171,1,54,71,0.7577696248325532
6a7fabb582ba586ac46e6c9b,8,5,10.166666666666666,171,1,48,49,0.9577466018109201
6a7fabb582ba586ac46e6c9b,7,6,9.692307692307692,171,1,42,45,0.9058504049910734
6a7fabb582ba586ac46e6c9b,6,6,9.785714285714286,171,1,36,34,0.9563576774807744
6a7fabb582ba586ac46e6c9b,5,6,9.333333333333334,171,1,30,31,0.9216304924707994
6a7fabb582ba586ac46e6c9b,4,6,8.8125,171,1,24,30,0.7472354300916509
6a7fabb582ba586ac46e6c9b,3,6,8.823529411764707,171,1,18,21,0.7894959444073764
6a7fabb582ba586ac46e6c9b,2,6,9,171,1,12,9,0.9504405097386011
6a7fabb582ba586ac46e6c9b,1,7,8.736842105263158,171,1,6,5,0.8418481085270944
6a7fabb582ba586ac46e6c9f,19,0,13,165,1,114,152,0.8162264267890589
6a7fabb582ba586ac46e6c9f,18,0,8,165,1,108,149,0.7289510424152248
6a7fabb582ba586ac46e6c9f,17,0,9,165,1,102,138,0.7747025691927047
6a7fabb582ba586ac46e6c9f,16,0,10,165,1,96,125,0.8484166826515317
6a7fabb582ba586ac46e6c9f,15,0,10.8,165,1,90,111,0.9180994730310454
6a7fabb582ba586ac46e6c9f,14,0,9.833333333333334,165,1,84,106,0.8832468320773603
6a7fabb582ba586ac46e6c9f,13,0,10.571428571428571,165,1,78,91,0.9522004728682051
6a7fabb582ba586ac46e6c9f,12,0,10.25,165,1,72,83,0.9533010625288142
6a7fabb582ba586ac46e6c9f,11,0,9.555555555555555,165,1,66,79,0.9168330691264226
6a7fabb582ba586ac46e6c9f,10,0,9.6,165,1,60,69,0.939174840096615
6a7fabb582ba586ac46e6c9f,9,0,9.727272727272727,165,1,54,58,0.9660634935350517
6a7fabb582ba586ac46e6c9f,8,0,9.666666666666666,165,1,48,49,0.9752392510959874
6a7fabb582ba586ac46e6c9f,7,0,9.615384615384615,165,1,42,40,0.9836867271740367
6a7fabb582ba586ac46e6c9f,6,0,9.142857142857142,165,1,36,37,0.9530222790808005
6a7fabb582ba586ac46e6c9f,5,0,8.733333333333333,165,1,30,34,0.8761786160929307
6a7fabb582ba586ac46e6c9f,4,0,8.9375,165,1,24,22,0.9589321019221156
6a7fabb582ba586ac46e6c9f,3,1,8.941176470588236,165,1,18,13,0.9826956489207611
6a7fabb582ba586ac46e6c9f,2,1,9,165,1,12,3,0.9996811301007528
6a7fabb582ba586ac46e6c9f,1,3,8.526315789473685,165,1,6,3,0.9560485008900188
6a7fabb582ba586ac46e6ca3,19,0,12,202,1,114,190,0.1375337902455262
6a7fabb582ba586ac46e6ca3,18,0,9.5,202,1,108,183,0.11177770853504897
6a7fabb582ba586ac46e6ca3,17,0,10.333333333333334,202,1,102,171,0.1393646210624269
6a7fabb582ba586ac46e6ca3,16,1,9.25,202,1,96,165,0.10092785053290047
6a7fabb582ba586ac46e6ca3,15,2,10.8,202,1,90,148,0.19520204509214345
6a7fabb582ba586ac46e6ca3,14,2,10,202,1,84,142,0.14571219066188715
6a7fabb582ba586ac46e6ca3,13,2,10,202,1,78,132,0.15314842662467731
6a7fabb582ba586ac46e6ca3,12,2,9.5,202,1,72,126,0.10668895132779056
6a7fabb582ba586ac46e6ca3,11,2,10.555555555555555,202,1,66,107,0.2667293736547801
6a7fabb582ba586ac46e6ca3,10,2,10.3,202,1,60,99,0.23743442246449992
6a7fabb582ba586ac46e6ca3,9,2,10.454545454545455,202,1,54,87,0.3015963866773874
6a7fabb582ba586ac46e6ca3,8,3,10.083333333333334,202,1,48,81,0.2180589701062236
6a7fabb582ba586ac46e6ca3,7,3,9.76923076923077,202,1,42,75,0.1426925001867879
6a7fabb582ba586ac46e6ca3,6,3,9.571428571428571,202,1,36,68,0.09462881736005352
6a7fabb582ba586ac46e6ca3,5,3,9.4,202,1,30,61,0.05449394184667237
6a7fabb582ba586ac46e6ca3,4,3,9.6875,202,1,24,47,0.10699287782766402
6a7fabb582ba586ac46e6ca3,3,5,9.882352941176471,202,1,18,34,0.1788740431880532
6a7fabb582ba586ac46e6ca3,2,5,9.88888888888889,202,1,12,24,0.1732107683289954
6a7fabb582ba586ac46e6ca3,1,5,10.263157894736842,202,1,6,7,0.6828240002936151
6a7fabb582ba586ac46e6ca7,19,0,11,180,1,114,169,0.49842719842351263
6a7fabb582ba586ac46e6ca7,18,0,10,180,1,108,160,0.5023650654248791
6a7fabb582ba586ac46e6ca7,17,0,8.333333333333334,180,1,102,155,0.4174740527379652
6a7fabb582ba586ac46e6ca7,16,0,9.25,180,1,96,143,0.4863768777948715
6a7fabb582ba586ac46e6ca7,15,0,8.2,180,1,90,139,0.3726992640831042
6a7fabb582ba586ac46e6ca7,14,0,9,180,1,84,126,0.4668186859360978
6a7fabb582ba586ac46e6ca7,13,0,9.571428571428571,180,1,78,113,0.5710028232217891
6a7fabb582ba586ac46e6ca7,12,0,10.25,180,1,72,98,0.7272933371019772
6a7fabb582ba586ac46e6ca7,11,0,10.11111111111111,180,1,66,89,0.7389793123160073
6a7fabb582ba586ac46e6ca7,10,0,9.9,180,1,60,81,0.7271578523141418
6a7fabb582ba586ac46e6ca7,9,0,10.090909090909092,180,1,54,69,0.8134367771324308
6a7fabb582ba586ac46e6ca7,8,0,10.083333333333334,180,1,48,59,0.8520449297530235
6a7fabb582ba586ac46e6ca7,7,1,10.23076923076923,180,1,42,47,0.9228206585831822
6a7fabb582ba586ac46e6ca7,6,3,10.071428571428571,180,1,36,39,0.9272841974054925
6a7fabb582ba586ac46e6ca7,5,3,10.133333333333333,180,1,30,28,0.9698432619220755
6a7fabb582ba586ac46e6ca7,4,3,10.25,180,1,24,16,0.9960295535569841
6a7fabb582ba586ac46e6ca7,3,3,10.529411764705882,180,1,18,1,0.9999999879829125
6a7fabb582ba586ac46e6cab,19,1,10,170,1,114,160,0.6707156446196018
6a7fabb582ba586ac46e6cab,18,2,8.5,170,1,108,153,0.6248118728374149
6a7fabb582ba586ac46e6cab,17,2,10.333333333333334,170,1,102,139,0.7339267695388241
6a7fabb582ba586ac46e6cab,16,2,8.5,170,1,96,136,0.6313409086708527
6a7fabb582ba586ac46e6cab,15,2,8.4,170,1,90,128,0.6208961740382547
6a7fabb582ba586ac46e6cab,14,3,8.166666666666666,170,1,84,121,0.5712197960357425
6a7fabb582ba586ac46e6cab,13,4,7.285714285714286,170,1,78,119,0.3932072194242668
6a7fabb582ba586ac46e6cab,12,4,7,170,1,72,114,0.30572873364915637
6a7fabb582ba586ac46e6cab,11,4,6.555555555555555,170,1,66,111,0.1820999730104305
6a7fabb582ba586ac46e6cab,10,4,6.7,170,1,60,103,0.1577312230261731
6a7fabb582ba586ac46e6cab,9,4,7.636363636363637,170,1,54,86,0.32524042160847627
6a7fabb582ba586ac46e6cab,8,4,7.75,170,1,48,77,0.32033988639552025
6a7fabb582ba586ac46e6cab,7,4,8.307692307692308,170,1,42,62,0.5121453604894632
6a7fabb582ba586ac46e6cab,6,4,8.5,170,1,36,51,0.593292540932557
6a7fabb582ba586ac46e6cab,5,4,8.6,170,1,30,41,0.6470934346709462
6a7fabb582ba586ac46e6cab,4,4,8.5625,170,1,24,33,0.6240495133473819
6a7fabb582ba586ac46e6cab,3,5,8.588235294117647,170,1,18,24,0.6481083349217301
6a7fabb582ba586ac46e6cab,2,5,8.61111111111111,170,1,12,15,0.6868344103442239
6a7fabb582ba586ac46e6cab,1,6,9,170,1,6,-1,1
6a7fabb582ba586ac46e6caf,19,0,1,142,1,114,141,0.9312879335983295
6a7fabb582ba586ac46e6caf,18,0,1,142,1,108,140,0.8665668259345295
6a7fabb582ba586ac46e6caf,17,1,4,142,1,102,130,0.8809903995299586
6a7fabb582ba586ac46e6caf,16,2,6,142,1,96,118,0.908729696040177
6a7fabb582ba586ac46e6caf,15,2,7.2,142,1,90,106,0.9442209605240153
6a7fabb582ba586ac46e6caf,14,2,6.833333333333333,142,1,84,101,0.9273452085110165
6a7fabb582ba586ac46e6caf,13,2,7.428571428571429,142,1,78,90,0.9534150036964555
6a7fabb582ba586ac46e6caf,12,2,6.75,142,1,72,88,0.9016976175852015
6a7fabb582ba586ac46e6caf,11,2,6.666666666666667,142,1,66,82,0.874350160279091
6a7fabb582ba586ac46e6caf,10,2,7.1,142,1,60,71,0.9160760175695657
6a7fabb582ba586ac46e6caf,9,2,7.181818181818182,142,1,54,63,0.9175694243624557
6a7fabb582ba586ac46e6caf,8,2,7.25,142,1,48,55,0.9196481064415514
6a7fabb582ba586ac46e6caf,7,2,7.384615384615385,142,1,42,46,0.9360603094841078
6a7fabb582ba586ac46e6caf,6,3,7.285714285714286,142,1,36,40,0.9113230412171138
6a7fabb582ba586ac46e6caf,5,3,7.866666666666666,142,1,30,24,0.9917931796745986
6a7fabb582ba586ac46e6caf,4,3,8,142,1,24,14,0.9986399815055376
6a7fabb582ba586ac46e6caf,3,3,8.294117647058824,142,1,18,1,0.9999999879829125
6a7fabb582ba586ac46e6cb3,19,0,17,194,1,114,177,0.3362163434420851
6a7fabb582ba586ac46e6cb3,18,0,11.5,194,1,108,171,0.2790248410879608
6a7fabb582ba586ac46e6cb3,17,0,10.666666666666666,194,1,102,162,0.27600938936145286
6a7fabb582ba586ac46e6cb3,16,0,10.25,194,1,96,153,0.27244443173663935
6a7fabb582ba586ac46e6cb3,15,0,9.8,194,1,90,145,0.24949538502777446
6a7fabb582ba586ac46e6cb3,14,0,9.333333333333334,194,1,84,138,0.2083418427639662
6a7fabb582ba586ac46e6cb3,13,0,9.142857142857142,194,1,78,130,0.18491678157241598
6a7fabb582ba586ac46e6cb3,12,0,11,194,1,72,106,0.5233721731903525
6a7fabb582ba586ac46e6cb3,11,0,10.777777777777779,194,1,66,97,0.52733862114521
6a7fabb582ba586ac46e6cb3,10,0,10.8,194,1,60,86,0.5900788994105068
6a7fabb582ba586ac46e6cb3,9,0,11.181818181818182,194,1,54,71,0.7665040360344475
6a7fabb582ba586ac46e6cb3,8,0,11.25,194,1,48,59,0.8520449297530235
6a7fabb582ba586ac46e6cb3,7,1,10.692307692307692,194,1,42,55,0.7465328555418999
6a7fabb582ba586ac46e6cb3,6,1,10.071428571428571,194,1,36,53,0.5184728508950975
6a7fabb582ba586ac46e6cb3,5,1,10.066666666666666,194,1,30,43,0.5659011493485323
6a7fabb582ba586ac46e6cb3,4,2,9.625,194,1,24,40,0.31268827276058153
6a7fabb582ba586ac46e6cb3,3,2,10.058823529411764,194,1,18,23,0.6988289661423664
6a7fabb582ba586ac46e6cb3,2,2,9.88888888888889,194,1,12,16,0.6234347226760487
6a7fabb582ba586ac46e6cb3,1,3,10,194,1,6,4,0.9060435382056079
6a7fabb582ba586ac46e6cb7,19,0,9,180,1,114,171,0.45653401739093846
6a7fabb582ba586ac46e6cb7,18,0,12.5,180,1,108,155,0.6098554702927377
6a7fabb582ba586ac46e6cb7,17,0,11,180,1,102,147,0.5950031671601854
6a7fabb582ba586ac46e6cb7,16,0,10,180,1,96,140,0.5556438629400843
6a7fabb582ba586ac46e6cb7,15,0,9.4,180,1,90,133,0.5128359619138071
6a7fabb582ba586ac46e6cb7,14,0,10,180,1,84,120,0.6143772109248302
6a7fabb582ba586ac46e6cb7,13,0,11,180,1,78,103,0.7995875406743891
6a7fabb582ba586ac46e6cb7,12,0,11.625,180,1,72,87,0.9169193006715928
6a7fabb582ba586ac46e6cb7,11,0,11.11111111111111,180,1,66,80,0.9045729438595957
6a7fabb582ba586ac46e6cb7,10,0,11.4,180,1,60,66,0.9636001817151366
6a7fabb582ba586ac46e6cb7,9,0,11.272727272727273,180,1,54,56,0.9774481426211928
6a7fabb582ba586ac46e6cb7,8,0,11.333333333333334,180,1,48,44,0.9929364094466766
6a7fabb582ba586ac46e6cb7,7,0,11.384615384615385,180,1,42,32,0.9987533738752555
6a7fabb582ba586ac46e6cb7,6,0,11.357142857142858,180,1,36,21,0.9998780689704319
6a7fabb582ba586ac46e6cb7,5,1,11.133333333333333,180,1,30,13,0.9999813285037904
6a7fabb582ba586ac46e6cb7,4,1,10.5625,180,1,24,11,0.9998205242380149
6a7fabb582ba586ac46e6cb7,3,2,10.470588235294118,180,1,18,2,0.9999998298435905
6a7fabb582ba586ac46e6cbb,19,0,12,172,1,114,160,0.6820085025400262
6a7fabb582ba586ac46e6cbb,18,0,15,172,1,108,142,0.8410470200600447
6a7fabb582ba586ac46e6cbb,17,1,13.666666666666666,172,1,102,131,0.8695469757536195
6a7fabb582ba586ac46e6cbb,16,1,14,172,1,96,116,0.9375969889636104
6a7fabb582ba586ac46e6cbb,15,1,13,172,1,90,107,0.9470210965021655
6a7fabb582ba586ac46e6cbb,14,1,14.166666666666666,172,1,84,87,0.9918914109002901
6a7fabb582ba586ac46e6cbb,13,1,13.428571428571429,172,1,78,78,0.9945890621928637
6a7fabb582ba586ac46e6cbb,12,1,12.375,172,1,72,73,0.992038800520131
6a7fabb582ba586ac46e6cbb,11,2,11.333333333333334,172,1,66,70,0.9799029083767425
6a7fabb582ba586ac46e6cbb,10,3,11.1,172,1,60,61,0.9832517096240574
6a7fabb582ba586ac46e6cbb,9,3,10.363636363636363,172,1,54,58,0.9638909054934082
6a7fabb582ba586ac46e6cbb,8,3,9.916666666666666,172,1,48,53,0.9427018873695187
6a7fabb582ba586ac46e6cbb,7,3,10.076923076923077,172,1,42,41,0.9785020414912282
6a7fabb582ba586ac46e6cbb,6,3,10.071428571428571,172,1,36,31,0.9907946264280136
6a7fabb582ba586ac46e6cbb,5,3,10.266666666666667,172,1,30,18,0.9994522326023513
6a7fabb582ba586ac46e6cbb,4,4,10.0625,172,1,24,11,0.9998037455311588
6a7fabb582ba586ac46e6cbb,3,4,9.705882352941176,172,1,18,7,0.9996680820354911
6a7fabb582ba586ac46e6cbf,19,1,6,186,0,114,180,0.277306635849929
6a7fabb582ba586ac46e6cbf,18,1,5.5,186,0,108,175,0.21029354929553684
6a7fabb582ba586ac46e6cbf,17,1,6.333333333333333,186,0,102,167,0.19152956514258976
6a7fabb582ba586ac46e6cbf,16,1,7.5,186,0,96,156,0.21830538644212583
6a7fabb582ba586ac46e6cbf,15,1,7.4,186,0,90,149,0.18152895174806735
6a7fabb582ba586ac46e6cbf,14,1,7.833333333333333,186,0,84,139,0.1912717213710681
6a7fabb582ba586ac46e6cbf,13,1,8.428571428571429,186,0,78,127,0.238289441783385
6a7fabb582ba586ac46e6cbf,12,1,8.125,186,0,72,121,0.17737430585316563
6a7fabb582ba586ac46e6cbf,11,1,7.777777777777778,186,0,66,116,0.11080870811549491
6a7fabb582ba586ac46e6cbf,10,1,7.7,186,0,60,109,0.0796124322218428
6a7fabb582ba586ac46e6cbf,9,2,7.545454545454546,186,0,54,103,0.04611088118306599
6a7fabb582ba586ac46e6cbf,8,2,8.25,186,0,48,87,0.10716628081488654
6a7fabb582ba586ac46e6cbf,7,2,8.23076923076923,186,0,42,79,0.0818030763309348
6a7fabb582ba586ac46e6cbf,6,2,8.5,186,0,36,67,0.11015104129099551
6a7fabb582ba586ac46e6cbf,5,2,8.466666666666667,186,0,30,59,0.07834097232889604
6a7fabb582ba586ac46e6cbf,4,2,8.3125,186,0,24,53,0.03148631344786003
6a7fabb582ba586ac46e6cbf,3,2,8.352941176470589,186,0,18,44,0.018237423029626942
6a7fabb582ba586ac46e6cbf,2,2,8,186,0,12,42,0.0003940888210581612
6a7fabb582ba586ac46e6cbf,1,2,8.105263157894736,186,0,6,32,0.000012486522500189788
6a7fabb582ba586ac46e6cc3,19,1,7,183,0,114,176,0.3499410670606872
6a7fabb582ba586ac46e6cc3,18,2,8.5,183,0,108,166,0.3606827066807527
6a7fabb582ba586ac46e6cc3,17,2,10.333333333333334,183,0,102,152,0.4692325497538748
6a7fabb582ba586ac46e6cc3,16,2,9,183,0,96,147,0.38747231687821765
6a7fabb582ba586ac46e6cc3,15,2,9.4,183,0,90,136,0.4349928201197734
6a7fabb582ba586ac46e6cc3,14,3,8.666666666666666,183,0,84,131,0.33795839475439954
6a7fabb582ba586ac46e6cc3,13,3,8.285714285714286,183,0,78,125,0.27351581930660346
6a7fabb582ba586ac46e6cc3,12,3,8.625,183,0,72,114,0.31440465808053264
6a7fabb582ba586ac46e6cc3,11,3,7.888888888888889,183,0,66,112,0.16810601720697377
6a7fabb582ba586ac46e6cc3,10,3,7.8,183,0,60,105,0.12817256291947646
6a7fabb582ba586ac46e6cc3,9,3,8.181818181818182,183,0,54,93,0.16713952555203287
6a7fabb582ba586ac46e6cc3,8,3,8.583333333333334,183,0,48,80,0.241844736532743
6a7fabb582ba586ac46e6cc3,7,3,8.538461538461538,183,0,42,72,0.20591994622105714
6a7fabb582ba586ac46e6cc3,6,3,8.428571428571429,183,0,36,65,0.14677302750076685
6a7fabb582ba586ac46e6cc3,5,3,8.466666666666667,183,0,30,56,0.1286860469987
6a7fabb582ba586ac46e6cc3,4,3,8.5,183,0,24,47,0.10699287782766402
6a7fabb582ba586ac46e6cc3,3,3,8.294117647058824,183,0,18,42,0.031122448500580338
6a7fabb582ba586ac46e6cc3,2,3,8.444444444444445,183,0,12,31,0.027038174974484096
6a7fabb582ba586ac46e6cc3,1,3,8.578947368421053,183,0,6,20,0.01504402129782758
6a7fabb582ba586ac46e6cc7,19,0,8,168,1,114,160,0.6820085025400262
6a7fabb582ba586ac46e6cc7,18,1,6,168,1,108,156,0.5814812488484833
6a7fabb582ba586ac46e6cc7,17,1,5.333333333333333,168,1,102,152,0.47952942662421727
6a7fabb582ba586ac46e6cc7,16,1,6.5,168,1,96,142,0.5064342832749904
6a7fabb582ba586ac46e6cc7,15,1,8,168,1,90,128,0.6282406870546099
6a7fabb582ba586ac46e6cc7,14,1,7.5,168,1,84,123,0.5396120296907406
6a7fabb582ba586ac46e6cc7,13,1,8.285714285714286,168,1,78,110,0.6451062666599608
6a7fabb582ba586ac46e6cc7,12,1,8.625,168,1,72,99,0.703206277145746
6a7fabb582ba586ac46e6cc7,11,1,8.11111111111111,168,1,66,95,0.5827994647143299
6a7fabb582ba586ac46e6cc7,10,1,8.5,168,1,60,83,0.6744270885609429
6a7fabb582ba586ac46e6cc7,9,1,9.454545454545455,168,1,54,64,0.9043737027256736
6a7fabb582ba586ac46e6cc7,8,1,9.333333333333334,168,1,48,56,0.9054538372483039
6a7fabb582ba586ac46e6cc7,7,1,9.307692307692308,168,1,42,47,0.9228206585831822
6a7fabb582ba586ac46e6cc7,6,1,8.928571428571429,168,1,36,43,0.8497587454471967
6a7fabb582ba586ac46e6cc7,5,1,9,168,1,30,33,0.8983971920111455
6a7fabb582ba586ac46e6cc7,4,1,9.0625,168,1,24,23,0.9449691783395312
6a7fabb582ba586ac46e6cc7,3,1,9.176470588235293,168,1,18,12,0.989295936185139
6a7fabb582ba586ac46e6cc7,2,2,8.722222222222221,168,1,12,11,0.8910140923640023
6a7fabb582ba586ac46e6cc7,1,2,8.736842105263158,168,1,6,2,0.9862240554511069
6a7fabb582ba586ac46e6ccb,19,0,4,188,0,114,184,0.2163083076127084
6a7fabb582ba586ac46e6ccb,18,0,3,188,0,108,182,0.12199797288156361
6a7fabb582ba586ac46e6ccb,17,0,5.666666666666667,188,0,102,171,0.1393646210624269
6a7fabb582ba586ac46e6ccb,16,1,7.5,188,0,96,158,0.18687298758513593
6a7fabb582ba586ac46e6ccb,15,1,8.6,188,0,90,145,0.24866344470560955
6a7fabb582ba586ac46e6ccb,14,1,9.333333333333334,188,0,84,132,0.3253595774413745
6a7fabb582ba586ac46e6ccb,13,1,9.571428571428571,188,0,78,121,0.36859794709310434
6a7fabb582ba586ac46e6ccb,12,1,10.5,188,0,72,104,0.5762623492915081
6a7fabb582ba586ac46e6ccb,11,1,10.333333333333334,188,0,66,95,0.5827994647143299
6a7fabb582ba586ac46e6ccb,10,1,10.4,188,0,60,84,0.6468816112222282
6a7fabb582ba586ac46e6ccb,9,1,10.181818181818182,188,0,54,76,0.6281346839046006
6a7fabb582ba586ac46e6ccb,8,1,9.833333333333334,188,0,48,70,0.5421230606710062
6a7fabb582ba586ac46e6ccb,7,1,9.384615384615385,188,0,42,66,0.3769382362699483
6a7fabb582ba586ac46e6ccb,6,2,8.857142857142858,188,0,36,64,0.16804496268439711
6a7fabb582ba586ac46e6ccb,5,2,8.666666666666666,188,0,30,58,0.0930326573712529
6a7fabb582ba586ac46e6ccb,4,2,9.0625,188,0,24,43,0.20701467121380207
6a7fabb582ba586ac46e6ccb,3,2,9.058823529411764,188,0,18,34,0.1788867478455872
6a7fabb582ba586ac46e6ccb,2,4,8.833333333333334,188,0,12,29,0.04921368120491296
6a7fabb582ba586ac46e6ccb,1,4,8.578947368421053,188,0,6,25,0.0011750855041012978
6a7fabb582ba586ac46e6ccf,19,0,9,184,0,114,175,0.3750106613991015
6a7fabb582ba586ac46e6ccf,18,0,10,184,0,108,164,0.41657306014417816
6a7fabb582ba586ac46e6ccf,17,1,7.333333333333333,184,0,102,162,0.27388958863540913
6a7fabb582ba586ac46e6ccf,16,2,6.5,184,0,96,158,0.18432895760460907
6a7fabb582ba586ac46e6ccf,15,2,7.6,184,0,90,146,0.22839575921090882
6a7fabb582ba586ac46e6ccf,14,2,7.333333333333333,184,0,84,140,0.17439394730075156
6a7fabb582ba586ac46e6ccf,13,2,7.714285714285714,184,0,78,130,0.18397207705439847
6a7fabb582ba586ac46e6ccf,12,3,7,184,0,72,128,0.08472107440862661
6a7fabb582ba586ac46e6ccf,11,3,7,184,0,66,121,0.060410358813556095
6a7fabb582ba586ac46e6ccf,10,3,7.2,184,0,60,112,0.053410755371687234
6a7fabb582ba586ac46e6ccf,9,4,7.090909090909091,184,0,54,106,0.02890040462612894
6a7fabb582ba586ac46e6ccf,8,4,6.833333333333333,184,0,48,102,0.009245201460280178
6a7fabb582ba586ac46e6ccf,7,5,7.230769230769231,184,0,42,90,0.011873070914906993
6a7fabb582ba586ac46e6ccf,6,6,6.928571428571429,184,0,36,87,0.001879552938737124
6a7fabb582ba586ac46e6ccf,5,6,6.933333333333334,184,0,30,80,0.0005027757672106668
6a7fabb582ba586ac46e6ccf,4,6,7.1875,184,0,24,69,0.00032663274934048765
6a7fabb582ba586ac46e6ccf,3,6,7.823529411764706,184,0,18,51,0.0020914764423345905
6a7fabb582ba586ac46e6ccf,2,6,8,184,0,12,40,0.0009537362100087003
6a7fabb582ba586ac46e6ccf,1,6,8.052631578947368,184,0,6,31,0.00002485070254177109
6a7fabb582ba586ac46e6cd3,19,0,15,190,0,114,175,0.3750106613991015
6a7fabb582ba586ac46e6cd3,18,0,12.5,190,0,108,165,0.39567414952996427
6a7fabb582ba586ac46e6cd3,17,0,11,190,0,102,157,0.37473116604650875
6a7fabb582ba586ac46e6cd3,16,0,9.25,190,0,96,153,0.27244443173663935
6a7fabb582ba586ac46e6cd3,15,2,8.8,190,0,90,146,0.22839575921090882
6a7fabb582ba586ac46e6cd3,14,2,8,190,0,84,142,0.14571219066188715
6a7fabb582ba586ac46e6cd3,13,2,8.428571428571429,190,0,78,131,0.16808607328454048
6a7fabb582ba586ac46e6cd3,12,2,8.25,190,0,72,124,0.1317957268721757
6a7fabb582ba586ac46e6cd3,11,2,7.555555555555555,190,0,66,122,0.053265202189244194
6a7fabb582ba586ac46e6cd3,10,2,7.4,190,0,60,116,0.030042906228317703
6a7fabb582ba586ac46e6cd3,9,3,7.454545454545454,190,0,54,108,0.020939308282707018
6a7fabb582ba586ac46e6cd3,8,3,7,190,0,48,106,0.004115626965953418
6a7fabb582ba586ac46e6cd3,7,4,6.846153846153846,190,0,42,101,0.0009954247229607203
6a7fabb582ba586ac46e6cd3,6,4,6.785714285714286,190,0,36,95,0.00020988261945007313
6a7fabb582ba586ac46e6cd3,5,4,6.933333333333334,190,0,30,86,0.00007387720054118374
6a7fabb582ba586ac46e6cd3,4,4,6.875,190,0,24,80,0.0000050207638924713935
6a7fabb582ba586ac46e6cd3,3,5,7,190,0,18,71,3.933552577663358e-7
6a7fabb582ba586ac46e6cd3,2,5,6.722222222222222,190,0,12,69,2.4574195887013372e-11
6a7fabb582ba586ac46e6cd3,1,6,6.947368421052632,190,0,6,58,1.3640315420997362e-15
6a7fabb582ba586ac46e6cd7,19,1,4,185,0,114,181,0.26041862576153907
6a7fabb582ba586ac46e6cd7,18,2,8.5,185,0,108,168,0.32250283540116953
6a7fabb582ba586ac46e6cd7,17,2,10.666666666666666,185,0,102,153,0.44773157232756094
6a7fabb582ba586ac46e6cd7,16,3,10.25,185,0,96,144,0.43627541492976646
6a7fabb582ba586ac46e6cd7,15,4,10,185,0,90,135,0.41584229619192775
6a7fabb582ba586ac46e6cd7,14,4,9.5,185,0,84,128,0.3846427802272786
6a7fabb582ba586ac46e6cd7,13,4,9.714285714285714,185,0,78,117,0.4402787208607744
6a7fabb582ba586ac46e6cd7,12,4,10.375,185,0,72,102,0.6015211126794493
6a7fabb582ba586ac46e6cd7,11,4,10.11111111111111,185,0,66,94,0.5924340869037925
6a7fabb582ba586ac46e6cd7,10,5,10.1,185,0,60,84,0.6085885927855055
6a7fabb582ba586ac46e6cd7,9,5,9.727272727272727,185,0,54,78,0.545285816731607
6a7fabb582ba586ac46e6cd7,8,5,10.333333333333334,185,0,48,61,0.7882115147657146
6a7fabb582ba586ac46e6cd7,7,5,10.23076923076923,185,0,42,52,0.8160123366201861
6a7fabb582ba586ac46e6cd7,6,5,10.285714285714286,185,0,36,41,0.8875073145815962
6a7fabb582ba586ac46e6cd7,5,7,9.933333333333334,185,0,30,36,0.7664583236632554
6a7fabb582ba586ac46e6cd7,4,7,9.625,185,0,24,31,0.6846534303980997
6a7fabb582ba586ac46e6cd7,3,7,9.294117647058824,185,0,18,27,0.4817346852551301
6a7fabb582ba586ac46e6cd7,2,7,9.055555555555555,185,0,12,22,0.2591379603508211
6a7fabb582ba586ac46e6cd7,1,7,8.947368421052632,185,0,6,15,0.10625653754192516
6a7fabb582ba586ac46e6cdb,19,1,6,182,0,114,176,0.3499410670606872
6a7fabb582ba586ac46e6cdb,18,1,9,182,0,108,164,0.41172483715048874
6a7fabb582ba586ac46e6cdb,17,1,8,182,0,102,158,0.35110206790206344
6a7fabb582ba586ac46e6cdb,16,1,7.25,182,0,96,153,0.27102167794046805
6a7fabb582ba586ac46e6cdb,15,1,7.6,182,0,90,144,0.267414518093352
6a7fabb582ba586ac46e6cdb,14,1,8,182,0,84,134,0.2830939361449544
6a7fabb582ba586ac46e6cdb,13,1,7.142857142857143,182,0,78,132,0.15374030028753727
6a7fabb582ba586ac46e6cdb,12,2,7,182,0,72,126,0.10668895132779056
6a7fabb582ba586ac46e6cdb,11,4,6.666666666666667,182,0,66,122,0.052296719495297274
6a7fabb582ba586ac46e6cdb,10,5,7.4,182,0,60,108,0.08617378124394322
6a7fabb582ba586ac46e6cdb,9,5,7.545454545454546,182,0,54,99,0.0786321372779204
6a7fabb582ba586ac46e6cdb,8,6,7.5,182,0,48,92,0.049576044873269554
6a7fabb582ba586ac46e6cdb,7,8,7.230769230769231,182,0,42,88,0.011670717188918933
6a7fabb582ba586ac46e6cdb,6,8,7.642857142857143,182,0,36,75,0.020459899493371164
6a7fabb582ba586ac46e6cdb,5,8,7.733333333333333,182,0,30,66,0.0159803735733604
6a7fabb582ba586ac46e6cdb,4,8,7.875,182,0,24,56,0.013635841620963582
6a7fabb582ba586ac46e6cdb,3,9,7.9411764705882355,182,0,18,47,0.005172966639080272
6a7fabb582ba586ac46e6cdb,2,9,8.055555555555555,182,0,12,37,0.002687627835512002
6a7fabb582ba586ac46e6cdb,1,9,8.052631578947368,182,0,6,29,0.0000965988193741687
6a7fabb582ba586ac46e6cdf,19,2,6,144,1,114,138,0.9087825177239369
6a7fabb582ba586ac46e6cdf,18,2,9,144,1,108,126,0.9403842848540914
6a7fabb582ba586ac46e6cdf,17,2,11.333333333333334,144,1,102,110,0.9729606278214596
6a7fabb582ba586ac46e6cdf,16,2,9.5,144,1,96,106,0.9711087791513835
6a7fabb582ba586ac46e6cdf,15,2,8,144,1,90,104,0.955323320753131
6a7fabb582ba586ac46e6cdf,14,2,7.5,144,1,84,99,0.9427260711027683
6a7fabb582ba586ac46e6cdf,13,2,7.571428571428571,144,1,78,91,0.9466832888966721
6a7fabb582ba586ac46e6cdf,12,2,7.125,144,1,72,87,0.9133600420063419
6a7fabb582ba586ac46e6cdf,11,3,7.666666666666667,144,1,66,75,0.9474341960538506
6a7fabb582ba586ac46e6cdf,10,3,8.2,144,1,60,62,0.9798707848114874
6a7fabb582ba586ac46e6cdf,9,3,8.727272727272727,144,1,54,48,0.995741977358598
6a7fabb582ba586ac46e6cdf,8,5,8.416666666666666,144,1,48,43,0.9818743884973686
6a7fabb582ba586ac46e6cdf,7,5,8.76923076923077,144,1,42,30,0.9954562527505717
6a7fabb582ba586ac46e6cdf,6,6,8.714285714285714,144,1,36,22,0.9921106955888384
6a7fabb582ba586ac46e6cdf,5,6,8.466666666666667,144,1,30,17,0.9959107723459388
6a7fabb582ba586ac46e6cdf,4,6,8.625,144,1,24,6,0.9997068877012562
6a7fabb582ba586ac46e6ce3,19,0,6,225,0,114,219,0.005680033513975939
6a7fabb582ba586ac46e6ce3,18,1,7,225,0,108,211,0.004141603147219446
6a7fabb582ba586ac46e6ce3,17,2,9.333333333333334,225,0,102,197,0.007089988082217873
6a7fabb582ba586ac46e6ce3,16,4,9.25,225,0,96,188,0.0055217883037253085
6a7fabb582ba586ac46e6ce3,15,4,10,225,0,90,175,0.00848679431027178
6a7fabb582ba586ac46e6ce3,14,4,10.166666666666666,225,0,84,164,0.009708074519948401
6a7fabb582ba586ac46e6ce3,13,4,9.857142857142858,225,0,78,156,0.006920645223028031
6a7fabb582ba586ac46e6ce3,12,4,8.875,225,0,72,154,0.0015688730985401243
6a7fabb582ba586ac46e6ce3,11,5,9.333333333333334,225,0,66,141,0.0023600051354530967
6a7fabb582ba586ac46e6ce3,10,5,9.6,225,0,60,129,0.0030537254089689023
6a7fabb582ba586ac46e6ce3,9,5,9.363636363636363,225,0,54,122,0.0013793221412174987
6a7fabb582ba586ac46e6ce3,8,5,9.5,225,0,48,111,0.0013524518738270992
6a7fabb582ba586ac46e6ce3,7,6,9.23076923076923,225,0,42,105,0.0003467563000825585
6a7fabb582ba586ac46e6ce3,6,7,9.285714285714286,225,0,36,95,0.0002001463527768809
6a7fabb582ba586ac46e6ce3,5,7,9.066666666666666,225,0,30,89,0.000025714880799076248
6a7fabb582ba586ac46e6ce3,4,7,8.9375,225,0,24,82,0.0000021444057877785098
6a7fabb582ba586ac46e6ce3,3,7,8.823529411764707,225,0,18,75,4.710963735016354e-8
6a7fabb582ba586ac46e6ce3,2,7,8.88888888888889,225,0,12,65,4.727276584954038e-10
6a7fabb582ba586ac46e6ce3,1,7,9.31578947368421,225,0,6,48,1.6261423403419886e-11
6a7fabb582ba586ac46e6ce7,19,0,24,188,0,114,164,0.6027633718288312
6a7fabb582ba586ac46e6ce7,18,1,13,188,0,108,162,0.4537222313766709
6a7fabb582ba586ac46e6ce7,17,1,9.333333333333334,188,0,102,160,0.31138897559982204
6a7fabb582ba586ac46e6ce7,16,1,8.5,188,0,96,154,0.25273382456513355
6a7fabb582ba586ac46e6ce7,15,1,8,188,0,90,148,0.19709564334631707
6a7fabb582ba586ac46e6ce7,14,2,8.333333333333334,188,0,84,138,0.206581838229785
6a7fabb582ba586ac46e6ce7,13,3,8.285714285714286,188,0,78,130,0.1816178672099883
6a7fabb582ba586ac46e6ce7,12,4,8.5,188,0,72,120,0.18746900968168415
6a7fabb582ba586ac46e6ce7,11,4,8.666666666666666,188,0,66,110,0.20006846858662666
6a7fabb582ba586ac46e6ce7,10,4,9.2,188,0,60,96,0.30310002425772287
6a7fabb582ba586ac46e6ce7,9,4,9.181818181818182,188,0,54,87,0.29884503391530987
6a7fabb582ba586ac46e6ce7,8,4,8.916666666666666,188,0,48,81,0.21725443675807807
6a7fabb582ba586ac46e6ce7,7,4,9.461538461538462,188,0,42,65,0.4090106220477871
6a7fabb582ba586ac46e6ce7,6,4,9.571428571428571,188,0,36,54,0.48020386209946275
6a7fabb582ba586ac46e6ce7,5,4,9.6,188,0,30,44,0.5242554874966024
6a7fabb582ba586ac46e6ce7,4,5,9.3125,188,0,24,39,0.3529537075200363
6a7fabb582ba586ac46e6ce7,3,6,9.529411764705882,188,0,18,26,0.5413793791654326
6a7fabb582ba586ac46e6ce7,2,6,9.333333333333334,188,0,12,20,0.3681397271628777
6a7fabb582ba586ac46e6ce7,1,6,9.052631578947368,188,0,6,16,0.07541619537650869
6a7fabb582ba586ac46e6ceb,19,1,5,192,0,114,187,0.1716098111493302
6a7fabb582ba586ac46e6ceb,18,1,6,192,0,108,180,0.14303566340926258
6a7fabb582ba586ac46e6ceb,17,2,5.666666666666667,192,0,102,175,0.09499690456718907
6a7fabb582ba586ac46e6ceb,16,2,6.75,192,0,96,165,0.09968705294824039
6a7fabb582ba586ac46e6ceb,15,2,9.4,192,0,90,145,0.2461686317243651
6a7fabb582ba586ac46e6ceb,14,2,9,192,0,84,138,0.206581838229785
6a7fabb582ba586ac46e6ceb,13,3,8.285714285714286,192,0,78,134,0.12457566621420144
6a7fabb582ba586ac46e6ceb,12,3,8.25,192,0,72,126,0.10588313788867666
6a7fabb582ba586ac46e6ceb,11,3,7.777777777777778,192,0,66,122,0.053053659367397005
6a7fabb582ba586ac46e6ceb,10,3,7.9,192,0,60,113,0.0464752920862565
6a7fabb582ba586ac46e6ceb,9,3,8.272727272727273,192,0,54,101,0.06147294751356392
6a7fabb582ba586ac46e6ceb,8,3,8.166666666666666,192,0,48,94,0.038461334440146606
6a7fabb582ba586ac46e6ceb,7,3,8,192,0,42,88,0.017674641175126505
6a7fabb582ba586ac46e6ceb,6,3,8.285714285714286,192,0,36,76,0.023073339804557825
6a7fabb582ba586ac46e6ceb,5,3,8.666666666666666,192,0,30,62,0.045017423379449625
6a7fabb582ba586ac46e6ceb,4,3,8.3125,192,0,24,59,0.007057056798030773
6a7fabb582ba586ac46e6ceb,3,3,8.470588235294118,192,0,18,48,0.0055930238750290144
6a7fabb582ba586ac46e6ceb,2,3,8.61111111111111,192,0,12,37,0.00326592088188454
6a7fabb582ba586ac46e6ceb,1,4,8.631578947368421,192,0,6,28,0.0001928861143916006
6a7fabb582ba586ac46e6cef,19,0,13,198,0,114,185,0.2015584933919955
6a7fabb582ba586ac46e6cef,18,0,12.5,198,0,108,173,0.24447565749928296
6a7fabb582ba586ac46e6cef,17,0,10,198,0,102,168,0.17842710556160435
6a7fabb582ba586ac46e6cef,16,1,9,198,0,96,162,0.13324317856160914
6a7fabb582ba586ac46e6cef,15,1,9.2,198,0,90,152,0.13978068820418058
6a7fabb582ba586ac46e6cef,14,1,9.666666666666666,198,0,84,140,0.1754946290392955
6a7fabb582ba586ac46e6cef,13,2,9.142857142857142,198,0,78,134,0.12608601616727838
6a7fabb582ba586ac46e6cef,12,2,8.5,198,0,72,130,0.0674500670766427
6a7fabb582ba586ac46e6cef,11,2,8.777777777777779,198,0,66,119,0.07790580145973267
6a7fabb582ba586ac46e6cef,10,3,8.4,198,0,60,114,0.040299275149546926
6a7fabb582ba586ac46e6cef,9,3,7.909090909090909,198,0,54,111,0.012467814032029473
6a7fabb582ba586ac46e6cef,8,3,7.833333333333333,198,0,48,104,0.006224608504297386
6a7fabb582ba586ac46e6cef,7,3,8.384615384615385,198,0,42,89,0.014560898094362139
6a7fabb582ba586ac46e6cef,6,4,8.071428571428571,198,0,36,85,0.0031347076731030234
6a7fabb582ba586ac46e6cef,5,5,7.8,198,0,30,81,0.0003714488472443266
6a7fabb582ba586ac46e6cef,4,5,8.0625,198,0,24,69,0.00032690768209140894
6a7fabb582ba586ac46e6cef,3,5,7.764705882352941,198,0,18,66,0.000004630220795069549
6a7fabb582ba586ac46e6cef,2,5,7.722222222222222,198,0,12,59,2.9758243629805613e-8
6a7fabb582ba586ac46e6cef,1,5,8,198,0,6,46,1.0100268316775434e-10
6a7fabb582ba586ac46e6cf3,19,0,10,170,0,114,160,0.6820085025400262
6a7fabb582ba586ac46e6cf3,18,0,6.5,170,0,108,157,0.5672751725296116
6a7fabb582ba586ac46e6cf3,17,1,4.666666666666667,170,0,102,156,0.39266242680800395
6a7fabb582ba586ac46e6cf3,16,1,7,170,0,96,142,0.5064342832749904
6a7fabb582ba586ac46e6cf3,15,2,7.2,170,0,90,134,0.4815289448668473
6a7fabb582ba586ac46e6cf3,14,2,6.833333333333333,170,0,84,129,0.39059303674336715
6a7fabb582ba586ac46e6cf3,13,2,6.571428571428571,170,0,78,124,0.2986159574736684
6a7fabb582ba586ac46e6cf3,12,2,6.375,170,0,72,119,0.21219079232634622
6a7fabb582ba586ac46e6cf3,11,3,6.555555555555555,170,0,66,111,0.18533922462976593
6a7fabb582ba586ac46e6cf3,10,4,6.8,170,0,60,102,0.17497472617388576
6a7fabb582ba586ac46e6cf3,9,4,7.545454545454546,170,0,54,87,0.29884503391530987
6a7fabb582ba586ac46e6cf3,8,4,7.5,170,0,48,80,0.24092837997728667
6a7fabb582ba586ac46e6cf3,7,4,8,170,0,42,66,0.3760113599463623
6a7fabb582ba586ac46e6cf3,6,5,7.571428571428571,170,0,36,64,0.1672712370458106
6a7fabb582ba586ac46e6cf3,5,5,7.466666666666667,170,0,30,58,0.0929009232023902
6a7fabb582ba586ac46e6cf3,4,6,7.5625,170,0,24,49,0.07314793011403292
6a7fabb582ba586ac46e6cf3,3,6,7.705882352941177,170,0,18,39,0.06450583426844621
6a7fabb582ba586ac46e6cf3,2,7,7.888888888888889,170,0,12,28,0.06496250196026722
6a7fabb582ba586ac46e6cf3,1,7,7.7368421052631575,170,0,6,23,0.0035015107995902146
6a7fabb582ba586ac46e6cf7,19,0,7,179,0,114,172,0.43578753853547614
6a7fabb582ba586ac46e6cf7,18,0,8,179,0,108,163,0.4377512218467989
6a7fabb582ba586ac46e6cf7,17,0,7.666666666666667,179,0,102,156,0.3959230488717608
6a7fabb582ba586ac46e6cf7,16,0,10,179,0,96,139,0.5785747518784419
6a7fabb582ba586ac46e6cf7,15,0,9.6,179,0,90,131,0.560576602641671
6a7fabb582ba586ac46e6cf7,14,0,9.666666666666666,179,0,84,121,0.5901523831610104
6a7fabb582ba586ac46e6cf7,13,0,9,179,0,78,116,0.49399160926825203
6a7fabb582ba586ac46e6cf7,12,0,8.5,179,0,72,111,0.3917784018070611
6a7fabb582ba586ac46e6cf7,11,1,7.888888888888889,179,0,66,108,0.24535927534822344
6a7fabb582ba586ac46e6cf7,10,2,7.5,179,0,60,104,0.14361502183515867
6a7fabb582ba586ac46e6cf7,9,2,7.181818181818182,179,0,54,100,0.07068970464479923
6a7fabb582ba586ac46e6cf7,8,2,7.333333333333333,179,0,48,91,0.061230364749050435
6a7fabb582ba586ac46e6cf7,7,2,7.230769230769231,179,0,42,85,0.03074008217217345
6a7fabb582ba586ac46e6cf7,6,2,7.285714285714286,179,0,36,77,0.018878140971824286
6a7fabb582ba586ac46e6cf7,5,2,7.333333333333333,179,0,30,69,0.009916045668358502
6a7fabb582ba586ac46e6cf7,4,2,7.5625,179,0,24,58,0.009223806227018162
6a7fabb582ba586ac46e6cf7,3,3,7.411764705882353,179,0,18,53,0.0010378762017160452
6a7fabb582ba586ac46e6cf7,2,4,7.5,179,0,12,44,0.00015488437898392315
6a7fabb582ba586ac46e6cf7,1,4,7.7368421052631575,179,0,6,32,0.000012486522500189788
6a7fabb582ba586ac46e6cfb,19,0,8,173,1,114,165,0.5821774224788857
6a7fabb582ba586ac46e6cfb,18,0,8.5,173,1,108,156,0.5886771440690133
6a7fabb582ba586ac46e6cfb,17,0,9,173,1,102,146,0.6167965923033593
6a7fabb582ba586ac46e6cfb,16,2,8.5,173,1,96,139,0.5657330069214175
6a7fabb582ba586ac46e6cfb,15,2,8.2,173,1,90,132,0.5284663118192501
6a7fabb582ba586ac46e6cfb,14,2,8.166666666666666,173,1,84,124,0.5109123454182152
6a7fabb582ba586ac46e6cfb,13,2,9.285714285714286,173,1,78,108,0.6890094720982408
6a7fabb582ba586ac46e6cfb,12,2,9.75,173,1,72,95,0.7887921545113525
6a7fabb582ba586ac46e6cfb,11,4,8.777777777777779,173,1,66,94,0.5924340869037925
6a7fabb582ba586ac46e6cfb,10,5,8.6,173,1,60,87,0.5279845420494483
6a7fabb582ba586ac46e6cfb,9,5,9.272727272727273,173,1,54,71,0.7363371177831757
6a7fabb582ba586ac46e6cfb,8,5,9.916666666666666,173,1,48,54,0.912625371267236
6a7fabb582ba586ac46e6cfb,7,5,9.692307692307692,173,1,42,47,0.9114224764899442
6a7fabb582ba586ac46e6cfb,6,5,9.5,173,1,36,40,0.9057602939225989
6a7fabb582ba586ac46e6cfb,5,6,9.2,173,1,30,35,0.8380771631836783
6a7fabb582ba586ac46e6cfb,4,6,9.125,173,1,24,27,0.8503032979133367
6a7fabb582ba586ac46e6cfb,3,6,9.058823529411764,173,1,18,19,0.8650057061241717
6a7fabb582ba586ac46e6cfb,2,7,9,173,1,12,11,0.8876416418949393
6a7fabb582ba586ac46e6cff,19,0,15,201,1,114,186,0.18745223394951233
6a7fabb582ba586ac46e6cff,18,0,9,201,1,108,183,0.11177770853504897
6a7fabb582ba586ac46e6cff,17,0,10,201,1,102,171,0.1393646210624269
6a7fabb582ba586ac46e6cff,16,0,9.25,201,1,96,164,0.11145589420479514
6a7fabb582ba586ac46e6cff,15,0,10.8,201,1,90,147,0.21417134857634132
6a7fabb582ba586ac46e6cff,14,0,10.166666666666666,201,1,84,140,0.17582551850402225
6a7fabb582ba586ac46e6cff,13,0,10.571428571428571,201,1,78,127,0.23857180193557176
6a7fabb582ba586ac46e6cff,12,0,10.75,201,1,72,115,0.29552839882543547
6a7fabb582ba586ac46e6cff,11,0,9.88888888888889,201,1,66,112,0.16922784457341736
6a7fabb582ba586ac46e6cff,10,0,9.2,201,1,60,109,0.07961994137633076
6a7fabb582ba586ac46e6cff,9,0,8.636363636363637,201,1,54,106,0.029064488090093887
6a7fabb582ba586ac46e6cff,8,0,8.666666666666666,201,1,48,97,0.023278543714017712
6a7fabb582ba586ac46e6cff,7,0,8.923076923076923,201,1,42,85,0.030740662835405642
6a7fabb582ba586ac46e6cff,6,1,8.428571428571429,201,1,36,83,0.005067300520820221
6a7fabb582ba586ac46e6cff,5,1,8.733333333333333,201,1,30,70,0.007793719012837042
6a7fabb582ba586ac46e6cff,4,2,8.625,201,1,24,63,0.0022489080667750547
6a7fabb582ba586ac46e6cff,3,2,9.235294117647058,201,1,18,44,0.018237423029626942
6a7fabb582ba586ac46e6cff,2,2,9.722222222222221,201,1,12,26,0.10914744173998694
6a7fabb582ba586ac46e6cff,1,2,9.789473684210526,201,1,6,15,0.10626025634381536
6a7fabb582ba586ac46e6d03,19,0,9,187,0,114,178,0.317472002439156
6a7fabb582ba586ac46e6d03,18,0,9,187,0,108,169,0.3159360420503814
6a7fabb582ba586ac46e6d03,17,0,9.666666666666666,187,0,102,158,0.3539555243641034
6a7fabb582ba586ac46e6d03,16,0,8.75,187,0,96,152,0.2915321300977947
6a7fabb582ba586ac46e6d03,15,0,9.2,187,0,90,141,0.3290883110552242
6a7fabb582ba586ac46e6d03,14,0,8.5,187,0,84,136,0.24435597692573444
6a7fabb582ba586ac46e6d03,13,0,7.285714285714286,187,0,78,136,0.10311922488723362
6a7fabb582ba586ac46e6d03,12,1,7.25,187,0,72,129,0.07612888643380135
6a7fabb582ba586ac46e6d03,11,2,7.222222222222222,187,0,66,122,0.053265202189244194
6a7fabb582ba586ac46e6d03,10,3,7.1,187,0,60,116,0.029985024795988902
6a7fabb582ba586ac46e6d03,9,3,7.181818181818182,187,0,54,108,0.020939308282707018
6a7fabb582ba586ac46e6d03,8,3,7.416666666666667,187,0,48,98,0.019514913459012018
6a7fabb582ba586ac46e6d03,7,3,7.846153846153846,187,0,42,85,0.030735640774694727
6a7fabb582ba586ac46e6d03,6,3,7.857142857142857,187,0,36,77,0.01887750564473804
6a7fabb582ba586ac46e6d03,5,3,8.4,187,0,30,61,0.05449394184667237
6a7fabb582ba586ac46e6d03,4,3,7.9375,187,0,24,60,0.005360036988118971
6a7fabb582ba586ac46e6d03,3,3,8.117647058823529,187,0,18,49,0.0040667653779013786
6a7fabb582ba586ac46e6d03,2,3,8.166666666666666,187,0,12,40,0.000953742783775144
6a7fabb582ba586ac46e6d03,1,3,8.368421052631579,187,0,6,28,0.0001928861143916006
6a7fabb582ba586ac46e6d07,19,0,4,202,0,114,198,0.06738196299410833
6a7fabb582ba586ac46e6d07,18,0,4.5,202,0,108,193,0.04157916431960463
6a7fabb582ba586ac46e6d07,17,1,8.333333333333334,202,0,102,177,0.07969313992593419
6a7fabb582ba586ac46e6d07,16,1,10.25,202,0,96,161,0.14549913279217783
6a7fabb582ba586ac46e6d07,15,1,9.6,202,0,90,154,0.11601191246691885
6a7fabb582ba586ac46e6d07,14,2,10.333333333333334,202,0,84,140,0.17439394730075156
6a7fabb582ba586ac46e6d07,13,2,9.857142857142858,202,0,78,133,0.13915270876931987
6a7fabb582ba586ac46e6d07,12,3,9,202,0,72,130,0.06698269223377196
6a7fabb582ba586ac46e6d07,11,5,9.222222222222221,202,0,66,119,0.07294221991825256
6a7fabb582ba586ac46e6d07,10,5,8.9,202,0,60,113,0.04469513732180862
6a7fabb582ba586ac46e6d07,9,5,8.727272727272727,202,0,54,106,0.028373209514779982
6a7fabb582ba586ac46e6d07,8,5,9.666666666666666,202,0,48,86,0.11980241048385819
6a7fabb582ba586ac46e6d07,7,5,10.23076923076923,202,0,42,69,0.281438273338894
6a7fabb582ba586ac46e6d07,6,5,10,202,0,36,62,0.21555991740747815
6a7fabb582ba586ac46e6d07,5,6,9.866666666666667,202,0,30,54,0.17145493012136354
6a7fabb582ba586ac46e6d07,4,6,9.625,202,0,24,48,0.08864484287527273
6a7fabb582ba586ac46e6d07,3,7,9.764705882352942,202,0,18,36,0.12134216608459443
6a7fabb582ba586ac46e6d07,2,7,9.444444444444445,202,0,12,32,0.01962336183394656
6a7fabb582ba586ac46e6d07,1,7,9,202,0,6,31,0.000024850693572156956
6a7fabb582ba586ac46e6d0b,19,0,17,150,1,114,133,0.9706941273737278
6a7fabb582ba586ac46e6d0b,18,1,13,150,1,108,124,0.9680246150869491
6a7fabb582ba586ac46e6d0b,17,1,13,150,1,102,111,0.9841621596077521
6a7fabb582ba586ac46e6d0b,16,1,12.75,150,1,96,99,0.9922107816614046
6a7fabb582ba586ac46e6d0b,15,1,12,150,1,90,90,0.995004198361274
6a7fabb582ba586ac46e6d0b,14,1,11.166666666666666,150,1,84,83,0.9958125401430227
6a7fabb582ba586ac46e6d0b,13,2,10.857142857142858,150,1,78,74,0.9953662513350827
6a7fabb582ba586ac46e6d0b,12,3,9.625,150,1,72,73,0.9842170105750899
6a7fabb582ba586ac46e6d0b,11,3,9.777777777777779,150,1,66,62,0.992812531005754
6a7fabb582ba586ac46e6d0b,10,3,9.3,150,1,60,57,0.9921125878832981
6a7fabb582ba586ac46e6d0b,9,3,8.909090909090908,150,1,54,52,0.9894220354577262
6a7fabb582ba586ac46e6d0b,8,3,9.166666666666666,150,1,48,40,0.9973893259658178
6a7fabb582ba586ac46e6d0b,7,5,9.076923076923077,150,1,42,32,0.9938561815278205
6a7fabb582ba586ac46e6d0b,6,5,9.142857142857142,150,1,36,22,0.998379972901425
6a7fabb582ba586ac46e6d0b,5,6,9.066666666666666,150,1,30,14,0.9976749450534295
6a7fabb582ba586ac46e6d0b,4,6,9,150,1,24,6,0.9997068877012562
6a7fabb582ba586ac46e6d0f,19,0,6,174,0,114,168,0.5194579567177472
6a7fabb582ba586ac46e6d0f,18,0,10,174,0,108,154,0.6307484229750414
6a7fabb582ba586ac46e6d0f,17,0,9.666666666666666,174,0,102,145,0.6382713070133742
6a7fabb582ba586ac46e6d0f,16,0,10.75,174,0,96,131,0.7485565042208137
6a7fabb582ba586ac46e6d0f,15,0,9.8,174,0,90,125,0.6974923343626134
6a7fabb582ba586ac46e6d0f,14,0,9.166666666666666,174,0,84,119,0.6382366600278779
6a7fabb582ba586ac46e6d0f,13,0,9.285714285714286,174,0,78,109,0.6702613175297177
6a7fabb582ba586ac46e6d0f,12,0,9.375,174,0,72,99,0.7038407181007754
6a7fabb582ba586ac46e6d0f,11,0,8.444444444444445,174,0,66,98,0.4993730767000104
6a7fabb582ba586ac46e6d0f,10,1,8.2,174,0,60,92,0.41556223828919203
6a7fabb582ba586ac46e6d0f,9,1,7.909090909090909,174,0,54,87,0.3017037455726567
6a7fabb582ba586ac46e6d0f,8,2,7.916666666666667,174,0,48,79,0.26729791336690867
6a7fabb582ba586ac46e6d0f,7,2,8.384615384615385,174,0,42,65,0.41002466147897826
6a7fabb582ba586ac46e6d0f,6,2,8.142857142857142,174,0,36,60,0.2731690411292241
6a7fabb582ba586ac46e6d0f,5,2,8,174,0,30,54,0.17346341466225518
6a7fabb582ba586ac46e6d0f,4,2,7.6875,174,0,24,51,0.04881348872697778
6a7fabb582ba586ac46e6d0f,3,2,7.588235294117647,174,0,18,45,0.013763509811152427
6a7fabb582ba586ac46e6d0f,2,2,7.555555555555555,174,0,12,38,0.0021945180929255816
6a7fabb582ba586ac46e6d0f,1,2,7.7368421052631575,174,0,6,27,0.0003590891510788707
6a7fabb582ba586ac46e6d13,19,1,7,162,0,114,155,0.7578592816336243
6a7fabb582ba586ac46e6d13,18,2,5,162,0,108,152,0.644131088523016
6a7fabb582ba586ac46e6d13,17,2,9,162,0,102,135,0.7985505789849187
6a7fabb582ba586ac46e6d13,16,2,8.75,162,0,96,127,0.800345316117089
6a7fabb582ba586ac46e6d13,15,2,8.6,162,0,90,119,0.8000692047001245
6a7fabb582ba586ac46e6d13,14,3,9.666666666666666,162,0,84,104,0.8802374459669474
6a7fabb582ba586ac46e6d13,13,3,9.142857142857142,162,0,78,98,0.8622893131520133
6a7fabb582ba586ac46e6d13,12,3,8.75,162,0,72,92,0.8352774509356676
6a7fabb582ba586ac46e6d13,11,3,8.444444444444445,162,0,66,86,0.7976901056566249
6a7fabb582ba586ac46e6d13,10,3,9.1,162,0,60,71,0.9126761251495792
6a7fabb582ba586ac46e6d13,9,3,9.272727272727273,162,0,54,60,0.9482942149011498
6a7fabb582ba586ac46e6d13,8,4,8.75,162,0,48,57,0.8841490344391496
6a7fabb582ba586ac46e6d13,7,5,8.307692307692308,162,0,42,54,0.7645814155336862
6a7fabb582ba586ac46e6d13,6,5,8,162,0,36,50,0.6268498634020546
6a7fabb582ba586ac46e6d13,5,5,8.266666666666667,162,0,30,38,0.7572547028403082
6a7fabb582ba586ac46e6d13,4,5,8.3125,162,0,24,29,0.7892032609762292
6a7fabb582ba586ac46e6d13,3,5,8.058823529411764,162,0,18,25,0.5956258480464889
6a7fabb582ba586ac46e6d13,2,5,8,162,0,12,18,0.4928224007483587
6a7fabb582ba586ac46e6d13,1,5,7.842105263157895,162,0,6,13,0.19669328564357863
6a7fabb582ba586ac46e6d17,19,0,7,174,1,114,167,0.5404661050381683
6a7fabb582ba586ac46e6d17,18,0,12.5,174,1,108,149,0.7289510424152248
6a7fabb582ba586ac46e6d17,17,0,13,174,1,102,135,0.8232178109505882
6a7fabb582ba586ac46e6d17,16,0,11.25,174,1,96,129,0.7850350021850269
6a7fabb582ba586ac46e6d17,15,0,10,174,1,90,124,0.7185688611286405
6a7fabb582ba586ac46e6d17,14,1,9.5,174,1,84,117,0.6827022382889456
6a7fabb582ba586ac46e6d17,13,1,9.571428571428571,174,1,78,107,0.7154806467878533
6a7fabb582ba586ac46e6d17,12,1,10.125,174,1,72,93,0.8293793081992755
6a7fabb582ba586ac46e6d17,11,1,10.666666666666666,174,1,66,78,0.9275099925342392
6a7fabb582ba586ac46e6d17,10,1,10.8,174,1,60,66,0.9634142446760875
6a7fabb582ba586ac46e6d17,9,1,10.818181818181818,174,1,54,55,0.9817824041738242
6a7fabb582ba586ac46e6d17,8,1,10.333333333333334,174,1,48,50,0.9691435522982726
6a7fabb582ba586ac46e6d17,7,1,10.076923076923077,174,1,42,43,0.9660044051399553
6a7fabb582ba586ac46e6d17,6,4,9.642857142857142,174,1,36,39,0.9263869281185365
6a7fabb582ba586ac46e6d17,5,4,9.266666666666667,174,1,30,35,0.8507470009493443
6a7fabb582ba586ac46e6d17,4,5,9.125,174,1,24,28,0.8238016900544038
6a7fabb582ba586ac46e6d17,3,5,9.823529411764707,174,1,18,7,0.9996332980291261
6a7fabb582ba586ac46e6d1b,19,1,11,197,0,114,186,0.1848504527365916
6a7fabb582ba586ac46e6d1b,18,2,8.5,197,0,108,180,0.1395982584641062
6a7fabb582ba586ac46e6d1b,17,2,7.666666666666667,197,0,102,174,0.1042422519477236
6a7fabb582ba586ac46e6d1b,16,2,8,197,0,96,165,0.09968705294824039
6a7fabb582ba586ac46e6d1b,15,4,8.4,197,0,90,155,0.0961491217479793
6a7fabb582ba586ac46e6d1b,14,4,7.833333333333333,197,0,84,150,0.06038395811538179
6a7fabb582ba586ac46e6d1b,13,4,7.285714285714286,197,0,78,146,0.029923400001923197
6a7fabb582ba586ac46e6d1b,12,5,6.625,197,0,72,144,0.008665386908217623
6a7fabb582ba586ac46e6d1b,11,5,7.666666666666667,197,0,66,128,0.021583247782702316
6a7fabb582ba586ac46e6d1b,10,6,7.5,197,0,60,122,0.010177537416811499
6a7fabb582ba586ac46e6d1b,9,7,7.090909090909091,197,0,54,119,0.002143505629057294
6a7fabb582ba586ac46e6d1b,8,7,6.916666666666667,197,0,48,114,0.0005841966864009755
6a7fabb582ba586ac46e6d1b,7,7,7.076923076923077,197,0,42,105,0.0003243018351783088
6a7fabb582ba586ac46e6d1b,6,7,7,197,0,36,99,0.0000594410530375022
6a7fabb582ba586ac46e6d1b,5,7,7.866666666666666,197,0,30,79,0.0006624760468943551
6a7fabb582ba586ac46e6d1b,4,7,7.625,197,0,24,75,0.000036795067016525104
6a7fabb582ba586ac46e6d1b,3,7,7.823529411764706,197,0,18,64,0.000011688726988506135
6a7fabb582ba586ac46e6d1b,2,8,7.944444444444445,197,0,12,54,6.926171452411919e-7
6a7fabb582ba586ac46e6d1b,1,8,7.842105263157895,197,0,6,48,1.6260844360594886e-11
6a7fabb582ba586ac46e6d1f,19,1,9,214,0,114,205,0.0321927122309721
6a7fabb582ba586ac46e6d1f,18,1,10.5,214,0,108,193,0.04125344381724669
6a7fabb582ba586ac46e6d1f,17,1,12.333333333333334,214,0,102,177,0.07969313992593419
6a7fabb582ba586ac46e6d1f,16,1,11.25,214,0,96,169,0.06747623286747202
6a7fabb582ba586ac46e6d1f,15,2,11.4,214,0,90,157,0.08541419705679998
6a7fabb582ba586ac46e6d1f,14,3,10,214,0,84,154,0.03927627894628697
6a7fabb582ba586ac46e6d1f,13,3,8.857142857142858,214,0,78,152,0.01318325881519079
6a7fabb582ba586ac46e6d1f,12,3,10.125,214,0,72,133,0.04604579421978922
6a7fabb582ba586ac46e6d1f,11,3,9.88888888888889,214,0,66,125,0.035248613364796254
6a7fabb582ba586ac46e6d1f,10,3,9.7,214,0,60,117,0.02573019681022332
6a7fabb582ba586ac46e6d1f,9,3,9.727272727272727,214,0,54,107,0.024702584646671605
6a7fabb582ba586ac46e6d1f,8,3,9.416666666666666,214,0,48,101,0.011228226880344845
6a7fabb582ba586ac46e6d1f,7,3,9.846153846153847,214,0,42,86,0.025679441750978596
6a7fabb582ba586ac46e6d1f,6,4,10,214,0,36,74,0.033908096788825934
6a7fabb582ba586ac46e6d1f,5,5,10,214,0,30,64,0.030114137956793716
6a7fabb582ba586ac46e6d1f,4,5,9.6875,214,0,24,59,0.007056032939044484
6a7fabb582ba586ac46e6d1f,3,5,9.470588235294118,214,0,18,53,0.0010378692982991025
6a7fabb582ba586ac46e6d1f,2,5,10,214,0,12,34,0.009965364619302058
6a7fabb582ba586ac46e6d1f,1,5,9.526315789473685,214,0,6,33,0.00000576003816458893
6a7fabb582ba586ac46e6d23,19,0,16,167,0,114,151,0.8301098961024049
6a7fabb582ba586ac46e6d23,18,0,8.5,167,0,108,150,0.7103179506901026
6a7fabb582ba586ac46e6d23,17,0,8.333333333333334,167,0,102,142,0.7001529549563971
6a7fabb582ba586ac46e6d23,16,0,8.75,167,0,96,132,0.7292305729400987
6a7fabb582ba586ac46e6d23,15,0,7.8,167,0,90,128,0.6308304060074056
6a7fabb582ba586ac46e6d23,14,0,7.166666666666667,167,0,84,124,0.5162142257306032
6a7fabb582ba586ac46e6d23,13,0,8.428571428571429,167,0,78,108,0.6937920080375111
6a7fabb582ba586ac46e6d23,12,0,8.25,167,0,72,101,0.654665814739927
6a7fabb582ba586ac46e6d23,11,0,8.11111111111111,167,0,66,94,0.6105373395777227
6a7fabb582ba586ac46e6d23,10,0,8.5,167,0,60,82,0.7013299045548029
6a7fabb582ba586ac46e6d23,9,0,8.545454545454545,167,0,54,73,0.7142895825629654
6a7fabb582ba586ac46e6d23,8,0,8,167,0,48,71,0.5093364760758464
6a7fabb582ba586ac46e6d23,7,1,7.846153846153846,167,0,42,65,0.4100471568753312
6a7fabb582ba586ac46e6d23,6,1,7.642857142857143,167,0,36,60,0.27317210652643314
6a7fabb582ba586ac46e6d23,5,1,8.066666666666666,167,0,30,46,0.4422238690210367
6a7fabb582ba586ac46e6d23,4,2,8,167,0,24,39,0.35317684741001776
6a7fabb582ba586ac46e6d23,3,3,8,167,0,18,31,0.2923871985438421
6a7fabb582ba586ac46e6d23,2,3,7.888888888888889,167,0,12,25,0.13846230986742494
6a7fabb582ba586ac46e6d23,1,3,8.31578947368421,167,0,6,9,0.49821636117809404
6a7fabb582ba586ac46e6d27,19,1,2,175,1,114,173,0.4087072677457137
6a7fabb582ba586ac46e6d27,18,2,4,175,1,108,167,0.3413864895737606
6a7fabb582ba586ac46e6d27,17,2,6,175,1,102,157,0.3639589802076485
6a7fabb582ba586ac46e6d27,16,3,6.25,175,1,96,150,0.3130210174749558
6a7fabb582ba586ac46e6d27,15,3,5.6,175,1,90,147,0.20589383657750304
6a7fabb582ba586ac46e6d27,14,3,6.666666666666667,175,1,84,135,0.2561762369859659
6a7fabb582ba586ac46e6d27,13,3,6.857142857142857,175,1,78,127,0.234099634119211
6a7fabb582ba586ac46e6d27,12,4,7,175,1,72,119,0.20488071911469707
6a7fabb582ba586ac46e6d27,11,5,7.666666666666667,175,1,66,106,0.2675237065705903
6a7fabb582ba586ac46e6d27,10,5,8.8,175,1,60,87,0.5279845420494483
6a7fabb582ba586ac46e6d27,9,5,8.545454545454545,175,1,54,81,0.45674456735759095
6a7fabb582ba586ac46e6d27,8,6,8.416666666666666,175,1,48,74,0.3802242198275698
6a7fabb582ba586ac46e6d27,7,7,8.461538461538462,175,1,42,65,0.34389427260533567
6a7fabb582ba586ac46e6d27,6,7,9,175,1,36,49,0.5911770826264554
6a7fabb582ba586ac46e6d27,5,7,8.933333333333334,175,1,30,41,0.6014219602488383
6a7fabb582ba586ac46e6d27,4,8,9,175,1,24,31,0.5933094656818096
6a7fabb582ba586ac46e6d27,3,8,9.176470588235293,175,1,18,19,0.7884114190312266
6a7fabb582ba586ac46e6d27,2,8,9.61111111111111,175,1,12,2,0.992961541675498
6a7fabb582ba586ac46e6d2b,19,0,13,181,1,114,168,0.5194579567177472
6a7fabb582ba586ac46e6d2b,18,1,7,181,1,108,167,0.3509135449654409
6a7fabb582ba586ac46e6d2b,17,1,7.333333333333333,181,1,102,159,0.330989990963642
6a7fabb582ba586ac46e6d2b,16,2,8,181,1,96,149,0.3452633220821979
6a7fabb582ba586ac46e6d2b,15,4,7.4,181,1,90,144,0.24150617760754028
6a7fabb582ba586ac46e6d2b,14,5,7.166666666666667,181,1,84,138,0.17283256270484235
6a7fabb582ba586ac46e6d2b,13,5,8.714285714285714,181,1,78,120,0.33699408395282876
6a7fabb582ba586ac46e6d2b,12,5,8.875,181,1,72,110,0.3713808203775031
6a7fabb582ba586ac46e6d2b,11,6,9.88888888888889,181,1,66,92,0.5300665696689437
6a7fabb582ba586ac46e6d2b,10,6,10.6,181,1,60,75,0.7292795957085616
6a7fabb582ba586ac46e6d2b,9,6,10.090909090909092,181,1,54,70,0.700429562918097
6a7fabb582ba586ac46e6d2b,8,6,10.166666666666666,181,1,48,59,0.7857452804348837
6a7fabb582ba586ac46e6d2b,7,6,9.846153846153847,181,1,42,53,0.7605718781987129
6a7fabb582ba586ac46e6d2b,6,6,9.642857142857142,181,1,36,46,0.743639052064683
6a7fabb582ba586ac46e6d2b,5,7,9.733333333333333,181,1,30,35,0.7933547241237151
6a7fabb582ba586ac46e6d2b,4,7,9.5,181,1,24,29,0.7603650746856547
6a7fabb582ba586ac46e6d2b,3,7,9.411764705882353,181,1,18,21,0.7786927909129785
6a7fabb582ba586ac46e6d2b,2,7,9,181,1,12,19,0.4276254928823755
6a7fabb582ba586ac46e6d2b,1,7,8.842105263157896,181,1,6,13,0.19668078622803367
6a7fabb582ba586ac46e6d2f,19,1,15,185,1,114,170,0.46976268317180814
6a7fabb582ba586ac46e6d2f,18,1,11,185,1,108,163,0.43261524657984585
6a7fabb582ba586ac46e6d2f,17,1,12,185,1,102,149,0.5459299143999674
6a7fabb582ba586ac46e6d2f,16,1,11.75,185,1,96,138,0.5976168202773032
6a7fabb582ba586ac46e6d2f,15,1,10.4,185,1,90,133,0.5108112029514222
6a7fabb582ba586ac46e6d2f,14,1,9.166666666666666,185,1,84,130,0.37024339669570294
6a7fabb582ba586ac46e6d2f,13,2,10,185,1,78,115,0.5162888159141547
6a7fabb582ba586ac46e6d2f,12,5,9,185,1,72,113,0.30525995669017525
6a7fabb582ba586ac46e6d2f,11,6,9.11111111111111,185,1,66,103,0.29230302672789377
6a7fabb582ba586ac46e6d2f,10,6,9.3,185,1,60,92,0.35191872751121145
6a7fabb582ba586ac46e6d2f,9,6,9.090909090909092,185,1,54,85,0.316635827306638
6a7fabb582ba586ac46e6d2f,8,8,9.583333333333334,185,1,48,70,0.280754128990518
6a7fabb582ba586ac46e6d2f,7,9,9.538461538461538,185,1,42,61,0.13588898966281068
6a7fabb582ba586ac46e6d2f,6,9,9.857142857142858,185,1,36,47,0.23257591501083585
6a7fabb582ba586ac46e6d2f,5,9,9.933333333333334,185,1,30,36,0.33096523720385723
6a7fabb582ba586ac46e6d2f,4,9,10.125,185,1,24,23,0.5037899280156259
6a7fabb582ba586ac46e6d2f,3,9,10.294117647058824,185,1,18,10,0.7350553810178772
6a7fabf682ba586ac47fab66,19,0,8,194,0,114,186,0.18745223394951233
6a7fabf682ba586ac47fab66,18,0,11.5,194,0,108,171,0.2790248410879608
6a7fabf682ba586ac47fab66,17,0,8.666666666666666,194,0,102,168,0.17842710556160435
6a7fabf682ba586ac47fab66,16,0,9.5,194,0,96,156,0.21939880043894197
6a7fabf682ba586ac47fab66,15,0,8.6,194,0,90,151,0.15333015719733384
6a7fabf682ba586ac47fab66,14,0,8.5,194,0,84,143,0.1337029468793304
6a7fabf682ba586ac47fab66,13,0,9.714285714285714,194,0,78,126,0.25830174645320403
6a7fabf682ba586ac47fab66,12,0,9.875,194,0,72,115,0.29552839882543547
6a7fabf682ba586ac47fab66,11,0,10.444444444444445,194,0,66,100,0.4439083590011518
6a7fabf682ba586ac47fab66,10,0,10.2,194,0,60,92,0.41563672130444673
6a7fabf682ba586ac47fab66,9,1,9.363636363636363,194,0,54,91,0.2068904174039507
6a7fabf682ba586ac47fab66,8,2,8.833333333333334,194,0,48,88,0.09377174222300697
6a7fabf682ba586ac47fab66,7,3,8.846153846153847,194,0,42,79,0.08178671280023334
6a7fabf682ba586ac47fab66,6,3,8.714285714285714,194,0,36,72,0.048803125509140455
6a7fabf682ba586ac47fab66,5,3,8.666666666666666,194,0,30,64,0.030144394964867437
6a7fabf682ba586ac47fab66,4,3,8.6875,194,0,24,55,0.01970421394019634
6a7fabf682ba586ac47fab66,3,3,8.764705882352942,194,0,18,45,0.013763509603833142
6a7fabf682ba586ac47fab66,2,3,9.38888888888889,194,0,12,25,0.13846230986742494
6a7fabf682ba586ac47fab66,1,3,9.31578947368421,194,0,6,17,0.052244036365300825
6a7fabf682ba586ac47fab6a,19,0,10,177,1,114,167,0.5404661050381683
6a7fabf682ba586ac47fab6a,18,0,12.5,177,1,108,152,0.6714425563300875
6a7fabf682ba586ac47fab6a,17,0,11.666666666666666,177,1,102,142,0.7001529549563971
6a7fabf682ba586ac47fab6a,16,0,13.25,177,1,96,124,0.8621608326163153
6a7fabf682ba586ac47fab6a,15,0,12,177,1,90,117,0.8445228646366966
6a7fabf682ba586ac47fab6a,14,0,11.333333333333334,177,1,84,109,0.840113164155547
6a7fabf682ba586ac47fab6a,13,1,12.428571428571429,177,1,78,90,0.9575502138067442
6a7fabf682ba586ac47fab6a,12,2,11.5,177,1,72,85,0.9335668396771403
6a7fabf682ba586ac47fab6a,11,2,11.333333333333334,177,1,66,75,0.952762166023815
6a7fabf682ba586ac47fab6a,10,2,10.8,177,1,60,69,0.9381140098476062
6a7fabf682ba586ac47fab6a,9,2,11.363636363636363,177,1,54,52,0.990702027467994
6a7fabf682ba586ac47fab6a,8,2,11.75,177,1,48,36,0.9994452719040687
6a7fabf682ba586ac47fab6a,7,3,10.923076923076923,177,1,42,35,0.9960661758576739
6a7fabf682ba586ac47fab6a,6,4,10.357142857142858,177,1,36,32,0.986786006805668
6a7fabf682ba586ac47fab6a,5,4,10.6,177,1,30,18,0.9993641281513383
6a7fabf682ba586ac47fab6a,4,4,10.25,177,1,24,13,0.999236499289634
6a7fabf682ba586ac47fab6a,3,5,10.058823529411764,177,1,18,6,0.9998566787905254
6a7fabf682ba586ac47fab6e,19,0,7,166,0,114,159,0.7007891976829919
6a7fabf682ba586ac47fab6e,18,0,5.5,166,0,108,155,0.6098554702927377
6a7fabf682ba586ac47fab6e,17,1,4.666666666666667,166,0,102,152,0.47952942662421727
6a7fabf682ba586ac47fab6e,16,1,5,166,0,96,146,0.4156221392132718
6a7fabf682ba586ac47fab6e,15,1,6.2,166,0,90,135,0.4633716784150393
6a7fabf682ba586ac47fab6e,14,1,7.333333333333333,166,0,84,122,0.5642128567911014
6a7fabf682ba586ac47fab6e,13,2,6.714285714285714,166,0,78,119,0.41533098318439393
6a7fabf682ba586ac47fab6e,12,2,6.75,166,0,72,112,0.36536297333523104
6a7fabf682ba586ac47fab6e,11,2,7,166,0,66,103,0.36306845600580256
6a7fabf682ba586ac47fab6e,10,2,6.8,166,0,60,98,0.25982023185019004
6a7fabf682ba586ac47fab6e,9,2,6.7272727272727275,166,0,54,92,0.1864229458889212
6a7fabf682ba586ac47fab6e,8,3,6.5,166,0,48,88,0.09371924299195267
6a7fabf682ba586ac47fab6e,7,4,6.3076923076923075,166,0,42,84,0.03657543962651147
6a7fabf682ba586ac47fab6e,6,5,6.285714285714286,166,0,36,78,0.015324229500939892
6a7fabf682ba586ac47fab6e,5,6,6.4,166,0,30,70,0.007747547607422411
6a7fabf682ba586ac47fab6e,4,7,6.3125,166,0,24,65,0.0012009665730249096
6a7fabf682ba586ac47fab6e,3,7,6.294117647058823,166,0,18,59,0.00010220121269518629
6a7fabf682ba586ac47fab6e,2,7,6.277777777777778,166,0,12,53,0.0000012593808084282967
6a7fabf682ba586ac47fab6e,1,7,6.473684210526316,166,0,6,43,1.4607334516688254e-9
6a7fabf682ba586ac47fab72,19,0,11,177,1,114,166,0.5613922711408769
6a7fabf682ba586ac47fab72,18,0,16.5,177,1,108,144,0.8125499688775368
6a7fabf682ba586ac47fab72,17,0,14.333333333333334,177,1,102,134,0.8378448249599272
6a7fabf682ba586ac47fab72,16,1,13.75,177,1,96,122,0.8818969354427312
6a7fabf682ba586ac47fab72,15,1,13,177,1,90,112,0.9045457450375871
6a7fabf682ba586ac47fab72,14,1,13.166666666666666,177,1,84,98,0.9556022235169954
6a7fabf682ba586ac47fab72,13,2,12.285714285714286,177,1,78,91,0.9466832888966721
6a7fabf682ba586ac47fab72,12,3,12.875,177,1,72,74,0.9820770656837413
6a7fabf682ba586ac47fab72,11,3,12.444444444444445,177,1,66,65,0.9887322725186954
6a7fabf682ba586ac47fab72,10,3,11.7,177,1,60,60,0.9861002067862481
6a7fabf682ba586ac47fab72,9,4,12.181818181818182,177,1,54,43,0.9959584424440227
6a7fabf682ba586ac47fab72,8,4,11.666666666666666,177,1,48,37,0.9974206993963206
6a7fabf682ba586ac47fab72,7,4,10.923076923076923,177,1,42,35,0.9949613455907458
6a7fabf682ba586ac47fab72,6,4,10.285714285714286,177,1,36,33,0.9824387884232345
6a7fabf682ba586ac47fab72,5,5,10.866666666666667,177,1,30,14,0.9996336532823296
6a7fabf682ba586ac47fab72,4,5,10.6875,177,1,24,6,0.999970325041814
6a7fabfb82ba586ac4811bf2,19,0,11,197,0,114,186,0.18745223394951233
6a7fabfb82ba586ac4811bf2,18,0,7,197,0,108,183,0.11177770853504897
6a7fabfb82ba586ac4811bf2,17,0,6.666666666666667,197,0,102,177,0.08017933601609742
6a7fabfb82ba586ac4811bf2,16,0,6.75,197,0,96,170,0.06089698661785527
6a7fabfb82ba586ac4811bf2,15,0,8.6,197,0,90,154,0.11633694666128325
6a7fabfb82ba586ac4811bf2,14,0,7.666666666666667,197,0,84,151,0.057458088804001245
6a7fabfb82ba586ac4811bf2,13,1,7.857142857142857,197,0,78,142,0.0519913142640832
6a7fabfb82ba586ac4811bf2,12,1,8,197,0,72,133,0.046425363989671946
6a7fabfb82ba586ac4811bf2,11,1,7.888888888888889,197,0,66,126,0.030695168823069156
6a7fabfb82ba586ac4811bf2,10,1,8.6,197,0,60,111,0.06133427484998797
6a7fabfb82ba586ac4811bf2,9,1,8.818181818181818,197,0,54,100,0.07070484700345969
6a7fabfb82ba586ac4811bf2,8,1,8.916666666666666,197,0,48,90,0.0708856134416152
6a7fabfb82ba586ac4811bf2,7,1,8.846153846153847,197,0,42,82,0.05123460522386004
6a7fabfb82ba586ac4811bf2,6,1,8.5,197,0,36,78,0.015363183592895884
6a7fabfb82ba586ac4811bf2,5,1,8.333333333333334,197,0,30,72,0.004727716287089554
6a7fabfb82ba586ac4811bf2,4,1,8.5625,197,0,24,60,0.005360038793869115
6a7fabfb82ba586ac4811bf2,3,1,9.117647058823529,197,0,18,42,0.03112244937576679
6a7fabfb82ba586ac4811bf2,2,1,9.11111111111111,197,0,12,33,0.014083354335406036
6a7fabfb82ba586ac4811bf2,1,1,9,197,0,6,26,0.0006596169939828737
6a7fabfb82ba586ac4811bf6,19,1,15,204,0,114,189,0.14704592241317044
6a7fabfb82ba586ac4811bf6,18,2,13,204,0,108,178,0.1637777800037396
6a7fabfb82ba586ac4811bf6,17,2,13.666666666666666,204,0,102,163,0.25103061842040736
6a7fabfb82ba586ac4811bf6,16,2,12,204,0,96,156,0.21525476226701132
6a7fabfb82ba586ac4811bf6,15,2,11.2,204,0,90,148,0.19520204509214345
6a7fabfb82ba586ac4811bf6,14,2,11,204,0,84,138,0.206581838229785
6a7fabfb82ba586ac4811bf6,13,2,10.571428571428571,204,0,78,130,0.18397207705439847
6a7fabfb82ba586ac4811bf6,12,2,9.625,204,0,72,127,0.09556137188628709
6a7fabfb82ba586ac4811bf6,11,3,9.666666666666666,204,0,66,117,0.09832852765074984
6a7fabfb82ba586ac4811bf6,10,3,9.6,204,0,60,108,0.08995515327541125
6a7fabfb82ba586ac4811bf6,9,4,9.909090909090908,204,0,54,95,0.1323891331321594
6a7fabfb82ba586ac4811bf6,8,5,9.916666666666666,204,0,48,85,0.13568579122724597
6a7fabfb82ba586ac4811bf6,7,6,9.461538461538462,204,0,42,81,0.057967252218029425
6a7fabfb82ba586ac4811bf6,6,6,9.928571428571429,204,0,36,65,0.14333150151176063
6a7fabfb82ba586ac4811bf6,5,6,9.733333333333333,204,0,30,58,0.09210130344112216
6a7fabfb82ba586ac4811bf6,4,6,9.3125,204,0,24,55,0.019657649218630332
6a7fabfb82ba586ac4811bf6,3,6,9,204,0,18,51,0.0020914764423345905
6a7fabfb82ba586ac4811bf6,2,8,8.666666666666666,204,0,12,48,0.00002051021762363253
6a7fabfb82ba586ac4811bf6,1,9,8.631578947368421,204,0,6,40,1.979774204579574e-8
6a7fabfe82ba586ac481d4a3,19,1,7,171,1,114,164,0.592832001886923
6a7fabfe82ba586ac481d4a3,18,1,6,171,1,108,159,0.5177381037810302
6a7fabfe82ba586ac481d4a3,17,1,5.333333333333333,171,1,102,155,0.41400180460562797
6a7fabfe82ba586ac481d4a3,16,1,5.75,171,1,96,148,0.3718266025821527
6a7fabfe82ba586ac481d4a3,15,1,5.8,171,1,90,142,0.30708180173909266
6a7fabfe82ba586ac481d4a3,14,1,7.666666666666667,171,1,84,125,0.4902529548618481
6a7fabfe82ba586ac481d4a3,13,2,9,171,1,78,108,0.6890094720982408
6a7fabfe82ba586ac481d4a3,12,2,8.625,171,1,72,102,0.6265510478532272
6a7fabfe82ba586ac481d4a3,11,2,8.666666666666666,171,1,66,93,0.6361002027328558
6a7fabfe82ba586ac481d4a3,10,2,8.7,171,1,60,84,0.6462372285521054
6a7fabfe82ba586ac481d4a3,9,2,8.454545454545455,171,1,54,78,0.5671274156516283
6a7fabfe82ba586ac481d4a3,8,2,8.166666666666666,171,1,48,73,0.4441980786444501
6a7fabfe82ba586ac481d4a3,7,2,8.384615384615385,171,1,42,62,0.5135094921614592
6a7fabfe82ba586ac481d4a3,6,2,8.428571428571429,171,1,36,53,0.5184641132330081
6a7fabfe82ba586ac481d4a3,5,2,8.533333333333333,171,1,30,43,0.565899202461917
6a7fabfe82ba586ac481d4a3,4,2,8.9375,171,1,24,28,0.8245318721040367
6a7fabfe82ba586ac481d4a3,3,2,8.705882352941176,171,1,18,23,0.6988289661423664
6a7fabfe82ba586ac481d4a3,2,2,8.666666666666666,171,1,12,15,0.6868418993967197
6a7fabfe82ba586ac481d4a3,1,3,8.894736842105264,171,1,6,2,0.9862240554511069
6a7fd8e7700f451f4ed7e32e,19,0,8,175,0,114,167,0.5404661050381683
6a7fd8e7700f451f4ed7e32e,18,0,8.5,175,0,108,158,0.5457128736899441
6a7fd8e7700f451f4ed7e32e,17,0,7.666666666666667,175,0,102,152,0.483659179720636
6a7fd8e7700f451f4ed7e32e,16,0,7,175,0,96,147,0.3957726687940126
6a7fd8e7700f451f4ed7e32e,15,0,6.4,175,0,90,143,0.2878932878131025
6a7fd8e7700f451f4ed7e32e,14,0,7.333333333333333,175,0,84,131,0.34828843996576647
6a7fd8e7700f451f4ed7e32e,13,1,7.571428571428571,175,0,78,122,0.3450445355338148
6a7fd8e7700f451f4ed7e32e,12,1,7.5,175,0,72,115,0.29532552265828554
6a7fd8e7700f451f4ed7e32e,11,1,7.555555555555555,175,0,66,107,0.26712019543950505
6a7fd8e7700f451f4ed7e32e,10,2,7.6,175,0,60,99,0.23743442246449992
6a7fd8e7700f451f4ed7e32e,9,3,7.818181818181818,175,0,54,89,0.25124750761985926
6a7fd8e7700f451f4ed7e32e,8,3,7.833333333333333,175,0,48,81,0.2180589701062236
6a7fd8e7700f451f4ed7e32e,7,3,8,175,0,42,71,0.23046963006573135
6a7fd8e7700f451f4ed7e32e,6,3,8.357142857142858,175,0,36,58,0.33695411666287217
6a7fd8e7700f451f4ed7e32e,5,3,8.4,175,0,30,49,0.32669037956365116
6a7fd8e7700f451f4ed7e32e,4,3,8.1875,175,0,24,44,0.17760561104354008
6a7fd8e7700f451f4ed7e32e,3,4,8,175,0,18,39,0.0645520718071657
6a7fd8e7700f451f4ed7e32e,2,4,8.222222222222221,175,0,12,27,0.0848530036364916
6a7fd8e7700f451f4ed7e32e,1,4,8.421052631578947,175,0,6,15,0.10626025634381536
6a7fd8e7700f451f4ed7e332,19,0,5,192,0,114,187,0.17399580299594936
6a7fd8e7700f451f4ed7e332,18,1,8.5,192,0,108,175,0.21029354929553684
6a7fd8e7700f451f4ed7e332,17,2,10,192,0,102,162,0.2684512079774196
6a7fd8e7700f451f4ed7e332,16,2,10,192,0,96,152,0.28573722765623616
6a7fd8e7700f451f4ed7e332,15,2,9.8,192,0,90,143,0.28394370363642873
6a7fd8e7700f451f4ed7e332,14,2,9.333333333333334,192,0,84,136,0.24221828975925916
6a7fd8e7700f451f4ed7e332,13,3,9.285714285714286,192,0,78,127,0.234099634119211
6a7fd8e7700f451f4ed7e332,12,3,8.875,192,0,72,121,0.1754807722839686
6a7fd8e7700f451f4ed7e332,11,3,9.222222222222221,192,0,66,109,0.22313207822973483
6a7fd8e7700f451f4ed7e332,10,4,8.9,192,0,60,103,0.1577312230261731
6a7fd8e7700f451f4ed7e332,9,5,8.181818181818182,192,0,54,102,0.05198512890227769
6a7fd8e7700f451f4ed7e332,8,7,7.666666666666667,192,0,48,100,0.011355804879721623
6a7fd8e7700f451f4ed7e332,7,7,7.615384615384615,192,0,42,93,0.00572527363523437
6a7fd8e7700f451f4ed7e332,6,7,7.928571428571429,192,0,36,81,0.007471217029827068
6a7fd8e7700f451f4ed7e332,5,7,8,192,0,30,72,0.004560414811267877
6a7fd8e7700f451f4ed7e332,4,7,8,192,0,24,64,0.0016378494678367045
6a7fd8e7700f451f4ed7e332,3,7,8.235294117647058,192,0,18,52,0.0014746938396826541
6a7fd8e7700f451f4ed7e332,2,7,7.944444444444445,192,0,12,49,0.000012075740782878306
6a7fd8e7700f451f4ed7e332,1,7,7.7894736842105265,192,0,6,44,6.109504474665784e-10
6a7fd8e7700f451f4ed7e336,19,0,7,165,1,114,158,0.7190659285672863
6a7fd8e7700f451f4ed7e336,18,0,9.5,165,1,108,146,0.7811466915290319
6a7fd8e7700f451f4ed7e336,17,1,7.333333333333333,165,1,102,143,0.67394796078687
6a7fd8e7700f451f4ed7e336,16,1,8,165,1,96,133,0.7048279614778014
6a7fd8e7700f451f4ed7e336,15,1,8.8,165,1,90,121,0.7742801720827764
6a7fd8e7700f451f4ed7e336,14,1,8.166666666666666,165,1,84,116,0.7048875670278695
6a7fd8e7700f451f4ed7e336,13,1,8.428571428571429,165,1,78,106,0.7375044145785631
6a7fd8e7700f451f4ed7e336,12,2,8,165,1,72,101,0.6519513256660324
6a7fd8e7700f451f4ed7e336,11,2,9.11111111111111,165,1,66,83,0.8584022073250371
6a7fd8e7700f451f4ed7e336,10,2,8.3,165,1,60,82,0.7004616084270716
6a7fd8e7700f451f4ed7e336,9,2,8.363636363636363,165,1,54,73,0.7138715338752574
6a7fd8e7700f451f4ed7e336,8,2,8.416666666666666,165,1,48,64,0.7289899133357616
6a7fd8e7700f451f4ed7e336,7,2,8.76923076923077,165,1,42,51,0.8502513698284923
6a7fd8e7700f451f4ed7e336,6,2,8.642857142857142,165,1,36,44,0.8244646886511108
6a7fd8e7700f451f4ed7e336,5,2,8.733333333333333,165,1,30,34,0.8761738864774139
6a7fd8e7700f451f4ed7e336,4,4,8.3125,165,1,24,32,0.6686570276269437
6a7fd8e7700f451f4ed7e336,3,4,8.529411764705882,165,1,18,20,0.8311096541515646
6a7fd8e7700f451f4ed7e336,2,5,8.277777777777779,165,1,12,16,0.6234286297887589
6a7fd8e7700f451f4ed7e336,1,5,8.578947368421053,165,1,6,2,0.9862240059913683
6a7fd8e7700f451f4ed7e33a,19,1,16,217,0,114,201,0.04934818092991056
6a7fd8e7700f451f4ed7e33a,18,1,10.5,217,0,108,196,0.029459299968682785
6a7fd8e7700f451f4ed7e33a,17,2,11,217,0,102,184,0.037325487874892475
6a7fd8e7700f451f4ed7e33a,16,2,9,217,0,96,181,0.01600971387295444
6a7fd8e7700f451f4ed7e33a,15,2,9.2,217,0,90,171,0.015937825172481362
6a7fd8e7700f451f4ed7e33a,14,2,10.166666666666666,217,0,84,156,0.030967500125214605
6a7fd8e7700f451f4ed7e33a,13,3,9.571428571428571,217,0,78,150,0.017685336866597092
6a7fd8e7700f451f4ed7e33a,12,3,9.75,217,0,72,139,0.020079898958276922
6a7fd8e7700f451f4ed7e33a,11,4,9.222222222222221,217,0,66,134,0.00860635858930158
6a7fd8e7700f451f4ed7e33a,10,4,8.8,217,0,60,129,0.0031209342162328503
6a7fd8e7700f451f4ed7e33a,9,4,9.272727272727273,217,0,54,115,0.005906753058811839
6a7fd8e7700f451f4ed7e33a,8,4,9.25,217,0,48,106,0.004109357149062075
6a7fd8e7700f451f4ed7e33a,7,5,8.846153846153847,217,0,42,102,0.0007708685391619203
6a7fd8e7700f451f4ed7e33a,6,5,8.857142857142858,217,0,36,93,0.00037468898419212805
6a7fd8e7700f451f4ed7e33a,5,5,8.533333333333333,217,0,30,89,0.00002619449044846406
6a7fd8e7700f451f4ed7e33a,4,6,8.5625,217,0,24,80,0.000005018905490399369
6a7fd8e7700f451f4ed7e33a,3,6,8.764705882352942,217,0,18,68,0.0000017707735315694343
6a7fd8e7700f451f4ed7e33a,2,6,9,217,0,12,55,3.7856807203235436e-7
6a7fd8e7700f451f4ed7e33a,1,6,9,217,0,6,46,1.0100268316253735e-10
6a7fd8e7700f451f4ed7e33e,19,0,6,190,1,114,184,0.2163083076127084
6a7fd8e7700f451f4ed7e33e,18,0,6,190,1,108,178,0.1695878662920228
6a7fd8e7700f451f4ed7e33e,17,0,8,190,1,102,166,0.20812295402400377
6a7fd8e7700f451f4ed7e33e,16,1,8.75,190,1,96,155,0.23515365428252827
6a7fd8e7700f451f4ed7e33e,15,1,8.8,190,1,90,146,0.2306779203135614
6a7fd8e7700f451f4ed7e33e,14,2,9.333333333333334,190,1,84,134,0.28113384245845197
6a7fd8e7700f451f4ed7e33e,13,2,10,190,1,78,120,0.3908522053094502
6a7fd8e7700f451f4ed7e33e,12,2,9,190,1,72,118,0.23133159214149743
6a7fd8e7700f451f4ed7e33e,11,2,9.444444444444445,190,1,66,105,0.31314134639069113
6a7fd8e7700f451f4ed7e33e,10,3,9.2,190,1,60,98,0.25898546561030383
6a7fd8e7700f451f4ed7e33e,9,3,9.181818181818182,190,1,54,89,0.25124750761985926
6a7fd8e7700f451f4ed7e33e,8,3,9.916666666666666,190,1,48,71,0.5087303506500478
6a7fd8e7700f451f4ed7e33e,7,4,9.76923076923077,190,1,42,63,0.47731607780020424
6a7fd8e7700f451f4ed7e33e,6,4,9.357142857142858,190,1,36,59,0.30397075905685567
6a7fd8e7700f451f4ed7e33e,5,4,9.333333333333334,190,1,30,50,0.2915146782102097
6a7fd8e7700f451f4ed7e33e,4,4,9.75,190,1,24,34,0.5782753649155739
6a7fd8e7700f451f4ed7e33e,3,5,9.647058823529411,190,1,18,26,0.5422143451655421
6a7fd8e7700f451f4ed7e33e,2,5,9.88888888888889,190,1,12,12,0.8498113140940066
6a7fd8e7700f451f4ed7e33e,1,5,9.789473684210526,190,1,6,4,0.9060435103417244
6a7fd8e7700f451f4ed7e342,19,0,12,174,1,114,162,0.6431121232791293
6a7fd8e7700f451f4ed7e342,18,0,11.5,174,1,108,151,0.6911331004720267
6a7fd8e7700f451f4ed7e342,17,0,10.666666666666666,174,1,102,142,0.7001529549563971
6a7fd8e7700f451f4ed7e342,16,0,10,174,1,96,134,0.6886346452733977
6a7fd8e7700f451f4ed7e342,15,0,9.8,174,1,90,125,0.6974923343626134
6a7fd8e7700f451f4ed7e342,14,1,11.166666666666666,174,1,84,107,0.8676069550106738
6a7fd8e7700f451f4ed7e342,13,1,10.428571428571429,174,1,78,101,0.8339558512217388
6a7fd8e7700f451f4ed7e342,12,2,10,174,1,72,94,0.8082776654532136
6a7fd8e7700f451f4ed7e342,11,2,9.777777777777779,174,1,66,86,0.8030923164114536
6a7fd8e7700f451f4ed7e342,10,2,9.4,174,1,60,80,0.7510011092179771
6a7fd8e7700f451f4ed7e342,9,2,9.454545454545455,174,1,54,70,0.7902041841881561
6a7fd8e7700f451f4ed7e342,8,2,9.5,174,1,48,60,0.830531169207193
6a7fd8e7700f451f4ed7e342,7,2,9.307692307692308,174,1,42,53,0.8020729844900016
6a7fd8e7700f451f4ed7e342,6,3,8.857142857142858,174,1,36,50,0.6309290200187909
6a7fd8e7700f451f4ed7e342,5,4,9,174,1,30,39,0.7236158923963544
6a7fd8e7700f451f4ed7e342,4,4,8.8125,174,1,24,33,0.6240495133473819
6a7fd8e7700f451f4ed7e342,3,6,8.411764705882353,174,1,18,31,0.29200879501902127
6a7fd8e7700f451f4ed7e342,2,6,8.88888888888889,174,1,12,14,0.7464892625088938
6a7fd8e7700f451f4ed7e342,1,6,8.631578947368421,174,1,6,10,0.40952841605093127
6a7fd8e7700f451f4ed7e346,19,0,3,188,0,114,185,0.2015584933919955
6a7fd8e7700f451f4ed7e346,18,0,3,188,0,108,182,0.12199797288156361
6a7fd8e7700f451f4ed7e346,17,1,4.666666666666667,188,0,102,174,0.10606709894207575
6a7fd8e7700f451f4ed7e346,16,1,6,188,0,96,164,0.1109741432072282
6a7fd8e7700f451f4ed7e346,15,1,7.6,188,0,90,150,0.16678836847356318
6a7fd8e7700f451f4ed7e346,14,1,8.5,188,0,84,137,0.22546586843661923
6a7fd8e7700f451f4ed7e346,13,1,8.428571428571429,188,0,78,129,0.20163131922139432
6a7fd8e7700f451f4ed7e346,12,2,8,188,0,72,124,0.1317957268721757
6a7fd8e7700f451f4ed7e346,11,2,7.555555555555555,188,0,66,120,0.06885391169833674
6a7fd8e7700f451f4ed7e346,10,2,7.6,188,0,60,112,0.053527998480351974
6a7fd8e7700f451f4ed7e346,9,2,7.7272727272727275,188,0,54,103,0.04611088118306599
6a7fd8e7700f451f4ed7e346,8,2,7.583333333333333,188,0,48,97,0.023277131695824304
6a7fd8e7700f451f4ed7e346,7,2,7.3076923076923075,188,0,42,93,0.006404295327729173
6a7fd8e7700f451f4ed7e346,6,2,7.357142857142857,188,0,36,85,0.0031353601673525158
6a7fd8e7700f451f4ed7e346,5,3,7.8,188,0,30,71,0.006088483349412604
6a7fd8e7700f451f4ed7e346,4,4,8,188,0,24,60,0.00535999747136738
6a7fd8e7700f451f4ed7e346,3,4,7.764705882352941,188,0,18,56,0.00033920667574975356
6a7fd8e7700f451f4ed7e346,2,5,7.777777777777778,188,0,12,48,0.00002061798841455112
6a7fd8e7700f451f4ed7e346,1,8,7.7894736842105265,188,0,6,40,2.0054397608328283e-8
6a7fd8e7700f451f4ed7e34a,19,2,7,158,1,114,151,0.7881475461847762
6a7fd8e7700f451f4ed7e34a,18,2,4.5,158,1,108,149,0.6993970773104614
6a7fd8e7700f451f4ed7e34a,17,2,5.333333333333333,158,1,102,142,0.6786457301311476
6a7fd8e7700f451f4ed7e34a,16,3,7.25,158,1,96,129,0.7384834070555133
6a7fd8e7700f451f4ed7e34a,15,5,6.6,158,1,90,125,0.5411944931870073
6a7fd8e7700f451f4ed7e34a,14,5,6.5,158,1,84,119,0.5204140800743666
6a7fd8e7700f451f4ed7e34a,13,5,7.142857142857143,158,1,78,108,0.5918562548291706
6a7fd8e7700f451f4ed7e34a,12,5,7.125,158,1,72,101,0.5803170222223115
6a7fd8e7700f451f4ed7e34a,11,5,7.555555555555555,158,1,66,90,0.6548346531452173
6a7fd8e7700f451f4ed7e34a,10,5,7.8,158,1,60,80,0.7074747388029761
6a7fd8e7700f451f4ed7e34a,9,5,7.545454545454546,158,1,54,75,0.6317341222007083
6a7fd8e7700f451f4ed7e34a,8,5,7.666666666666667,158,1,48,66,0.6537293552485322
6a7fd8e7700f451f4ed7e34a,7,5,8,158,1,42,54,0.7645814155336862
6a7fd8e7700f451f4ed7e34a,6,6,8.214285714285714,158,1,36,43,0.8243900861752861
6a7fd8e7700f451f4ed7e34a,5,6,8.333333333333334,158,1,30,33,0.88522667584112
6a7fd8e7700f451f4ed7e34a,4,6,8.8125,158,1,24,17,0.9903215677080481
6a7fd8e7700f451f4ed7e34a,3,6,8.647058823529411,158,1,18,11,0.9927666338889126
6a7fd8e7700f451f4ed7e34a,2,6,8.777777777777779,158,1,12,0,1
6a7fd8e7700f451f4ed7e34e,19,0,16,187,0,114,171,0.45653401739093846
6a7fd8e7700f451f4ed7e34e,18,0,11.5,187,0,108,164,0.41657306014417816
6a7fd8e7700f451f4ed7e34e,17,1,11.333333333333334,187,0,102,153,0.4574996030014092
6a7fd8e7700f451f4ed7e34e,16,1,8.75,187,0,96,152,0.2899872158165562
6a7fd8e7700f451f4ed7e34e,15,1,10,187,0,90,137,0.4166700810460201
6a7fd8e7700f451f4ed7e34e,14,1,10,187,0,84,127,0.4413110935140177
6a7fd8e7700f451f4ed7e34e,13,1,9.428571428571429,187,0,78,121,0.36859794709310434
6a7fd8e7700f451f4ed7e34e,12,2,9.125,187,0,72,114,0.31737519969176464
6a7fd8e7700f451f4ed7e34e,11,4,9,187,0,66,106,0.282389870223248
6a7fd8e7700f451f4ed7e34e,10,4,9.1,187,0,60,96,0.30310002425772287
6a7fd8e7700f451f4ed7e34e,9,4,9.090909090909092,187,0,54,87,0.29884503391530987
6a7fd8e7700f451f4ed7e34e,8,4,9.166666666666666,187,0,48,77,0.32033988639552025
6a7fd8e7700f451f4ed7e34e,7,4,9.384615384615385,187,0,42,65,0.4090106220477871
6a7fd8e7700f451f4ed7e34e,6,4,9.5,187,0,36,54,0.48020386209946275
6a7fd8e7700f451f4ed7e34e,5,5,9.4,187,0,30,46,0.44116524768167287
6a7fd8e7700f451f4ed7e34e,4,5,9.625,187,0,24,33,0.623591850457237
6a7fd8e7700f451f4ed7e34e,3,5,9.823529411764707,187,0,18,20,0.8309729908952359
6a7fd8e7700f451f4ed7e34e,2,6,9.444444444444445,187,0,12,17,0.5580581349540851
6a7fd8e7700f451f4ed7e34e,1,6,9.368421052631579,187,0,6,9,0.4982157327129684
6a7fd8e7700f451f4ed7e352,19,0,6,198,0,114,192,0.11643239793775131
6a7fd8e7700f451f4ed7e352,18,0,7,198,0,108,184,0.10220213072087049
6a7fd8e7700f451f4ed7e352,17,0,7,198,0,102,177,0.08017933601609742
6a7fd8e7700f451f4ed7e352,16,1,7.75,198,0,96,167,0.08290593967075094
6a7fd8e7700f451f4ed7e352,15,2,6.8,198,0,90,164,0.03916941394619416
6a7fd8e7700f451f4ed7e352,14,2,9.333333333333334,198,0,84,142,0.14571219066188715
6a7fd8e7700f451f4ed7e352,13,2,8.428571428571429,198,0,78,139,0.07386503280247922
6a7fd8e7700f451f4ed7e352,12,2,8,198,0,72,134,0.04065331805566179
6a7fd8e7700f451f4ed7e352,11,2,8.777777777777779,198,0,66,119,0.07790580145973267
6a7fd8e7700f451f4ed7e352,10,2,8.2,198,0,60,116,0.030042906228317703
6a7fd8e7700f451f4ed7e352,9,3,7.7272727272727275,198,0,54,113,0.008660345868717273
6a7fd8e7700f451f4ed7e352,8,3,8.25,198,0,48,99,0.01629870470681198
6a7fd8e7700f451f4ed7e352,7,3,8.384615384615385,198,0,42,89,0.014560898094362139
6a7fd8e7700f451f4ed7e352,6,3,8.428571428571429,198,0,36,80,0.010014189115366659
6a7fd8e7700f451f4ed7e352,5,5,8.533333333333333,198,0,30,70,0.007788278920168711
6a7fd8e7700f451f4ed7e352,4,5,8.3125,198,0,24,65,0.0012160809885112046
6a7fd8e7700f451f4ed7e352,3,5,8.470588235294118,198,0,18,54,0.0007212811391445659
6a7fd8e7700f451f4ed7e352,2,5,8.722222222222221,198,0,12,41,0.0006169370348288306
6a7fd8e7700f451f4ed7e352,1,6,9.052631578947368,198,0,6,26,0.000659616993043949
6a7fd8e7700f451f4ed7e356,19,0,13,171,1,114,158,0.7190659285672863
6a7fd8e7700f451f4ed7e356,18,0,9,171,1,108,153,0.6512964200505271
6a7fd8e7700f451f4ed7e356,17,1,6.333333333333333,171,1,102,152,0.47952942662421727
6a7fd8e7700f451f4ed7e356,16,1,8.5,171,1,96,137,0.6198995861987086
6a7fd8e7700f451f4ed7e356,15,2,8.2,171,1,90,130,0.5751423515404535
6a7fd8e7700f451f4ed7e356,14,2,8.666666666666666,171,1,84,119,0.6314514023465299
6a7fd8e7700f451f4ed7e356,13,2,8.142857142857142,171,1,78,114,0.5417890511739805
6a7fd8e7700f451f4ed7e356,12,2,9.125,171,1,72,98,0.7242343545586009
6a7fd8e7700f451f4ed7e356,11,2,8.555555555555555,171,1,66,94,0.6091312715250989
6a7fd8e7700f451f4ed7e356,10,2,8.3,171,1,60,88,0.5310939396819785
6a7fd8e7700f451f4ed7e356,9,2,8.909090909090908,171,1,54,73,0.7138715338752574
6a7fd8e7700f451f4ed7e356,8,2,8.833333333333334,171,1,48,65,0.7000294095737489
6a7fd8e7700f451f4ed7e356,7,2,8.461538461538462,171,1,42,61,0.5485702416694995
6a7fd8e7700f451f4ed7e356,6,2,8.357142857142858,171,1,36,54,0.48070476588411915
6a7fd8e7700f451f4ed7e356,5,2,8.2,171,1,30,48,0.3636955254696504
6a7fd8e7700f451f4ed7e356,4,3,8.25,171,1,24,39,0.35317545253329674
6a7fd8e7700f451f4ed7e356,3,4,8.235294117647058,171,1,18,31,0.29238578351747563
6a7fd8e7700f451f4ed7e356,2,4,8.833333333333334,171,1,12,12,0.8498225760828647
6a7fd8e7700f451f4ed7e356,1,4,8.789473684210526,171,1,6,4,0.9060435382056079
6a7fd8e7700f451f4ed7e35a,19,1,10,197,1,114,187,0.1716098111493302
6a7fd8e7700f451f4ed7e35a,18,1,9.5,197,1,108,178,0.16790281676693103
6a7fd8e7700f451f4ed7e35a,17,1,13,197,1,102,158,0.35110206790206344
6a7fd8e7700f451f4ed7e35a,16,1,10.25,197,1,96,156,0.21830538644212583
6a7fd8e7700f451f4ed7e35a,15,1,11.2,197,1,90,141,0.3279158352747469
6a7fd8e7700f451f4ed7e35a,14,1,11.166666666666666,197,1,84,130,0.37024339669570294
6a7fd8e7700f451f4ed7e35a,13,1,9.857142857142858,197,1,78,128,0.2194954007679889
6a7fd8e7700f451f4ed7e35a,12,1,10,197,1,72,117,0.252110840881692
6a7fd8e7700f451f4ed7e35a,11,1,10.444444444444445,197,1,66,103,0.36365121540205175
6a7fd8e7700f451f4ed7e35a,10,1,11.1,197,1,60,86,0.5899559647916837
6a7fd8e7700f451f4ed7e35a,9,1,11.272727272727273,197,1,54,73,0.7142220426548982
6a7fd8e7700f451f4ed7e35a,8,1,11.75,197,1,48,56,0.9054538372483039
6a7fd8e7700f451f4ed7e35a,7,1,11.153846153846153,197,1,42,52,0.8272016280944104
6a7fd8e7700f451f4ed7e35a,6,2,11.285714285714286,197,1,36,39,0.9274322923505289
6a7fd8e7700f451f4ed7e35a,5,2,11.6,197,1,30,23,0.9944194635153881
6a7fd8e7700f451f4ed7e35a,4,2,11.3125,197,1,24,16,0.9960341198255243
6a7fd8e7700f451f4ed7e35a,3,2,11.352941176470589,197,1,18,4,0.9999917743884121
6a7fd8e7700f451f4ed7e35e,19,0,12,145,1,114,133,0.9706941273737278
6a7fd8e7700f451f4ed7e35e,18,0,10,145,1,108,125,0.973449127255146
6a7fd8e7700f451f4ed7e35e,17,0,9,145,1,102,118,0.9722236415032353
6a7fd8e7700f451f4ed7e35e,16,0,9,145,1,96,109,0.9774910280610934
6a7fd8e7700f451f4ed7e35e,15,1,8,145,1,90,105,0.9590007330112771
6a7fd8e7700f451f4ed7e35e,14,2,7.5,145,1,84,100,0.9354165908751054
6a7fd8e7700f451f4ed7e35e,13,2,8.428571428571429,145,1,78,86,0.9735768292884809
6a7fd8e7700f451f4ed7e35e,12,2,8.875,145,1,72,74,0.988338199726734
6a7fd8e7700f451f4ed7e35e,11,2,8.666666666666666,145,1,66,67,0.9886435417362142
6a7fd8e7700f451f4ed7e35e,10,2,8.5,145,1,60,60,0.9885393226072198
6a7fd8e7700f451f4ed7e35e,9,2,8.090909090909092,145,1,54,56,0.9770100556383216
6a7fd8e7700f451f4ed7e35e,8,2,7.583333333333333,145,1,48,54,0.9324042116600146
6a7fd8e7700f451f4ed7e35e,7,2,8.23076923076923,145,1,42,38,0.9905610677474237
6a7fd8e7700f451f4ed7e35e,6,3,8.5,145,1,36,26,0.9985102011449272
6a7fd8e7700f451f4ed7e35e,5,3,8.466666666666667,145,1,30,18,0.9994522326023513
6a7fd8e7700f451f4ed7e35e,4,3,8.5625,145,1,24,8,0.9999879583878747
6a7fd8e7700f451f4ed7e35e,3,4,8.411764705882353,145,1,18,2,0.9999996689378818
6a7fd8e7700f451f4ed7e362,19,0,7,163,1,114,156,0.753953463480981
6a7fd8e7700f451f4ed7e362,18,2,3.5,163,1,108,156,0.5648503007515489
6a7fd8e7700f451f4ed7e362,17,2,5.333333333333333,163,1,102,147,0.5768421907726835
6a7fd8e7700f451f4ed7e362,16,2,7.25,163,1,96,134,0.6731556804207077
6a7fd8e7700f451f4ed7e362,15,2,8.6,163,1,90,120,0.7830696888702918
6a7fd8e7700f451f4ed7e362,14,2,9.333333333333334,163,1,84,107,0.860884830118326
6a7fd8e7700f451f4ed7e362,13,2,10.142857142857142,163,1,78,92,0.9391696812761361
6a7fd8e7700f451f4ed7e362,12,2,10,163,1,72,83,0.949928021277628
6a7fd8e7700f451f4ed7e362,11,2,10.333333333333334,163,1,66,70,0.9799029083767425
6a7fd8e7700f451f4ed7e362,10,2,9.6,163,1,60,67,0.9554872331402772
6a7fd8e7700f451f4ed7e362,9,2,10.454545454545455,163,1,54,48,0.9967103826019456
6a7fd8e7700f451f4ed7e362,8,2,10.416666666666666,163,1,48,38,0.998874961321923
6a7fd8e7700f451f4ed7e362,7,2,10.615384615384615,163,1,42,25,0.9999408695542278
6a7fd8e7700f451f4ed7e362,6,2,11.285714285714286,163,1,36,5,0.999999989016292
6a7fd8e7700f451f4ed7e366,19,0,14,152,1,114,138,0.949585620546714
6a7fd8e7700f451f4ed7e366,18,0,10.5,152,1,108,131,0.9463077739241077
6a7fd8e7700f451f4ed7e366,17,0,7.666666666666667,152,1,102,129,0.899091524297189
6a7fd8e7700f451f4ed7e366,16,1,8.75,152,1,96,117,0.9301569496542446
6a7fd8e7700f451f4ed7e366,15,1,8.6,152,1,90,109,0.932330766760671
6a7fd8e7700f451f4ed7e366,14,1,9.166666666666666,152,1,84,97,0.9613929976561165
6a7fd8e7700f451f4ed7e366,13,1,9,152,1,78,89,0.9634587794566127
6a7fd8e7700f451f4ed7e366,12,2,8.5,152,1,72,84,0.942202043378449
6a7fd8e7700f451f4ed7e366,11,2,8.555555555555555,152,1,66,75,0.952762166023815
6a7fd8e7700f451f4ed7e366,10,2,8.5,152,1,60,67,0.9554872331402772
6a7fd8e7700f451f4ed7e366,9,3,8.181818181818182,152,1,54,62,0.9278948703476929
6a7fd8e7700f451f4ed7e366,8,3,7.75,152,1,48,59,0.8509044793910842
6a7fd8e7700f451f4ed7e366,7,3,7.769230769230769,152,1,42,51,0.8498517655393351
6a7fd8e7700f451f4ed7e366,6,3,7.571428571428571,152,1,36,46,0.7671007304295534
6a7fd8e7700f451f4ed7e366,5,3,7.6,152,1,30,38,0.759345502071977
6a7fd8e7700f451f4ed7e366,4,3,7.6875,152,1,24,29,0.7898940989770917
6a7fd8e7700f451f4ed7e366,3,4,7.470588235294118,152,1,18,25,0.595708039158376
6a7fd8e7700f451f4ed7e366,2,4,7.111111111111111,152,1,12,24,0.17321124946935554
6a7fd8e7700f451f4ed7e366,1,6,7.2105263157894735,152,1,6,15,0.10626024497200827
6a7fd8e7700f451f4ed7e36a,19,0,10,186,1,114,176,0.35540987813491126
6a7fd8e7700f451f4ed7e36a,18,0,11.5,186,1,108,163,0.4377512218467989
6a7fd8e7700f451f4ed7e36a,17,0,12.333333333333334,186,1,102,149,0.5507308229933352
6a7fd8e7700f451f4ed7e36a,16,0,11.25,186,1,96,141,0.532582042919981
6a7fd8e7700f451f4ed7e36a,15,0,12,186,1,90,126,0.6757981393554326
6a7fd8e7700f451f4ed7e36a,14,0,12,186,1,84,114,0.7491306350715013
6a7fd8e7700f451f4ed7e36a,13,0,11.571428571428571,186,1,78,105,0.7599110473507072
6a7fd8e7700f451f4ed7e36a,12,1,11,186,1,72,98,0.7266338181072417
6a7fd8e7700f451f4ed7e36a,11,1,10.222222222222221,186,1,66,94,0.6102625835954971
6a7fd8e7700f451f4ed7e36a,10,1,9.8,186,1,60,88,0.5315931397909383
6a7fd8e7700f451f4ed7e36a,9,1,10.363636363636363,186,1,54,72,0.7409343407770541
6a7fd8e7700f451f4ed7e36a,8,1,10.333333333333334,186,1,48,62,0.7830315632210597
6a7fd8e7700f451f4ed7e36a,7,1,10.76923076923077,186,1,42,46,0.9361296163702899
6a7fd8e7700f451f4ed7e36a,6,1,11.285714285714286,186,1,36,28,0.9968198453617885
6a7fd8e7700f451f4ed7e36a,5,1,11.133333333333333,186,1,30,19,0.9990869142869532
6a7fd8e7700f451f4ed7e36a,4,1,11.0625,186,1,24,9,0.9999682219448249
6a7fd8e7700f451f4ed7e36e,19,0,4,174,1,114,170,0.47743303714295826
6a7fd8e7700f451f4ed7e36e,18,0,6.5,174,1,108,161,0.48070894554304394
6a7fd8e7700f451f4ed7e36e,17,0,7.333333333333333,174,1,102,152,0.483659179720636
6a7fd8e7700f451f4ed7e36e,16,0,7.5,174,1,96,144,0.463388213460025
6a7fd8e7700f451f4ed7e36e,15,0,7.6,174,1,90,136,0.4415746195901914
6a7fd8e7700f451f4ed7e36e,14,0,8.5,174,1,84,123,0.5409761693837395
6a7fd8e7700f451f4ed7e36e,13,1,7.714285714285714,174,1,78,120,0.39272807884530975
6a7fd8e7700f451f4ed7e36e,12,1,9,174,1,72,102,0.6285882450996334
6a7fd8e7700f451f4ed7e36e,11,1,9.11111111111111,174,1,66,92,0.663763033137703
6a7fd8e7700f451f4ed7e36e,10,1,9.4,174,1,60,80,0.7517734122026786
6a7fd8e7700f451f4ed7e36e,9,1,9.363636363636363,174,1,54,71,0.7664295895024322
6a7fd8e7700f451f4ed7e36e,8,1,9,174,1,48,66,0.6700662547335222
6a7fd8e7700f451f4ed7e36e,7,2,8.692307692307692,174,1,42,61,0.5485702416694995
6a7fd8e7700f451f4ed7e36e,6,2,8.285714285714286,174,1,36,58,0.33699137018032205
6a7fd8e7700f451f4ed7e36e,5,3,8,174,1,30,54,0.17346029547998135
6a7fd8e7700f451f4ed7e36e,4,4,8.125,174,1,24,44,0.1775991369158808
6a7fd8e7700f451f4ed7e36e,3,4,8.294117647058824,174,1,18,33,0.2128558265724733
6a7fd8e7700f451f4ed7e36e,2,4,8.555555555555555,174,1,12,20,0.36819988723286545
6a7fd8e7700f451f4ed7e36e,1,4,8.842105263157896,174,1,6,6,0.767588273879158
6a7fd8e7700f451f4ed7e372,19,0,5,196,0,114,191,0.12666824944565946
6a7fd8e7700f451f4ed7e372,18,0,5.5,196,0,108,185,0.0932536233723174
6a7fd8e7700f451f4ed7e372,17,1,4.666666666666667,196,0,102,182,0.04737025774292322
6a7fd8e7700f451f4ed7e372,16,2,5.25,196,0,96,175,0.034060627058359404
6a7fd8e7700f451f4ed7e372,15,2,5,196,0,90,171,0.015937825172481362
6a7fd8e7700f451f4ed7e372,14,2,5.166666666666667,196,0,84,165,0.00875161331420166
6a7fd8e7700f451f4ed7e372,13,2,7,196,0,78,147,0.02717108297644983
6a7fd8e7700f451f4ed7e372,12,2,6.875,196,0,72,141,0.014950716732683762
6a7fd8e7700f451f4ed7e372,11,2,7.222222222222222,196,0,66,131,0.014316216080475983
6a7fd8e7700f451f4ed7e372,10,2,7.2,196,0,60,124,0.008015603229928116
6a7fd8e7700f451f4ed7e372,9,2,7.2727272727272725,196,0,54,116,0.004878905693877966
6a7fd8e7700f451f4ed7e372,8,2,7.5,196,0,48,106,0.0041166142053327155
6a7fd8e7700f451f4ed7e372,7,2,7.615384615384615,196,0,42,97,0.0026178796583539075
6a7fd8e7700f451f4ed7e372,6,2,7.642857142857143,196,0,36,89,0.0011289967998485905
6a7fd8e7700f451f4ed7e372,5,2,7.733333333333333,196,0,30,80,0.0005045632516285066
6a7fd8e7700f451f4ed7e372,4,2,7.8125,196,0,24,71,0.00016260288821922338
6a7fd8e7700f451f4ed7e372,3,4,7.647058823529412,196,0,18,66,0.0000046302247690626225
6a7fd8e7700f451f4ed7e372,2,5,8.11111111111111,196,0,12,50,0.0000069886723042280035
6a7fd8e7700f451f4ed7e372,1,6,7.947368421052632,196,0,6,45,2.490049453274996e-10
6a7fd8e7700f451f4ed7e376,19,0,10,162,1,114,152,0.8162264267890589
6a7fd8e7700f451f4ed7e376,18,0,6,162,1,108,150,0.7103179506901026
6a7fd8e7700f451f4ed7e376,17,1,7.333333333333333,162,1,102,140,0.7321379235807529
6a7fd8e7700f451f4ed7e376,16,2,6.5,162,1,96,136,0.6313409086708527
6a7fd8e7700f451f4ed7e376,15,2,7,162,1,90,127,0.6432282095221702
6a7fd8e7700f451f4ed7e376,14,2,7.333333333333333,162,1,84,118,0.6545799310285989
6a7fd8e7700f451f4ed7e376,13,2,7.285714285714286,162,1,78,111,0.6172459452636622
6a7fd8e7700f451f4ed7e376,12,2,8,162,1,72,98,0.7242343545586009
6a7fd8e7700f451f4ed7e376,11,2,9,162,1,66,81,0.8890504561657966
6a7fd8e7700f451f4ed7e376,10,3,8.9,162,1,60,73,0.8854708225868466
6a7fd8e7700f451f4ed7e376,9,3,8.454545454545455,162,1,54,69,0.8111449982314689
6a7fd8e7700f451f4ed7e376,8,3,8.75,162,1,48,57,0.8882476712606328
6a7fd8e7700f451f4ed7e376,7,3,9,162,1,42,45,0.9472162572424634
6a7fd8e7700f451f4ed7e376,6,3,9.214285714285714,162,1,36,33,0.98314238836662
6a7fd8e7700f451f4ed7e376,5,3,8.933333333333334,162,1,30,28,0.9698432619220755
6a7fd8e7700f451f4ed7e376,4,3,9.1875,162,1,24,15,0.997622243179445
6a7fd8e7700f451f4ed7e376,3,3,9.352941176470589,162,1,18,3,0.9999985186149282
6a7fd8e7700f451f4ed7e37a,19,0,4,208,0,114,204,0.036317825432571095
6a7fd8e7700f451f4ed7e37a,18,0,8.5,208,0,108,191,0.051520825113139476
6a7fd8e7700f451f4ed7e37a,17,0,7.333333333333333,208,0,102,186,0.030193323199731135
6a7fd8e7700f451f4ed7e37a,16,0,6.25,208,0,96,183,0.01236718309965918
6a7fd8e7700f451f4ed7e37a,15,0,6.6,208,0,90,175,0.009106352469718918
6a7fd8e7700f451f4ed7e37a,14,0,6.5,208,0,84,169,0.004689225878004561
6a7fd8e7700f451f4ed7e37a,13,0,7.428571428571429,208,0,78,156,0.007162210461916479
6a7fd8e7700f451f4ed7e37a,12,1,7,208,0,72,152,0.0023267486124320096
6a7fd8e7700f451f4ed7e37a,11,1,7.555555555555555,208,0,66,140,0.002980839403063622
6a7fd8e7700f451f4ed7e37a,10,2,7.3,208,0,60,135,0.0009151036980798155
6a7fd8e7700f451f4ed7e37a,9,2,7.181818181818182,208,0,54,129,0.0002773387663990546
6a7fd8e7700f451f4ed7e37a,8,2,6.833333333333333,208,0,48,126,0.000027546541892345005
6a7fd8e7700f451f4ed7e37a,7,2,7.384615384615385,208,0,42,112,0.00004870234713801719
6a7fd8e7700f451f4ed7e37a,6,2,7.214285714285714,208,0,36,107,0.0000042985994930338334
6a7fd8e7700f451f4ed7e37a,5,2,7.266666666666667,208,0,30,99,5.789886626119777e-7
6a7fd8e7700f451f4ed7e37a,4,2,7.1875,208,0,24,93,1.2948302010808221e-8
6a7fd8e7700f451f4ed7e37a,3,2,7.411764705882353,208,0,18,82,8.424135083557386e-10
6a7fd8e7700f451f4ed7e37a,2,2,7.111111111111111,208,0,12,80,3.8199316074339745e-15
6a7fd8e7700f451f4ed7e37a,1,2,7.526315789473684,208,0,6,65,1.5620938484937756e-18
6a7fd8e7700f451f4ed7e37e,19,1,9,211,0,114,202,0.044481654607732034
6a7fd8e7700f451f4ed7e37e,18,2,14.5,211,0,108,182,0.11801572748946151
6a7fd8e7700f451f4ed7e37e,17,2,11,211,0,102,178,0.07096092644743837
6a7fd8e7700f451f4ed7e37e,16,2,11.25,211,0,96,166,0.09047144601692217
6a7fd8e7700f451f4ed7e37e,15,2,10.4,211,0,90,159,0.06919994261544732
6a7fd8e7700f451f4ed7e37e,14,2,10.5,211,0,84,148,0.07986561287941968
6a7fd8e7700f451f4ed7e37e,13,2,10.285714285714286,211,0,78,139,0.07386503280247922
6a7fd8e7700f451f4ed7e37e,12,2,9.5,211,0,72,135,0.03555421365095812
6a7fd8e7700f451f4ed7e37e,11,2,9.555555555555555,211,0,66,125,0.03537809417439563
6a7fd8e7700f451f4ed7e37e,10,2,10.3,211,0,60,108,0.09017805995655905
6a7fd8e7700f451f4ed7e37e,9,3,9.636363636363637,211,0,54,105,0.03399046364847535
6a7fd8e7700f451f4ed7e37e,8,3,9.75,211,0,48,94,0.038461334440146606
6a7fd8e7700f451f4ed7e37e,7,3,9.923076923076923,211,0,42,82,0.05122478753274169
6a7fd8e7700f451f4ed7e37e,6,3,9.5,211,0,36,78,0.015362661302506008
6a7fd8e7700f451f4ed7e37e,5,3,9.466666666666667,211,0,30,69,0.009915998359782888
6a7fd8e7700f451f4ed7e37e,4,3,9.8125,211,0,24,54,0.025001939571884645
6a7fd8e7700f451f4ed7e37e,3,3,9.764705882352942,211,0,18,45,0.013763509603833142
6a7fd8e7700f451f4ed7e37e,2,3,9.555555555555555,211,0,12,39,0.0014559209553791567
6a7fd8e7700f451f4ed7e37e,1,3,9.789473684210526,211,0,6,25,0.0011750855041012978
6a7fd8e7700f451f4ed7e382,19,0,5,146,1,114,141,0.9312879335983295
6a7fd8e7700f451f4ed7e382,18,0,7.5,146,1,108,131,0.9463077739241077
6a7fd8e7700f451f4ed7e382,17,1,9,146,1,102,119,0.9618062165540966
6a7fd8e7700f451f4ed7e382,16,2,9,146,1,96,110,0.9578783125683648
6a7fd8e7700f451f4ed7e382,15,3,8.4,146,1,90,104,0.9333309174533209
6a7fd8e7700f451f4ed7e382,14,3,8.166666666666666,146,1,84,97,0.9386627516028754
6a7fd8e7700f451f4ed7e382,13,3,9.571428571428571,146,1,78,79,0.9822160001844434
6a7fd8e7700f451f4ed7e382,12,3,9.625,146,1,72,69,0.9902194872880677
6a7fd8e7700f451f4ed7e382,11,3,9.777777777777779,146,1,66,58,0.9958165563952331
6a7fd8e7700f451f4ed7e382,10,3,9,146,1,60,56,0.9934653879656331
6a7fd8e7700f451f4ed7e382,9,3,8.363636363636363,146,1,54,54,0.9836994731580703
6a7fd8e7700f451f4ed7e382,8,4,8.75,146,1,48,41,0.9944270455804096
6a7fd8e7700f451f4ed7e382,7,4,9,146,1,42,29,0.9989450517987946
6a7fd8e7700f451f4ed7e382,6,4,9.142857142857142,146,1,36,18,0.9998711426443823
6a7fd8e7700f451f4ed7e382,5,4,9.466666666666667,146,1,30,4,0.9999991215549426
6a7fd8e7700f451f4ed7e386,19,0,10,167,1,114,157,0.7367991639289307
6a7fd8e7700f451f4ed7e386,18,0,10,167,1,108,147,0.7643999416398053
6a7fd8e7700f451f4ed7e386,17,0,8.666666666666666,167,1,102,141,0.7197405264040585
6a7fd8e7700f451f4ed7e386,16,0,10,167,1,96,127,0.8183836465400628
6a7fd8e7700f451f4ed7e386,15,0,9.6,167,1,90,119,0.8127760787605128
6a7fd8e7700f451f4ed7e386,14,0,9,167,1,84,113,0.7691255332653966
6a7fd8e7700f451f4ed7e386,13,0,9,167,1,78,104,0.780226938959669
6a7fd8e7700f451f4ed7e386,12,1,8.125,167,1,72,102,0.6285882450996334
6a7fd8e7700f451f4ed7e386,11,1,8.555555555555555,167,1,66,90,0.7145388404971496
6a7fd8e7700f451f4ed7e386,10,1,8.9,167,1,60,78,0.7978258115365822
6a7fd8e7700f451f4ed7e386,9,1,9.454545454545455,167,1,54,63,0.9180027975165947
6a7fd8e7700f451f4ed7e386,8,2,8.833333333333334,167,1,48,61,0.8075218493587638
6a7fd8e7700f451f4ed7e386,7,2,9.461538461538462,167,1,42,44,0.9575266519755052
6a7fd8e7700f451f4ed7e386,6,2,8.857142857142858,167,1,36,43,0.8497392340130372
6a7fd8e7700f451f4ed7e386,5,2,9,167,1,30,32,0.9177880851812241
6a7fd8e7700f451f4ed7e386,4,2,9.0625,167,1,24,22,0.958931426071273
6a7fd8e7700f451f4ed7e386,3,2,8.823529411764707,167,1,18,17,0.9230020436732413
6a7fd8e7700f451f4ed7e386,2,2,8.944444444444445,167,1,12,6,0.9915909317891999
6a7fd8e7700f451f4ed7e38a,19,0,15,160,1,114,145,0.8987832689374369
6a7fd8e7700f451f4ed7e38a,18,0,13.5,160,1,108,133,0.9331627764109753
6a7fd8e7700f451f4ed7e38a,17,0,13,160,1,102,121,0.9592408680457557
6a7fd8e7700f451f4ed7e38a,16,0,14,160,1,96,104,0.989393401851786
6a7fd8e7700f451f4ed7e38a,15,0,11.4,160,1,90,103,0.971653151556067
6a7fd8e7700f451f4ed7e38a,14,0,10.666666666666666,160,1,84,96,0.9685425791516805
6a7fd8e7700f451f4ed7e38a,13,0,9.428571428571429,160,1,78,94,0.9273561714403348
6a7fd8e7700f451f4ed7e38a,12,0,8.875,160,1,72,89,0.892525687366019
6a7fd8e7700f451f4ed7e38a,11,0,9.444444444444445,160,1,66,75,0.9546918863513583
6a7fd8e7700f451f4ed7e38a,10,0,9.7,160,1,60,63,0.9795738450713468
6a7fd8e7700f451f4ed7e38a,9,1,9.636363636363637,160,1,54,54,0.9854620164401195
6a7fd8e7700f451f4ed7e38a,8,2,9.25,160,1,48,49,0.975047994515184
6a7fd8e7700f451f4ed7e38a,7,3,9.23076923076923,160,1,42,40,0.9833030196244931
6a7fd8e7700f451f4ed7e38a,6,4,9.357142857142858,160,1,36,29,0.9948013507357281
6a7fd8e7700f451f4ed7e38a,5,4,9.066666666666666,160,1,30,24,0.9915859813463922
6a7fd8e7700f451f4ed7e38a,4,4,9,160,1,24,16,0.9959860066311432
6a7fd8e7700f451f4ed7e38a,3,4,9.352941176470589,160,1,18,1,0.9999999515522067
6a7fd8e7700f451f4ed7e38e,19,1,4,193,0,114,189,0.14704592241317044
6a7fd8e7700f451f4ed7e38e,18,1,7.5,193,0,108,178,0.16790281676693103
6a7fd8e7700f451f4ed7e38e,17,2,7,193,0,102,172,0.12470258039371593
6a7fd8e7700f451f4ed7e38e,16,2,7.75,193,0,96,162,0.13152871453298617
6a7fd8e7700f451f4ed7e38e,15,2,8.2,193,0,90,152,0.13852018647864683
6a7fd8e7700f451f4ed7e38e,14,3,8,193,0,84,145,0.10728595169609464
6a7fd8e7700f451f4ed7e38e,13,3,7.428571428571429,193,0,78,141,0.05787577468722324
6a7fd8e7700f451f4ed7e38e,12,3,7.625,193,0,72,132,0.05232912324989333
6a7fd8e7700f451f4ed7e38e,11,3,7.777777777777778,193,0,66,123,0.046443015702647215
6a7fd8e7700f451f4ed7e38e,10,5,7.5,193,0,60,118,0.021241198121433442
6a7fd8e7700f451f4ed7e38e,9,5,7.636363636363637,193,0,54,109,0.017310134535233262
6a7fd8e7700f451f4ed7e38e,8,5,7.666666666666667,193,0,48,101,0.011103359919270264
6a7fd8e7700f451f4ed7e38e,7,5,7.769230769230769,193,0,42,92,0.007876998703546073
6a7fd8e7700f451f4ed7e38e,6,5,8.5,193,0,36,74,0.033818526026589524
6a7fd8e7700f451f4ed7e38e,5,6,8.133333333333333,193,0,30,71,0.006054149484535119
6a7fd8e7700f451f4ed7e38e,4,6,8.3125,193,0,24,60,0.005350874691878467
6a7fd8e7700f451f4ed7e38e,3,6,8.352941176470589,193,0,18,51,0.0020914764423345905
6a7fd8e7700f451f4ed7e38e,2,6,8.5,193,0,12,40,0.0009537362100087003
6a7fd8e7700f451f4ed7e38e,1,7,8.368421052631579,193,0,6,34,0.000002754091798063096
6a7fd8e7700f451f4ed7e392,19,0,15,190,0,114,175,0.3750106613991015
6a7fd8e7700f451f4ed7e392,18,0,12.5,190,0,108,165,0.39567414952996427
6a7fd8e7700f451f4ed7e392,17,0,11,190,0,102,157,0.37473116604650875
6a7fd8e7700f451f4ed7e392,16,0,14.25,190,0,96,133,0.7092393456113749
6a7fd8e7700f451f4ed7e392,15,1,13.6,190,0,90,122,0.7554713980905857
6a7fd8e7700f451f4ed7e392,14,1,13,190,0,84,112,0.7861640810823821
6a7fd8e7700f451f4ed7e392,13,1,12.857142857142858,190,0,78,100,0.8502272749617531
6a7fd8e7700f451f4ed7e392,12,2,11.625,190,0,72,97,0.7467134541888394
6a7fd8e7700f451f4ed7e392,11,2,10.88888888888889,190,0,66,92,0.6625097960431385
6a7fd8e7700f451f4ed7e392,10,3,10.2,190,0,60,88,0.5290495468398111
6a7fd8e7700f451f4ed7e392,9,3,10.090909090909092,190,0,54,79,0.5351800539305905
6a7fd8e7700f451f4ed7e392,8,3,9.666666666666666,190,0,48,74,0.41199925421157496
6a7fd8e7700f451f4ed7e392,7,3,9.23076923076923,190,0,42,70,0.25671086971193857
6a7fd8e7700f451f4ed7e392,6,3,9.142857142857142,190,0,36,62,0.21661073430637287
6a7fd8e7700f451f4ed7e392,5,4,8.733333333333333,190,0,30,59,0.07832951531495216
6a7fd8e7700f451f4ed7e392,4,4,8.5625,190,0,24,53,0.03148579383475329
6a7fd8e7700f451f4ed7e392,3,6,8.647058823529411,190,0,18,43,0.02392590398043543
6a7fd8e7700f451f4ed7e392,2,7,8.777777777777779,190,0,12,32,0.01962336183394656
6a7fd8e7700f451f4ed7e392,1,7,8.736842105263158,190,0,6,24,0.0020616159907178118
6a7fd8e7700f451f4ed7e396,19,0,6,142,0,114,136,0.9592919180109346
6a7fd8e7700f451f4ed7e396,18,0,6,142,0,108,130,0.9520329024088581
6a7fd8e7700f451f4ed7e396,17,0,8.666666666666666,142,0,102,116,0.9787245739711665
6a7fd8e7700f451f4ed7e396,16,0,8.25,142,0,96,109,0.9774910280610934
6a7fd8e7700f451f4ed7e396,15,0,7.6,142,0,90,104,0.9672038064901001
6a7fd8e7700f451f4ed7e396,14,2,6.666666666666667,142,0,84,102,0.9184706471883365
6a7fd8e7700f451f4ed7e396,13,2,6.285714285714286,142,0,78,98,0.8751476591328707
6a7fd8e7700f451f4ed7e396,12,2,6.625,142,0,72,89,0.8889466740997382
6a7fd8e7700f451f4ed7e396,11,3,6.888888888888889,142,0,66,80,0.8968500677729805
6a7fd8e7700f451f4ed7e396,10,3,6.6,142,0,60,76,0.8345241507592829
6a7fd8e7700f451f4ed7e396,9,3,7,142,0,54,65,0.8869197121523477
6a7fd8e7700f451f4ed7e396,8,3,6.916666666666667,142,0,48,59,0.8509044793910842
6a7fd8e7700f451f4ed7e396,7,3,6.923076923076923,142,0,42,52,0.8267467638521188
6a7fd8e7700f451f4ed7e396,6,3,7.285714285714286,142,0,36,40,0.9113230412171138
6a7fd8e7700f451f4ed7e396,5,3,7.066666666666666,142,0,30,36,0.8231495365787105
6a7fd8e7700f451f4ed7e396,4,4,7,142,0,24,30,0.7520503572022932
6a7fd8e7700f451f4ed7e396,3,5,6.705882352941177,142,0,18,28,0.4363777657427689
6a7fd8e7700f451f4ed7e396,2,6,6.611111111111111,142,0,12,23,0.21362733364623115
6a7fd8e7700f451f4ed7e396,1,7,6.842105263157895,142,0,6,12,0.2576046650332606
6a7fd8e7700f451f4ed7e39a,19,1,12,201,1,114,189,0.14704592241317044
6a7fd8e7700f451f4ed7e39a,18,1,14,201,1,108,173,0.2418831278058493
6a7fd8e7700f451f4ed7e39a,17,1,12,201,1,102,165,0.22240316937722987
6a7fd8e7700f451f4ed7e39a,16,1,11.75,201,1,96,154,0.25273382456513355
6a7fd8e7700f451f4ed7e39a,15,1,10.6,201,1,90,148,0.19709564334631707
6a7fd8e7700f451f4ed7e39a,14,1,10.5,201,1,84,138,0.20793224477643193
6a7fd8e7700f451f4ed7e39a,13,1,10.714285714285714,201,1,78,126,0.2579888803183892
6a7fd8e7700f451f4ed7e39a,12,3,9.875,201,1,72,122,0.15956411299217418
6a7fd8e7700f451f4ed7e39a,11,3,9.777777777777779,201,1,66,113,0.15198588139475092
6a7fd8e7700f451f4ed7e39a,10,3,9.8,201,1,60,103,0.15946788168380763
6a7fd8e7700f451f4ed7e39a,9,3,9.636363636363637,201,1,54,95,0.13321127205764385
6a7fd8e7700f451f4ed7e39a,8,3,9.5,201,1,48,87,0.10710376304108907
6a7fd8e7700f451f4ed7e39a,7,3,10,201,1,42,71,0.23046963006573135
6a7fd8e7700f451f4ed7e39a,6,4,9.857142857142858,201,1,36,63,0.19118477905578712
6a7fd8e7700f451f4ed7e39a,5,4,9.733333333333333,201,1,30,55,0.14986381771641918
6a7fd8e7700f451f4ed7e39a,4,5,10.0625,201,1,24,40,0.3125011951104222
6a7fd8e7700f451f4ed7e39a,3,5,9.764705882352942,201,1,18,35,0.1488242124748042
6a7fd8e7700f451f4ed7e39a,2,5,9.777777777777779,201,1,12,25,0.13846198661459685
6a7fd8e7700f451f4ed7e39a,1,6,9.31578947368421,201,1,6,24,0.0020616201741262678
6a7fd8e7700f451f4ed7e39e,19,1,1,203,0,114,202,0.044481654607732034
6a7fd8e7700f451f4ed7e39e,18,1,4.5,203,0,108,194,0.03695005179781508
6a7fd8e7700f451f4ed7e39e,17,2,3.3333333333333335,203,0,102,193,0.012289602196683685
6a7fd8e7700f451f4ed7e39e,16,2,5.25,203,0,96,182,0.01400409413137434
6a7fd8e7700f451f4ed7e39e,15,3,5.4,203,0,90,176,0.007665906985989361
6a7fd8e7700f451f4ed7e39e,14,3,5.666666666666667,203,0,84,169,0.004619000064257936
6a7fd8e7700f451f4ed7e39e,13,3,5.571428571428571,203,0,78,164,0.0018010861044083027
6a7fd8e7700f451f4ed7e39e,12,3,5.5,203,0,72,159,0.0005921437181736534
6a7fd8e7700f451f4ed7e39e,11,3,5.888888888888889,203,0,66,150,0.00038834533745837435
6a7fd8e7700f451f4ed7e39e,10,3,7,203,0,60,133,0.001397469244080287
6a7fd8e7700f451f4ed7e39e,9,3,7.363636363636363,203,0,54,122,0.0013999446131940183
6a7fd8e7700f451f4ed7e39e,8,4,7.25,203,0,48,116,0.0004085457222693557
6a7fd8e7700f451f4ed7e39e,7,4,7.3076923076923075,203,0,42,108,0.00015493270249166444
6a7fd8e7700f451f4ed7e39e,6,4,7.285714285714286,203,0,36,101,0.00003272578588585143
6a7fd8e7700f451f4ed7e39e,5,5,7.266666666666667,203,0,30,94,0.000004167702039130784
6a7fd8e7700f451f4ed7e39e,4,5,7.5625,203,0,24,82,0.0000021547759924777412
6a7fd8e7700f451f4ed7e39e,3,5,8,203,0,18,67,0.000002875510014879982
6a7fd8e7700f451f4ed7e39e,2,5,8.222222222222221,203,0,12,55,3.785682026469423e-7
6a7fd8e7700f451f4ed7e39e,1,5,7.894736842105263,203,0,6,53,1.5694269205057339e-13
6a7fd8e7700f451f4ed7e3a2,19,1,5,148,1,114,143,0.9027857070554023
6a7fd8e7700f451f4ed7e3a2,18,2,5.5,148,1,108,137,0.8658101981527961
6a7fd8e7700f451f4ed7e3a2,17,3,8.333333333333334,148,1,102,123,0.8860338202369868
6a7fd8e7700f451f4ed7e3a2,16,4,8,148,1,96,116,0.8322177262737694
6a7fd8e7700f451f4ed7e3a2,15,5,7,148,1,90,113,0.7102168622589844
6a7fd8e7700f451f4ed7e3a2,14,5,7.166666666666667,148,1,84,105,0.7425487002590477
6a7fd8e7700f451f4ed7e3a2,13,5,7.857142857142857,148,1,78,93,0.8159412827892311
6a7fd8e7700f451f4ed7e3a2,12,5,7.75,148,1,72,86,0.8341642911118026
6a7fd8e7700f451f4ed7e3a2,11,6,7.777777777777778,148,1,66,78,0.7608511075852731
6a7fd8e7700f451f4ed7e3a2,10,6,8.2,148,1,60,66,0.8407747123969229
6a7fd8e7700f451f4ed7e3a2,9,6,8.272727272727273,148,1,54,57,0.8849981743245249
6a7fd8e7700f451f4ed7e3a2,8,6,8.25,148,1,48,49,0.9160531175728859
6a7fd8e7700f451f4ed7e3a2,7,6,8.538461538461538,148,1,42,37,0.962941434747521
6a7fd8e7700f451f4ed7e3a2,6,6,8.785714285714286,148,1,36,25,0.988317625050574
6a7fd8e7700f451f4ed7e3a2,5,7,9.333333333333334,148,1,30,8,0.9952734096540737
6a7fd8e7700f451f4ed7e3a6,19,0,1,171,0,114,170,0.47743303714295826
6a7fd8e7700f451f4ed7e3a6,18,0,6,171,0,108,159,0.5240545818167843
6a7fd8e7700f451f4ed7e3a6,17,0,7.333333333333333,171,0,102,149,0.5507308229933352
6a7fd8e7700f451f4ed7e3a6,16,1,7.25,171,0,96,142,0.5064342832749904
6a7fd8e7700f451f4ed7e3a6,15,1,6.6,171,0,90,138,0.3937935989289303
6a7fd8e7700f451f4ed7e3a6,14,2,6.666666666666667,171,0,84,131,0.34499402416708824
6a7fd8e7700f451f4ed7e3a6,13,2,7.571428571428571,171,0,78,118,0.4402103824402368
6a7fd8e7700f451f4ed7e3a6,12,2,7.625,171,0,72,110,0.4158748194734273
6a7fd8e7700f451f4ed7e3a6,11,2,8,171,0,66,99,0.470510548818145
6a7fd8e7700f451f4ed7e3a6,10,2,8.2,171,0,60,89,0.5018023439959779
6a7fd8e7700f451f4ed7e3a6,9,2,7.545454545454546,171,0,54,88,0.27602548970577523
6a7fd8e7700f451f4ed7e3a6,8,2,7.833333333333333,171,0,48,77,0.3219217433201985
6a7fd8e7700f451f4ed7e3a6,7,2,8,171,0,42,67,0.3448721213696789
6a7fd8e7700f451f4ed7e3a6,6,3,8,171,0,36,59,0.3042040361422339
6a7fd8e7700f451f4ed7e3a6,5,5,7.466666666666667,171,0,30,59,0.07823580450405879
6a7fd8e7700f451f4ed7e3a6,4,5,7.1875,171,0,24,56,0.01541045737570124
6a7fd8e7700f451f4ed7e3a6,3,6,7.352941176470588,171,0,18,46,0.010286035726603283
6a7fd8e7700f451f4ed7e3a6,2,6,7.444444444444445,171,0,12,37,0.003265880633866371
6a7fd8e7700f451f4ed7e3a6,1,6,7.473684210526316,171,0,6,29,0.00009937550394848075
6a7fd8e7700f451f4ed7e3aa,19,0,11,168,1,114,157,0.7367991639289307
6a7fd8e7700f451f4ed7e3aa,18,0,7.5,168,1,108,153,0.6512964200505271
6a7fd8e7700f451f4ed7e3aa,17,0,9.666666666666666,168,1,102,139,0.7570564553881356
6a7fd8e7700f451f4ed7e3aa,16,0,9,168,1,96,132,0.7292305729400987
6a7fd8e7700f451f4ed7e3aa,15,0,9.2,168,1,90,122,0.7586302611988636
6a7fd8e7700f451f4ed7e3aa,14,0,9.833333333333334,168,1,84,109,0.840113164155547
6a7fd8e7700f451f4ed7e3aa,13,0,9.714285714285714,168,1,78,100,0.8515768061456792
6a7fd8e7700f451f4ed7e3aa,12,0,9.75,168,1,72,90,0.8786500274936799
6a7fd8e7700f451f4ed7e3aa,11,0,9,168,1,66,87,0.7841247926022694
6a7fd8e7700f451f4ed7e3aa,10,1,9.1,168,1,60,77,0.8189474411003705
6a7fd8e7700f451f4ed7e3aa,9,2,8.727272727272727,168,1,54,72,0.7405675004268601
6a7fd8e7700f451f4ed7e3aa,8,2,8.666666666666666,168,1,48,64,0.7289899133357616
6a7fd8e7700f451f4ed7e3aa,7,2,9.692307692307692,168,1,42,42,0.9729953536339235
6a7fd8e7700f451f4ed7e3aa,6,3,9.928571428571429,168,1,36,29,0.9953030356178634
6a7fd8e7700f451f4ed7e3aa,5,4,9.866666666666667,168,1,30,20,0.9983537453953872
6a7fd8e7700f451f4ed7e3aa,4,4,9.75,168,1,24,12,0.9996020826303142
6a7fd8e7700f451f4ed7e3aa,3,4,9.529411764705882,168,1,18,6,0.9998810380037816
6a7fd8e7700f451f4ed7e3ae,19,1,9,197,0,114,188,0.15900853844100377
6a7fd8e7700f451f4ed7e3ae,18,1,9.5,197,0,108,178,0.16790281676693103
6a7fd8e7700f451f4ed7e3ae,17,3,7.333333333333333,197,0,102,175,0.09114254964074311
6a7fd8e7700f451f4ed7e3ae,16,4,7,197,0,96,169,0.060293535406988924
6a7fd8e7700f451f4ed7e3ae,15,6,6.4,197,0,90,165,0.0226712693176057
6a7fd8e7700f451f4ed7e3ae,14,6,8,197,0,84,149,0.049339969586480424
6a7fd8e7700f451f4ed7e3ae,13,6,8.428571428571429,197,0,78,138,0.06082918508103347
6a7fd8e7700f451f4ed7e3ae,12,6,8.5,197,0,72,129,0.059675867261900425
6a7fd8e7700f451f4ed7e3ae,11,7,8.444444444444445,197,0,66,121,0.03861430272004613
6a7fd8e7700f451f4ed7e3ae,10,8,8.8,197,0,60,109,0.03310510188017949
6a7fd8e7700f451f4ed7e3ae,9,8,9,197,0,54,98,0.044122337455936314
6a7fd8e7700f451f4ed7e3ae,8,8,9.333333333333334,197,0,48,85,0.07480435686131734
6a7fd8e7700f451f4ed7e3ae,7,8,9.23076923076923,197,0,42,77,0.06796062311672794
6a7fd8e7700f451f4ed7e3ae,6,8,9.5,197,0,36,64,0.11652404238717232
6a7fd8e7700f451f4ed7e3ae,5,8,9.866666666666667,197,0,30,49,0.24870620065321508
6a7fd8e7700f451f4ed7e3ae,4,8,9.6875,197,0,24,42,0.20226165733450163
6a7fd8e7700f451f4ed7e3ae,3,8,9.588235294117647,197,0,18,34,0.16410185514184927
6a7fd8e7700f451f4ed7e3ae,2,8,9.333333333333334,197,0,12,29,0.0480422492413307
6a7fd8e7700f451f4ed7e3ae,1,8,9.052631578947368,197,0,6,25,0.0011745563158544552
6a7fd8e7700f451f4ed7e3b2,19,0,8,164,1,114,156,0.753953463480981
6a7fd8e7700f451f4ed7e3b2,18,0,12,164,1,108,140,0.8665668259345295
6a7fd8e7700f451f4ed7e3b2,17,1,8.666666666666666,164,1,102,138,0.7678282089603549
6a7fd8e7700f451f4ed7e3b2,16,1,8,164,1,96,132,0.7246932492176299
6a7fd8e7700f451f4ed7e3b2,15,1,7.4,164,1,90,127,0.6508568766909599
6a7fd8e7700f451f4ed7e3b2,14,1,8.666666666666666,164,1,84,112,0.7861640810823821
6a7fd8e7700f451f4ed7e3b2,13,2,8.142857142857142,164,1,78,107,0.7116757794900642
6a7fd8e7700f451f4ed7e3b2,12,2,7.625,164,1,72,103,0.6006717754112371
6a7fd8e7700f451f4ed7e3b2,11,3,7.777777777777778,164,1,66,94,0.6050610932418712
6a7fd8e7700f451f4ed7e3b2,10,3,8.2,164,1,60,82,0.6976282608869905
6a7fd8e7700f451f4ed7e3b2,9,3,9.181818181818182,164,1,54,63,0.9156853818902895
6a7fd8e7700f451f4ed7e3b2,8,3,9.166666666666666,164,1,48,54,0.9314755387744166
6a7fd8e7700f451f4ed7e3b2,7,3,9.923076923076923,164,1,42,35,0.9960661758576739
6a7fd8e7700f451f4ed7e3b2,6,3,9.928571428571429,164,1,36,25,0.9990228475290498
6a7fd8e7700f451f4ed7e3b2,5,3,10.066666666666666,164,1,30,13,0.9999775128141271
6a7fd8e7700f451f4ed7e3b2,4,3,10,164,1,24,4,0.9999998911865865
6a7fd8e7700f451f4ed7e3b6,19,0,11,150,1,114,139,0.9440133873943445
6a7fd8e7700f451f4ed7e3b6,18,1,13,150,1,108,124,0.9680246150869491
6a7fd8e7700f451f4ed7e3b6,17,1,12.333333333333334,150,1,102,113,0.9803555719388358
6a7fd8e7700f451f4ed7e3b6,16,2,10.25,150,1,96,109,0.9617353225016093
6a7fd8e7700f451f4ed7e3b6,15,2,11.4,150,1,90,93,0.986298709115717
6a7fd8e7700f451f4ed7e3b6,14,2,11.166666666666666,150,1,84,83,0.9921556169199933
6a7fd8e7700f451f4ed7e3b6,13,3,10.857142857142858,150,1,78,74,0.9886913671284465
6a7fd8e7700f451f4ed7e3b6,12,4,11.25,150,1,72,60,0.9867081519604528
6a7fd8e7700f451f4ed7e3b6,11,4,10.444444444444445,150,1,66,56,0.9895390864975402
6a7fd8e7700f451f4ed7e3b6,10,4,10,150,1,60,50,0.9930098002345382
6a7fd8e7700f451f4ed7e3b6,9,4,10.272727272727273,150,1,54,37,0.998034452350306
6a7fd8e7700f451f4ed7e3b6,8,4,10.416666666666666,150,1,48,25,0.9996001621939472
6a7fd8e7700f451f4ed7e3b6,7,4,10.692307692307692,150,1,42,11,0.9999814538762787
6a7fd8e7700f451f4ed7e3b6,6,4,10.642857142857142,150,1,36,1,0.999999961217511
6a7fd8e7700f451f4ed7e3ba,19,0,9,148,1,114,139,0.9440133873943445
6a7fd8e7700f451f4ed7e3ba,18,0,5,148,1,108,138,0.8891169250938534
6a7fd8e7700f451f4ed7e3ba,17,1,5.666666666666667,148,1,102,131,0.8695469757536195
6a7fd8e7700f451f4ed7e3ba,16,1,5,148,1,96,128,0.7971695547983765
6a7fd8e7700f451f4ed7e3ba,15,1,8.2,148,1,90,107,0.9470210965021655
6a7fd8e7700f451f4ed7e3ba,14,1,7.5,148,1,84,103,0.9154586100277221
6a7fd8e7700f451f4ed7e3ba,13,1,7.714285714285714,148,1,78,94,0.9260005034329923
6a7fd8e7700f451f4ed7e3ba,12,1,8.875,148,1,72,77,0.9827038311763805
6a7fd8e7700f451f4ed7e3ba,11,1,8.555555555555555,148,1,66,71,0.9772752206418159
6a7fd8e7700f451f4ed7e3ba,10,2,7.9,148,1,60,69,0.9381140098476062
6a7fd8e7700f451f4ed7e3ba,9,2,7.454545454545454,148,1,54,66,0.8721621458638054
6a7fd8e7700f451f4ed7e3ba,8,2,8.5,148,1,48,46,0.9877771764426845
6a7fd8e7700f451f4ed7e3ba,7,2,8.76923076923077,148,1,42,34,0.9973532876290947
6a7fd8e7700f451f4ed7e3ba,6,2,8.785714285714286,148,1,36,25,0.9990724424375204
6a7fd8e7700f451f4ed7e3ba,5,3,9.133333333333333,148,1,30,11,0.9999947949556005
6a7fd8e7700f451f4ed7e3be,19,0,15,90,1,114,75,0.9997406464818681
6a7fd8e7700f451f4ed7e3be,18,0,14.5,90,1,108,61,0.999933362522219
6a7fd8e7700f451f4ed7e3be,17,0,11.333333333333334,90,1,102,56,0.9999621266308613
6a7fd8e7700f451f4ed7e3be,16,0,11.25,90,1,96,45,0.9999910318471845
6a7fd8e7700f451f4ed7e3be,15,0,9.8,90,1,90,41,0.9999951176194621
6a7fd8e7700f451f4ed7e3be,14,1,8.833333333333334,90,1,84,37,0.9999854747120975
6a7fd8e7700f451f4ed7e3be,13,1,8.571428571428571,90,1,78,30,0.9999957040903649
6a7fd8e7700f451f4ed7e3be,12,1,8.75,90,1,72,20,0.9999995486622956
6a7fd8e7700f451f4ed7e3be,11,2,8.88888888888889,90,1,66,10,0.9999998517021687
6a7fd8e7700f451f4ed7e3be,10,2,8.2,90,1,60,8,0.9999999395273537
6a7fd8e7700f451f4ed7e3c2,19,0,11,162,1,114,151,0.8301098961024049
6a7fd8e7700f451f4ed7e3c2,18,0,11.5,162,1,108,139,0.8782097314184866
6a7fd8e7700f451f4ed7e3c2,17,0,12.333333333333334,162,1,102,125,0.9344222729304216
6a7fd8e7700f451f4ed7e3c2,16,0,11,162,1,96,118,0.9271431140287705
6a7fd8e7700f451f4ed7e3c2,15,0,11.8,162,1,90,103,0.971653151556067
6a7fd8e7700f451f4ed7e3c2,14,0,10.833333333333334,162,1,84,97,0.9634399768707457
6a7fd8e7700f451f4ed7e3c2,13,0,10.571428571428571,162,1,78,88,0.9698901993753494
6a7fd8e7700f451f4ed7e3c2,12,1,11.625,162,1,72,69,0.9965897924163488
6a7fd8e7700f451f4ed7e3c2,11,1,11.333333333333334,162,1,66,60,0.9980157783583965
6a7fd8e7700f451f4ed7e3c2,10,1,11.3,162,1,60,49,0.9994387718844265
6a7fd8e7700f451f4ed7e3c2,9,1,11.363636363636363,162,1,54,37,0.9999308478943012
6a7fd8e7700f451f4ed7e3c2,8,2,11.333333333333334,162,1,48,26,0.9999838337422755
6a7fd8e7700f451f4ed7e3c2,7,2,10.846153846153847,162,1,42,21,0.9999914081287321
6a7fd8e7700f451f4ed7e3c2,6,2,10.214285714285714,162,1,36,19,0.9999609932847794
6a7fd8e7700f451f4ed7e3c2,5,2,10.333333333333334,162,1,30,7,0.9999999354848312
6a7fd8e7700f451f4ed7e3c6,19,0,10,232,0,114,222,0.0037180977305660565
6a7fd8e7700f451f4ed7e3c6,18,0,16.5,232,0,108,199,0.020794544573848075
6a7fd8e7700f451f4ed7e3c6,17,0,15,232,0,102,187,0.02679436678836098
6a7fd8e7700f451f4ed7e3c6,16,0,12.75,232,0,96,181,0.016208216634410747
6a7fd8e7700f451f4ed7e3c6,15,0,12.2,232,0,90,171,0.016067730469545478
6a7fd8e7700f451f4ed7e3c6,14,0,11.5,232,0,84,163,0.01185615514437259
6a7fd8e7700f451f4ed7e3c6,13,1,11.714285714285714,232,0,78,150,0.017884947441234634
6a7fd8e7700f451f4ed7e3c6,12,1,11.375,232,0,72,141,0.014970849694978314
6a7fd8e7700f451f4ed7e3c6,11,1,11.666666666666666,232,0,66,127,0.02652443926444131
6a7fd8e7700f451f4ed7e3c6,10,2,11.4,232,0,60,118,0.022042466902986647
6a7fd8e7700f451f4ed7e3c6,9,2,10.909090909090908,232,0,54,112,0.010418181564772686
6a7fd8e7700f451f4ed7e3c6,8,2,11.25,232,0,48,97,0.023277131695824304
6a7fd8e7700f451f4ed7e3c6,7,2,11,232,0,42,89,0.01456256691046279
6a7fd8e7700f451f4ed7e3c6,6,2,10.642857142857142,232,0,36,83,0.005067291770700278
6a7fd8e7700f451f4ed7e3c6,5,2,10.466666666666667,232,0,30,75,0.002135303206025831
6a7fd8e7700f451f4ed7e3c6,4,2,10.0625,232,0,24,71,0.00016260288821922338
6a7fd8e7700f451f4ed7e3c6,3,2,10.176470588235293,232,0,18,59,0.00010241752308181832
6a7fd8e7700f451f4ed7e3c6,2,2,9.944444444444445,232,0,12,53,0.0000012594498721496053
6a7fd8e7700f451f4ed7e3c6,1,2,9.947368421052632,232,0,6,43,1.4607335717962469e-9
6a7fd8e7700f451f4ed7e3ca,19,0,6,204,0,114,198,0.06738196299410833
6a7fd8e7700f451f4ed7e3ca,18,1,8.5,204,0,108,187,0.07648809505322664
6a7fd8e7700f451f4ed7e3ca,17,1,9,204,0,102,177,0.07969313992593419
6a7fd8e7700f451f4ed7e3ca,16,1,12.25,204,0,96,155,0.23515365428252827
6a7fd8e7700f451f4ed7e3ca,15,2,11.2,204,0,90,148,0.19520204509214345
6a7fd8e7700f451f4ed7e3ca,14,3,11.5,204,0,84,135,0.2561762369859659
6a7fd8e7700f451f4ed7e3ca,13,3,11.571428571428571,204,0,78,123,0.31614777129623267
6a7fd8e7700f451f4ed7e3ca,12,3,11,204,0,72,116,0.2700653384745688
6a7fd8e7700f451f4ed7e3ca,11,3,10,204,0,66,114,0.13696973486271213
6a7fd8e7700f451f4ed7e3ca,10,3,10.4,204,0,60,100,0.2155631215548059
6a7fd8e7700f451f4ed7e3ca,9,3,10,204,0,54,94,0.14950236348107324
6a7fd8e7700f451f4ed7e3ca,8,4,9.916666666666666,204,0,48,85,0.13763890039777618
6a7fd8e7700f451f4ed7e3ca,7,4,9.846153846153847,204,0,42,76,0.12487388939180635
6a7fd8e7700f451f4ed7e3ca,6,4,9.642857142857142,204,0,36,69,0.08081411191489288
6a7fd8e7700f451f4ed7e3ca,5,5,9.266666666666667,204,0,30,65,0.024412665094533364
6a7fd8e7700f451f4ed7e3ca,4,5,9.75,204,0,24,48,0.08892877625598927
6a7fd8e7700f451f4ed7e3ca,3,5,9.588235294117647,204,0,18,41,0.04007540266475624
6a7fd8e7700f451f4ed7e3ca,2,5,9.555555555555555,204,0,12,32,0.019643317936700138
6a7fd8e7700f451f4ed7e3ca,1,5,9.210526315789474,204,0,6,29,0.00009937550400704548
6a7fd8e7700f451f4ed7e3ce,19,1,11,219,0,114,208,0.022888320013861995
6a7fd8e7700f451f4ed7e3ce,18,2,7,219,0,108,205,0.009431727235910042
6a7fd8e7700f451f4ed7e3ce,17,2,6.666666666666667,219,0,102,199,0.005316175265308809
6a7fd8e7700f451f4ed7e3ce,16,2,7.5,219,0,96,189,0.005148703335671219
6a7fd8e7700f451f4ed7e3ce,15,2,6.4,219,0,90,187,0.0013115241121907434
6a7fd8e7700f451f4ed7e3ce,14,2,5.5,219,0,84,186,0.00020737429625837026
6a7fd8e7700f451f4ed7e3ce,13,3,6,219,0,78,177,0.00013558988340892588
6a7fd8e7700f451f4ed7e3ce,12,3,6.125,219,0,72,170,0.000052792397545480075
6a7fd8e7700f451f4ed7e3ce,11,4,5.777777777777778,219,0,66,167,0.000006169513160309453
6a7fd8e7700f451f4ed7e3ce,10,4,6.4,219,0,60,155,0.00000647633961415241
6a7fd8e7700f451f4ed7e3ce,9,4,6.545454545454546,219,0,54,147,0.000001978766204629408
6a7fd8e7700f451f4ed7e3ce,8,5,7.333333333333333,219,0,48,131,0.000006184729492277776
6a7fd8e7700f451f4ed7e3ce,7,5,7.461538461538462,219,0,42,122,0.000002009590492871432
6a7fd8e7700f451f4ed7e3ce,6,5,8,219,0,36,107,0.000004296440899447541
6a7fd8e7700f451f4ed7e3ce,5,5,8.333333333333334,219,0,30,94,0.000004167702039130784
6a7fd8e7700f451f4ed7e3ce,4,5,8.8125,219,0,24,78,0.000011394430590618708
6a7fd8e7700f451f4ed7e3ce,3,5,8.823529411764707,219,0,18,69,0.000001081431035279592
6a7fd8e7700f451f4ed7e3ce,2,5,9.555555555555555,219,0,12,47,0.00003477003325111791
6a7fd8e7700f451f4ed7e3ce,1,5,9.052631578947368,219,0,6,47,4.0819098645765865e-11
6a7fd8e7700f451f4ed7e3d2,19,0,16,206,0,114,190,0.1375337902455262
6a7fd8e7700f451f4ed7e3d2,18,1,13,206,0,108,180,0.14303566340926258
6a7fd8e7700f451f4ed7e3d2,17,1,12,206,0,102,170,0.15062012992988386
6a7fd8e7700f451f4ed7e3d2,16,1,11.5,206,0,96,160,0.15851884080660603
6a7fd8e7700f451f4ed7e3d2,15,1,10,206,0,90,156,0.09534962328741899
6a7fd8e7700f451f4ed7e3d2,14,1,10.333333333333334,206,0,84,144,0.12119902892848339
6a7fd8e7700f451f4ed7e3d2,13,2,10.142857142857142,206,0,78,135,0.1139296027423647
6a7fd8e7700f451f4ed7e3d2,12,3,9,206,0,72,134,0.04039637596862646
6a7fd8e7700f451f4ed7e3d2,11,3,9.666666666666666,206,0,66,119,0.07757124294126545
6a7fd8e7700f451f4ed7e3d2,10,3,9.4,206,0,60,112,0.053410755371687234
6a7fd8e7700f451f4ed7e3d2,9,3,10.181818181818182,206,0,54,94,0.14950236348107324
6a7fd8e7700f451f4ed7e3d2,8,3,9.916666666666666,206,0,48,87,0.10710376304108907
6a7fd8e7700f451f4ed7e3d2,7,3,10.461538461538462,206,0,42,70,0.25671086971193857
6a7fd8e7700f451f4ed7e3d2,6,3,10.142857142857142,206,0,36,64,0.16803154022513211
6a7fd8e7700f451f4ed7e3d2,5,3,9.866666666666667,206,0,30,58,0.09303144500302674
6a7fd8e7700f451f4ed7e3d2,4,4,9.8125,206,0,24,49,0.0733927402609926
6a7fd8e7700f451f4ed7e3d2,3,4,9.529411764705882,206,0,18,44,0.018237408754485557
6a7fd8e7700f451f4ed7e3d2,2,4,9.277777777777779,206,0,12,39,0.0014559209546141252
6a7fd8e7700f451f4ed7e3d2,1,4,9.473684210526315,206,0,6,26,0.0006596169939828737
6a7fd8e7700f451f4ed7e3d6,19,0,4,177,1,114,173,0.4152493930861107
6a7fd8e7700f451f4ed7e3d6,18,1,6,177,1,108,165,0.3911084284931232
6a7fd8e7700f451f4ed7e3d6,17,1,6,177,1,102,159,0.330989990963642
6a7fd8e7700f451f4ed7e3d6,16,1,7.75,177,1,96,146,0.4156221392132718
6a7fd8e7700f451f4ed7e3d6,15,1,9.2,177,1,90,131,0.5583226068190821
6a7fd8e7700f451f4ed7e3d6,14,1,8.333333333333334,177,1,84,127,0.4413110935140177
6a7fd8e7700f451f4ed7e3d6,13,1,8.428571428571429,177,1,78,118,0.4423807370585146
6a7fd8e7700f451f4ed7e3d6,12,1,9,177,1,72,105,0.5496653550842157
6a7fd8e7700f451f4ed7e3d6,11,1,9.11111111111111,177,1,66,95,0.5827994647143299
6a7fd8e7700f451f4ed7e3d6,10,1,9.8,177,1,60,79,0.7754120569315223
6a7fd8e7700f451f4ed7e3d6,9,1,9.454545454545455,177,1,54,73,0.7142220426548982
6a7fd8e7700f451f4ed7e3d6,8,1,9.75,177,1,48,60,0.8307096281489466
6a7fd8e7700f451f4ed7e3d6,7,2,9.692307692307692,177,1,42,51,0.8502513698284923
6a7fd8e7700f451f4ed7e3d6,6,2,9.785714285714286,177,1,36,40,0.9114718473517668
6a7fd8e7700f451f4ed7e3d6,5,3,9.8,177,1,30,30,0.948521827521697
6a7fd8e7700f451f4ed7e3d6,4,3,10.1875,177,1,24,14,0.9986399815055376
6a7fd8e7700f451f4ed7e3d6,3,3,10.117647058823529,177,1,18,5,0.9999652233177934
6a7fd8e7700f451f4ed7e3d6,2,3,9.777777777777779,177,1,12,1,0.9999954230401906
6a7fd8e7700f451f4ed7e3da,19,1,10,201,1,114,191,0.1250178031951216
6a7fd8e7700f451f4ed7e3da,18,1,9,201,1,108,183,0.11074511454444359
6a7fd8e7700f451f4ed7e3da,17,1,13.333333333333334,201,1,102,161,0.29234259203344054
6a7fd8e7700f451f4ed7e3da,16,1,12,201,1,96,153,0.27102167794046805
6a7fd8e7700f451f4ed7e3da,15,1,11.6,201,1,90,143,0.28689991232062634
6a7fd8e7700f451f4ed7e3da,14,1,11.666666666666666,201,1,84,131,0.34750428491041324
6a7fd8e7700f451f4ed7e3da,13,2,11,201,1,78,124,0.2986159574736684
6a7fd8e7700f451f4ed7e3da,12,3,11,201,1,72,113,0.33777354493147
6a7fd8e7700f451f4ed7e3da,11,4,10.333333333333334,201,1,66,108,0.2392009436601514
6a7fd8e7700f451f4ed7e3da,10,6,10.7,201,1,60,94,0.30579400382507743
6a7fd8e7700f451f4ed7e3da,9,6,11.181818181818182,201,1,54,78,0.5017278884325616
6a7fd8e7700f451f4ed7e3da,8,6,11,201,1,48,69,0.5283714553425749
6a7fd8e7700f451f4ed7e3da,7,6,10.615384615384615,201,1,42,63,0.4541323550431603
6a7fd8e7700f451f4ed7e3da,6,6,10.642857142857142,201,1,36,52,0.5394914566133002
6a7fd8e7700f451f4ed7e3da,5,6,10.133333333333333,201,1,30,49,0.3222916483039609
6a7fd8e7700f451f4ed7e3da,4,6,9.625,201,1,24,47,0.10659301285032666
6a7fd8e7700f451f4ed7e3da,3,6,10.176470588235293,201,1,18,28,0.4357614558000775
6a7fd8e7700f451f4ed7e3da,2,6,10.222222222222221,201,1,12,17,0.5580581349540851
6a7fd8e7700f451f4ed7e3da,1,7,10.105263157894736,201,1,6,9,0.49814132725757954
6a7fd8e7700f451f4ed7e3de,19,1,5,183,1,114,178,0.3126730339349564
6a7fd8e7700f451f4ed7e3de,18,1,5.5,183,1,108,172,0.2586347788986823
6a7fd8e7700f451f4ed7e3de,17,1,6,183,1,102,165,0.22240316937722987
6a7fd8e7700f451f4ed7e3de,16,1,6.75,183,1,96,156,0.21830538644212583
6a7fd8e7700f451f4ed7e3de,15,1,7.8,183,1,90,144,0.267414518093352
6a7fd8e7700f451f4ed7e3de,14,1,8,183,1,84,135,0.2630752844355428
6a7fd8e7700f451f4ed7e3de,13,3,7.714285714285714,183,1,78,129,0.19819617190319033
6a7fd8e7700f451f4ed7e3de,12,3,7.875,183,1,72,120,0.19241373172552342
6a7fd8e7700f451f4ed7e3de,11,3,7.666666666666667,183,1,66,114,0.13696973486271213
6a7fd8e7700f451f4ed7e3de,10,4,7.4,183,1,60,109,0.0786211228420697
6a7fd8e7700f451f4ed7e3de,9,4,7.636363636363637,183,1,54,99,0.08033778147213688
6a7fd8e7700f451f4ed7e3de,8,4,8.416666666666666,183,1,48,82,0.19507357901343614
6a7fd8e7700f451f4ed7e3de,7,5,8.923076923076923,183,1,42,67,0.34077911496880925
6a7fd8e7700f451f4ed7e3de,6,5,8.785714285714286,183,1,36,60,0.2717281682643206
6a7fd8e7700f451f4ed7e3de,5,6,8.466666666666667,183,1,30,56,0.12729940286148866
6a7fd8e7700f451f4ed7e3de,4,6,8.5,183,1,24,47,0.10659301285032666
6a7fd8e7700f451f4ed7e3de,3,6,8.705882352941176,183,1,18,35,0.14868718539812165
6a7fd8e7700f451f4ed7e3de,2,7,8.555555555555555,183,1,12,29,0.049144290581872516
6a7fd8e7700f451f4ed7e3de,1,7,9.052631578947368,183,1,6,11,0.3286426488303268
6a7fd8e7700f451f4ed7e3e2,19,0,11,170,0,114,159,0.7007891976829919
6a7fd8e7700f451f4ed7e3e2,18,1,7.5,170,0,108,155,0.6023752543830432
6a7fd8e7700f451f4ed7e3e2,17,1,7.666666666666667,170,0,102,147,0.589761947988999
6a7fd8e7700f451f4ed7e3e2,16,1,7,170,0,96,142,0.5064342832749904
6a7fd8e7700f451f4ed7e3e2,15,1,7.8,170,0,90,131,0.5583226068190821
6a7fd8e7700f451f4ed7e3e2,14,1,8.333333333333334,170,0,84,120,0.612784114657717
6a7fd8e7700f451f4ed7e3e2,13,2,7.285714285714286,170,0,78,119,0.41533098318439393
6a7fd8e7700f451f4ed7e3e2,12,3,7.5,170,0,72,110,0.4117730673695509
6a7fd8e7700f451f4ed7e3e2,11,3,7.111111111111111,170,0,66,106,0.2878025895288193
6a7fd8e7700f451f4ed7e3e2,10,3,8.2,170,0,60,88,0.5290495468398111
6a7fd8e7700f451f4ed7e3e2,9,3,7.818181818181818,170,0,54,84,0.38393128350918826
6a7fd8e7700f451f4ed7e3e2,8,3,7.416666666666667,170,0,48,81,0.2180589701062236
6a7fd8e7700f451f4ed7e3e2,7,3,7.230769230769231,170,0,42,76,0.1250580996998956
6a7fd8e7700f451f4ed7e3e2,6,3,7.357142857142857,170,0,36,67,0.11014371140990023
6a7fd8e7700f451f4ed7e3e2,5,4,7.066666666666666,170,0,30,64,0.030141559946322317
6a7fd8e7700f451f4ed7e3e2,4,4,7.4375,170,0,24,51,0.04881250143813035
6a7fd8e7700f451f4ed7e3e2,3,4,7.352941176470588,170,0,18,45,0.013763500674872389
6a7fd8e7700f451f4ed7e3e2,2,4,7.5,170,0,12,35,0.0069600925889877025
6a7fd8e7700f451f4ed7e3e2,1,4,7.631578947368421,170,0,6,25,0.0011750855041012978
6a7fd8e7700f451f4ed7e3e6,19,0,10,174,1,114,164,0.6027633718288312
6a7fd8e7700f451f4ed7e3e6,18,1,9.5,174,1,108,155,0.6023752543830432
6a7fd8e7700f451f4ed7e3e6,17,1,10.333333333333334,174,1,102,143,0.67394796078687
6a7fd8e7700f451f4ed7e3e6,16,2,9.25,174,1,96,137,0.6097894787144017
6a7fd8e7700f451f4ed7e3e6,15,2,9,174,1,90,129,0.5981749970727521
6a7fd8e7700f451f4ed7e3e6,14,2,9.166666666666666,174,1,84,119,0.6314514023465299
6a7fd8e7700f451f4ed7e3e6,13,2,10.428571428571429,174,1,78,101,0.8295998630118976
6a7fd8e7700f451f4ed7e3e6,12,2,9.75,174,1,72,96,0.7682536577578472
6a7fd8e7700f451f4ed7e3e6,11,2,10.11111111111111,174,1,66,83,0.8584022073250371
6a7fd8e7700f451f4ed7e3e6,10,3,10.1,174,1,60,73,0.8854708225868466
6a7fd8e7700f451f4ed7e3e6,9,5,9.363636363636363,174,1,54,71,0.7363371177831757
6a7fd8e7700f451f4ed7e3e6,8,5,9.583333333333334,174,1,48,59,0.8318738963735071
6a7fd8e7700f451f4ed7e3e6,7,5,9.923076923076923,174,1,42,45,0.9366918579509553
6a7fd8e7700f451f4ed7e3e6,6,5,10.285714285714286,174,1,36,30,0.9899018697212576
6a7fd8e7700f451f4ed7e3e6,5,5,10.666666666666666,174,1,30,14,0.9996336532823296
6a7fd8e7700f451f4ed7e3e6,4,5,10.875,174,1,24,0,1
6a7fd8e7700f451f4ed7e3ea,19,0,5,209,0,114,204,0.036317825432571095
6a7fd8e7700f451f4ed7e3ea,18,0,4,209,0,108,201,0.016235268217195214
6a7fd8e7700f451f4ed7e3ea,17,2,5,209,0,102,194,0.010745310242245756
6a7fd8e7700f451f4ed7e3ea,16,2,6,209,0,96,185,0.009245452864102046
6a7fd8e7700f451f4ed7e3ea,15,2,8.8,209,0,90,165,0.03470009979252807
6a7fd8e7700f451f4ed7e3ea,14,2,9.333333333333334,209,0,84,153,0.04504725959804582
6a7fd8e7700f451f4ed7e3ea,13,2,9.285714285714286,209,0,78,144,0.04036592767027718
6a7fd8e7700f451f4ed7e3ea,12,3,8.625,209,0,72,140,0.017305858617922807
6a7fd8e7700f451f4ed7e3ea,11,3,8.88888888888889,209,0,66,129,0.019538994978829497
6a7fd8e7700f451f4ed7e3ea,10,4,8.5,209,0,60,124,0.007951922005094144
6a7fd8e7700f451f4ed7e3ea,9,4,8.636363636363637,209,0,54,114,0.007152542678584449
6a7fd8e7700f451f4ed7e3ea,8,4,8.666666666666666,209,0,48,105,0.005063686494546958
6a7fd8e7700f451f4ed7e3ea,7,4,8.923076923076923,209,0,42,93,0.0063993019224699195
6a7fd8e7700f451f4ed7e3ea,6,4,8.642857142857142,209,0,36,88,0.0014683099776736511
6a7fd8e7700f451f4ed7e3ea,5,4,8.866666666666667,209,0,30,76,0.0016189029793190544
6a7fd8e7700f451f4ed7e3ea,4,4,8.8125,209,0,24,68,0.0004587968549754282
6a7fd8e7700f451f4ed7e3ea,3,4,8.764705882352942,209,0,18,60,0.00006752250133338101
6a7fd8e7700f451f4ed7e3ea,2,4,8.777777777777779,209,0,12,51,0.0000039952545625221465
6a7fd8e7700f451f4ed7e3ea,1,4,9.105263157894736,209,0,6,36,5.548822320741699e-7
6a7fd8e7700f451f4ed7e3ee,19,0,11,184,1,114,173,0.4152493930861107
6a7fd8e7700f451f4ed7e3ee,18,0,12.5,184,1,108,159,0.5240545818167843
6a7fd8e7700f451f4ed7e3ee,17,1,12.333333333333334,184,1,102,147,0.589761947988999
6a7fd8e7700f451f4ed7e3ee,16,1,11.75,184,1,96,137,0.6198995861987086
6a7fd8e7700f451f4ed7e3ee,15,1,9.6,184,1,90,136,0.4398883152875868
6a7fd8e7700f451f4ed7e3ee,14,2,9,184,1,84,130,0.3675340294724402
6a7fd8e7700f451f4ed7e3ee,13,2,8.285714285714286,184,1,78,126,0.2568708270651301
6a7fd8e7700f451f4ed7e3ee,12,2,8.125,184,1,72,119,0.21219079232634622
6a7fd8e7700f451f4ed7e3ee,11,2,8.555555555555555,184,1,66,107,0.2667293736547801
6a7fd8e7700f451f4ed7e3ee,10,2,8.8,184,1,60,96,0.3079206770127078
6a7fd8e7700f451f4ed7e3ee,9,2,9,184,1,54,85,0.3560222624887726
6a7fd8e7700f451f4ed7e3ee,8,2,9.416666666666666,184,1,48,71,0.5092307652966956
6a7fd8e7700f451f4ed7e3ee,7,2,9.538461538461538,184,1,42,60,0.5834734066671884
6a7fd8e7700f451f4ed7e3ee,6,2,9.071428571428571,184,1,36,57,0.371253047197882
6a7fd8e7700f451f4ed7e3ee,5,2,9.066666666666666,184,1,30,48,0.3636955254696504
6a7fd8e7700f451f4ed7e3ee,4,2,9.0625,184,1,24,39,0.35317684741001776
6a7fd8e7700f451f4ed7e3ee,3,2,9.941176470588236,184,1,18,15,0.9606352005403089
6a7fd8e7700f451f4ed7e3ee,2,2,10,184,1,12,4,0.9987649045895244
6a7fd8e7700f451f4ed7e3f2,19,0,7,181,1,114,174,0.3949733318669916
6a7fd8e7700f451f4ed7e3f2,18,0,5.5,181,1,108,170,0.2972007249012399
6a7fd8e7700f451f4ed7e3f2,17,0,7.333333333333333,181,1,102,159,0.3336492044764392
6a7fd8e7700f451f4ed7e3f2,16,0,9.75,181,1,96,142,0.5094671266033036
6a7fd8e7700f451f4ed7e3f2,15,0,9.8,181,1,90,132,0.5367398692593923
6a7fd8e7700f451f4ed7e3f2,14,0,9,181,1,84,127,0.4423719114969384
6a7fd8e7700f451f4ed7e3f2,13,0,9.571428571428571,181,1,78,114,0.5454015881286606
6a7fd8e7700f451f4ed7e3f2,12,0,9.5,181,1,72,105,0.5501290058167772
6a7fd8e7700f451f4ed7e3f2,11,2,9,181,1,66,100,0.44297664450002616
6a7fd8e7700f451f4ed7e3f2,10,2,9.7,181,1,60,84,0.6462372285521054
6a7fd8e7700f451f4ed7e3f2,9,3,10.272727272727273,181,1,54,68,0.8323759956550333
6a7fd8e7700f451f4ed7e3f2,8,3,10.5,181,1,48,55,0.9187085728061024
6a7fd8e7700f451f4ed7e3f2,7,3,10.461538461538462,181,1,42,45,0.9472162572424634
6a7fd8e7700f451f4ed7e3f2,6,3,9.928571428571429,181,1,36,42,0.872525975830605
6a7fd8e7700f451f4ed7e3f2,5,3,10.266666666666667,181,1,30,27,0.9775387523846847
6a7fd8e7700f451f4ed7e3f2,4,3,10.375,181,1,24,15,0.997622243179445
6a7fd8e7700f451f4ed7e3f2,3,3,10.235294117647058,181,1,18,7,0.9996710943251274
6a7fd8e7700f451f4ed7e3f2,2,3,9.944444444444445,181,1,12,2,0.9999456360040406
6a7fd8e7700f451f4ed7e3f6,19,0,9,198,0,114,189,0.14903918519401274
6a7fd8e7700f451f4ed7e3f6,18,0,6.5,198,0,108,185,0.0932536233723174
6a7fd8e7700f451f4ed7e3f6,17,1,7.333333333333333,198,0,102,176,0.08785282538852629
6a7fd8e7700f451f4ed7e3f6,16,1,7.75,198,0,96,167,0.08290593967075094
6a7fd8e7700f451f4ed7e3f6,15,1,7.2,198,0,90,162,0.04992011308983328
6a7fd8e7700f451f4ed7e3f6,14,1,7.166666666666667,198,0,84,155,0.03534192754807211
6a7fd8e7700f451f4ed7e3f6,13,1,7.142857142857143,198,0,78,148,0.023743174687658446
6a7fd8e7700f451f4ed7e3f6,12,3,6.5,198,0,72,146,0.006668946736615662
6a7fd8e7700f451f4ed7e3f6,11,3,6.222222222222222,198,0,66,142,0.0020271555565019024
6a7fd8e7700f451f4ed7e3f6,10,4,6.1,198,0,60,137,0.0005877189190613704
6a7fd8e7700f451f4ed7e3f6,9,5,6.7272727272727275,198,0,54,124,0.0008847702262445356
6a7fd8e7700f451f4ed7e3f6,8,5,6.416666666666667,198,0,48,121,0.00011069699539437004
6a7fd8e7700f451f4ed7e3f6,7,5,6.461538461538462,198,0,42,114,0.000026565276720576555
6a7fd8e7700f451f4ed7e3f6,6,5,6.285714285714286,198,0,36,110,0.000001462051094342059
6a7fd8e7700f451f4ed7e3f6,5,6,6.266666666666667,198,0,30,104,7.032917976792908e-8
6a7fd8e7700f451f4ed7e3f6,4,6,6.5625,198,0,24,93,1.2946795661580812e-8
6a7fd8e7700f451f4ed7e3f6,3,6,6.588235294117647,198,0,18,86,7.110125289941095e-11
6a7fd8e7700f451f4ed7e3f6,2,6,6.611111111111111,198,0,12,79,8.755378066314637e-15
6a7fd8e7700f451f4ed7e3f6,1,6,6.526315789473684,198,0,6,74,2.1883245796095998e-22
6a7fd8e7700f451f4ed7e3fa,19,0,8,124,1,114,116,0.9948504244880921
6a7fd8e7700f451f4ed7e3fa,18,0,9,124,1,108,106,0.9970387004091918
6a7fd8e7700f451f4ed7e3fa,17,1,9.333333333333334,124,1,102,96,0.9957692213531654
6a7fd8e7700f451f4ed7e3fa,16,1,9,124,1,96,88,0.9973539523133523
6a7fd8e7700f451f4ed7e3fa,15,3,8.4,124,1,90,82,0.9842468556330517
6a7fd8e7700f451f4ed7e3fa,14,4,8.333333333333334,124,1,84,74,0.970788803059362
6a7fd8e7700f451f4ed7e3fa,13,4,9.142857142857142,124,1,78,60,0.9868571912941229
6a7fd8e7700f451f4ed7e3fa,12,4,9.25,124,1,72,50,0.9935771980216884
6a7fd8e7700f451f4ed7e3fa,11,4,9.555555555555555,124,1,66,38,0.9978633863840564
6a7fd8e7700f451f4ed7e3fa,10,4,9.6,124,1,60,28,0.9993747223571088
6a7fd8e7700f451f4ed7e3fa,9,4,9.272727272727273,124,1,54,22,0.9997592829937039
6a7fd8e7700f451f4ed7e3fa,8,4,9.166666666666666,124,1,48,14,0.999956429621593
6a7fd8e7700f451f4ed7e3fa,7,4,9.307692307692308,124,1,42,3,0.999999573701463
6a7fd8e7700f451f4ed7e3fe,19,1,12,172,1,114,160,0.6707156446196018
6a7fd8e7700f451f4ed7e3fe,18,1,12,172,1,108,148,0.7377960115297122
6a7fd8e7700f451f4ed7e3fe,17,2,10,172,1,102,142,0.6786457301311476
6a7fd8e7700f451f4ed7e3fe,16,3,10,172,1,96,132,0.6855310082557962
6a7fd8e7700f451f4ed7e3fe,15,4,9.6,172,1,90,124,0.6412398668841287
6a7fd8e7700f451f4ed7e3fe,14,4,9.833333333333334,172,1,84,113,0.7058583716707162
6a7fd8e7700f451f4ed7e3fe,13,4,9.714285714285714,172,1,78,104,0.7325739222175768
6a7fd8e7700f451f4ed7e3fe,12,5,9.875,172,1,72,93,0.7388602422622396
6a7fd8e7700f451f4ed7e3fe,11,5,9.88888888888889,172,1,66,83,0.7913972256950875
6a7fd8e7700f451f4ed7e3fe,10,5,9.2,172,1,60,80,0.7074747388029761
6a7fd8e7700f451f4ed7e3fe,9,5,9.181818181818182,172,1,54,71,0.7363371177831757
6a7fd8e7700f451f4ed7e3fe,8,5,9,172,1,48,64,0.7113290285142646
6a7fd8e7700f451f4ed7e3fe,7,6,9.538461538461538,172,1,42,48,0.8641305049582861
6a7fd8e7700f451f4ed7e3fe,6,6,9.571428571428571,172,1,36,38,0.9164443676654498
6a7fd8e7700f451f4ed7e3fe,5,7,9.266666666666667,172,1,30,33,0.8400204917864882
6a7fd8e7700f451f4ed7e3fe,4,7,9.125,172,1,24,26,0.8521339247055584
6a7fd8e7700f451f4ed7e3fe,3,7,9.117647058823529,172,1,18,17,0.9101524490695647
6a7fd8e7700f451f4ed7e3fe,2,7,9.166666666666666,172,1,12,7,0.9805655288343462
6a7fd8e7700f451f4ed7e3fe,1,8,9.210526315789474,172,1,6,-3,1
6a7fd8e7700f451f4ed7e402,19,1,10,195,0,114,185,0.19872772659535318
6a7fd8e7700f451f4ed7e402,18,1,11.5,195,0,108,172,0.2586347788986823
6a7fd8e7700f451f4ed7e402,17,1,10.333333333333334,195,0,102,164,0.2388937280404537
6a7fd8e7700f451f4ed7e402,16,1,10.5,195,0,96,153,0.27102167794046805
6a7fd8e7700f451f4ed7e402,15,2,8.8,195,0,90,151,0.15147265770637441
6a7fd8e7700f451f4ed7e402,14,2,9.5,195,0,84,138,0.206581838229785
6a7fd8e7700f451f4ed7e402,13,3,9.571428571428571,195,0,78,128,0.21569552669539604
6a7fd8e7700f451f4ed7e402,12,5,8.875,195,0,72,124,0.11941423460042926
6a7fd8e7700f451f4ed7e402,11,5,9,195,0,66,114,0.12818636612975706
6a7fd8e7700f451f4ed7e402,10,5,8.3,195,0,60,112,0.05132505880502141
6a7fd8e7700f451f4ed7e402,9,6,7.909090909090909,195,0,54,108,0.01929612186540256
6a7fd8e7700f451f4ed7e402,8,6,7.583333333333333,195,0,48,104,0.005947636310506384
6a7fd8e7700f451f4ed7e402,7,6,8.076923076923077,195,0,42,90,0.01159862051402331
6a7fd8e7700f451f4ed7e402,6,6,8.142857142857142,195,0,36,81,0.007909764135841995
6a7fd8e7700f451f4ed7e402,5,6,7.866666666666666,195,0,30,77,0.0012152016466893771
6a7fd8e7700f451f4ed7e402,4,6,7.875,195,0,24,69,0.00032663274934048765
6a7fd8e7700f451f4ed7e402,3,7,7.705882352941177,195,0,18,64,0.000011688726988506135
6a7fd8e7700f451f4ed7e402,2,7,7.444444444444445,195,0,12,61,7.800860370331625e-9
6a7fd8e7700f451f4ed7e402,1,7,7.473684210526316,195,0,6,53,1.5694268492496928e-13
6a7fd8e7700f451f4ed7e406,19,0,16,197,1,114,181,0.26429774707085496
6a7fd8e7700f451f4ed7e406,18,1,11.5,197,1,108,174,0.22576326861592716
6a7fd8e7700f451f4ed7e406,17,1,10.666666666666666,197,1,102,165,0.22240316937722987
6a7fd8e7700f451f4ed7e406,16,1,11,197,1,96,153,0.27102167794046805
6a7fd8e7700f451f4ed7e406,15,1,9.8,197,1,90,148,0.19709564334631707
6a7fd8e7700f451f4ed7e406,14,1,9,197,1,84,143,0.13346813156447926
6a7fd8e7700f451f4ed7e406,13,1,10.714285714285714,197,1,78,122,0.3450445355338148
6a7fd8e7700f451f4ed7e406,12,1,11.75,197,1,72,103,0.6026092068903888
6a7fd8e7700f451f4ed7e406,11,2,10.777777777777779,197,1,66,100,0.44297664450002616
6a7fd8e7700f451f4ed7e406,10,2,10.2,197,1,60,95,0.3334971341251269
6a7fd8e7700f451f4ed7e406,9,2,9.545454545454545,197,1,54,92,0.1864229458889212
6a7fd8e7700f451f4ed7e406,8,2,10,197,1,48,77,0.3219217433201985
6a7fd8e7700f451f4ed7e406,7,2,10.23076923076923,197,1,42,64,0.4439819359685646
6a7fd8e7700f451f4ed7e406,6,2,10,197,1,36,57,0.371253047197882
6a7fd8e7700f451f4ed7e406,5,2,10.333333333333334,197,1,30,42,0.6070153224642943
6a7fd8e7700f451f4ed7e406,4,3,10.875,197,1,24,23,0.9449607531498722
6a7fd8e7700f451f4ed7e406,3,3,11,197,1,18,10,0.9965674107591368
6a7fd8e7700f451f4ed7e406,2,3,10.555555555555555,197,1,12,7,0.9831326198144315
6a7fd8e7700f451f4ed7e406,1,4,10.526315789473685,197,1,6,-3,1
6a7fd8e7700f451f4ed7e40a,19,2,1,189,0,114,188,0.15398855954353968
6a7fd8e7700f451f4ed7e40a,18,2,5,189,0,108,179,0.1513603029683499
6a7fd8e7700f451f4ed7e40a,17,2,7.333333333333333,189,0,102,167,0.187927323000419
6a7fd8e7700f451f4ed7e40a,16,3,8,189,0,96,157,0.19257293306412537
6a7fd8e7700f451f4ed7e40a,15,3,7.8,189,0,90,150,0.1610774169355323
6a7fd8e7700f451f4ed7e40a,14,3,8,189,0,84,141,0.15672935717109968
6a7fd8e7700f451f4ed7e40a,13,3,7.714285714285714,189,0,78,135,0.11258854226745095
6a7fd8e7700f451f4ed7e40a,12,3,7.875,189,0,72,126,0.10588313788867666
6a7fd8e7700f451f4ed7e40a,11,5,8.333333333333334,189,0,66,114,0.12818636612975706
6a7fd8e7700f451f4ed7e40a,10,5,8.1,189,0,60,108,0.08617378124394322
6a7fd8e7700f451f4ed7e40a,9,5,7.909090909090909,189,0,54,102,0.05198512890227769
6a7fd8e7700f451f4ed7e40a,8,5,7.5,189,0,48,99,0.016105744448242913
6a7fd8e7700f451f4ed7e40a,7,5,7.230769230769231,189,0,42,95,0.004112526238031525
6a7fd8e7700f451f4ed7e40a,6,5,7.285714285714286,189,0,36,87,0.0018975776363220228
6a7fd8e7700f451f4ed7e40a,5,5,7.666666666666667,189,0,30,74,0.0027982015927340937
6a7fd8e7700f451f4ed7e40a,4,5,8,189,0,24,61,0.0040411857065341256
6a7fd8e7700f451f4ed7e40a,3,5,8,189,0,18,53,0.0010378692982991025
6a7fd8e7700f451f4ed7e40a,2,5,7.722222222222222,189,0,12,50,0.0000069886723042280035
6a7fd8e7700f451f4ed7e40a,1,5,7.684210526315789,189,0,6,43,1.4607335717962167e-9
6a7fd8e7700f451f4ed7e40e,19,0,11,159,1,114,148,0.8675660840214566
6a7fd8e7700f451f4ed7e40e,18,0,14.5,159,1,108,130,0.9520329024088581
6a7fd8e7700f451f4ed7e40e,17,0,13,159,1,102,120,0.964046066105349
6a7fd8e7700f451f4ed7e40e,16,0,12.5,159,1,96,109,0.9774910280610934
6a7fd8e7700f451f4ed7e40e,15,0,12.2,159,1,90,98,0.9870491052846962
6a7fd8e7700f451f4ed7e40e,14,0,13.833333333333334,159,1,84,76,0.999278330312461
6a7fd8e7700f451f4ed7e40e,13,0,12.571428571428571,159,1,78,71,0.9990570714490279
6a7fd8e7700f451f4ed7e40e,12,0,11.625,159,1,72,66,0.9985669875947915
6a7fd8e7700f451f4ed7e40e,11,0,11.222222222222221,159,1,66,58,0.9989655446819785
6a7fd8e7700f451f4ed7e40e,10,0,11.6,159,1,60,43,0.9999419577143875
6a7fd8e7700f451f4ed7e40e,9,0,11.272727272727273,159,1,54,35,0.9999765176221039
6a7fd8e7700f451f4ed7e40e,8,0,11.083333333333334,159,1,48,26,0.9999961625649849
6a7fd8e7700f451f4ed7e40e,7,0,11,159,1,42,16,0.999999899465133
6a7fd8e7700f451f4ed7e40e,6,0,11,159,1,36,5,0.9999999999274355
6a7fd8e7700f451f4ed7e40e,5,1,10.4,159,1,30,3,0.9999999998307929
6a7fd8e7700f451f4ed7e412,19,0,4,163,1,114,159,0.7007891976829919
6a7fd8e7700f451f4ed7e412,18,0,8.5,163,1,108,146,0.7811466915290319
6a7fd8e7700f451f4ed7e412,17,0,7.333333333333333,163,1,102,141,0.7197405264040585
6a7fd8e7700f451f4ed7e412,16,0,9,163,1,96,127,0.8183836465400628
6a7fd8e7700f451f4ed7e412,15,1,8.4,163,1,90,121,0.7742801720827764
6a7fd8e7700f451f4ed7e412,14,2,8.166666666666666,163,1,84,114,0.7410939333141858
6a7fd8e7700f451f4ed7e412,13,2,8,163,1,78,107,0.7116757794900642
6a7fd8e7700f451f4ed7e412,12,2,8.125,163,1,72,98,0.7242343545586009
6a7fd8e7700f451f4ed7e412,11,2,7.555555555555555,163,1,66,95,0.5817312254261465
6a7fd8e7700f451f4ed7e412,10,2,8.9,163,1,60,74,0.8732686796498029
6a7fd8e7700f451f4ed7e412,9,3,10.454545454545455,163,1,54,48,0.995741977358598
6a7fd8e7700f451f4ed7e412,8,3,10.333333333333334,163,1,48,39,0.9980385692289464
6a7fd8e7700f451f4ed7e412,7,3,10.538461538461538,163,1,42,26,0.9998388133412589
6a7fd8e7700f451f4ed7e412,6,3,10,163,1,36,23,0.9996032409540088
6a7fd8e7700f451f4ed7e412,5,3,9.933333333333334,163,1,30,14,0.9999542435903712
6a7fd8e7700f451f4ed7e412,4,3,9.875,163,1,24,5,0.9999996440377767
6a7fd8e7700f451f4ed7e416,19,0,2,156,1,114,154,0.7864052100750102
6a7fd8e7700f451f4ed7e416,18,0,10,156,1,108,136,0.908775974051355
6a7fd8e7700f451f4ed7e416,17,0,9.666666666666666,156,1,102,127,0.9181875949686139
6a7fd8e7700f451f4ed7e416,16,0,7.5,156,1,96,126,0.8338220567074006
6a7fd8e7700f451f4ed7e416,15,1,9.4,156,1,90,109,0.932330766760671
6a7fd8e7700f451f4ed7e416,14,2,8.5,156,1,84,105,0.8866703243862316
6a7fd8e7700f451f4ed7e416,13,2,9,156,1,78,93,0.9308243278508105
6a7fd8e7700f451f4ed7e416,12,2,8.75,156,1,72,86,0.9239689994216042
6a7fd8e7700f451f4ed7e416,11,3,8.88888888888889,156,1,66,76,0.9393899891674904
6a7fd8e7700f451f4ed7e416,10,3,8.7,156,1,60,69,0.9347937032763411
6a7fd8e7700f451f4ed7e416,9,3,8.090909090909092,156,1,54,67,0.8520936565936462
6a7fd8e7700f451f4ed7e416,8,3,8.416666666666666,156,1,48,55,0.9187085728061024
6a7fd8e7700f451f4ed7e416,7,3,8.384615384615385,156,1,42,47,0.9223419932888739
6a7fd8e7700f451f4ed7e416,6,3,8.642857142857142,156,1,36,35,0.9709932350272609
6a7fd8e7700f451f4ed7e416,5,6,8.2,156,1,30,33,0.88522667584112
6a7fd8e7700f451f4ed7e416,4,7,8.625,156,1,24,18,0.9681276149176467
6a7fd8e7700f451f4ed7e416,3,7,9.058823529411764,156,1,18,2,0.9994870630463271
6a7fd8e7700f451f4ed7e41a,19,1,1,199,0,114,198,0.06658667141148836
6a7fd8e7700f451f4ed7e41a,18,1,5.5,199,0,108,188,0.06936807466819775
6a7fd8e7700f451f4ed7e41a,17,1,7,199,0,102,178,0.07213351035864751
6a7fd8e7700f451f4ed7e41a,16,1,8,199,0,96,167,0.08290593967075094
6a7fd8e7700f451f4ed7e41a,15,3,7,199,0,90,164,0.03836010509887336
6a7fd8e7700f451f4ed7e41a,14,3,6,199,0,84,163,0.01165336359079015
6a7fd8e7700f451f4ed7e41a,13,3,6.714285714285714,199,0,78,152,0.01318325881519079
6a7fd8e7700f451f4ed7e41a,12,3,6.5,199,0,72,147,0.005631324477195716
6a7fd8e7700f451f4ed7e41a,11,3,7.333333333333333,199,0,66,133,0.01029398914481448
6a7fd8e7700f451f4ed7e41a,10,3,7.4,199,0,60,125,0.006682149217206101
6a7fd8e7700f451f4ed7e41a,9,3,7.545454545454546,199,0,54,116,0.004875884475932399
6a7fd8e7700f451f4ed7e41a,8,3,7.666666666666667,199,0,48,107,0.0033262601885268306
6a7fd8e7700f451f4ed7e41a,7,3,8.153846153846153,199,0,42,93,0.006403719282051945
6a7fd8e7700f451f4ed7e41a,6,4,8.142857142857142,199,0,36,85,0.0031347076731030234
6a7fd8e7700f451f4ed7e41a,5,4,7.866666666666666,199,0,30,81,0.000371561545432622
6a7fd8e7700f451f4ed7e41a,4,4,7.5,199,0,24,79,0.0000075887448568696165
6a7fd8e7700f451f4ed7e41a,3,5,7.294117647058823,199,0,18,75,4.7133031869826745e-8
6a7fd8e7700f451f4ed7e41a,2,5,7.444444444444445,199,0,12,65,4.727331160766928e-10
6a7fd8e7700f451f4ed7e41a,1,6,7.526315789473684,199,0,6,56,9.232367825223558e-15
6a7fd8e7700f451f4ed7e41e,19,0,8,195,0,114,187,0.17399580299594936
6a7fd8e7700f451f4ed7e41e,18,0,7,195,0,108,181,0.13287814363258835
6a7fd8e7700f451f4ed7e41e,17,0,10.333333333333334,195,0,102,164,0.24069328121045377
6a7fd8e7700f451f4ed7e41e,16,0,10,195,0,96,155,0.23635058111531324
6a7fd8e7700f451f4ed7e41e,15,0,9.8,195,0,90,146,0.23143597826511275
6a7fd8e7700f451f4ed7e41e,14,0,9,195,0,84,141,0.16090056531820934
6a7fd8e7700f451f4ed7e41e,13,0,8.428571428571429,195,0,78,136,0.10311922488723362
6a7fd8e7700f451f4ed7e41e,12,1,8,195,0,72,131,0.059805910053633865
6a7fd8e7700f451f4ed7e41e,11,1,7.333333333333333,195,0,66,129,0.019617566992922858
6a7fd8e7700f451f4ed7e41e,10,1,7.3,195,0,60,122,0.011388201131258194
6a7fd8e7700f451f4ed7e41e,9,1,8.181818181818182,195,0,54,105,0.03402931070381572
6a7fd8e7700f451f4ed7e41e,8,1,8.416666666666666,195,0,48,94,0.038480380370469205
6a7fd8e7700f451f4ed7e41e,7,1,8.76923076923077,195,0,42,81,0.06017010780663139
6a7fd8e7700f451f4ed7e41e,6,1,9.214285714285714,195,0,36,66,0.12750751416070327
6a7fd8e7700f451f4ed7e41e,5,1,9.533333333333333,195,0,30,52,0.22783294705147428
6a7fd8e7700f451f4ed7e41e,4,1,9.3125,195,0,24,46,0.12768107857010055
6a7fd8e7700f451f4ed7e41e,3,2,9.176470588235293,195,0,18,39,0.06455218217983538
6a7fd8e7700f451f4ed7e41e,2,2,8.777777777777779,195,0,12,37,0.003265920881896284
6a7fd8e7700f451f4ed7e41e,1,2,8.68421052631579,195,0,6,30,0.0000514537237954393
6a7fd8e7700f451f4ed7e422,19,0,11,217,0,114,206,0.029092332956871844
6a7fd8e7700f451f4ed7e422,18,0,11,217,0,108,195,0.03327856269614768
6a7fd8e7700f451f4ed7e422,17,1,10.333333333333334,217,0,102,186,0.0300392745684357
6a7fd8e7700f451f4ed7e422,16,2,11.5,217,0,96,171,0.05380705365142075
6a7fd8e7700f451f4ed7e422,15,3,13.2,217,0,90,151,0.1477080047457822
6a7fd8e7700f451f4ed7e422,14,4,12.333333333333334,217,0,84,143,0.12444823750664281
6a7fd8e7700f451f4ed7e422,13,4,12.571428571428571,217,0,78,129,0.19110659998813798
6a7fd8e7700f451f4ed7e422,12,4,11.75,217,0,72,123,0.14109525542915063
6a7fd8e7700f451f4ed7e422,11,4,11.333333333333334,217,0,66,115,0.12103051371183714
6a7fd8e7700f451f4ed7e422,10,4,11,217,0,60,107,0.10056364262403979
6a7fd8e7700f451f4ed7e422,9,5,10.727272727272727,217,0,54,99,0.0786321372779204
6a7fd8e7700f451f4ed7e422,8,5,10.75,217,0,48,88,0.0922023741207135
6a7fd8e7700f451f4ed7e422,7,5,10.76923076923077,217,0,42,77,0.10811042950403942
6a7fd8e7700f451f4ed7e422,6,6,11,217,0,36,63,0.18658454648302067
6a7fd8e7700f451f4ed7e422,5,6,10.933333333333334,217,0,30,53,0.1970558112395239
6a7fd8e7700f451f4ed7e422,4,6,10.375,217,0,24,51,0.04866689293653016
6a7fd8e7700f451f4ed7e422,3,6,10.176470588235293,217,0,18,44,0.01822902273708254
6a7fd8e7700f451f4ed7e422,2,6,10.11111111111111,217,0,12,35,0.006959968249371717
6a7fd8e7700f451f4ed7e422,1,6,10.263157894736842,217,0,6,22,0.00583866666709324
6a7fd8e7700f451f4ed7e426,19,0,5,151,1,114,146,0.8890567364974277
6a7fd8e7700f451f4ed7e426,18,1,6,151,1,108,139,0.8680054171496618
6a7fd8e7700f451f4ed7e426,17,1,9,151,1,102,124,0.9343822105992823
6a7fd8e7700f451f4ed7e426,16,2,9,151,1,96,115,0.9315122511888513
6a7fd8e7700f451f4ed7e426,15,2,8.6,151,1,90,108,0.930643103671104
6a7fd8e7700f451f4ed7e426,14,2,9.833333333333334,151,1,84,92,0.976381465974044
6a7fd8e7700f451f4ed7e426,13,2,9.428571428571429,151,1,78,85,0.9771919531883853
6a7fd8e7700f451f4ed7e426,12,2,9.25,151,1,72,77,0.9805078397139152
6a7fd8e7700f451f4ed7e426,11,2,8.88888888888889,151,1,66,71,0.9759136621095835
6a7fd8e7700f451f4ed7e426,10,2,8.9,151,1,60,62,0.9825550234822227
6a7fd8e7700f451f4ed7e426,9,2,9.545454545454545,151,1,54,46,0.9981322193921025
6a7fd8e7700f451f4ed7e426,8,2,9.333333333333334,151,1,48,39,0.9984226325968507
6a7fd8e7700f451f4ed7e426,7,2,9.692307692307692,151,1,42,25,0.9999408695542278
6a7fd8e7700f451f4ed7e426,6,2,10.142857142857142,151,1,36,9,0.9999999002935743
6a7fd8e7700f451f4ed7e426,5,3,9.8,151,1,30,4,0.9999999308073595
6a7fd8e7700f451f4ed7e42a,19,0,13,168,1,114,155,0.7704976971791322
6a7fd8e7700f451f4ed7e42a,18,0,10,168,1,108,148,0.7469907020095012
6a7fd8e7700f451f4ed7e42a,17,0,9.666666666666666,168,1,102,139,0.7570564553881356
6a7fd8e7700f451f4ed7e42a,16,0,9,168,1,96,132,0.7292305729400987
6a7fd8e7700f451f4ed7e42a,15,0,10.8,168,1,90,114,0.8853329468771719
6a7fd8e7700f451f4ed7e42a,14,1,10.666666666666666,168,1,84,104,0.9049008874175724
6a7fd8e7700f451f4ed7e42a,13,1,10.285714285714286,168,1,78,96,0.9048087583018112
6a7fd8e7700f451f4ed7e42a,12,1,10.125,168,1,72,87,0.9161368370099892
6a7fd8e7700f451f4ed7e42a,11,1,11,168,1,66,69,0.9845649537845486
6a7fd8e7700f451f4ed7e42a,10,2,10.4,168,1,60,64,0.9741238476036385
6a7fd8e7700f451f4ed7e42a,9,2,10.272727272727273,168,1,54,55,0.981435526104604
6a7fd8e7700f451f4ed7e42a,8,3,9.75,168,1,48,51,0.9609243083831996
6a7fd8e7700f451f4ed7e42a,7,3,9.923076923076923,168,1,42,39,0.9871849226437228
6a7fd8e7700f451f4ed7e42a,6,3,9.642857142857142,168,1,36,33,0.98314238836662
6a7fd8e7700f451f4ed7e42a,5,3,9.866666666666667,168,1,30,20,0.9984774587209708
6a7fd8e7700f451f4ed7e42a,4,3,10.3125,168,1,24,3,0.9999999638595355
6a7fd8e7700f451f4ed7e42e,19,0,2,163,0,114,161,0.6627671941271067
6a7fd8e7700f451f4ed7e42e,18,0,3.5,163,0,108,156,0.5886771440690133
6a7fd8e7700f451f4ed7e42e,17,0,4.666666666666667,163,0,102,149,0.5507308229933352
6a7fd8e7700f451f4ed7e42e,16,0,5.5,163,0,96,141,0.532582042919981
6a7fd8e7700f451f4ed7e42e,15,1,5,163,0,90,138,0.3937935989289303
6a7fd8e7700f451f4ed7e42e,14,1,5.833333333333333,163,0,84,128,0.41722430904078867
6a7fd8e7700f451f4ed7e42e,13,1,6.571428571428571,163,0,78,117,0.46771899168573283
6a7fd8e7700f451f4ed7e42e,12,1,7.625,163,0,72,102,0.6285882450996334
6a7fd8e7700f451f4ed7e42e,11,2,7.444444444444445,163,0,66,96,0.5540330847658395
6a7fd8e7700f451f4ed7e42e,10,2,8.2,163,0,60,81,0.7262506487455685
6a7fd8e7700f451f4ed7e42e,9,2,7.7272727272727275,163,0,54,78,0.5671274156516283
6a7fd8e7700f451f4ed7e42e,8,2,7.25,163,0,48,76,0.3510723569959888
6a7fd8e7700f451f4ed7e42e,7,3,7.153846153846154,163,0,42,70,0.25671086971193857
6a7fd8e7700f451f4ed7e42e,6,3,7.142857142857143,163,0,36,63,0.19130880558884877
6a7fd8e7700f451f4ed7e42e,5,3,6.8,163,0,30,61,0.05449394184667237
6a7fd8e7700f451f4ed7e42e,4,4,7.375,163,0,24,45,0.15117559711828285
6a7fd8e7700f451f4ed7e42e,3,4,7.235294117647059,163,0,18,40,0.05111089677084048
6a7fd8e7700f451f4ed7e42e,2,4,7,163,0,12,37,0.003265920878637459
6a7fd8e7700f451f4ed7e42e,1,5,6.7894736842105265,163,0,6,34,0.0000027540923772460963
6a7fd8e7700f451f4ed7e432,19,0,19,177,0,114,158,0.7190659285672863
6a7fd8e7700f451f4ed7e432,18,1,12.5,177,0,108,152,0.6631568980870642
6a7fd8e7700f451f4ed7e432,17,1,9.333333333333334,177,0,102,149,0.5459299143999674
6a7fd8e7700f451f4ed7e432,16,1,9.75,177,0,96,138,0.5976168202773032
6a7fd8e7700f451f4ed7e432,15,1,9.4,177,0,90,130,0.5818925613625887
6a7fd8e7700f451f4ed7e432,14,2,10,177,0,84,117,0.6771819676516175
6a7fd8e7700f451f4ed7e432,13,2,9.285714285714286,177,0,78,112,0.5923718481447667
6a7fd8e7700f451f4ed7e432,12,4,9.25,177,0,72,103,0.5767371080149012
6a7fd8e7700f451f4ed7e432,11,4,8.444444444444445,177,0,66,101,0.40499898307199167
6a7fd8e7700f451f4ed7e432,10,4,7.9,177,0,60,98,0.2558914105016129
6a7fd8e7700f451f4ed7e432,9,4,7.7272727272727275,177,0,54,92,0.18490340752904247
6a7fd8e7700f451f4ed7e432,8,4,7.666666666666667,177,0,48,85,0.13763890039777618
6a7fd8e7700f451f4ed7e432,7,4,7.3076923076923075,177,0,42,82,0.05116574544071177
6a7fd8e7700f451f4ed7e432,6,4,7.5,177,0,36,72,0.048782964217388286
6a7fd8e7700f451f4ed7e432,5,4,7.333333333333333,177,0,30,67,0.015758477988546935
6a7fd8e7700f451f4ed7e432,4,4,7.5,177,0,24,57,0.01196749363070365
6a7fd8e7700f451f4ed7e432,3,4,7.705882352941177,177,0,18,46,0.010289945259620098
6a7fd8e7700f451f4ed7e432,2,5,7.666666666666667,177,0,12,39,0.001455920824310412
6a7fd8e7700f451f4ed7e432,1,5,7.578947368421052,177,0,6,33,0.00000576003816458893
6a7fd8e7700f451f4ed7e436,19,0,6,179,0,114,173,0.4152493930861107
6a7fd8e7700f451f4ed7e436,18,0,10,179,0,108,159,0.5240545818167843
6a7fd8e7700f451f4ed7e436,17,0,10.333333333333334,179,0,102,148,0.5729582175833777
6a7fd8e7700f451f4ed7e436,16,0,9,179,0,96,143,0.4863768777948715
6a7fd8e7700f451f4ed7e436,15,0,8.2,179,0,90,138,0.39526459107538564
6a7fd8e7700f451f4ed7e436,14,2,7.666666666666667,179,0,84,133,0.3017360724056484
6a7fd8e7700f451f4ed7e436,13,3,8.428571428571429,179,0,78,120,0.38514715264005356
6a7fd8e7700f451f4ed7e436,12,3,8.625,179,0,72,110,0.4117730673695509
6a7fd8e7700f451f4ed7e436,11,3,9.11111111111111,179,0,66,97,0.5227439815470348
6a7fd8e7700f451f4ed7e436,10,4,8.6,179,0,60,93,0.3809003442170485
6a7fd8e7700f451f4ed7e436,9,4,8.090909090909092,179,0,54,90,0.2266305055996831
6a7fd8e7700f451f4ed7e436,8,4,8.416666666666666,179,0,48,78,0.29255022852427204
6a7fd8e7700f451f4ed7e436,7,5,8.23076923076923,179,0,42,72,0.2038149338738179
6a7fd8e7700f451f4ed7e436,6,5,8.071428571428571,179,0,36,66,0.1269618642829924
6a7fd8e7700f451f4ed7e436,5,5,8.066666666666666,179,0,30,58,0.0929009232023902
6a7fd8e7700f451f4ed7e436,4,5,8.75,179,0,24,39,0.3529537075200363
6a7fd8e7700f451f4ed7e436,3,5,8.764705882352942,179,0,18,30,0.3374968623859352
6a7fd8e7700f451f4ed7e436,2,5,9.166666666666666,179,0,12,14,0.7466757111963335
6a7fd8e7700f451f4ed7e436,1,5,8.842105263157896,179,0,6,11,0.3286770443846401
6a7fd8e7700f451f4ed7e43a,19,1,3,158,1,114,155,0.7578592816336243
6a7fd8e7700f451f4ed7e43a,18,1,7.5,158,1,108,143,0.8172121683204372
6a7fd8e7700f451f4ed7e43a,17,2,10.333333333333334,158,1,102,127,0.8929571354848314
6a7fd8e7700f451f4ed7e43a,16,2,9.5,158,1,96,120,0.890083617237525
6a7fd8e7700f451f4ed7e43a,15,2,9,158,1,90,113,0.8838895837522727
6a7fd8e7700f451f4ed7e43a,14,2,9.333333333333334,158,1,84,102,0.9184706471883365
6a7fd8e7700f451f4ed7e43a,13,2,9.285714285714286,158,1,78,93,0.9308243278508105
6a7fd8e7700f451f4ed7e43a,12,2,9,158,1,72,86,0.9239689994216042
6a7fd8e7700f451f4ed7e43a,11,3,8.666666666666666,158,1,66,80,0.8968500677729805
6a7fd8e7700f451f4ed7e43a,10,3,8.4,158,1,60,74,0.8698577719037266
6a7fd8e7700f451f4ed7e43a,9,3,9.181818181818182,158,1,54,57,0.9701206947889776
6a7fd8e7700f451f4ed7e43a,8,3,9.583333333333334,158,1,48,43,0.9940088963263245
6a7fd8e7700f451f4ed7e43a,7,3,10,158,1,42,28,0.999668023874031
6a7fd8e7700f451f4ed7e43a,6,3,10.285714285714286,158,1,36,14,0.999993789824159
6a7fd8e7700f451f4ed7e43a,5,3,10.133333333333333,158,1,30,6,0.999999754193259
6a7fd8e7700f451f4ed7e43e,19,0,2,192,0,114,190,0.1375337902455262
6a7fd8e7700f451f4ed7e43e,18,0,4,192,0,108,184,0.10220213072087049
6a7fd8e7700f451f4ed7e43e,17,0,6,192,0,102,174,0.10674966227663686
6a7fd8e7700f451f4ed7e43e,16,0,7.5,192,0,96,162,0.1338439686998223
6a7fd8e7700f451f4ed7e43e,15,0,7,192,0,90,157,0.08635195111120997
6a7fd8e7700f451f4ed7e43e,14,0,8.333333333333334,192,0,84,142,0.14686265327148545
6a7fd8e7700f451f4ed7e43e,13,0,8,192,0,78,136,0.10311922488723362
6a7fd8e7700f451f4ed7e43e,12,0,8.5,192,0,72,124,0.13215596641213045
6a7fd8e7700f451f4ed7e43e,11,0,9,192,0,66,111,0.18660542978050423
6a7fd8e7700f451f4ed7e43e,10,0,9.3,192,0,60,99,0.2376386433422723
6a7fd8e7700f451f4ed7e43e,9,0,9.090909090909092,192,0,54,92,0.18648779206543956
6a7fd8e7700f451f4ed7e43e,8,0,8.916666666666666,192,0,48,85,0.13819637783745606
6a7fd8e7700f451f4ed7e43e,7,0,8.538461538461538,192,0,42,81,0.06017024952889025
6a7fd8e7700f451f4ed7e43e,6,0,8.571428571428571,192,0,36,72,0.04880570494154711
6a7fd8e7700f451f4ed7e43e,5,0,8.266666666666667,192,0,30,68,0.012539445246541898
6a7fd8e7700f451f4ed7e43e,4,0,8.4375,192,0,24,57,0.011967622774974762
6a7fd8e7700f451f4ed7e43e,3,0,8.529411764705882,192,0,18,47,0.007621553013296714
6a7fd8e7700f451f4ed7e43e,2,0,8.61111111111111,192,0,12,37,0.003265920881896308
6a7fd8e7700f451f4ed7e43e,1,0,8.631578947368421,192,0,6,28,0.0001928861143916006
6a7fd8e7700f451f4ed7e442,19,0,9,149,1,114,140,0.937923424796322
6a7fd8e7700f451f4ed7e442,18,0,6.5,149,1,108,136,0.908775974051355
6a7fd8e7700f451f4ed7e442,17,0,6.666666666666667,149,1,102,129,0.899091524297189
6a7fd8e7700f451f4ed7e442,16,0,6.5,149,1,96,123,0.8750541248326628
6a7fd8e7700f451f4ed7e442,15,0,6.6,149,1,90,116,0.859037323255589
6a7fd8e7700f451f4ed7e442,14,0,6.166666666666667,149,1,84,112,0.7882581264126161
6a7fd8e7700f451f4ed7e442,13,0,7.285714285714286,149,1,78,98,0.8809767471975479
6a7fd8e7700f451f4ed7e442,12,0,7.875,149,1,72,86,0.9274993664525644
6a7fd8e7700f451f4ed7e442,11,0,7.777777777777778,149,1,66,79,0.9168330691264226
6a7fd8e7700f451f4ed7e442,10,1,8.1,149,1,60,68,0.9481955286870654
6a7fd8e7700f451f4ed7e442,9,1,7.909090909090909,149,1,54,62,0.9301885894515676
6a7fd8e7700f451f4ed7e442,8,1,7.833333333333333,149,1,48,55,0.9198365159916533
6a7fd8e7700f451f4ed7e442,7,1,7.769230769230769,149,1,42,48,0.9076502831326654
6a7fd8e7700f451f4ed7e442,6,1,8,149,1,36,37,0.953019752390913
6a7fd8e7700f451f4ed7e442,5,1,7.866666666666666,149,1,30,31,0.9344646067979159
6a7fd8e7700f451f4ed7e442,4,1,7.625,149,1,24,27,0.8557450156784638
6a7fd8e7700f451f4ed7e442,3,1,7.588235294117647,149,1,18,20,0.8311203116970901
6a7fd8e7700f451f4ed7e442,2,1,7.5,149,1,12,14,0.7466846580335987
6a7fd8e7700f451f4ed7e446,19,0,11,177,1,114,166,0.5613922711408769
6a7fd8e7700f451f4ed7e446,18,0,8.5,177,1,108,160,0.5023650654248791
6a7fd8e7700f451f4ed7e446,17,0,9,177,1,102,150,0.5283912934846393
6a7fd8e7700f451f4ed7e446,16,0,8.75,177,1,96,142,0.5094671266033036
6a7fd8e7700f451f4ed7e446,15,0,7.6,177,1,90,139,0.3726992640831042
6a7fd8e7700f451f4ed7e446,14,1,9,177,1,84,123,0.5396120296907406
6a7fd8e7700f451f4ed7e446,13,1,8.571428571428571,177,1,78,117,0.46771899168573283
6a7fd8e7700f451f4ed7e446,12,1,8.625,177,1,72,108,0.4695720774383449
6a7fd8e7700f451f4ed7e446,11,1,9.333333333333334,177,1,66,93,0.6372933807253889
6a7fd8e7700f451f4ed7e446,10,1,9.5,177,1,60,82,0.7011736757582099
6a7fd8e7700f451f4ed7e446,9,1,9.181818181818182,177,1,54,76,0.6281346839046006
6a7fd8e7700f451f4ed7e446,8,1,10,177,1,48,57,0.8893799254780922
6a7fd8e7700f451f4ed7e446,7,1,10.538461538461538,177,1,42,40,0.9836781510017958
6a7fd8e7700f451f4ed7e446,6,1,10.285714285714286,177,1,36,33,0.9832773824914544
6a7fd8e7700f451f4ed7e446,5,1,10.133333333333333,177,1,30,25,0.9883019822039398
6a7fd8e7700f451f4ed7e446,4,1,10.3125,177,1,24,12,0.999623928523199
6a7fd8e7700f451f4ed7e44a,19,0,10,207,0,114,197,0.0741780404631083
6a7fd8e7700f451f4ed7e44a,18,0,8.5,207,0,108,190,0.05717207038930367
6a7fd8e7700f451f4ed7e44a,17,0,9.666666666666666,207,0,102,178,0.07256559482914238
6a7fd8e7700f451f4ed7e44a,16,0,9.25,207,0,96,170,0.06089698661785527
6a7fd8e7700f451f4ed7e44a,15,0,8,207,0,90,167,0.02727573950611714
6a7fd8e7700f451f4ed7e44a,14,1,7.666666666666667,207,0,84,161,0.015808941680662138
6a7fd8e7700f451f4ed7e44a,13,1,7.142857142857143,207,0,78,157,0.006087342842602041
6a7fd8e7700f451f4ed7e44a,12,1,8,207,0,72,143,0.010954156589156178
6a7fd8e7700f451f4ed7e44a,11,1,7.444444444444445,207,0,66,140,0.002980839403063622
6a7fd8e7700f451f4ed7e44a,10,1,7.1,207,0,60,136,0.0007366243369738311
6a7fd8e7700f451f4ed7e44a,9,2,7.909090909090909,207,0,54,120,0.002154248778402436
6a7fd8e7700f451f4ed7e44a,8,2,8.333333333333334,207,0,48,107,0.003327017593913827
6a7fd8e7700f451f4ed7e44a,7,2,8.307692307692308,207,0,42,99,0.0016291264237879367
6a7fd8e7700f451f4ed7e44a,6,2,8.285714285714286,207,0,36,91,0.0006572902739547743
6a7fd8e7700f451f4ed7e44a,5,2,8.066666666666666,207,0,30,86,0.00007387833027203455
6a7fd8e7700f451f4ed7e44a,4,2,8.1875,207,0,24,76,0.000025183498448524855
6a7fd8e7700f451f4ed7e44a,3,2,8.117647058823529,207,0,18,69,0.000001081431609155966
6a7fd8e7700f451f4ed7e44a,2,2,8.166666666666666,207,0,12,60,1.5323959129293123e-8
6a7fd8e7700f451f4ed7e44a,1,3,7.894736842105263,207,0,6,57,3.557400107972436e-15
6a7fd8e7700f451f4ed7e44e,19,1,8,164,1,114,156,0.7415444858807956
6a7fd8e7700f451f4ed7e44e,18,1,8,164,1,108,148,0.7377960115297122
6a7fd8e7700f451f4ed7e44e,17,1,7,164,1,102,143,0.67394796078687
6a7fd8e7700f451f4ed7e44e,16,1,9.25,164,1,96,127,0.8133640284574274
6a7fd8e7700f451f4ed7e44e,15,1,10.6,164,1,90,111,0.9146192593179403
6a7fd8e7700f451f4ed7e44e,14,2,9.166666666666666,164,1,84,109,0.8312937200261807
6a7fd8e7700f451f4ed7e44e,13,2,7.857142857142857,164,1,78,109,0.665658362969923
6a7fd8e7700f451f4ed7e44e,12,2,9.5,164,1,72,88,0.9016976175852015
6a7fd8e7700f451f4ed7e44e,11,3,9,164,1,66,83,0.8527713083084683
6a7fd8e7700f451f4ed7e44e,10,3,9.7,164,1,60,67,0.9522988086839715
6a7fd8e7700f451f4ed7e44e,9,3,9.727272727272727,164,1,54,57,0.9701206947889776
6a7fd8e7700f451f4ed7e44e,8,3,10.416666666666666,164,1,48,39,0.9980385692289464
6a7fd8e7700f451f4ed7e44e,7,4,10,164,1,42,34,0.9961544739130842
6a7fd8e7700f451f4ed7e44e,6,5,9.857142857142858,164,1,36,26,0.9961958357508012
6a7fd8e7700f451f4ed7e44e,5,5,9.533333333333333,164,1,30,21,0.9964995045893399
6a7fd8e7700f451f4ed7e44e,4,5,9.3125,164,1,24,15,0.9972801238340758
6a7fd8e7700f451f4ed7e44e,3,5,9.235294117647058,164,1,18,7,0.9996332980291261
6a7fd8e7700f451f4ed7e44e,2,6,8.88888888888889,164,1,12,4,0.9986643862472591
6a7fd8e7700f451f4ed7e452,19,0,15,193,0,114,178,0.317472002439156
6a7fd8e7700f451f4ed7e452,18,0,14,193,0,108,165,0.39567414952996427
6a7fd8e7700f451f4ed7e452,17,0,13,193,0,102,154,0.4393234361058474
6a7fd8e7700f451f4ed7e452,16,0,13,193,0,96,141,0.532582042919981
6a7fd8e7700f451f4ed7e452,15,0,11,193,0,90,138,0.39526459107538564
6a7fd8e7700f451f4ed7e452,14,0,10.166666666666666,193,0,84,132,0.3260809722612389
6a7fd8e7700f451f4ed7e452,13,0,9.428571428571429,193,0,78,127,0.23857180193557176
6a7fd8e7700f451f4ed7e452,12,0,10.125,193,0,72,112,0.36667730967974627
6a7fd8e7700f451f4ed7e452,11,0,9.333333333333334,193,0,66,109,0.2247268631584756
6a7fd8e7700f451f4ed7e452,10,1,9.6,193,0,60,97,0.2835519070591906
6a7fd8e7700f451f4ed7e452,9,1,9.181818181818182,193,0,54,92,0.18647846924492323
6a7fd8e7700f451f4ed7e452,8,1,9,193,0,48,85,0.1381944237218186
6a7fd8e7700f451f4ed7e452,7,1,8.76923076923077,193,0,42,79,0.0818051625139463
6a7fd8e7700f451f4ed7e452,6,2,8.285714285714286,193,0,36,77,0.018878140971824286
6a7fd8e7700f451f4ed7e452,5,2,7.933333333333334,193,0,30,74,0.002799701555956686
6a7fd8e7700f451f4ed7e452,4,2,8.1875,193,0,24,62,0.003025682970863283
6a7fd8e7700f451f4ed7e452,3,2,8.117647058823529,193,0,18,55,0.0004968287145343856
6a7fd8e7700f451f4ed7e452,2,2,8,193,0,12,49,0.000012076942950861153
6a7fd8e7700f451f4ed7e452,1,2,8.052631578947368,193,0,6,40,2.0055504222561214e-8
6a7fd8e7700f451f4ed7e456,19,1,11,153,1,114,142,0.9106804254109441
6a7fd8e7700f451f4ed7e456,18,1,10.5,153,1,108,132,0.9301747282280682
6a7fd8e7700f451f4ed7e456,17,1,9,153,1,102,126,0.9193454593137705
6a7fd8e7700f451f4ed7e456,16,1,7.75,153,1,96,122,0.8818969354427312
6a7fd8e7700f451f4ed7e456,15,1,9.4,153,1,90,106,0.9533291005225926
6a7fd8e7700f451f4ed7e456,14,1,8.5,153,1,84,102,0.9251234468556542
6a7fd8e7700f451f4ed7e456,13,1,8.285714285714286,153,1,78,95,0.9158907979453402
6a7fd8e7700f451f4ed7e456,12,1,9.25,153,1,72,79,0.9752761469533728
6a7fd8e7700f451f4ed7e456,11,2,9,153,1,66,72,0.9712754250332224
6a7fd8e7700f451f4ed7e456,10,2,9.4,153,1,60,59,0.9907974925998759
6a7fd8e7700f451f4ed7e456,9,2,9.181818181818182,153,1,54,52,0.990702027467994
6a7fd8e7700f451f4ed7e456,8,2,9.333333333333334,153,1,48,41,0.99700249590911
6a7fd8e7700f451f4ed7e456,7,3,9.307692307692308,153,1,42,32,0.998569542565778
6a7fd8e7700f451f4ed7e456,6,3,9.285714285714286,153,1,36,23,0.9996032409540088
6a7fd8e7700f451f4ed7e456,5,3,9.266666666666667,153,1,30,14,0.9999542435903712
6a7fd8e7700f451f4ed7e456,4,3,9,153,1,24,9,0.9999673462034182
6a7fd8e7700f451f4ed7e456,3,3,8.705882352941176,153,1,18,5,0.9999652233177934
6a7fd8e7700f451f4ed7e45a,19,0,5,173,1,114,168,0.5194579567177472
6a7fd8e7700f451f4ed7e45a,18,0,5.5,173,1,108,162,0.4591501228359549
6a7fd8e7700f451f4ed7e45a,17,1,7,173,1,102,152,0.47952942662421727
6a7fd8e7700f451f4ed7e45a,16,1,7,173,1,96,145,0.4380274512525972
6a7fd8e7700f451f4ed7e45a,15,1,7,173,1,90,138,0.3937935989289303
6a7fd8e7700f451f4ed7e45a,14,2,8.166666666666666,173,1,84,124,0.5109123454182152
6a7fd8e7700f451f4ed7e45a,13,2,8.285714285714286,173,1,78,115,0.5162888159141547
6a7fd8e7700f451f4ed7e45a,12,3,9.5,173,1,72,97,0.7388173836854567
6a7fd8e7700f451f4ed7e45a,11,3,8.777777777777779,173,1,66,94,0.6050610932418712
6a7fd8e7700f451f4ed7e45a,10,3,9,173,1,60,83,0.6710347234664842
6a7fd8e7700f451f4ed7e45a,9,3,8.636363636363637,173,1,54,78,0.5659301378740056
6a7fd8e7700f451f4ed7e45a,8,3,8.916666666666666,173,1,48,66,0.6692136997125793
6a7fd8e7700f451f4ed7e45a,7,3,8.846153846153847,173,1,42,58,0.6514410633729171
6a7fd8e7700f451f4ed7e45a,6,3,9.071428571428571,173,1,36,46,0.7671007304295534
6a7fd8e7700f451f4ed7e45a,5,3,8.933333333333334,173,1,30,39,0.7238709508524317
6a7fd8e7700f451f4ed7e45a,4,3,9,173,1,24,29,0.7898940989770917
6a7fd8e7700f451f4ed7e45a,3,4,9,173,1,18,20,0.8311096541515646
6a7fd8e7700f451f4ed7e45a,2,4,9.166666666666666,173,1,12,8,0.9698728477279629
6a7fd8e7700f451f4ed7e45e,19,0,10,209,0,114,199,0.06108764235847782
6a7fd8e7700f451f4ed7e45e,18,0,8.5,209,0,108,192,0.0463318888780906
6a7fd8e7700f451f4ed7e45e,17,0,9,209,0,102,182,0.047633291501167276
6a7fd8e7700f451f4ed7e45e,16,0,9,209,0,96,173,0.04363256045435181
6a7fd8e7700f451f4ed7e45e,15,0,8.6,209,0,90,166,0.030945381537189506
6a7fd8e7700f451f4ed7e45e,14,1,7.5,209,0,84,164,0.010212552131865144
6a7fd8e7700f451f4ed7e45e,13,1,8.428571428571429,209,0,78,150,0.017884947441234634
6a7fd8e7700f451f4ed7e45e,12,1,7.75,209,0,72,147,0.0056632432795909165
6a7fd8e7700f451f4ed7e45e,11,1,7.888888888888889,209,0,66,138,0.004318207649264977
6a7fd8e7700f451f4ed7e45e,10,1,8.2,209,0,60,127,0.004617628679347702
6a7fd8e7700f451f4ed7e45e,9,1,7.909090909090909,209,0,54,122,0.0014007099459716079
6a7fd8e7700f451f4ed7e45e,8,1,8.166666666666666,209,0,48,111,0.0013635838426578936
6a7fd8e7700f451f4ed7e45e,7,1,8.384615384615385,209,0,42,100,0.0012766054380698082
6a7fd8e7700f451f4ed7e45e,6,1,8.142857142857142,209,0,36,95,0.00020990466059383085
6a7fd8e7700f451f4ed7e45e,5,1,8.2,209,0,30,86,0.00007387833263707117
6a7fd8e7700f451f4ed7e45e,4,1,8.0625,209,0,24,80,0.000005020766921353449
6a7fd8e7700f451f4ed7e45e,3,1,7.823529411764706,209,0,18,76,2.71698005655573e-8
6a7fd8e7700f451f4ed7e45e,2,1,7.777777777777778,209,0,12,69,2.4574195890720828e-11
6a7fd8e7700f451f4ed7e45e,1,1,7.578947368421052,209,0,6,65,1.5620938484937756e-18
6a7fd8e7700f451f4ed7e462,19,0,5,143,1,114,138,0.949585620546714
6a7fd8e7700f451f4ed7e462,18,0,4,143,1,108,135,0.9175629080995938
6a7fd8e7700f451f4ed7e462,17,1,4,143,1,102,131,0.8695469757536195
6a7fd8e7700f451f4ed7e462,16,1,5.25,143,1,96,122,0.8818969354427312
6a7fd8e7700f451f4ed7e462,15,1,5.8,143,1,90,114,0.8818284705854136
6a7fd8e7700f451f4ed7e462,14,1,6.666666666666667,143,1,84,103,0.9154586100277221
6a7fd8e7700f451f4ed7e462,13,2,6.571428571428571,143,1,78,97,0.8882572471081361
6a7fd8e7700f451f4ed7e462,12,2,6,143,1,72,95,0.7887921545113525
6a7fd8e7700f451f4ed7e462,11,3,5.555555555555555,143,1,66,93,0.6318246016394296
6a7fd8e7700f451f4ed7e462,10,3,7.7,143,1,60,66,0.9595031245058366
6a7fd8e7700f451f4ed7e462,9,3,7.545454545454546,143,1,54,60,0.9482942149011498
6a7fd8e7700f451f4ed7e462,8,3,7.5,143,1,48,53,0.9427018873695187
6a7fd8e7700f451f4ed7e462,7,3,7.615384615384615,143,1,42,44,0.9571419273266102
6a7fd8e7700f451f4ed7e462,6,3,7.571428571428571,143,1,36,37,0.952856733462098
6a7fd8e7700f451f4ed7e462,5,4,7.6,143,1,30,29,0.9599574661135983
6a7fd8e7700f451f4ed7e462,4,4,7.375,143,1,24,25,0.9073141925373719
6a7fd8e7700f451f4ed7e462,3,4,7.352941176470588,143,1,18,18,0.8972497927814246
6a7fd8e7700f451f4ed7e462,2,4,7.5,143,1,12,8,0.9698728477279629
6a7fd8e7700f451f4ed7e466,19,0,18,156,1,114,138,0.949585620546714
6a7fd8e7700f451f4ed7e466,18,1,13.5,156,1,108,129,0.9477980858440342
6a7fd8e7700f451f4ed7e466,17,1,12,156,1,102,120,0.9573494104380513
6a7fd8e7700f451f4ed7e466,16,1,13.25,156,1,96,103,0.9873978280797816
6a7fd8e7700f451f4ed7e466,15,1,12.8,156,1,90,92,0.9934246448755119
6a7fd8e7700f451f4ed7e466,14,1,12.333333333333334,156,1,84,82,0.9964379704386658
6a7fd8e7700f451f4ed7e466,13,2,11.285714285714286,156,1,78,77,0.9930196625786792
6a7fd8e7700f451f4ed7e466,12,3,10.375,156,1,72,73,0.9842170105750899
6a7fd8e7700f451f4ed7e466,11,3,9.88888888888889,156,1,66,67,0.9846043817147002
6a7fd8e7700f451f4ed7e466,10,3,9.7,156,1,60,59,0.9884850726260807
6a7fd8e7700f451f4ed7e466,9,3,9.545454545454545,156,1,54,51,0.9915379775355582
6a7fd8e7700f451f4ed7e466,8,4,9.583333333333334,156,1,48,41,0.9944270455804096
6a7fd8e7700f451f4ed7e466,7,4,9,156,1,42,39,0.9856741640978245
6a7fd8e7700f451f4ed7e466,6,4,8.714285714285714,156,1,36,34,0.9769726902071255
6a7fd8e7700f451f4ed7e466,5,4,8.733333333333333,156,1,30,25,0.9880391964768335
6a7fd8e7700f451f4ed7e466,4,4,8.5,156,1,24,20,0.9786770492979648
6a7fd8e7700f451f4ed7e466,3,4,8.470588235294118,156,1,18,12,0.9892861934322814
6a7fd8e7700f451f4ed7e466,2,4,8.222222222222221,156,1,12,8,0.9698728477279629
6a7fd8e7700f451f4ed7e466,1,4,8.210526315789474,156,1,6,0,1
6a7fd8e7700f451f4ed7e46a,19,0,10,188,0,114,178,0.317472002439156
6a7fd8e7700f451f4ed7e46a,18,0,7,188,0,108,174,0.22815304229146166
6a7fd8e7700f451f4ed7e46a,17,0,6.333333333333333,188,0,102,169,0.1646758763251764
6a7fd8e7700f451f4ed7e46a,16,0,6.75,188,0,96,161,0.14616740429156344
6a7fd8e7700f451f4ed7e46a,15,0,7.8,188,0,90,149,0.1820926612970908
6a7fd8e7700f451f4ed7e46a,14,1,8.666666666666666,188,0,84,136,0.24385515063295782
6a7fd8e7700f451f4ed7e46a,13,1,8,188,0,78,132,0.15374030028753727
6a7fd8e7700f451f4ed7e46a,12,1,8.125,188,0,72,123,0.14615935154116275
6a7fd8e7700f451f4ed7e46a,11,1,7.777777777777778,188,0,66,118,0.08795803787717132
6a7fd8e7700f451f4ed7e46a,10,1,8.8,188,0,60,100,0.2163764910507882
6a7fd8e7700f451f4ed7e46a,9,2,8.545454545454545,188,0,54,94,0.14971694308114097
6a7fd8e7700f451f4ed7e46a,8,3,8.833333333333334,188,0,48,82,0.19577628778918096
6a7fd8e7700f451f4ed7e46a,7,3,8.692307692307692,188,0,42,75,0.1426925001867879
6a7fd8e7700f451f4ed7e46a,6,3,8.714285714285714,188,0,36,66,0.12749754935685773
6a7fd8e7700f451f4ed7e46a,5,3,8.533333333333333,188,0,30,60,0.06554703834416033
6a7fd8e7700f451f4ed7e46a,4,5,9.0625,188,0,24,43,0.20691113235075248
6a7fd8e7700f451f4ed7e46a,3,5,8.823529411764707,188,0,18,38,0.08072985933855803
6a7fd8e7700f451f4ed7e46a,2,5,9.38888888888889,188,0,12,19,0.4290186832675339
6a7fd8e7700f451f4ed7e46a,1,5,9.31578947368421,188,0,6,11,0.3286770443846401
6a7fd8e7700f451f4ed7e46e,19,1,8,183,1,114,175,0.36919222165580445
6a7fd8e7700f451f4ed7e46e,18,2,7.5,183,1,108,168,0.32250283540116953
6a7fd8e7700f451f4ed7e46e,17,2,11.333333333333334,183,1,102,149,0.5340445786378684
6a7fd8e7700f451f4ed7e46e,16,2,11.5,183,1,96,137,0.6097894787144017
6a7fd8e7700f451f4ed7e46e,15,2,11.2,183,1,90,127,0.6432282095221702
6a7fd8e7700f451f4ed7e46e,14,2,10.666666666666666,183,1,84,119,0.6314514023465299
6a7fd8e7700f451f4ed7e46e,13,2,10.857142857142858,183,1,78,107,0.7116757794900642
6a7fd8e7700f451f4ed7e46e,12,2,10.125,183,1,72,102,0.6265510478532272
6a7fd8e7700f451f4ed7e46e,11,2,9.333333333333334,183,1,66,99,0.470510548818145
6a7fd8e7700f451f4ed7e46e,10,2,9.7,183,1,60,86,0.5893835537164744
6a7fd8e7700f451f4ed7e46e,9,3,9.818181818181818,183,1,54,75,0.6559192956215277
6a7fd8e7700f451f4ed7e46e,8,3,9.333333333333334,183,1,48,71,0.5087303506500478
6a7fd8e7700f451f4ed7e46e,7,4,9.153846153846153,183,1,42,64,0.4428554275180695
6a7fd8e7700f451f4ed7e46e,6,4,8.857142857142858,183,1,36,59,0.30397075905685567
6a7fd8e7700f451f4ed7e46e,5,4,8.933333333333334,183,1,30,49,0.3266102736582181
6a7fd8e7700f451f4ed7e46e,4,5,9.3125,183,1,24,34,0.5778641729147498
6a7fd8e7700f451f4ed7e46e,3,5,9.470588235294118,183,1,18,22,0.7465574310789624
6a7fd8e7700f451f4ed7e46e,2,6,9.444444444444445,183,1,12,13,0.8012089117248734
6a7fd8e7700f451f4ed7e46e,1,6,9.473684210526315,183,1,6,3,0.9560437515012034
6a7fd8e7700f451f4ed7e472,19,0,4,187,1,114,183,0.23169154298638622
6a7fd8e7700f451f4ed7e472,18,0,8.5,187,1,108,170,0.2972007249012399
6a7fd8e7700f451f4ed7e472,17,0,6.666666666666667,187,1,102,167,0.19291078430935138
6a7fd8e7700f451f4ed7e472,16,0,9.5,187,1,96,149,0.3525101385993723
6a7fd8e7700f451f4ed7e472,15,0,11,187,1,90,132,0.5367398692593923
6a7fd8e7700f451f4ed7e472,14,0,10.5,187,1,84,124,0.5162142257306032
6a7fd8e7700f451f4ed7e472,13,0,9.857142857142858,187,1,78,118,0.443010102669339
6a7fd8e7700f451f4ed7e472,12,0,9.125,187,1,72,114,0.3184732480020269
6a7fd8e7700f451f4ed7e472,11,0,9.88888888888889,187,1,66,98,0.4993730767000104
6a7fd8e7700f451f4ed7e472,10,1,9.5,187,1,60,92,0.41556223828919203
6a7fd8e7700f451f4ed7e472,9,1,9.363636363636363,187,1,54,84,0.3848080715102587
6a7fd8e7700f451f4ed7e472,8,1,9.333333333333334,187,1,48,75,0.38133565671441194
6a7fd8e7700f451f4ed7e472,7,1,9.692307692307692,187,1,42,61,0.5486055372392271
6a7fd8e7700f451f4ed7e472,6,2,9.928571428571429,187,1,36,48,0.7021233378018232
6a7fd8e7700f451f4ed7e472,5,2,9.533333333333333,187,1,30,44,0.5244342542594338
6a7fd8e7700f451f4ed7e472,4,3,9.4375,187,1,24,36,0.4857381671179579
6a7fd8e7700f451f4ed7e472,3,3,9.117647058823529,187,1,18,32,0.25073569008156027
6a7fd8e7700f451f4ed7e472,2,3,9.222222222222221,187,1,12,21,0.31152017586717584
6a7fd8e7700f451f4ed7e472,1,3,9.578947368421053,187,1,6,5,0.8420477732000872
6a7fd8e7700f451f4ed7e476,19,0,17,188,1,114,171,0.45653401739093846
6a7fd8e7700f451f4ed7e476,18,1,10,188,1,108,168,0.33143496229283775
6a7fd8e7700f451f4ed7e476,17,1,9.666666666666666,188,1,102,159,0.330989990963642
6a7fd8e7700f451f4ed7e476,16,1,8.75,188,1,96,153,0.27102167794046805
6a7fd8e7700f451f4ed7e476,15,2,9.6,188,1,90,140,0.34561848432520587
6a7fd8e7700f451f4ed7e476,14,2,10.833333333333334,188,1,84,123,0.5353714082293769
6a7fd8e7700f451f4ed7e476,13,2,10.857142857142858,188,1,78,112,0.5923718481447667
6a7fd8e7700f451f4ed7e476,12,3,9.625,188,1,72,111,0.38654420947704266
6a7fd8e7700f451f4ed7e476,11,3,9.333333333333334,188,1,66,104,0.3357034436940385
6a7fd8e7700f451f4ed7e476,10,5,8.6,188,1,60,102,0.16873376840292748
6a7fd8e7700f451f4ed7e476,9,5,9.363636363636363,188,1,54,85,0.34322763210362645
6a7fd8e7700f451f4ed7e476,8,5,9.916666666666666,188,1,48,69,0.5610335916773836
6a7fd8e7700f451f4ed7e476,7,5,10.538461538461538,188,1,42,51,0.8389439130628341
6a7fd8e7700f451f4ed7e476,6,5,10,188,1,36,48,0.6973946359296141
6a7fd8e7700f451f4ed7e476,5,5,10.466666666666667,188,1,30,31,0.9321077692612307
6a7fd8e7700f451f4ed7e476,4,5,10.375,188,1,24,22,0.9582108690606501
6a7fd8e7700f451f4ed7e476,3,6,10.235294117647058,188,1,18,14,0.9719450362961126
6a7fd8e7700f451f4ed7e476,2,6,9.944444444444445,188,1,12,9,0.9504405097386011
6a7fd8e7700f451f4ed7e476,1,6,9.68421052631579,188,1,6,4,0.9060397750987319
6a7fd8e7700f451f4ed7e47a,19,0,8,155,1,114,147,0.8786550457181486
6a7fd8e7700f451f4ed7e47a,18,0,6,155,1,108,143,0.8271681173513395
6a7fd8e7700f451f4ed7e47a,17,0,6.333333333333333,155,1,102,136,0.8078072996021306
6a7fd8e7700f451f4ed7e47a,16,0,6,155,1,96,131,0.7485565042208137
6a7fd8e7700f451f4ed7e47a,15,0,6.8,155,1,90,121,0.7775123441057585
6a7fd8e7700f451f4ed7e47a,14,1,6.833333333333333,155,1,84,114,0.7471372693162611
6a7fd8e7700f451f4ed7e47a,13,1,6.857142857142857,155,1,78,107,0.7154806467878533
6a7fd8e7700f451f4ed7e47a,12,1,8.125,155,1,72,90,0.8778678160303952
6a7fd8e7700f451f4ed7e47a,11,1,8,155,1,66,83,0.860020111629141
6a7fd8e7700f451f4ed7e47a,10,1,8.1,155,1,60,74,0.8741489015479462
6a7fd8e7700f451f4ed7e47a,9,2,7.909090909090909,155,1,54,68,0.8342167762326088
6a7fd8e7700f451f4ed7e47a,8,3,8.083333333333334,155,1,48,58,0.8704486441922782
6a7fd8e7700f451f4ed7e47a,7,3,7.615384615384615,155,1,42,56,0.7158916333846991
6a7fd8e7700f451f4ed7e47a,6,3,7.928571428571429,155,1,36,44,0.8243262183982415
6a7fd8e7700f451f4ed7e47a,5,4,8.4,155,1,30,29,0.9599574661135983
6a7fd8e7700f451f4ed7e47a,4,4,8.5625,155,1,24,18,0.9901164123326266
6a7fd8e7700f451f4ed7e47a,3,4,8.705882352941176,155,1,18,7,0.9996680820354911
6a7fd8e7700f451f4ed7e47a,2,4,8.38888888888889,155,1,12,4,0.9987645805395878
6a7fd8e7700f451f4ed7e47e,19,1,8,169,1,114,161,0.6517957914385384
6a7fd8e7700f451f4ed7e47e,18,1,11.5,169,1,108,146,0.7715914630172731
6a7fd8e7700f451f4ed7e47e,17,1,10.666666666666666,169,1,102,137,0.7846302596611093
6a7fd8e7700f451f4ed7e47e,16,1,9.25,169,1,96,132,0.7246932492176299
6a7fd8e7700f451f4ed7e47e,15,1,8.6,169,1,90,126,0.6729986277957696
6a7fd8e7700f451f4ed7e47e,14,1,8.5,169,1,84,118,0.6599035565677335
6a7fd8e7700f451f4ed7e47e,13,1,8.428571428571429,169,1,78,110,0.6451062666599608
6a7fd8e7700f451f4ed7e47e,12,1,9,169,1,72,97,0.7491900227256949
6a7fd8e7700f451f4ed7e47e,11,2,8.555555555555555,169,1,66,92,0.6625097960431385
6a7fd8e7700f451f4ed7e47e,10,2,8.2,169,1,60,87,0.5603403427987106
6a7fd8e7700f451f4ed7e47e,9,3,8.636363636363637,169,1,54,74,0.684574882599003
6a7fd8e7700f451f4ed7e47e,8,3,8.5,169,1,48,67,0.6382013580841052
6a7fd8e7700f451f4ed7e47e,7,3,9.076923076923077,169,1,42,51,0.8498517655393351
6a7fd8e7700f451f4ed7e47e,6,3,8.785714285714286,169,1,36,46,0.7671007304295534
6a7fd8e7700f451f4ed7e47e,5,4,8.4,169,1,30,43,0.5656990200408151
6a7fd8e7700f451f4ed7e47e,4,5,8.125,169,1,24,39,0.3529537075200363
6a7fd8e7700f451f4ed7e47e,3,5,8.411764705882353,169,1,18,26,0.5422143451655421
6a7fd8e7700f451f4ed7e47e,2,5,8.444444444444445,169,1,12,17,0.5581741687649672
6a7fd8e7700f451f4ed7e47e,1,5,8.421052631578947,169,1,6,9,0.4982163602295661
6a7fd8e7700f451f4ed7e482,19,0,4,167,1,114,163,0.6230932764034727
6a7fd8e7700f451f4ed7e482,18,0,6,167,1,108,155,0.6098554702927377
6a7fd8e7700f451f4ed7e482,17,0,4.666666666666667,167,1,102,153,0.4614073124591613
6a7fd8e7700f451f4ed7e482,16,2,3.75,167,1,96,152,0.28573722765623616
6a7fd8e7700f451f4ed7e482,15,2,4.6,167,1,90,144,0.26469493949436285
6a7fd8e7700f451f4ed7e482,14,2,4.833333333333333,167,1,84,138,0.206581838229785
6a7fd8e7700f451f4ed7e482,13,2,6,167,1,78,125,0.277331580396419
6a7fd8e7700f451f4ed7e482,12,2,7.375,167,1,72,108,0.46814634696448426
6a7fd8e7700f451f4ed7e482,11,2,7.333333333333333,167,1,66,101,0.4158124256826584
6a7fd8e7700f451f4ed7e482,10,2,8,167,1,60,87,0.5603403427987106
6a7fd8e7700f451f4ed7e482,9,2,8.181818181818182,167,1,54,77,0.5977028883283942
6a7fd8e7700f451f4ed7e482,8,2,8.166666666666666,167,1,48,69,0.574708188897948
6a7fd8e7700f451f4ed7e482,7,2,8.846153846153847,167,1,42,52,0.8271369256759177
6a7fd8e7700f451f4ed7e482,6,2,9.357142857142858,167,1,36,36,0.9629053811640503
6a7fd8e7700f451f4ed7e482,5,3,9.533333333333333,167,1,30,24,0.9917931796745986
6a7fd8e7700f451f4ed7e482,4,3,9.5625,167,1,24,14,0.9986399815055376
6a7fd8e7700f451f4ed7e482,3,3,9.470588235294118,167,1,18,6,0.9998831136269395
6a7fd8e7700f451f4ed7e482,2,5,9.11111111111111,167,1,12,3,0.999676889622453
6a7fd8e7700f451f4ed7e486,19,1,5,170,1,114,165,0.5726120794062554
6a7fd8e7700f451f4ed7e486,18,1,4,170,1,108,162,0.4537222313766709
6a7fd8e7700f451f4ed7e486,17,2,4,170,1,102,158,0.34387020159512954
6a7fd8e7700f451f4ed7e486,16,2,7,170,1,96,142,0.49834437095825546
6a7fd8e7700f451f4ed7e486,15,3,6.6,170,1,90,137,0.4003292522038362
6a7fd8e7700f451f4ed7e486,14,5,6.666666666666667,170,1,84,130,0.30446327670707973
6a7fd8e7700f451f4ed7e486,13,5,7.428571428571429,170,1,78,118,0.37896449303134894
6a7fd8e7700f451f4ed7e486,12,5,7.5,170,1,72,110,0.3713808203775031
6a7fd8e7700f451f4ed7e486,11,5,7.333333333333333,170,1,66,104,0.3116047042476585
6a7fd8e7700f451f4ed7e486,10,5,8.4,170,1,60,86,0.5552121633898923
6a7fd8e7700f451f4ed7e486,9,5,8.545454545454545,170,1,54,76,0.6034311190105225
6a7fd8e7700f451f4ed7e486,8,5,8.916666666666666,170,1,48,63,0.7383567573887065
6a7fd8e7700f451f4ed7e486,7,5,8.923076923076923,170,1,42,54,0.7645814155336862
6a7fd8e7700f451f4ed7e486,6,5,8.571428571428571,170,1,36,50,0.6268498634020546
6a7fd8e7700f451f4ed7e486,5,6,8.933333333333334,170,1,30,36,0.8104216679392648
6a7fd8e7700f451f4ed7e486,4,6,9.25,170,1,24,22,0.9538849972391101
6a7fd8e7700f451f4ed7e486,3,7,9.176470588235293,170,1,18,14,0.9623312296815504
6a7fd8e7700f451f4ed7e486,2,7,9.055555555555555,170,1,12,7,0.9805655288343462
6a7fd8e7700f451f4ed7e486,1,7,9.105263157894736,170,1,6,-3,1
6a7fd8e7700f451f4ed7e48a,19,0,8,201,0,114,193,0.10681350219149563
6a7fd8e7700f451f4ed7e48a,18,1,5,201,0,108,191,0.05110293796770468
6a7fd8e7700f451f4ed7e48a,17,2,5.666666666666667,201,0,102,184,0.037325487874892475
6a7fd8e7700f451f4ed7e48a,16,2,5.5,201,0,96,179,0.02078070359011937
6a7fd8e7700f451f4ed7e48a,15,3,5.4,201,0,90,174,0.010271197423991858
6a7fd8e7700f451f4ed7e48a,14,3,5.833333333333333,201,0,84,166,0.007421131069167445
6a7fd8e7700f451f4ed7e48a,13,3,6.857142857142857,201,0,78,153,0.011335609057964834
6a7fd8e7700f451f4ed7e48a,12,4,6.25,201,0,72,151,0.002741140064476852
6a7fd8e7700f451f4ed7e48a,11,4,6.333333333333333,201,0,66,144,0.0013541118670652014
6a7fd8e7700f451f4ed7e48a,10,4,6.1,201,0,60,140,0.0002977362754373894
6a7fd8e7700f451f4ed7e48a,9,4,6.181818181818182,201,0,54,133,0.00010154580869720597
6a7fd8e7700f451f4ed7e48a,8,4,6.583333333333333,201,0,48,122,0.00008476125725729574
6a7fd8e7700f451f4ed7e48a,7,4,7.384615384615385,201,0,42,105,0.0003529265637892947
6a7fd8e7700f451f4ed7e48a,6,4,8,201,0,36,89,0.0011288171325928521
6a7fd8e7700f451f4ed7e48a,5,4,8.266666666666667,201,0,30,77,0.001220235362503286
6a7fd8e7700f451f4ed7e48a,4,4,8,201,0,24,73,0.00007869238581174675
6a7fd8e7700f451f4ed7e48a,3,5,8.176470588235293,201,0,18,62,0.000028599041123016378
6a7fd8e7700f451f4ed7e48a,2,6,8.277777777777779,201,0,12,52,0.0000022567645549967305
6a7fd8e7700f451f4ed7e48a,1,6,8.421052631578947,201,0,6,41,8.454661831087357e-9
6a7fd8e7700f451f4ed7e48e,19,0,6,197,0,114,191,0.12666824944565946
6a7fd8e7700f451f4ed7e48e,18,0,8,197,0,108,181,0.13287814363258835
6a7fd8e7700f451f4ed7e48e,17,0,8,197,0,102,173,0.11692482818963436
6a7fd8e7700f451f4ed7e48e,16,0,10.25,197,0,96,156,0.21939880043894197
6a7fd8e7700f451f4ed7e48e,15,1,9.4,197,0,90,150,0.16678836847356318
6a7fd8e7700f451f4ed7e48e,14,1,9.666666666666666,197,0,84,139,0.1912717213710681
6a7fd8e7700f451f4ed7e48e,13,1,9.142857142857142,197,0,78,133,0.13967903132407702
6a7fd8e7700f451f4ed7e48e,12,2,8.875,197,0,72,126,0.10668895132779056
6a7fd8e7700f451f4ed7e48e,11,3,9.333333333333334,197,0,66,113,0.15198588139475092
6a7fd8e7700f451f4ed7e48e,10,3,9.2,197,0,60,105,0.12817256291947646
6a7fd8e7700f451f4ed7e48e,9,3,9.272727272727273,197,0,54,95,0.13321127205764385
6a7fd8e7700f451f4ed7e48e,8,3,9.083333333333334,197,0,48,88,0.09371924299195267
6a7fd8e7700f451f4ed7e48e,7,4,9,197,0,42,80,0.07022366730231218
6a7fd8e7700f451f4ed7e48e,6,6,8.714285714285714,197,0,36,75,0.027567022672951882
6a7fd8e7700f451f4ed7e48e,5,6,8.333333333333334,197,0,30,72,0.004702318418241872
6a7fd8e7700f451f4ed7e48e,4,6,8.6875,197,0,24,58,0.009205798589775322
6a7fd8e7700f451f4ed7e48e,3,6,8.411764705882353,197,0,18,54,0.0007211660887607467
6a7fd8e7700f451f4ed7e48e,2,6,8.722222222222221,197,0,12,40,0.0009537362100087003
6a7fd8e7700f451f4ed7e48e,1,6,8.631578947368421,197,0,6,33,0.000005760038163150046
6a7fd8e7700f451f4ed7e492,19,1,6,180,0,114,174,0.38879674920079693
6a7fd8e7700f451f4ed7e492,18,1,4.5,180,0,108,171,0.2759953740900733
6a7fd8e7700f451f4ed7e492,17,2,3.6666666666666665,180,0,102,169,0.16052971523110943
6a7fd8e7700f451f4ed7e492,16,3,5,180,0,96,160,0.1512129930234138
6a7fd8e7700f451f4ed7e492,15,4,5.6,180,0,90,152,0.12722200565684055
6a7fd8e7700f451f4ed7e492,14,4,5.833333333333333,180,0,84,145,0.10253919696633965
6a7fd8e7700f451f4ed7e492,13,4,6.571428571428571,180,0,78,134,0.12037969568822476
6a7fd8e7700f451f4ed7e492,12,4,8.5,180,0,72,112,0.35166628657443744
6a7fd8e7700f451f4ed7e492,11,4,8.333333333333334,180,0,66,105,0.3053858401968616
6a7fd8e7700f451f4ed7e492,10,4,8.5,180,0,60,95,0.3281907602891924
6a7fd8e7700f451f4ed7e492,9,4,8.363636363636363,180,0,54,88,0.2735594137813756
6a7fd8e7700f451f4ed7e492,8,4,8.5,180,0,48,78,0.29255022852427204
6a7fd8e7700f451f4ed7e492,7,5,8.615384615384615,180,0,42,68,0.3104237604673188
6a7fd8e7700f451f4ed7e492,6,5,9.071428571428571,180,0,36,53,0.5151901479701548
6a7fd8e7700f451f4ed7e492,5,5,8.733333333333333,180,0,30,49,0.3259965892967507
6a7fd8e7700f451f4ed7e492,4,5,8.4375,180,0,24,45,0.1511146410316655
6a7fd8e7700f451f4ed7e492,3,5,8.529411764705882,180,0,18,35,0.1488242124748042
6a7fd8e7700f451f4ed7e492,2,5,8.444444444444445,180,0,12,28,0.06506403158298421
6a7fd8e7700f451f4ed7e492,1,5,8.421052631578947,180,0,6,20,0.01504402129773149
6a7fd8e7700f451f4ed7e496,19,1,7,159,0,114,152,0.8030371842007316
6a7fd8e7700f451f4ed7e496,18,2,8,159,0,108,143,0.7945248370957199
6a7fd8e7700f451f4ed7e496,17,2,8.333333333333334,159,0,102,134,0.8129195707739462
6a7fd8e7700f451f4ed7e496,16,2,9,159,0,96,123,0.8564169519809115
6a7fd8e7700f451f4ed7e496,15,4,8.8,159,0,90,115,0.783728362865906
6a7fd8e7700f451f4ed7e496,14,4,8.833333333333334,159,0,84,106,0.8145085990887824
6a7fd8e7700f451f4ed7e496,13,5,8,159,0,78,103,0.6843862444921627
6a7fd8e7700f451f4ed7e496,12,5,8.125,159,0,72,94,0.7217442478833742
6a7fd8e7700f451f4ed7e496,11,5,7.444444444444445,159,0,66,92,0.6081748335565452
6a7fd8e7700f451f4ed7e496,10,5,7.6,159,0,60,83,0.6344714031059564
6a7fd8e7700f451f4ed7e496,9,6,7.090909090909091,159,0,54,81,0.42056126740895394
6a7fd8e7700f451f4ed7e496,8,6,6.833333333333333,159,0,48,77,0.2976148454605864
6a7fd8e7700f451f4ed7e496,7,6,6.6923076923076925,159,0,42,72,0.19677635548999045
6a7fd8e7700f451f4ed7e496,6,6,7.142857142857143,159,0,36,59,0.2959741367193257
6a7fd8e7700f451f4ed7e496,5,6,6.8,159,0,30,57,0.10862954309918618
6a7fd8e7700f451f4ed7e496,4,7,6.5625,159,0,24,54,0.02448139277792498
6a7fd8e7700f451f4ed7e496,3,7,6.823529411764706,159,0,18,43,0.02377413029452935
6a7fd8e7700f451f4ed7e496,2,7,6.833333333333333,159,0,12,36,0.004795517074053132
6a7fd8e7700f451f4ed7e496,1,7,7.473684210526316,159,0,6,17,0.05224301287365936
6a7fd8e7700f451f4ed7e49a,19,0,5,218,0,114,213,0.012578736588594909
6a7fd8e7700f451f4ed7e49a,18,0,6,218,0,108,206,0.008435485954359388
6a7fd8e7700f451f4ed7e49a,17,0,6.333333333333333,218,0,102,199,0.005398581049490389
6a7fd8e7700f451f4ed7e49a,16,1,6.25,218,0,96,193,0.0027860571616056466
6a7fd8e7700f451f4ed7e49a,15,2,7.6,218,0,90,180,0.004215269322576879
6a7fd8e7700f451f4ed7e49a,14,2,9.666666666666666,218,0,84,160,0.018119782228938234
6a7fd8e7700f451f4ed7e49a,13,2,9.714285714285714,218,0,78,150,0.017840787785163962
6a7fd8e7700f451f4ed7e49a,12,2,9.125,218,0,72,145,0.00791278749492257
6a7fd8e7700f451f4ed7e49a,11,2,8.88888888888889,218,0,66,138,0.00431591983300846
6a7fd8e7700f451f4ed7e49a,10,3,8.9,218,0,60,129,0.0031385517907157436
6a7fd8e7700f451f4ed7e49a,9,3,8.727272727272727,218,0,54,122,0.0013999446131940183
6a7fd8e7700f451f4ed7e49a,8,3,8.333333333333334,218,0,48,118,0.00024582930560123494
6a7fd8e7700f451f4ed7e49a,7,3,8.76923076923077,218,0,42,104,0.000460551358587299
6a7fd8e7700f451f4ed7e49a,6,3,9.571428571428571,218,0,36,84,0.003996144537764536
6a7fd8e7700f451f4ed7e49a,5,3,9.4,218,0,30,77,0.0012202754986919953
6a7fd8e7700f451f4ed7e49a,4,4,9.0625,218,0,24,73,0.00007869238581174675
6a7fd8e7700f451f4ed7e49a,3,4,8.705882352941176,218,0,18,70,6.549337214772675e-7
6a7fd8e7700f451f4ed7e49a,2,4,8.61111111111111,218,0,12,63,1.959699120465501e-9
6a7fd8e7700f451f4ed7e49a,1,5,8.473684210526315,218,0,6,57,3.55740010797241e-15
6a7fd8e7700f451f4ed7e49e,19,1,7,190,1,114,183,0.22836294626841633
6a7fd8e7700f451f4ed7e49e,18,1,7,190,1,108,176,0.19548787929241693
6a7fd8e7700f451f4ed7e49e,17,1,7.333333333333333,190,1,102,168,0.17716881513339902
6a7fd8e7700f451f4ed7e49e,16,1,10.25,190,1,96,149,0.350563978802874
6a7fd8e7700f451f4ed7e49e,15,1,10.8,190,1,90,136,0.4398883152875868
6a7fd8e7700f451f4ed7e49e,14,1,10,190,1,84,130,0.37024339669570294
6a7fd8e7700f451f4ed7e49e,13,1,11.571428571428571,190,1,78,109,0.6691997476991994
6a7fd8e7700f451f4ed7e49e,12,2,12,190,1,72,94,0.8082776654532136
6a7fd8e7700f451f4ed7e49e,11,3,11.88888888888889,190,1,66,83,0.8527713083084683
6a7fd8e7700f451f4ed7e49e,10,3,11.2,190,1,60,78,0.7937823676624951
6a7fd8e7700f451f4ed7e49e,9,3,10.818181818181818,190,1,54,71,0.7643406619201014
6a7fd8e7700f451f4ed7e49e,8,3,10.583333333333334,190,1,48,63,0.7558193746448105
6a7fd8e7700f451f4ed7e49e,7,3,10.23076923076923,190,1,42,57,0.684257721436255
6a7fd8e7700f451f4ed7e49e,6,4,10.428571428571429,190,1,36,44,0.8234598923756402
6a7fd8e7700f451f4ed7e49e,5,4,10.2,190,1,30,37,0.7922341098881042
6a7fd8e7700f451f4ed7e49e,4,4,10.1875,190,1,24,27,0.8556606191108496
6a7fd8e7700f451f4ed7e49e,3,5,10.058823529411764,190,1,18,19,0.8664696731615396
6a7fd8e7700f451f4ed7e49e,2,6,10.166666666666666,190,1,12,7,0.9829316593753655
6a7fd8e7700f451f4ed7e4a2,19,0,13,152,1,114,139,0.9440133873943445
6a7fd8e7700f451f4ed7e4a2,18,0,17,152,1,108,118,0.9888602988614871
6a7fd8e7700f451f4ed7e4a2,17,0,15.666666666666666,152,1,102,105,0.9953713539171076
6a7fd8e7700f451f4ed7e4a2,16,0,13.5,152,1,96,98,0.9958963623005979
6a7fd8e7700f451f4ed7e4a2,15,0,12.6,152,1,90,89,0.9973388416975009
6a7fd8e7700f451f4ed7e4a2,14,0,11.333333333333334,152,1,84,84,0.9962838918757496
6a7fd8e7700f451f4ed7e4a2,13,0,11.714285714285714,152,1,78,70,0.9992569931401005
6a7fd8e7700f451f4ed7e4a2,12,0,11.5,152,1,72,60,0.9997160369687164
6a7fd8e7700f451f4ed7e4a2,11,0,10.777777777777779,152,1,66,55,0.9995760580007832
6a7fd8e7700f451f4ed7e4a2,10,0,11,152,1,60,42,0.9999606259536236
6a7fd8e7700f451f4ed7e4a2,9,1,10.545454545454545,152,1,54,36,0.9999529851006235
6a7fd8e7700f451f4ed7e4a2,8,1,9.916666666666666,152,1,48,33,0.9998533720959543
6a7fd8e7700f451f4ed7e4a2,7,2,9.615384615384615,152,1,42,27,0.9998464513240178
6a7fd8e7700f451f4ed7e4a2,6,2,9.428571428571429,152,1,36,20,0.9999288967400952
6a7fd8e7700f451f4ed7e4a2,5,2,9.866666666666667,152,1,30,4,0.9999999945616205
6a7fd8e7700f451f4ed7e4a6,19,0,17,151,1,114,134,0.9672755487742172
6a7fd8e7700f451f4ed7e4a6,18,1,12.5,151,1,108,126,0.9611212463318926
6a7fd8e7700f451f4ed7e4a6,17,2,13.666666666666666,151,1,102,110,0.9729606278214596
6a7fd8e7700f451f4ed7e4a6,16,2,11.5,151,1,96,105,0.9736087532499985
6a7fd8e7700f451f4ed7e4a6,15,2,9.6,151,1,90,103,0.9600491492879536
6a7fd8e7700f451f4ed7e4a6,14,2,9.166666666666666,151,1,84,96,0.9605298907627237
6a7fd8e7700f451f4ed7e4a6,13,2,10.285714285714286,151,1,78,79,0.9906780936152488
6a7fd8e7700f451f4ed7e4a6,12,2,9.75,151,1,72,73,0.9902073512957071
6a7fd8e7700f451f4ed7e4a6,11,2,11,151,1,66,52,0.9993821445543575
6a7fd8e7700f451f4ed7e4a6,10,4,10.7,151,1,60,44,0.9960835041007803
6a7fd8e7700f451f4ed7e4a6,9,4,10.454545454545455,151,1,54,36,0.9982525112187848
6a7fd8e7700f451f4ed7e4a6,8,4,10.166666666666666,151,1,48,29,0.9992629182940509
6a7fd8e7700f451f4ed7e4a6,7,4,10.23076923076923,151,1,42,18,0.9998885967494543
6a7fd8e7700f451f4ed7e4a6,6,4,9.714285714285714,151,1,36,15,0.9999420971135166
6a7fd8e7700f451f4ed7e4a6,5,4,10,151,1,30,1,0.9999999612174715
6a7fd8e7700f451f4ed7e4aa,19,0,5,162,1,114,157,0.7367991639289307
6a7fd8e7700f451f4ed7e4aa,18,0,5,162,1,108,152,0.6714425563300875
6a7fd8e7700f451f4ed7e4aa,17,0,5.666666666666667,162,1,102,145,0.6382713070133742
6a7fd8e7700f451f4ed7e4aa,16,0,7.75,162,1,96,131,0.7485565042208137
6a7fd8e7700f451f4ed7e4aa,15,0,9.4,162,1,90,115,0.8726393506046026
6a7fd8e7700f451f4ed7e4aa,14,0,8.5,162,1,84,111,0.8064871451104274
6a7fd8e7700f451f4ed7e4aa,13,0,7.857142857142857,162,1,78,107,0.7166280922654643
6a7fd8e7700f451f4ed7e4aa,12,0,7.875,162,1,72,99,0.7038407181007754
6a7fd8e7700f451f4ed7e4aa,11,0,8.11111111111111,162,1,66,89,0.7389793123160073
6a7fd8e7700f451f4ed7e4aa,10,1,8.1,162,1,60,81,0.7269939605604152
6a7fd8e7700f451f4ed7e4aa,9,2,8.545454545454545,162,1,54,68,0.8342167762326088
6a7fd8e7700f451f4ed7e4aa,8,2,8.833333333333334,162,1,48,56,0.9052650392323346
6a7fd8e7700f451f4ed7e4aa,7,2,9.384615384615385,162,1,42,40,0.9836224533221065
6a7fd8e7700f451f4ed7e4aa,6,4,9.214285714285714,162,1,36,33,0.9824387884232345
6a7fd8e7700f451f4ed7e4aa,5,4,8.866666666666667,162,1,30,29,0.9599574661135983
6a7fd8e7700f451f4ed7e4aa,4,5,8.9375,162,1,24,19,0.9847480907911453
6a7fd8e7700f451f4ed7e4aa,3,5,9.117647058823529,162,1,18,7,0.9996332980291261
6a7fd8e7700f451f4ed7e4ae,19,0,7,153,1,114,146,0.8890567364974277
6a7fd8e7700f451f4ed7e4ae,18,0,8,153,1,108,137,0.8993004010106207
6a7fd8e7700f451f4ed7e4ae,17,0,8,153,1,102,129,0.899091524297189
6a7fd8e7700f451f4ed7e4ae,16,0,7.25,153,1,96,124,0.8621608326163153
6a7fd8e7700f451f4ed7e4ae,15,0,7.4,153,1,90,116,0.859037323255589
6a7fd8e7700f451f4ed7e4ae,14,0,7.333333333333333,153,1,84,109,0.840113164155547
6a7fd8e7700f451f4ed7e4ae,13,0,7.857142857142857,153,1,78,98,0.8809767471975479
6a7fd8e7700f451f4ed7e4ae,12,0,7.5,153,1,72,93,0.8301346665900045
6a7fd8e7700f451f4ed7e4ae,11,1,8,153,1,66,81,0.8906867134530811
6a7fd8e7700f451f4ed7e4ae,10,1,8,153,1,60,73,0.8897778237559659
6a7fd8e7700f451f4ed7e4ae,9,3,8,153,1,54,65,0.8869197121523477
6a7fd8e7700f451f4ed7e4ae,8,3,8,153,1,48,57,0.8882476712606328
6a7fd8e7700f451f4ed7e4ae,7,3,7.769230769230769,153,1,42,52,0.8267467638521188
6a7fd8e7700f451f4ed7e4ae,6,3,7.785714285714286,153,1,36,44,0.8243262183982415
6a7fd8e7700f451f4ed7e4ae,5,3,8.2,153,1,30,30,0.948521827521697
6a7fd8e7700f451f4ed7e4ae,4,4,8.125,153,1,24,23,0.9448815635627464
6a7fd8e7700f451f4ed7e4ae,3,4,8.647058823529411,153,1,18,6,0.9998810380037816
6a7fd8e7700f451f4ed7e4ae,2,4,8.555555555555555,153,1,12,-1,1
6a7fd8e7700f451f4ed7e4b2,19,0,11,151,1,114,140,0.937923424796322
6a7fd8e7700f451f4ed7e4b2,18,1,8,151,1,108,135,0.9074431127076825
6a7fd8e7700f451f4ed7e4b2,17,1,7.333333333333333,151,1,102,129,0.8916741181315917
6a7fd8e7700f451f4ed7e4b2,16,2,8.5,151,1,96,117,0.9169851325027999
6a7fd8e7700f451f4ed7e4b2,15,2,9.6,151,1,90,103,0.9600491492879536
6a7fd8e7700f451f4ed7e4b2,14,2,9.5,151,1,84,94,0.9694277351715381
6a7fd8e7700f451f4ed7e4b2,13,2,9.714285714285714,151,1,78,83,0.9830700579769226
6a7fd8e7700f451f4ed7e4b2,12,2,10.25,151,1,72,69,0.9951280427038238
6a7fd8e7700f451f4ed7e4b2,11,2,10.222222222222221,151,1,66,59,0.9977859592222665
6a7fd8e7700f451f4ed7e4b2,10,2,9.5,151,1,60,56,0.9953951989004433
6a7fd8e7700f451f4ed7e4b2,9,4,9.272727272727273,151,1,54,49,0.9904704032195293
6a7fd8e7700f451f4ed7e4b2,8,4,8.916666666666666,151,1,48,44,0.9895651872434618
6a7fd8e7700f451f4ed7e4b2,7,4,8.76923076923077,151,1,42,37,0.9914135887125634
6a7fd8e7700f451f4ed7e4b2,6,4,9,151,1,36,25,0.9987121906916864
6a7fd8e7700f451f4ed7e4b2,5,5,9,151,1,30,16,0.9993457255008358
6a7fd8e7700f451f4ed7e4b2,4,6,8.625,151,1,24,13,0.997451312891933
6a7fd8e7700f451f4ed7e4b2,3,6,8.352941176470589,151,1,18,9,0.9975989890127268
6a7fd8e7700f451f4ed7e4b2,2,6,8.277777777777779,151,1,12,2,0.999911507509861
6a7fd8e7700f451f4ed7e4b6,19,0,4,188,0,114,184,0.2163083076127084
6a7fd8e7700f451f4ed7e4b6,18,0,6.5,188,0,108,175,0.21249121092520992
6a7fd8e7700f451f4ed7e4b6,17,1,7,188,0,102,167,0.19152956514258976
6a7fd8e7700f451f4ed7e4b6,16,1,7.25,188,0,96,159,0.1723093003257271
6a7fd8e7700f451f4ed7e4b6,15,1,7.6,188,0,90,150,0.16678836847356318
6a7fd8e7700f451f4ed7e4b6,14,1,7.666666666666667,188,0,84,142,0.14659859586734425
6a7fd8e7700f451f4ed7e4b6,13,1,7.571428571428571,188,0,78,135,0.11434180421078811
6a7fd8e7700f451f4ed7e4b6,12,1,7.625,188,0,72,127,0.09575573261149899
6a7fd8e7700f451f4ed7e4b6,11,1,7.555555555555555,188,0,66,120,0.0689234146209733
6a7fd8e7700f451f4ed7e4b6,10,1,8.6,188,0,60,102,0.177573509734675
6a7fd8e7700f451f4ed7e4b6,9,1,9,188,0,54,89,0.2517500268542682
6a7fd8e7700f451f4ed7e4b6,8,1,8.5,188,0,48,86,0.12196226291107055
6a7fd8e7700f451f4ed7e4b6,7,2,8.23076923076923,188,0,42,81,0.06016875806587911
6a7fd8e7700f451f4ed7e4b6,6,2,8.214285714285714,188,0,36,73,0.04079916021681781
6a7fd8e7700f451f4ed7e4b6,5,2,8.133333333333333,188,0,30,66,0.019685103672434003
6a7fd8e7700f451f4ed7e4b6,4,2,8.5625,188,0,24,51,0.04881348872697778
6a7fd8e7700f451f4ed7e4b6,3,2,8.647058823529411,188,0,18,41,0.04007672059976956
6a7fd8e7700f451f4ed7e4b6,2,2,8.5,188,0,12,35,0.006960092602128021
6a7fd8e7700f451f4ed7e4b6,1,2,8.473684210526315,188,0,6,27,0.0003590891510788707
6a7fd8e7700f451f4ed7e4ba,19,0,11,232,0,114,221,0.004290458628594673
6a7fd8e7700f451f4ed7e4ba,18,0,10,232,0,108,212,0.0035944550002661663
6a7fd8e7700f451f4ed7e4ba,17,0,8.666666666666666,232,0,102,206,0.0018390423519771453
6a7fd8e7700f451f4ed7e4ba,16,0,8.5,232,0,96,198,0.0012200385368601574
6a7fd8e7700f451f4ed7e4ba,15,0,9.2,232,0,90,186,0.001569356242383624
6a7fd8e7700f451f4ed7e4ba,14,0,9,232,0,84,178,0.0009843871090129404
6a7fd8e7700f451f4ed7e4ba,13,0,8.857142857142858,232,0,78,170,0.0005805763718312617
6a7fd8e7700f451f4ed7e4ba,12,0,8,232,0,72,168,0.00008422520605351041
6a7fd8e7700f451f4ed7e4ba,11,0,8.444444444444445,232,0,66,156,0.00009937082968774076
6a7fd8e7700f451f4ed7e4ba,10,0,8.8,232,0,60,144,0.00011545024694284946
6a7fd8e7700f451f4ed7e4ba,9,0,9.454545454545455,232,0,54,128,0.00035327751850155504
6a7fd8e7700f451f4ed7e4ba,8,1,9.166666666666666,232,0,48,122,0.00008483381107897019
6a7fd8e7700f451f4ed7e4ba,7,1,8.923076923076923,232,0,42,116,0.000014307195131529255
6a7fd8e7700f451f4ed7e4ba,6,2,9.285714285714286,232,0,36,102,0.00002361081386943867
6a7fd8e7700f451f4ed7e4ba,5,2,9,232,0,30,97,0.0000012959404347062943
6a7fd8e7700f451f4ed7e4ba,4,2,8.9375,232,0,24,89,9.095264145343754e-8
6a7fd8e7700f451f4ed7e4ba,3,3,8.764705882352942,232,0,18,83,4.5932083505694706e-10
6a7fd8e7700f451f4ed7e4ba,2,3,8.333333333333334,232,0,12,82,7.15687872403271e-16
6a7fd8e7700f451f4ed7e4ba,1,3,8.473684210526315,232,0,6,71,4.285171921690555e-21
6a7fd8e7700f451f4ed7e4be,19,0,14,200,0,114,186,0.18745223394951233
6a7fd8e7700f451f4ed7e4be,18,1,10.5,200,0,108,179,0.15513021866719276
6a7fd8e7700f451f4ed7e4be,17,1,9,200,0,102,173,0.11616430572943694
6a7fd8e7700f451f4ed7e4be,16,1,8.75,200,0,96,165,0.10092785053290047
6a7fd8e7700f451f4ed7e4be,15,1,9,200,0,90,155,0.10530312785213841
6a7fd8e7700f451f4ed7e4be,14,1,10,200,0,84,140,0.1754946290392955
6a7fd8e7700f451f4ed7e4be,13,3,9,200,0,78,137,0.09120007389282885
6a7fd8e7700f451f4ed7e4be,12,3,9.5,200,0,72,124,0.13075895809798255
6a7fd8e7700f451f4ed7e4be,11,4,9.444444444444445,200,0,66,115,0.12103051371183714
6a7fd8e7700f451f4ed7e4be,10,6,9,200,0,60,110,0.06107570328915483
6a7fd8e7700f451f4ed7e4be,9,6,9.181818181818182,200,0,54,99,0.07338968107195731
6a7fd8e7700f451f4ed7e4be,8,6,8.833333333333334,200,0,48,94,0.036310533815945005
6a7fd8e7700f451f4ed7e4be,7,6,9.153846153846153,200,0,42,81,0.057967252218029425
6a7fd8e7700f451f4ed7e4be,6,6,9,200,0,36,74,0.0333149672591976
6a7fd8e7700f451f4ed7e4be,5,6,8.6,200,0,30,71,0.006054149484535119
6a7fd8e7700f451f4ed7e4be,4,6,9.0625,200,0,24,55,0.019657649218630332
6a7fd8e7700f451f4ed7e4be,3,6,9,200,0,18,47,0.007618924401184852
6a7fd8e7700f451f4ed7e4be,2,6,8.833333333333334,200,0,12,41,0.0006169335910480335
6a7fd8e7700f451f4ed7e4be,1,6,8.842105263157896,200,0,6,32,0.00001248652249644672
6a7fd8e7700f451f4ed7e4c2,19,0,11,156,1,114,145,0.8987832689374369
6a7fd8e7700f451f4ed7e4c2,18,0,10,156,1,108,136,0.908775974051355
6a7fd8e7700f451f4ed7e4c2,17,0,10.666666666666666,156,1,102,124,0.9415353235562971
6a7fd8e7700f451f4ed7e4c2,16,0,9.5,156,1,96,118,0.9271431140287705
6a7fd8e7700f451f4ed7e4c2,15,0,9,156,1,90,111,0.9180994730310454
6a7fd8e7700f451f4ed7e4c2,14,1,9,156,1,84,102,0.9251234468556542
6a7fd8e7700f451f4ed7e4c2,13,2,9.571428571428571,156,1,78,89,0.9594168329647388
6a7fd8e7700f451f4ed7e4c2,12,2,9.75,156,1,72,78,0.9769856073574631
6a7fd8e7700f451f4ed7e4c2,11,2,9.444444444444445,156,1,66,71,0.9759136621095835
6a7fd8e7700f451f4ed7e4c2,10,2,9.6,156,1,60,60,0.9885393226072198
6a7fd8e7700f451f4ed7e4c2,9,2,9.363636363636363,156,1,54,53,0.9881929460338952
6a7fd8e7700f451f4ed7e4c2,8,2,9.083333333333334,156,1,48,47,0.9843341448401327
6a7fd8e7700f451f4ed7e4c2,7,2,9.461538461538462,156,1,42,33,0.9981466418586938
6a7fd8e7700f451f4ed7e4c2,6,3,9.357142857142858,156,1,36,25,0.9990228475290498
6a7fd8e7700f451f4ed7e4c2,5,3,9.066666666666666,156,1,30,20,0.9984774587209708
6a7fd8e7700f451f4ed7e4c2,4,3,9.125,156,1,24,10,0.9999196532297968
6a7fd8e7700f451f4ed7e4c2,3,3,9,156,1,18,3,0.9999985186149282
6a7fd8e7700f451f4ed7e4c6,19,1,13,191,0,114,178,0.3126730339349564
6a7fd8e7700f451f4ed7e4c6,18,2,13,191,0,108,165,0.38034512662950276
6a7fd8e7700f451f4ed7e4c6,17,2,12.333333333333334,191,0,102,154,0.42639163780429
6a7fd8e7700f451f4ed7e4c6,16,2,11,191,0,96,147,0.38747231687821765
6a7fd8e7700f451f4ed7e4c6,15,2,11.6,191,0,90,133,0.5049885888994545
6a7fd8e7700f451f4ed7e4c6,14,2,10.166666666666666,191,0,84,130,0.3675340294724402
6a7fd8e7700f451f4ed7e4c6,13,2,10,191,0,78,121,0.36686270785724373
6a7fd8e7700f451f4ed7e4c6,12,3,9.75,191,0,72,113,0.33777354493147
6a7fd8e7700f451f4ed7e4c6,11,4,9.222222222222221,191,0,66,108,0.2392009436601514
6a7fd8e7700f451f4ed7e4c6,10,6,8.9,191,0,60,102,0.15259272065619894
6a7fd8e7700f451f4ed7e4c6,9,7,8.909090909090908,191,0,54,93,0.12356155702491348
6a7fd8e7700f451f4ed7e4c6,8,7,8.333333333333334,191,0,48,91,0.04989540236227706
6a7fd8e7700f451f4ed7e4c6,7,7,8,191,0,42,87,0.018811330256847607
6a7fd8e7700f451f4ed7e4c6,6,9,7.642857142857143,191,0,36,84,0.0015443908779439938
6a7fd8e7700f451f4ed7e4ca,19,1,1,164,0,114,163,0.6128043633286504
6a7fd8e7700f451f4ed7e4ca,18,1,10,164,0,108,144,0.8027079018111843
6a7fd8e7700f451f4ed7e4ca,17,1,9,164,0,102,137,0.7846302596611093
6a7fd8e7700f451f4ed7e4ca,16,2,7.75,164,0,96,133,0.6932965358642835
6a7fd8e7700f451f4ed7e4ca,15,2,8.2,164,0,90,123,0.7272534803768054
6a7fd8e7700f451f4ed7e4ca,14,3,7.333333333333333,164,0,84,120,0.5945927557580406
6a7fd8e7700f451f4ed7e4ca,13,3,7.571428571428571,164,0,78,111,0.607657128072813
6a7fd8e7700f451f4ed7e4ca,12,4,7.125,164,0,72,107,0.47533900070264506
6a7fd8e7700f451f4ed7e4ca,11,4,7.333333333333333,164,0,66,98,0.48495731047834245
6a7fd8e7700f451f4ed7e4ca,10,4,7,164,0,60,94,0.35415830718912916
6a7fd8e7700f451f4ed7e4ca,9,4,6.818181818181818,164,0,54,89,0.24946625655410182
6a7fd8e7700f451f4ed7e4ca,8,4,7.25,164,0,48,77,0.32033988639552025
6a7fd8e7700f451f4ed7e4ca,7,4,7.076923076923077,164,0,42,72,0.20556898606685617
6a7fd8e7700f451f4ed7e4ca,6,4,7.214285714285714,164,0,36,63,0.19118477905578712
6a7fd8e7700f451f4ed7e4ca,5,4,6.866666666666666,164,0,30,61,0.05448757278528577
6a7fd8e7700f451f4ed7e4ca,4,5,7,164,0,24,52,0.03934319493774223
6a7fd8e7700f451f4ed7e4ca,3,5,7.117647058823529,164,0,18,43,0.02393738452681411
6a7fd8e7700f451f4ed7e4ca,2,7,6.833333333333333,164,0,12,41,0.0006167381630915513
6a7fd8e7700f451f4ed7e4ca,1,7,7.052631578947368,164,0,6,30,0.00005145370217224238
6a7fd8e7700f451f4ed7e4ce,19,0,4,174,0,114,170,0.47743303714295826
6a7fd8e7700f451f4ed7e4ce,18,0,8,174,0,108,158,0.5457128736899441
6a7fd8e7700f451f4ed7e4ce,17,0,7.666666666666667,174,0,102,151,0.5060104959404595
6a7fd8e7700f451f4ed7e4ce,16,0,10,174,0,96,134,0.6886346452733977
6a7fd8e7700f451f4ed7e4ce,15,1,8.8,174,0,90,130,0.5818925613625887
6a7fd8e7700f451f4ed7e4ce,14,2,8,174,0,84,126,0.46211839672708277
6a7fd8e7700f451f4ed7e4ce,13,2,7.428571428571429,174,0,78,122,0.34344473656299096
6a7fd8e7700f451f4ed7e4ce,12,2,7.25,174,0,72,116,0.27254017786088475
6a7fd8e7700f451f4ed7e4ce,11,2,6.888888888888889,174,0,66,112,0.16896302512560032
6a7fd8e7700f451f4ed7e4ce,10,2,7.2,174,0,60,102,0.1774574803255172
6a7fd8e7700f451f4ed7e4ce,9,2,7.909090909090909,174,0,54,87,0.3015963866773874
6a7fd8e7700f451f4ed7e4ce,8,2,8.25,174,0,48,75,0.3812757431675118
6a7fd8e7700f451f4ed7e4ce,7,2,8.076923076923077,174,0,42,69,0.28466596580694165
6a7fd8e7700f451f4ed7e4ce,6,2,7.642857142857143,174,0,36,67,0.11015104129099551
6a7fd8e7700f451f4ed7e4ce,5,2,7.533333333333333,174,0,30,61,0.05449449046583454
6a7fd8e7700f451f4ed7e4ce,4,2,7.8125,174,0,24,49,0.07339454680272833
6a7fd8e7700f451f4ed7e4ce,3,2,7.9411764705882355,174,0,18,39,0.06455218217983538
6a7fd8e7700f451f4ed7e4ce,2,3,7.611111111111111,174,0,12,37,0.00326592088188454
6a7fd8e7700f451f4ed7e4ce,1,3,7.473684210526316,174,0,6,32,0.000012486522500189788
6a7fd8e7700f451f4ed7e4d2,19,0,10,172,1,114,162,0.6431121232791293
6a7fd8e7700f451f4ed7e4d2,18,0,9,172,1,108,154,0.6307484229750414
6a7fd8e7700f451f4ed7e4d2,17,0,9,172,1,102,145,0.6382713070133742
6a7fd8e7700f451f4ed7e4d2,16,0,8.5,172,1,96,138,0.6012975913412169
6a7fd8e7700f451f4ed7e4d2,15,0,8.8,172,1,90,128,0.6308304060074056
6a7fd8e7700f451f4ed7e4d2,14,0,9,172,1,84,118,0.6616422816011973
6a7fd8e7700f451f4ed7e4d2,13,0,9.142857142857142,172,1,78,108,0.6937920080375111
6a7fd8e7700f451f4ed7e4d2,12,0,9.5,172,1,72,96,0.7715048009000838
6a7fd8e7700f451f4ed7e4d2,11,0,9.444444444444445,172,1,66,87,0.7841247926022694
6a7fd8e7700f451f4ed7e4d2,10,1,9.4,172,1,60,78,0.7978258115365822
6a7fd8e7700f451f4ed7e4d2,9,1,9.727272727272727,172,1,54,65,0.8892490071585883
6a7fd8e7700f451f4ed7e4d2,8,2,9.083333333333334,172,1,48,63,0.7566486040331151
6a7fd8e7700f451f4ed7e4d2,7,2,9.384615384615385,172,1,42,50,0.8713668296449687
6a7fd8e7700f451f4ed7e4d2,6,4,9.285714285714286,172,1,36,42,0.8716247689986222
6a7fd8e7700f451f4ed7e4d2,5,4,9,172,1,30,37,0.7922341098881042
6a7fd8e7700f451f4ed7e4d2,4,4,9.0625,172,1,24,27,0.8556606191108496
6a7fd8e7700f451f4ed7e4d2,3,4,9.058823529411764,172,1,18,18,0.8972497927814246
6a7fd8e7700f451f4ed7e4d2,2,4,9.166666666666666,172,1,12,7,0.9831321141319667
6a7fd8e7700f451f4ed7e4d6,19,0,7,208,0,114,201,0.04991099425484444
6a7fd8e7700f451f4ed7e4d6,18,0,8.5,208,0,108,191,0.051520825113139476
6a7fd8e7700f451f4ed7e4d6,17,0,7.333333333333333,208,0,102,186,0.030193323199731135
6a7fd8e7700f451f4ed7e4d6,16,0,6.5,208,0,96,182,0.014174183647375254
6a7fd8e7700f451f4ed7e4d6,15,1,6.4,208,0,90,176,0.007841150273093836
6a7fd8e7700f451f4ed7e4d6,14,1,6.166666666666667,208,0,84,171,0.0033704812462722715
6a7fd8e7700f451f4ed7e4d6,13,1,7.142857142857143,208,0,78,158,0.005162407787663846
6a7fd8e7700f451f4ed7e4d6,12,1,7,208,0,72,152,0.0023267486124320096
6a7fd8e7700f451f4ed7e4d6,11,1,7.555555555555555,208,0,66,140,0.002980839403063622
6a7fd8e7700f451f4ed7e4d6,10,1,8.1,208,0,60,127,0.004617628679347702
6a7fd8e7700f451f4ed7e4d6,9,2,7.636363636363637,208,0,54,124,0.0008976183174253796
6a7fd8e7700f451f4ed7e4d6,8,3,7.666666666666667,208,0,48,116,0.00040894857233903865
6a7fd8e7700f451f4ed7e4d6,7,3,7.230769230769231,208,0,42,114,0.000026617679917125937
6a7fd8e7700f451f4ed7e4d6,6,3,8.071428571428571,208,0,36,95,0.00020990287755828291
6a7fd8e7700f451f4ed7e4d6,5,3,8.466666666666667,208,0,30,81,0.0003715701158173474
6a7fd8e7700f451f4ed7e4d6,4,4,8.5625,208,0,24,71,0.00016260256026477457
6a7fd8e7700f451f4ed7e4d6,3,4,8.176470588235293,208,0,18,69,0.0000010814316017000851
6a7fd8e7700f451f4ed7e4d6,2,4,8.333333333333334,208,0,12,58,5.7178350338338665e-8
6a7fd8e7700f451f4ed7e4d6,1,4,8.894736842105264,208,0,6,39,4.7327882786009856e-8
6a7fd8e7700f451f4ed7e4da,19,2,2,200,0,114,198,0.06469924359331088
6a7fd8e7700f451f4ed7e4da,18,2,6.5,200,0,108,187,0.07479956655059379
6a7fd8e7700f451f4ed7e4da,17,2,7.333333333333333,200,0,102,178,0.07096092644743837
6a7fd8e7700f451f4ed7e4da,16,2,6.25,200,0,96,175,0.034060627058359404
6a7fd8e7700f451f4ed7e4da,15,3,6.8,200,0,90,166,0.030052183716326362
6a7fd8e7700f451f4ed7e4da,14,3,6.833333333333333,200,0,84,159,0.020520276851693622
6a7fd8e7700f451f4ed7e4da,13,3,7.142857142857143,200,0,78,150,0.017685336866597092
6a7fd8e7700f451f4ed7e4da,12,3,6.75,200,0,72,146,0.006668946736615662
6a7fd8e7700f451f4ed7e4da,11,3,7.222222222222222,200,0,66,135,0.007331898524984296
6a7fd8e7700f451f4ed7e4da,10,4,6.7,200,0,60,133,0.0013905198351087996
6a7fd8e7700f451f4ed7e4da,9,4,8.090909090909092,200,0,54,111,0.012419630400881265
6a7fd8e7700f451f4ed7e4da,8,4,8.333333333333334,200,0,48,100,0.013529707738311657
6a7fd8e7700f451f4ed7e4da,7,4,8.307692307692308,200,0,42,92,0.007912345432105387
6a7fd8e7700f451f4ed7e4da,6,4,8.357142857142858,200,0,36,83,0.005066090497349272
6a7fd8e7700f451f4ed7e4da,5,4,8.6,200,0,30,71,0.0060881514055464835
6a7fd8e7700f451f4ed7e4da,4,4,9.0625,200,0,24,55,0.019703963022515272
6a7fd8e7700f451f4ed7e4da,3,4,8.823529411764707,200,0,18,50,0.0029300569200480368
6a7fd8e7700f451f4ed7e4da,2,5,8.444444444444445,200,0,12,48,0.00002061798841455112
6a7fd8e7700f451f4ed7e4da,1,5,8.473684210526315,200,0,6,39,4.732788278600835e-8
6a7fd8e7700f451f4ed7e4de,19,1,15,182,0,114,167,0.5316510710821838
6a7fd8e7700f451f4ed7e4de,18,1,11,182,0,108,160,0.49634563049599356
6a7fd8e7700f451f4ed7e4de,17,1,13,182,0,102,143,0.67394796078687
6a7fd8e7700f451f4ed7e4de,16,1,11.25,182,0,96,137,0.6198995861987086
6a7fd8e7700f451f4ed7e4de,15,1,11,182,0,90,127,0.6508568766909599
6a7fd8e7700f451f4ed7e4de,14,1,11,182,0,84,116,0.7048875670278695
6a7fd8e7700f451f4ed7e4de,13,1,11.285714285714286,182,0,78,103,0.7983020505049125
6a7fd8e7700f451f4ed7e4de,12,2,10.25,182,0,72,100,0.6767647426571388
6a7fd8e7700f451f4ed7e4de,11,2,9.88888888888889,182,0,66,93,0.6361002027328558
6a7fd8e7700f451f4ed7e4de,10,3,9.2,182,0,60,90,0.47085252794415533
6a7fd8e7700f451f4ed7e4de,9,4,8.545454545454545,182,0,54,88,0.2735594137813756
6a7fd8e7700f451f4ed7e4de,8,4,8.75,182,0,48,77,0.32033988639552025
6a7fd8e7700f451f4ed7e4de,7,4,8.538461538461538,182,0,42,71,0.2300632972787934
6a7fd8e7700f451f4ed7e4de,6,4,8.571428571428571,182,0,36,62,0.21646396169939625
6a7fd8e7700f451f4ed7e4de,5,5,8.533333333333333,182,0,30,54,0.17316319191383217
6a7fd8e7700f451f4ed7e4de,4,6,8.625,182,0,24,44,0.1768354757899755
6a7fd8e7700f451f4ed7e4de,3,7,8.411764705882353,182,0,18,39,0.06399082036034881
6a7fd8e7700f451f4ed7e4de,2,7,8.5,182,0,12,29,0.049144290581872516
6a7fd8e7700f451f4ed7e4de,1,7,8.526315789473685,182,0,6,20,0.015043918536640624
6a7fd8e7700f451f4ed7e4e2,19,0,16,126,1,114,110,0.9967548523642902
6a7fd8e7700f451f4ed7e4e2,18,0,10,126,1,108,106,0.9970387004091918
6a7fd8e7700f451f4ed7e4e2,17,0,11.333333333333334,126,1,102,92,0.9989202158509745
6a7fd8e7700f451f4ed7e4e2,16,0,13.5,126,1,96,72,0.9997999808718938
6a7fd8e7700f451f4ed7e4e2,15,0,11.6,126,1,90,68,0.9998598868746394
6a7fd8e7700f451f4ed7e4e2,14,0,10.333333333333334,126,1,84,64,0.9998992381205065
6a7fd8e7700f451f4ed7e4e2,13,0,10.142857142857142,126,1,78,55,0.9999631631567837
6a7fd8e7700f451f4ed7e4e2,12,0,9.375,126,1,72,51,0.9999714749295436
6a7fd8e7700f451f4ed7e4e2,11,1,9.777777777777779,126,1,66,38,0.9999827555887791
6a7fd8e7700f451f4ed7e4e2,10,1,10.2,126,1,60,24,0.9999987801602116
6a7fd8e7700f451f4ed7e4e2,9,2,9.909090909090908,126,1,54,17,0.9999984338907977
6a7fd8e7700f451f4ed7e4e2,8,2,9.5,126,1,48,12,0.9999996781143461
6a7fd8e7700f451f4ed7e4e2,7,2,9.076923076923077,126,1,42,8,0.9999999395224994
6a7fd8e7700f451f4ed7e4e2,6,2,9.071428571428571,126,1,36,-1,1
6a7fd8e7700f451f4ed7e4e6,19,0,8,182,1,114,174,0.3949733318669916
6a7fd8e7700f451f4ed7e4e6,18,0,5.5,182,1,108,171,0.2790248410879608
6a7fd8e7700f451f4ed7e4e6,17,0,6.333333333333333,182,1,102,163,0.25801932578587544
6a7fd8e7700f451f4ed7e4e6,16,0,6.25,182,1,96,157,0.20320370275065586
6a7fd8e7700f451f4ed7e4e6,15,1,7.2,182,1,90,146,0.2306779203135614
6a7fd8e7700f451f4ed7e4e6,14,2,7.166666666666667,182,1,84,139,0.19005071386343683
6a7fd8e7700f451f4ed7e4e6,13,2,8.428571428571429,182,1,78,123,0.3206733782469803
6a7fd8e7700f451f4ed7e4e6,12,2,8.5,182,1,72,114,0.31737519969176464
6a7fd8e7700f451f4ed7e4e6,11,2,8.555555555555555,182,1,66,105,0.31314134639069113
6a7fd8e7700f451f4ed7e4e6,10,2,8.9,182,1,60,93,0.38724912565941966
6a7fd8e7700f451f4ed7e4e6,9,2,9.545454545454545,182,1,54,77,0.5977028883283942
6a7fd8e7700f451f4ed7e4e6,8,2,9.583333333333334,182,1,48,67,0.6388762555119157
6a7fd8e7700f451f4ed7e4e6,7,3,10.384615384615385,182,1,42,47,0.9223419932888739
6a7fd8e7700f451f4ed7e4e6,6,4,10.142857142857142,182,1,36,40,0.9104167313849018
6a7fd8e7700f451f4ed7e4e6,5,4,9.8,182,1,30,35,0.8507470009493443
6a7fd8e7700f451f4ed7e4e6,4,4,9.875,182,1,24,24,0.9277871517166008
6a7fd8e7700f451f4ed7e4e6,3,5,9.470588235294118,182,1,18,21,0.7908535869400433
6a7fd8e7700f451f4ed7e4e6,2,5,9.5,182,1,12,11,0.8910013836266686
6a7fd8e7700f451f4ed7e4e6,1,5,9.421052631578947,182,1,6,3,0.9560484670047393
6a7fd8e7700f451f4ed7e4ea,19,0,16,165,0,114,149,0.8557813269952906
6a7fd8e7700f451f4ed7e4ea,18,0,10,165,0,108,145,0.7972039669897083
6a7fd8e7700f451f4ed7e4ea,17,0,9.333333333333334,165,0,102,137,0.7916285151980273
6a7fd8e7700f451f4ed7e4ea,16,0,11.75,165,0,96,118,0.9271431140287705
6a7fd8e7700f451f4ed7e4ea,15,0,10.4,165,0,90,113,0.8971287316880209
6a7fd8e7700f451f4ed7e4ea,14,0,9.5,165,0,84,108,0.8554715257535038
6a7fd8e7700f451f4ed7e4ea,13,0,8.571428571428571,165,0,78,105,0.7599110473507072
6a7fd8e7700f451f4ed7e4ea,12,0,8.875,165,0,72,94,0.8116817816293794
6a7fd8e7700f451f4ed7e4ea,11,0,9.88888888888889,165,0,66,76,0.946793146187043
6a7fd8e7700f451f4ed7e4ea,10,1,9.2,165,0,60,73,0.8897778237559659
6a7fd8e7700f451f4ed7e4ea,9,1,9.090909090909092,165,0,54,65,0.8892490071585883
6a7fd8e7700f451f4ed7e4ea,8,1,8.583333333333334,165,0,48,62,0.7830315632210597
6a7fd8e7700f451f4ed7e4ea,7,1,8.384615384615385,165,0,42,56,0.7162748994756264
6a7fd8e7700f451f4ed7e4ea,6,2,8.071428571428571,165,0,36,52,0.5563296922988108
6a7fd8e7700f451f4ed7e4ea,5,2,8,165,0,30,45,0.48306521051337564
6a7fd8e7700f451f4ed7e4ea,4,2,7.8125,165,0,24,40,0.31268827276058153
6a7fd8e7700f451f4ed7e4ea,3,2,7.882352941176471,165,0,18,31,0.29238725485423755
6a7fd8e7700f451f4ed7e4ea,2,2,7.666666666666667,165,0,12,27,0.08485300542665339
6a7fd8e7700f451f4ed7e4ea,1,2,7.7368421052631575,165,0,6,18,0.03537943477589973
6a7fd8e7700f451f4ed7e4ee,19,0,3,204,0,114,201,0.04991099425484444
6a7fd8e7700f451f4ed7e4ee,18,0,5.5,204,0,108,193,0.04157916431960463
6a7fd8e7700f451f4ed7e4ee,17,0,4.333333333333333,204,0,102,191,0.016260465602419533
6a7fd8e7700f451f4ed7e4ee,16,0,3.5,204,0,96,190,0.004467985020847776
6a7fd8e7700f451f4ed7e4ee,15,0,4.2,204,0,90,183,0.002607934119280539
6a7fd8e7700f451f4ed7e4ee,14,0,4.5,204,0,84,177,0.001182509859726134
6a7fd8e7700f451f4ed7e4ee,13,0,4.285714285714286,204,0,78,174,0.00025766549494837804
6a7fd8e7700f451f4ed7e4ee,12,1,4.625,204,0,72,167,0.00010579202335938176
6a7fd8e7700f451f4ed7e4ee,11,2,4.777777777777778,204,0,66,161,0.000029394072224187656
6a7fd8e7700f451f4ed7e4ee,10,2,5.1,204,0,60,153,0.000011268677300246996
6a7fd8e7700f451f4ed7e4ee,9,2,5,204,0,54,149,0.0000010699380002087651
6a7fd8e7700f451f4ed7e4ee,8,2,5.25,204,0,48,141,2.397975889717561e-7
6a7fd8e7700f451f4ed7e4ee,7,2,5.615384615384615,204,0,42,131,8.079360766615128e-8
6a7fd8e7700f451f4ed7e4ee,6,2,5.714285714285714,204,0,36,124,5.561547547463618e-9
6a7fd8e7700f451f4ed7e4ee,5,2,6.133333333333334,204,0,30,112,1.841119009685433e-9
6a7fd8e7700f451f4ed7e4ee,4,2,6.4375,204,0,24,101,1.9433167847757807e-10
6a7fd8e7700f451f4ed7e4ee,3,2,6.9411764705882355,204,0,18,86,7.110147176101212e-11
6a7fd8e7700f451f4ed7e4ee,2,2,6.944444444444445,204,0,12,79,8.755378208279316e-15
6a7fd8e7700f451f4ed7e4ee,1,2,7.052631578947368,204,0,6,70,1.1510766216359628e-20
6a7fd8e7700f451f4ed7e4f2,19,0,9,146,1,114,137,0.9546687535893252
6a7fd8e7700f451f4ed7e4f2,18,0,11,146,1,108,124,0.976513864171737
6a7fd8e7700f451f4ed7e4f2,17,0,10,146,1,102,116,0.9787245739711665
6a7fd8e7700f451f4ed7e4f2,16,1,11,146,1,96,102,0.9888603886544208
6a7fd8e7700f451f4ed7e4f2,15,1,9.6,146,1,90,98,0.9844535471707591
6a7fd8e7700f451f4ed7e4f2,14,1,9.833333333333334,146,1,84,87,0.9918914109002901
6a7fd8e7700f451f4ed7e4f2,13,1,9.285714285714286,146,1,78,81,0.9905127858604905
6a7fd8e7700f451f4ed7e4f2,12,1,9.875,146,1,72,67,0.9978095104067298
6a7fd8e7700f451f4ed7e4f2,11,1,9.666666666666666,146,1,66,59,0.9984633799345564
6a7fd8e7700f451f4ed7e4f2,10,1,9.7,146,1,60,49,0.9994387718844265
6a7fd8e7700f451f4ed7e4f2,9,1,11.090909090909092,146,1,54,24,0.999998754436497
6a7fd8e7700f451f4ed7e4f2,8,1,11.25,146,1,48,11,0.9999999772947382
6a7fd8e7700f451f4ed7e4f6,19,0,2,186,0,114,184,0.2163083076127084
6a7fd8e7700f451f4ed7e4f6,18,1,5.5,186,0,108,175,0.21029354929553684
6a7fd8e7700f451f4ed7e4f6,17,1,7,186,0,102,165,0.22240316937722987
6a7fd8e7700f451f4ed7e4f6,16,1,6.25,186,0,96,161,0.14549913279217783
6a7fd8e7700f451f4ed7e4f6,15,1,7,186,0,90,151,0.1528740217652766
6a7fd8e7700f451f4ed7e4f6,14,2,6.666666666666667,186,0,84,146,0.09861019891762858
6a7fd8e7700f451f4ed7e4f6,13,2,7.285714285714286,186,0,78,135,0.1139296027423647
6a7fd8e7700f451f4ed7e4f6,12,3,7.5,186,0,72,126,0.10588313788867666
6a7fd8e7700f451f4ed7e4f6,11,3,7.555555555555555,186,0,66,118,0.08747657660546185
6a7fd8e7700f451f4ed7e4f6,10,4,7.1,186,0,60,115,0.03453418622713689
6a7fd8e7700f451f4ed7e4f6,9,4,7.818181818181818,186,0,54,100,0.07022553683712139
6a7fd8e7700f451f4ed7e4f6,8,5,7.5,186,0,48,96,0.027269646297726338
6a7fd8e7700f451f4ed7e4f6,7,5,7.538461538461538,186,0,42,88,0.01756761600357673
6a7fd8e7700f451f4ed7e4f6,6,5,7.5,186,0,36,81,0.008004324544030031
6a7fd8e7700f451f4ed7e4f6,5,5,7.4,186,0,30,75,0.0021342343990265115
6a7fd8e7700f451f4ed7e4f6,4,6,7.0625,186,0,24,73,0.00007864069798708983
6a7fd8e7700f451f4ed7e4f6,3,6,7.0588235294117645,186,0,18,66,0.000004630042119720504
6a7fd8e7700f451f4ed7e4f6,2,7,7,186,0,12,60,1.532363999693168e-8
6a7fd8e7700f451f4ed7e4f6,1,7,6.947368421052632,186,0,6,54,6.14772838163684e-14
6a7fd8e7700f451f4ed7e4fa,19,2,4,205,0,114,201,0.047998990098341805
6a7fd8e7700f451f4ed7e4fa,18,2,12,205,0,108,181,0.12848625202487277
6a7fd8e7700f451f4ed7e4fa,17,4,9,205,0,102,178,0.06246582267015176
6a7fd8e7700f451f4ed7e4fa,16,4,8.5,205,0,96,171,0.048747312243217406
6a7fd8e7700f451f4ed7e4fa,15,4,8.6,205,0,90,162,0.04593491501795223
6a7fd8e7700f451f4ed7e4fa,14,5,8.166666666666666,205,0,84,156,0.026710024453582365
6a7fd8e7700f451f4ed7e4fa,13,5,8.428571428571429,205,0,78,146,0.02777039509795584
6a7fd8e7700f451f4ed7e4fa,12,6,8.375,205,0,72,138,0.01879493214727046
6a7fd8e7700f451f4ed7e4fa,11,7,8.444444444444445,205,0,66,129,0.012916479485225816
6a7fd8e7700f451f4ed7e4fa,10,7,8.1,205,0,60,124,0.005884842910306809
6a7fd8e7700f451f4ed7e4fa,9,8,8,205,0,54,117,0.0021577831893531242
6a7fd8e7700f451f4ed7e4fa,8,8,8.333333333333334,205,0,48,105,0.003082476000283711
6a7fd8e7700f451f4ed7e4fa,7,8,8.23076923076923,205,0,42,98,0.001444257056546721
6a7fd8e7700f451f4ed7e4fa,6,8,8.785714285714286,205,0,36,82,0.004825868398454197
6a7fd8e7700f451f4ed7e4fa,5,8,8.866666666666667,205,0,30,72,0.003935734582867782
6a7fd8e7700f451f4ed7e4fa,4,8,8.875,205,0,24,63,0.002035579489413768
6a7fd8e7700f451f4ed7e4fa,3,8,8.882352941176471,205,0,18,54,0.0006934136657901267
6a7fd8e7700f451f4ed7e4fa,2,8,9.055555555555555,205,0,12,42,0.00039052248795640073
6a7fd8e7700f451f4ed7e4fa,1,8,8.789473684210526,205,0,6,38,1.0698127104021916e-7
6a7fd8e7700f451f4ed7e4fe,19,0,8,188,1,114,180,0.2814802381270328
6a7fd8e7700f451f4ed7e4fe,18,0,11,188,1,108,166,0.37511023571214375
6a7fd8e7700f451f4ed7e4fe,17,0,9.333333333333334,188,1,102,160,0.31386089225367814
6a7fd8e7700f451f4ed7e4fe,16,0,9.5,188,1,96,150,0.3316094675655459
6a7fd8e7700f451f4ed7e4fe,15,1,8.8,188,1,90,144,0.267414518093352
6a7fd8e7700f451f4ed7e4fe,14,1,9.166666666666666,188,1,84,133,0.303871185799155
6a7fd8e7700f451f4ed7e4fe,13,1,8.714285714285714,188,1,78,127,0.238289441783385
6a7fd8e7700f451f4ed7e4fe,12,1,8,188,1,72,124,0.13208557125425063
6a7fd8e7700f451f4ed7e4fe,11,1,8,188,1,66,116,0.11080870811549491
6a7fd8e7700f451f4ed7e4fe,10,2,7.8,188,1,60,110,0.0699664353722632
6a7fd8e7700f451f4ed7e4fe,9,2,7.909090909090909,188,1,54,101,0.061542367661932044
6a7fd8e7700f451f4ed7e4fe,8,2,7.75,188,1,48,95,0.03267985502187568
6a7fd8e7700f451f4ed7e4fe,7,2,7.923076923076923,188,1,42,85,0.03074008217217345
6a7fd8e7700f451f4ed7e4fe,6,3,7.642857142857143,188,1,36,81,0.00802167186469112
6a7fd8e7700f451f4ed7e4fe,5,3,8.6,188,1,30,59,0.07834003418716046
6a7fd8e7700f451f4ed7e4fe,4,3,9.5,188,1,24,36,0.4857381671179579
6a7fd8e7700f451f4ed7e4fe,3,3,9.764705882352942,188,1,18,22,0.7466832984964493
6a7fd8e7700f451f4ed7e4fe,2,5,9.277777777777779,188,1,12,21,0.31151868080247225
6a7fd8e7700f451f4ed7e4fe,1,5,9.263157894736842,188,1,6,12,0.25762574411179373
6a7fd8e7700f451f4ed7e502,19,0,6,197,0,114,191,0.12666824944565946
6a7fd8e7700f451f4ed7e502,18,1,8.5,197,0,108,180,0.14303566340926258
6a7fd8e7700f451f4ed7e502,17,1,10.333333333333334,197,0,102,166,0.20661059426423517
6a7fd8e7700f451f4ed7e502,16,2,10.5,197,0,96,155,0.23182623493775734
6a7fd8e7700f451f4ed7e502,15,2,10.8,197,0,90,143,0.28394370363642873
6a7fd8e7700f451f4ed7e502,14,2,10.833333333333334,197,0,84,132,0.3230409243526664
6a7fd8e7700f451f4ed7e502,13,2,10.714285714285714,197,0,78,122,0.34344473656299096
6a7fd8e7700f451f4ed7e502,12,2,9.5,197,0,72,121,0.1769553985006439
6a7fd8e7700f451f4ed7e502,11,2,9.222222222222221,197,0,66,114,0.13763709600237203
6a7fd8e7700f451f4ed7e502,10,3,8.9,197,0,60,108,0.08995515327541125
6a7fd8e7700f451f4ed7e502,9,3,9.272727272727273,197,0,54,95,0.13321127205764385
6a7fd8e7700f451f4ed7e502,8,3,9.833333333333334,197,0,48,79,0.2670878999453583
6a7fd8e7700f451f4ed7e502,7,4,9.538461538461538,197,0,42,73,0.18280072154366128
6a7fd8e7700f451f4ed7e502,6,4,9.285714285714286,197,0,36,67,0.11008462563129578
6a7fd8e7700f451f4ed7e502,5,4,9.066666666666666,197,0,30,61,0.05448757278528577
6a7fd8e7700f451f4ed7e502,4,4,9.3125,197,0,24,48,0.08895798228713152
6a7fd8e7700f451f4ed7e502,3,5,9.647058823529411,197,0,18,33,0.2128399905760563
6a7fd8e7700f451f4ed7e502,2,5,9.222222222222221,197,0,12,31,0.027038157364178264
6a7fd8e7700f451f4ed7e502,1,5,9.210526315789474,197,0,6,22,0.005838666701806213
6a7fd8e7700f451f4ed7e506,19,1,8,196,0,114,188,0.15900853844100377
6a7fd8e7700f451f4ed7e506,18,3,5.5,196,0,108,185,0.08572765017530715
6a7fd8e7700f451f4ed7e506,17,4,4.666666666666667,196,0,102,182,0.041263938036426875
6a7fd8e7700f451f4ed7e506,16,4,5,196,0,96,176,0.027519581456213242
6a7fd8e7700f451f4ed7e506,15,4,6.2,196,0,90,165,0.03226605258366878
6a7fd8e7700f451f4ed7e506,14,4,7,196,0,84,154,0.03772433685734115
6a7fd8e7700f451f4ed7e506,13,5,6.285714285714286,196,0,78,152,0.011986827979263164
6a7fd8e7700f451f4ed7e506,12,5,7.25,196,0,72,138,0.021559996623598175
6a7fd8e7700f451f4ed7e506,11,5,7.777777777777778,196,0,66,126,0.028933447357157298
6a7fd8e7700f451f4ed7e506,10,5,7.9,196,0,60,117,0.024820854956852965
6a7fd8e7700f451f4ed7e506,9,5,7.909090909090909,196,0,54,109,0.017310134535233262
6a7fd8e7700f451f4ed7e506,8,5,7.916666666666667,196,0,48,101,0.011103359919270264
6a7fd8e7700f451f4ed7e506,7,5,8.153846153846153,196,0,42,90,0.011873070914906993
6a7fd8e7700f451f4ed7e506,6,5,8.428571428571429,196,0,36,78,0.015324229500939892
6a7fd8e7700f451f4ed7e506,5,5,9.2,196,0,30,58,0.0929009232023902
6a7fd8e7700f451f4ed7e506,4,5,8.875,196,0,24,54,0.02499638347292176
6a7fd8e7700f451f4ed7e506,3,5,8.941176470588236,196,0,18,44,0.01823700845032424
6a7fd8e7700f451f4ed7e506,2,5,8.833333333333334,196,0,12,37,0.0032659203902902266
6a7fd8e7700f451f4ed7e506,1,5,8.473684210526315,196,0,6,35,0.0000012451929355567269
6a7fd8e7700f451f4ed7e50a,19,0,7,201,0,114,194,0.09779652872840609
6a7fd8e7700f451f4ed7e50a,18,0,5,201,0,108,191,0.051520825113139476
6a7fd8e7700f451f4ed7e50a,17,0,7.666666666666667,201,0,102,178,0.07256559482914238
6a7fd8e7700f451f4ed7e50a,16,0,7.75,201,0,96,170,0.06089698661785527
6a7fd8e7700f451f4ed7e50a,15,0,7.8,201,0,90,162,0.050036559572082
6a7fd8e7700f451f4ed7e50a,14,0,7.833333333333333,201,0,84,154,0.04010196736203206
6a7fd8e7700f451f4ed7e50a,13,0,8.142857142857142,201,0,78,144,0.040513167372232706
6a7fd8e7700f451f4ed7e50a,12,0,8,201,0,72,137,0.027003818045818837
6a7fd8e7700f451f4ed7e50a,11,0,7.666666666666667,201,0,66,132,0.012186109495762194
6a7fd8e7700f451f4ed7e50a,10,1,7.5,201,0,60,126,0.005568834641228083
6a7fd8e7700f451f4ed7e50a,9,2,8.272727272727273,201,0,54,110,0.014887687443380593
6a7fd8e7700f451f4ed7e50a,8,2,8.916666666666666,201,0,48,94,0.03847791704571294
6a7fd8e7700f451f4ed7e50a,7,2,8.923076923076923,201,0,42,85,0.03074008217217345
6a7fd8e7700f451f4ed7e50a,6,3,8.928571428571429,201,0,36,76,0.023073339804557825
6a7fd8e7700f451f4ed7e50a,5,3,9.266666666666667,201,0,30,62,0.045017423379449625
6a7fd8e7700f451f4ed7e50a,4,3,9.375,201,0,24,51,0.048813436642985805
6a7fd8e7700f451f4ed7e50a,3,3,10.235294117647058,201,0,18,27,0.4888906574664369
6a7fd8e7700f451f4ed7e50a,2,3,10,201,0,12,21,0.31152017586717584
6a7fd8e7700f451f4ed7e50a,1,3,9.631578947368421,201,0,6,18,0.03537943477589973
6a7fd8e7700f451f4ed7e50e,19,0,10,159,1,114,149,0.8557813269952906
6a7fd8e7700f451f4ed7e50e,18,0,12,159,1,108,135,0.9175629080995938
6a7fd8e7700f451f4ed7e50e,17,0,11,159,1,102,126,0.9266495415028121
6a7fd8e7700f451f4ed7e50e,16,0,13.75,159,1,96,104,0.989393401851786
6a7fd8e7700f451f4ed7e50e,15,0,12,159,1,90,99,0.9847467389158137
6a7fd8e7700f451f4ed7e50e,14,0,11.166666666666666,159,1,84,92,0.9834997248405231
6a7fd8e7700f451f4ed7e50e,13,0,10.285714285714286,159,1,78,87,0.974446142441236
6a7fd8e7700f451f4ed7e50e,12,0,9.875,159,1,72,80,0.9713584311544189
6a7fd8e7700f451f4ed7e50e,11,0,8.88888888888889,159,1,66,79,0.9168330691264226
6a7fd8e7700f451f4ed7e50e,10,0,9.4,159,1,60,65,0.9697538353086134
6a7fd8e7700f451f4ed7e50e,9,1,9.363636363636363,159,1,54,56,0.9773735350340221
6a7fd8e7700f451f4ed7e50e,8,2,9.416666666666666,159,1,48,46,0.9877771764426845
6a7fd8e7700f451f4ed7e50e,7,3,8.846153846153847,159,1,42,44,0.9571419273266102
6a7fd8e7700f451f4ed7e50e,6,3,9.285714285714286,159,1,36,29,0.9953030356178634
6a7fd8e7700f451f4ed7e50e,5,3,9.2,159,1,30,21,0.9975808849174396
6a7fd8e7700f451f4ed7e50e,4,3,8.8125,159,1,24,18,0.9901731826272815
6a7fd8e7700f451f4ed7e50e,3,3,8.529411764705882,159,1,18,14,0.9733415560468814
6a7fd8e7700f451f4ed7e512,19,0,6,194,0,114,188,0.16119176997563744
6a7fd8e7700f451f4ed7e512,18,1,6.5,194,0,108,181,0.13161324018825166
6a7fd8e7700f451f4ed7e512,17,1,5.333333333333333,194,0,102,178,0.07213351035864751
6a7fd8e7700f451f4ed7e512,16,1,6,194,0,96,170,0.06066372955734815
6a7fd8e7700f451f4ed7e512,15,1,8.4,194,0,90,152,0.13978068820418058
6a7fd8e7700f451f4ed7e512,14,1,7.666666666666667,194,0,84,148,0.08029663283071846
6a7fd8e7700f451f4ed7e512,13,1,8.142857142857142,194,0,78,137,0.09256615630913156
6a7fd8e7700f451f4ed7e512,12,1,8.75,194,0,72,124,0.13208557125425063
6a7fd8e7700f451f4ed7e512,11,1,8.88888888888889,194,0,66,114,0.13780416354900832
6a7fd8e7700f451f4ed7e512,10,2,9.3,194,0,60,101,0.1962272890765268
6a7fd8e7700f451f4ed7e512,9,2,9.181818181818182,194,0,54,93,0.16738710791087685
6a7fd8e7700f451f4ed7e512,8,2,9,194,0,48,86,0.12195037861218277
6a7fd8e7700f451f4ed7e512,7,2,8.846153846153847,194,0,42,79,0.0818030763309348
6a7fd8e7700f451f4ed7e512,6,2,9,194,0,36,68,0.09463472797231866
6a7fd8e7700f451f4ed7e512,5,3,8.733333333333333,194,0,30,63,0.03695408771866025
6a7fd8e7700f451f4ed7e512,4,4,8.5625,194,0,24,57,0.01196749363070365
6a7fd8e7700f451f4ed7e512,3,4,8.529411764705882,194,0,18,49,0.004066764044163047
6a7fd8e7700f451f4ed7e512,2,5,8.61111111111111,194,0,12,39,0.001455920824310412
6a7fd8e7700f451f4ed7e512,1,6,8.578947368421053,194,0,6,31,0.00002485070254177109
6a7fd8e7700f451f4ed7e516,19,0,4,166,1,114,162,0.6431121232791293
6a7fd8e7700f451f4ed7e516,18,1,4.5,166,1,108,157,0.5603690048403509
6a7fd8e7700f451f4ed7e516,17,1,8.333333333333334,166,1,102,141,0.7133191332735358
6a7fd8e7700f451f4ed7e516,16,1,9.75,166,1,96,127,0.8133640284574274
6a7fd8e7700f451f4ed7e516,15,2,8.4,166,1,90,124,0.7071713926245872
6a7fd8e7700f451f4ed7e516,14,4,8.333333333333334,166,1,84,116,0.6481031364338218
6a7fd8e7700f451f4ed7e516,13,4,9.285714285714286,166,1,78,101,0.7852768584715942
6a7fd8e7700f451f4ed7e516,12,4,9.5,166,1,72,90,0.8421186439283559
6a7fd8e7700f451f4ed7e516,11,5,9.666666666666666,166,1,66,79,0.8473790799050568
6a7fd8e7700f451f4ed7e516,10,5,11,166,1,60,56,0.9646219092704044
6a7fd8e7700f451f4ed7e516,9,5,10.909090909090908,166,1,54,46,0.9816096778996887
6a7fd8e7700f451f4ed7e516,8,5,10.5,166,1,48,40,0.9875290103115492
6a7fd8e7700f451f4ed7e516,7,5,10.384615384615385,166,1,42,31,0.9947296515096277
6a7fd8e7700f451f4ed7e516,6,5,10.214285714285714,166,1,36,23,0.9980205057804471
6a7fd8e7700f451f4ed7e516,5,5,10.466666666666667,166,1,30,9,0.9999128087847498
6a7fd8e7700f451f4ed7e51a,19,0,4,170,0,114,166,0.5613922711408769
6a7fd8e7700f451f4ed7e51a,18,0,5.5,170,0,108,159,0.5240545818167843
6a7fd8e7700f451f4ed7e51a,17,1,5,170,0,102,155,0.41400180460562797
6a7fd8e7700f451f4ed7e51a,16,2,6.25,170,0,96,145,0.4311702510589349
6a7fd8e7700f451f4ed7e51a,15,2,6.2,170,0,90,139,0.36731965844238657
6a7fd8e7700f451f4ed7e51a,14,2,6,170,0,84,134,0.28113384245845197
6a7fd8e7700f451f4ed7e51a,13,2,7.428571428571429,170,0,78,118,0.4402103824402368
6a7fd8e7700f451f4ed7e51a,12,2,8.25,170,0,72,104,0.5744266292676214
6a7fd8e7700f451f4ed7e51a,11,2,7.777777777777778,170,0,66,100,0.44297664450002616
6a7fd8e7700f451f4ed7e51a,10,2,8.2,170,0,60,88,0.5310939396819785
6a7fd8e7700f451f4ed7e51a,9,2,8,170,0,54,82,0.44410250197257867
6a7fd8e7700f451f4ed7e51a,8,2,8.583333333333334,170,0,48,67,0.6388762555119157
6a7fd8e7700f451f4ed7e51a,7,2,8.846153846153847,170,0,42,55,0.7464764410335399
6a7fd8e7700f451f4ed7e51a,6,3,8.785714285714286,170,0,36,47,0.7354370358005198
6a7fd8e7700f451f4ed7e51a,5,3,8.6,170,0,30,41,0.6473116567329436
6a7fd8e7700f451f4ed7e51a,4,3,8.3125,170,0,24,37,0.44015806903914406
6a7fd8e7700f451f4ed7e51a,3,3,8.058823529411764,170,0,18,33,0.21285663322485243
6a7fd8e7700f451f4ed7e51a,2,3,7.888888888888889,170,0,12,28,0.06506411398148189
6a7fd8e7700f451f4ed7e51a,1,3,7.947368421052632,170,0,6,19,0.02334147384678794
6a7fd8e7700f451f4ed7e51e,19,0,10,172,1,114,162,0.6431121232791293
6a7fd8e7700f451f4ed7e51e,18,0,9.5,172,1,108,153,0.6512964200505271
6a7fd8e7700f451f4ed7e51e,17,0,12,172,1,102,136,0.8078072996021306
6a7fd8e7700f451f4ed7e51e,16,0,11.75,172,1,96,125,0.8484166826515317
6a7fd8e7700f451f4ed7e51e,15,1,10.8,172,1,90,118,0.825695620739061
6a7fd8e7700f451f4ed7e51e,14,1,9.5,172,1,84,115,0.7263875806404304
6a7fd8e7700f451f4ed7e51e,13,1,9.857142857142858,172,1,78,103,0.7983020505049125
6a7fd8e7700f451f4ed7e51e,12,1,9.75,172,1,72,94,0.8109409216680308
6a7fd8e7700f451f4ed7e51e,11,1,9.333333333333334,172,1,66,88,0.7617240768678675
6a7fd8e7700f451f4ed7e51e,10,2,8.7,172,1,60,85,0.6180668280441354
6a7fd8e7700f451f4ed7e51e,9,3,8.454545454545455,172,1,54,79,0.5351800539305905
6a7fd8e7700f451f4ed7e51e,8,3,8.916666666666666,172,1,48,65,0.6992724469850445
6a7fd8e7700f451f4ed7e51e,7,3,8.76923076923077,172,1,42,58,0.6514410633729171
6a7fd8e7700f451f4ed7e51e,6,3,9.214285714285714,172,1,36,43,0.8495963407099959
6a7fd8e7700f451f4ed7e51e,5,3,9.466666666666667,172,1,30,30,0.948521827521697
6a7fd8e7700f451f4ed7e51e,4,3,9.5,172,1,24,20,0.9787454788750056
6a7fd8e7700f451f4ed7e51e,3,3,9.352941176470589,172,1,18,13,0.9826949240280611
6a7fd8e7700f451f4ed7e51e,2,4,9.222222222222221,172,1,12,6,0.9915904598399516
6a7fd8e7700f451f4ed7e522,19,0,10,201,0,114,191,0.12666824944565946
6a7fd8e7700f451f4ed7e522,18,1,10,201,0,108,181,0.13161324018825166
6a7fd8e7700f451f4ed7e522,17,1,10,201,0,102,171,0.13842744253980016
6a7fd8e7700f451f4ed7e522,16,1,9,201,0,96,165,0.10092785053290047
6a7fd8e7700f451f4ed7e522,15,1,9.8,201,0,90,152,0.13978068820418058
6a7fd8e7700f451f4ed7e522,14,2,8.5,201,0,84,150,0.06401394016955654
6a7fd8e7700f451f4ed7e522,13,3,8,201,0,78,145,0.035130155212900825
6a7fd8e7700f451f4ed7e522,12,5,8.375,201,0,72,134,0.0373166891814147
6a7fd8e7700f451f4ed7e522,11,5,7.555555555555555,201,0,66,133,0.009811114574845802
6a7fd8e7700f451f4ed7e522,10,5,7.9,201,0,60,122,0.011005980301376745
6a7fd8e7700f451f4ed7e522,9,6,7.818181818181818,201,0,54,115,0.005520796215886199
6a7fd8e7700f451f4ed7e522,8,6,7.833333333333333,201,0,48,107,0.0031888861616628785
6a7fd8e7700f451f4ed7e522,7,6,7.6923076923076925,201,0,42,101,0.0009755795992761936
6a7fd8e7700f451f4ed7e522,6,7,7.714285714285714,201,0,36,93,0.00035661366909941225
6a7fd8e7700f451f4ed7e522,5,7,8.333333333333334,201,0,30,76,0.001569212715092361
6a7fd8e7700f451f4ed7e522,4,8,8.625,201,0,24,63,0.002035579489413768
6a7fd8e7700f451f4ed7e522,3,8,8.294117647058824,201,0,18,60,0.0000655873146584582
6a7fd8e7700f451f4ed7e522,2,8,8.333333333333334,201,0,12,51,0.0000039796294857393066
6a7fd8e7700f451f4ed7e522,1,8,8.421052631578947,201,0,6,41,8.45422941970357e-9
6a7fd8e7700f451f4ed7e526,19,0,16,212,0,114,196,0.08149835332145033
6a7fd8e7700f451f4ed7e526,18,0,12,212,0,108,188,0.0699649903485179
6a7fd8e7700f451f4ed7e526,17,0,12.333333333333334,212,0,102,175,0.09724777488180845
6a7fd8e7700f451f4ed7e526,16,1,10.75,212,0,96,169,0.06747623286747202
6a7fd8e7700f451f4ed7e526,15,2,10.6,212,0,90,159,0.06919994261544732
6a7fd8e7700f451f4ed7e526,14,2,11.166666666666666,212,0,84,145,0.10914593612007557
6a7fd8e7700f451f4ed7e526,13,3,10.571428571428571,212,0,78,138,0.08173978632140359
6a7fd8e7700f451f4ed7e526,12,3,10.75,212,0,72,126,0.10588313788867666
6a7fd8e7700f451f4ed7e526,11,3,11.444444444444445,212,0,66,109,0.22313207822973483
6a7fd8e7700f451f4ed7e526,10,3,10.7,212,0,60,105,0.12817256291947646
6a7fd8e7700f451f4ed7e526,9,3,10.818181818181818,212,0,54,93,0.16713952555203287
6a7fd8e7700f451f4ed7e526,8,3,11.083333333333334,212,0,48,79,0.2670878999453583
6a7fd8e7700f451f4ed7e526,7,4,10.615384615384615,212,0,42,74,0.16177252298642694
6a7fd8e7700f451f4ed7e526,6,4,10.214285714285714,212,0,36,69,0.08081411191489288
6a7fd8e7700f451f4ed7e526,5,4,10.133333333333333,212,0,30,60,0.06553882182043652
6a7fd8e7700f451f4ed7e526,4,4,10.0625,212,0,24,51,0.04881250143813035
6a7fd8e7700f451f4ed7e526,3,4,10.235294117647058,212,0,18,38,0.08073345474621602
6a7fd8e7700f451f4ed7e526,2,6,9.944444444444445,212,0,12,33,0.01408299518378403
6a7fd8e7700f451f4ed7e526,1,6,10.105263157894736,212,0,6,20,0.015044021113416293
6a7fd8e7700f451f4ed7e52a,19,0,9,191,0,114,182,0.2476940837770965
6a7fd8e7700f451f4ed7e52a,18,0,9,191,0,108,173,0.24447565749928296
6a7fd8e7700f451f4ed7e52a,17,0,9.666666666666666,191,0,102,162,0.27600938936145286
6a7fd8e7700f451f4ed7e52a,16,0,9,191,0,96,155,0.23635058111531324
6a7fd8e7700f451f4ed7e52a,15,0,10.2,191,0,90,140,0.35061955593733046
6a7fd8e7700f451f4ed7e52a,14,0,9,191,0,84,137,0.22591948912510834
6a7fd8e7700f451f4ed7e52a,13,0,9.714285714285714,191,0,78,123,0.3225605224415206
6a7fd8e7700f451f4ed7e52a,12,1,9.25,191,0,72,117,0.252110840881692
6a7fd8e7700f451f4ed7e52a,11,1,8.666666666666666,191,0,66,113,0.15293439409996076
6a7fd8e7700f451f4ed7e52a,10,1,8.8,191,0,60,103,0.16002338821475137
6a7fd8e7700f451f4ed7e52a,9,1,8.363636363636363,191,0,54,99,0.08090265075285036
6a7fd8e7700f451f4ed7e52a,8,1,8.833333333333334,191,0,48,85,0.1381944237218186
6a7fd8e7700f451f4ed7e52a,7,1,8.76923076923077,191,0,42,77,0.10910290146449386
6a7fd8e7700f451f4ed7e52a,6,1,9,191,0,36,65,0.1467852348534673
6a7fd8e7700f451f4ed7e52a,5,3,9.266666666666667,191,0,30,52,0.22782779883985524
6a7fd8e7700f451f4ed7e52a,4,3,9,191,0,24,47,0.10699287782766402
6a7fd8e7700f451f4ed7e52a,3,3,9.470588235294118,191,0,18,30,0.33753147966582897
6a7fd8e7700f451f4ed7e52a,2,3,9.444444444444445,191,0,12,21,0.31152017586717584
6a7fd8e7700f451f4ed7e52a,1,3,9.052631578947368,191,0,6,19,0.02334147384678794
6a7fd8e7700f451f4ed7e52e,19,0,6,177,0,114,171,0.45653401739093846
6a7fd8e7700f451f4ed7e52e,18,1,8,177,0,108,161,0.4749861488704527
6a7fd8e7700f451f4ed7e52e,17,1,9.666666666666666,177,0,102,148,0.567935651051325
6a7fd8e7700f451f4ed7e52e,16,1,10.25,177,0,96,136,0.6418295132992093
6a7fd8e7700f451f4ed7e52e,15,1,10,177,0,90,127,0.6508568766909599
6a7fd8e7700f451f4ed7e52e,14,2,8.833333333333334,177,0,84,124,0.5109123454182152
6a7fd8e7700f451f4ed7e52e,13,2,9.428571428571429,177,0,78,111,0.6172459452636622
6a7fd8e7700f451f4ed7e52e,12,3,9.625,177,0,72,100,0.6696041812089066
6a7fd8e7700f451f4ed7e52e,11,5,10,177,0,66,87,0.7190431668894912
6a7fd8e7700f451f4ed7e52e,10,5,10.4,177,0,60,73,0.8407003622475293
6a7fd8e7700f451f4ed7e52e,9,6,10.272727272727273,177,0,54,64,0.8083919828383709
6a7fd8e7700f451f4ed7e52e,8,7,9.666666666666666,177,0,48,61,0.6333105594299301
6a7fd8e7700f451f4ed7e52e,7,7,9.153846153846153,177,0,42,58,0.5442598072830066
6a7fd8e7700f451f4ed7e52e,6,8,9.214285714285714,177,0,36,48,0.4740004984863451
6a7fd8e7700f451f4ed7e52e,5,8,9.133333333333333,177,0,30,40,0.5183085231917716
6a7fd8e7700f451f4ed7e52e,4,8,9,177,0,24,33,0.5197697845325729
6a7fd8e7700f451f4ed7e532,19,0,8,200,0,114,192,0.11643239793775131
6a7fd8e7700f451f4ed7e532,18,0,6,200,0,108,188,0.0699649903485179
6a7fd8e7700f451f4ed7e532,17,0,6.666666666666667,200,0,102,180,0.05904993454579434
6a7fd8e7700f451f4ed7e532,16,0,7.25,200,0,96,171,0.05461806056480634
6a7fd8e7700f451f4ed7e532,15,0,8.2,200,0,90,159,0.06993031893554309
6a7fd8e7700f451f4ed7e532,14,0,8.833333333333334,200,0,84,147,0.08949210315903838
6a7fd8e7700f451f4ed7e532,13,0,8.571428571428571,200,0,78,140,0.06608838061092352
6a7fd8e7700f451f4ed7e532,12,0,8.625,200,0,72,131,0.059831257413937196
6a7fd8e7700f451f4ed7e532,11,0,8.222222222222221,200,0,66,126,0.030700237932715542
6a7fd8e7700f451f4ed7e532,10,0,8.9,200,0,60,111,0.061339562655092966
6a7fd8e7700f451f4ed7e532,9,0,8.454545454545455,200,0,54,107,0.02472919977134288
6a7fd8e7700f451f4ed7e532,8,1,8.833333333333334,200,0,48,94,0.038480380370469205
6a7fd8e7700f451f4ed7e532,7,2,8.923076923076923,200,0,42,84,0.03661969309271903
6a7fd8e7700f451f4ed7e532,6,2,8.571428571428571,200,0,36,80,0.010014458821446512
6a7fd8e7700f451f4ed7e532,5,2,8.733333333333333,200,0,30,69,0.009916045668358502
6a7fd8e7700f451f4ed7e532,4,2,8.5625,200,0,24,63,0.0022489080667750547
6a7fd8e7700f451f4ed7e532,3,2,8.647058823529411,200,0,18,53,0.0010378762044469304
6a7fd8e7700f451f4ed7e532,2,2,9.11111111111111,200,0,12,36,0.0047985315555009725
6a7fd8e7700f451f4ed7e532,1,2,8.894736842105264,200,0,6,31,0.000024850702551176676
6a7fd8e7700f451f4ed7e536,19,0,3,158,1,114,155,0.7704976971791322
6a7fd8e7700f451f4ed7e536,18,0,8,158,1,108,142,0.8410470200600447
6a7fd8e7700f451f4ed7e536,17,0,8.666666666666666,158,1,102,132,0.8647163905441276
6a7fd8e7700f451f4ed7e536,16,0,7.75,158,1,96,127,0.8183836465400628
6a7fd8e7700f451f4ed7e536,15,0,7.6,158,1,90,120,0.7955720112192918
6a7fd8e7700f451f4ed7e536,14,0,7.5,158,1,84,113,0.7691255332653966
6a7fd8e7700f451f4ed7e536,13,0,8.285714285714286,158,1,78,100,0.8515768061456792
6a7fd8e7700f451f4ed7e536,12,1,7.75,158,1,72,96,0.7708003503707679
6a7fd8e7700f451f4ed7e536,11,1,8.11111111111111,158,1,66,85,0.8243312556610632
6a7fd8e7700f451f4ed7e536,10,1,7.9,158,1,60,79,0.7754120569315223
6a7fd8e7700f451f4ed7e536,9,1,7.636363636363637,158,1,54,74,0.6864197155527106
6a7fd8e7700f451f4ed7e536,8,1,7.583333333333333,158,1,48,67,0.639003142938785
6a7fd8e7700f451f4ed7e536,7,1,7.461538461538462,158,1,42,61,0.5486055372392271
6a7fd8e7700f451f4ed7e536,6,1,7.285714285714286,158,1,36,56,0.4068068623683843
6a7fd8e7700f451f4ed7e536,5,1,7.6,158,1,30,44,0.5244359443196832
6a7fd8e7700f451f4ed7e536,4,1,7.4375,158,1,24,39,0.3531769284320965
6a7fd8e7700f451f4ed7e536,3,1,7.705882352941177,158,1,18,27,0.4888908291722034
6a7fd8e7700f451f4ed7e536,2,1,7.555555555555555,158,1,12,22,0.25982891776845773
6a7fd8e7700f451f4ed7e536,1,1,7.947368421052632,158,1,6,7,0.6828240046647126
6a7fd8e7700f451f4ed7e53a,19,0,10,140,1,114,130,0.9789934717310327
6a7fd8e7700f451f4ed7e53a,18,0,12,140,1,108,116,0.9912783491081345
6a7fd8e7700f451f4ed7e53a,17,0,10,140,1,102,110,0.9907539971588284
6a7fd8e7700f451f4ed7e53a,16,1,8.75,140,1,96,105,0.983809507719146
6a7fd8e7700f451f4ed7e53a,15,1,10.6,140,1,90,87,0.9966096635638804
6a7fd8e7700f451f4ed7e53a,14,1,9.166666666666666,140,1,84,85,0.9941811025824686
6a7fd8e7700f451f4ed7e53a,13,1,10.142857142857142,140,1,78,69,0.9989884302440355
6a7fd8e7700f451f4ed7e53a,12,2,9.75,140,1,72,62,0.9983784169247198
6a7fd8e7700f451f4ed7e53a,11,2,10,140,1,66,50,0.9995433164927037
6a7fd8e7700f451f4ed7e53a,10,2,9.7,140,1,60,43,0.999774433301161
6a7fd8e7700f451f4ed7e53a,9,2,9.727272727272727,140,1,54,33,0.9999488017234092
6a7fd8e7700f451f4ed7e53a,8,2,9.333333333333334,140,1,48,28,0.999970207607506
6a7fd8e7700f451f4ed7e53a,7,2,9.461538461538462,140,1,42,17,0.9999982329164162
6a7fd8e7700f451f4ed7e53a,6,2,9,140,1,36,14,0.9999985509585166
6a7fd8e7700f451f4ed7e53a,5,4,9.2,140,1,30,2,0.9999998367993479
6a7fd8e7700f451f4ed7e53e,19,2,6,173,0,114,167,0.5124097242765362
6a7fd8e7700f451f4ed7e53e,18,2,7.5,173,0,108,158,0.5237590250564748
6a7fd8e7700f451f4ed7e53e,17,3,8,173,0,102,149,0.5080996546370032
6a7fd8e7700f451f4ed7e53e,16,4,7.25,173,0,96,144,0.4012157368321102
6a7fd8e7700f451f4ed7e53e,15,4,6.4,173,0,90,141,0.29541501188440666
6a7fd8e7700f451f4ed7e53e,14,4,7.5,173,0,84,128,0.3846427802272786
6a7fd8e7700f451f4ed7e53e,13,4,7.571428571428571,173,0,78,120,0.3701871242564669
6a7fd8e7700f451f4ed7e53e,12,4,7.75,173,0,72,111,0.3755718324857017
6a7fd8e7700f451f4ed7e53e,11,4,7.333333333333333,173,0,66,107,0.2603093789573868
6a7fd8e7700f451f4ed7e53e,10,4,7.5,173,0,60,98,0.2558914105016129
6a7fd8e7700f451f4ed7e53e,9,5,7.818181818181818,173,0,54,87,0.2910605592982417
6a7fd8e7700f451f4ed7e53e,8,5,8.333333333333334,173,0,48,73,0.43407393377818393
6a7fd8e7700f451f4ed7e53e,7,5,7.923076923076923,173,0,42,70,0.25394842452908273
6a7fd8e7700f451f4ed7e53e,6,5,8.071428571428571,173,0,36,60,0.2717281682643206
6a7fd8e7700f451f4ed7e53e,5,5,7.8,173,0,30,56,0.12848602736973155
6a7fd8e7700f451f4ed7e53e,4,5,8.125,173,0,24,43,0.20691113235075248
6a7fd8e7700f451f4ed7e53e,3,6,8.058823529411764,173,0,18,36,0.122483458549147
6a7fd8e7700f451f4ed7e53e,2,6,7.944444444444445,173,0,12,30,0.03672238195352467
6a7fd8e7700f451f4ed7e53e,1,6,8.421052631578947,173,0,6,13,0.1966932345525873
6a7fd8e7700f451f4ed7e542,19,0,9,201,0,114,192,0.11643239793775131
6a7fd8e7700f451f4ed7e542,18,0,9.5,201,0,108,182,0.12199797288156361
6a7fd8e7700f451f4ed7e542,17,1,8,201,0,102,177,0.07969313992593419
6a7fd8e7700f451f4ed7e542,16,1,8.5,201,0,96,167,0.08290593967075094
6a7fd8e7700f451f4ed7e542,15,1,8.8,201,0,90,157,0.08612611706383452
6a7fd8e7700f451f4ed7e542,14,1,8.333333333333334,201,0,84,151,0.057375662402632574
6a7fd8e7700f451f4ed7e542,13,1,8,201,0,78,145,0.03557475887529559
6a7fd8e7700f451f4ed7e542,12,1,9.25,201,0,72,127,0.09575573261149899
6a7fd8e7700f451f4ed7e542,11,1,8.88888888888889,201,0,66,121,0.06071699534729071
6a7fd8e7700f451f4ed7e542,10,1,9.2,201,0,60,109,0.0796124322218428
6a7fd8e7700f451f4ed7e542,9,1,9.545454545454545,201,0,54,96,0.11842695088696673
6a7fd8e7700f451f4ed7e542,8,1,9.166666666666666,201,0,48,91,0.061234979845520725
6a7fd8e7700f451f4ed7e542,7,1,9.153846153846153,201,0,42,82,0.05123460522386004
6a7fd8e7700f451f4ed7e542,6,1,9.357142857142858,201,0,36,70,0.06870917024346342
6a7fd8e7700f451f4ed7e542,5,1,9.133333333333333,201,0,30,64,0.030144641632151276
6a7fd8e7700f451f4ed7e542,4,1,8.6875,201,0,24,62,0.003025682994342076
6a7fd8e7700f451f4ed7e542,3,2,8.647058823529411,201,0,18,54,0.000721285283455722
6a7fd8e7700f451f4ed7e542,2,2,8.555555555555555,201,0,12,47,0.000034770033645210994
6a7fd8e7700f451f4ed7e542,1,3,8.736842105263158,201,0,6,35,0.000001245192935556801
6a7fd8e7700f451f4ed7e546,19,0,13,167,0,114,154,0.7864052100750102
6a7fd8e7700f451f4ed7e546,18,0,10,167,0,108,147,0.7643999416398053
6a7fd8e7700f451f4ed7e546,17,0,8.666666666666666,167,0,102,141,0.7197405264040585
6a7fd8e7700f451f4ed7e546,16,0,7,167,0,96,139,0.5785747518784419
6a7fd8e7700f451f4ed7e546,15,0,7.8,167,0,90,128,0.6308304060074056
6a7fd8e7700f451f4ed7e546,14,0,7,167,0,84,125,0.49146358707953836
6a7fd8e7700f451f4ed7e546,13,0,6.285714285714286,167,0,78,123,0.3225605224415206
6a7fd8e7700f451f4ed7e546,12,0,6.375,167,0,72,116,0.27344430860826296
6a7fd8e7700f451f4ed7e546,11,0,7.666666666666667,167,0,66,98,0.4993730767000104
6a7fd8e7700f451f4ed7e546,10,0,7.5,167,0,60,92,0.41563672130444673
6a7fd8e7700f451f4ed7e546,9,1,7,167,0,54,90,0.22865756860775982
6a7fd8e7700f451f4ed7e546,8,1,6.583333333333333,167,0,48,88,0.09378000821045923
6a7fd8e7700f451f4ed7e546,7,2,6.846153846153846,167,0,42,78,0.09469819987044929
6a7fd8e7700f451f4ed7e546,6,2,7.571428571428571,167,0,36,61,0.24393284045602692
6a7fd8e7700f451f4ed7e546,5,2,7.8,167,0,30,50,0.2915895774743927
6a7fd8e7700f451f4ed7e546,4,2,7.9375,167,0,24,40,0.31268827276058153
6a7fd8e7700f451f4ed7e546,3,3,7.882352941176471,167,0,18,33,0.21285663322485243
6a7fd8e7700f451f4ed7e546,2,4,7.722222222222222,167,0,12,28,0.06506411295290962
6a7fd8e7700f451f4ed7e546,1,5,7.684210526315789,167,0,6,21,0.009472913075676543
6a7fd8e7700f451f4ed7e54a,19,0,8,155,1,114,147,0.8786550457181486
6a7fd8e7700f451f4ed7e54a,18,0,8,155,1,108,139,0.8782097314184866
6a7fd8e7700f451f4ed7e54a,17,1,6,155,1,102,137,0.7846302596611093
6a7fd8e7700f451f4ed7e54a,16,1,7.5,155,1,96,125,0.8432846252489871
6a7fd8e7700f451f4ed7e54a,15,1,7.2,155,1,90,119,0.8094211923125741
6a7fd8e7700f451f4ed7e54a,14,2,7,155,1,84,113,0.7608883352311342
6a7fd8e7700f451f4ed7e54a,13,2,7.142857142857143,155,1,78,105,0.7546544691087153
6a7fd8e7700f451f4ed7e54a,12,2,7.625,155,1,72,94,0.8082776654532136
6a7fd8e7700f451f4ed7e54a,11,2,8.333333333333334,155,1,66,80,0.9025204887796027
6a7fd8e7700f451f4ed7e54a,10,2,8.6,155,1,60,69,0.9381140098476062
6a7fd8e7700f451f4ed7e54a,9,2,8.090909090909092,155,1,54,66,0.8721621458638054
6a7fd8e7700f451f4ed7e54a,8,2,8,155,1,48,59,0.85183081181079
6a7fd8e7700f451f4ed7e54a,7,4,7.6923076923076925,155,1,42,55,0.7443034891535306
6a7fd8e7700f451f4ed7e54a,6,5,7.428571428571429,155,1,36,51,0.590084405455178
6a7fd8e7700f451f4ed7e54a,5,6,7.466666666666667,155,1,30,43,0.5572587330200726
6a7fd8e7700f451f4ed7e54a,4,6,7.625,155,1,24,33,0.6201637733296707
6a7fd8e7700f451f4ed7e54a,3,6,7.764705882352941,155,1,18,23,0.6975413428668136
6a7fd8e7700f451f4ed7e54a,2,6,7.777777777777778,155,1,12,15,0.6866709843849783
6a7fd8e7700f451f4ed7e54a,1,6,7.578947368421052,155,1,6,11,0.3286768391808082
6a7fd8e7700f451f4ed7e54e,19,0,7,174,1,114,167,0.5404661050381683
6a7fd8e7700f451f4ed7e54e,18,0,5.5,174,1,108,163,0.4377512218467989
6a7fd8e7700f451f4ed7e54e,17,0,7,174,1,102,153,0.4614073124591613
6a7fd8e7700f451f4ed7e54e,16,0,8.75,174,1,96,139,0.5785747518784419
6a7fd8e7700f451f4ed7e54e,15,0,8.2,174,1,90,133,0.5128359619138071
6a7fd8e7700f451f4ed7e54e,14,0,7.666666666666667,174,1,84,128,0.4182126095285974
6a7fd8e7700f451f4ed7e54e,13,0,7.285714285714286,174,1,78,123,0.3225605224415206
6a7fd8e7700f451f4ed7e54e,12,0,7.125,174,1,72,117,0.25227530508707985
6a7fd8e7700f451f4ed7e54e,11,0,6.666666666666667,174,1,66,114,0.13784039414553031
6a7fd8e7700f451f4ed7e54e,10,0,6.9,174,1,60,105,0.12860891898587207
6a7fd8e7700f451f4ed7e54e,9,1,6.818181818181818,174,1,54,99,0.08090265075285036
6a7fd8e7700f451f4ed7e54e,8,1,7,174,1,48,90,0.0708856134416152
6a7fd8e7700f451f4ed7e54e,7,1,7.6923076923076925,174,1,42,74,0.1620768524161111
6a7fd8e7700f451f4ed7e54e,6,1,8.071428571428571,174,1,36,61,0.24393540140845094
6a7fd8e7700f451f4ed7e54e,5,1,8.2,174,1,30,51,0.25858223351222387
6a7fd8e7700f451f4ed7e54e,4,1,8.375,174,1,24,40,0.3126883365508505
6a7fd8e7700f451f4ed7e54e,3,1,8.647058823529411,174,1,18,27,0.4888908291722034
6a7fd8e7700f451f4ed7e54e,2,1,8.555555555555555,174,1,12,20,0.368199932296372
6a7fd8e7700f451f4ed7e54e,1,2,8.789473684210526,174,1,6,7,0.6828240046647126
6a7fd8e7700f451f4ed7e552,19,0,8,176,0,114,168,0.5194579567177472
6a7fd8e7700f451f4ed7e552,18,0,5.5,176,0,108,165,0.39567414952996427
6a7fd8e7700f451f4ed7e552,17,0,5.666666666666667,176,0,102,159,0.3336492044764392
6a7fd8e7700f451f4ed7e552,16,1,5.5,176,0,96,154,0.25273382456513355
6a7fd8e7700f451f4ed7e552,15,2,4.4,176,0,90,154,0.11500055722995292
6a7fd8e7700f451f4ed7e552,14,2,5.166666666666667,176,0,84,145,0.10914593612007557
6a7fd8e7700f451f4ed7e552,13,2,5.714285714285714,176,0,78,136,0.10265954588580439
6a7fd8e7700f451f4ed7e552,12,2,5.75,176,0,72,130,0.0674500670766427
6a7fd8e7700f451f4ed7e552,11,2,7.111111111111111,176,0,66,112,0.16896302512560032
6a7fd8e7700f451f4ed7e552,10,2,6.8,176,0,60,108,0.09017805995655905
6a7fd8e7700f451f4ed7e552,9,2,7.2727272727272725,176,0,54,96,0.11839686659636453
6a7fd8e7700f451f4ed7e552,8,2,7.416666666666667,176,0,48,87,0.10716628081488654
6a7fd8e7700f451f4ed7e552,7,2,7.615384615384615,176,0,42,77,0.10909975068945071
6a7fd8e7700f451f4ed7e552,6,2,7.857142857142857,176,0,36,66,0.12750657829995146
6a7fd8e7700f451f4ed7e552,5,3,8.2,176,0,30,53,0.199439675082511
6a7fd8e7700f451f4ed7e552,4,3,8.125,176,0,24,46,0.12768082088358074
6a7fd8e7700f451f4ed7e552,3,3,8,176,0,18,40,0.05111096988304856
6a7fd8e7700f451f4ed7e552,2,3,8.333333333333334,176,0,12,26,0.10914744171611984
6a7fd8e7700f451f4ed7e552,1,4,8.421052631578947,176,0,6,16,0.07541620050417304
6a7fd8e7700f451f4ed7e556,19,0,11,149,1,114,138,0.949585620546714
6a7fd8e7700f451f4ed7e556,18,0,9,149,1,108,131,0.9463077739241077
6a7fd8e7700f451f4ed7e556,17,0,9.666666666666666,149,1,102,120,0.964046066105349
6a7fd8e7700f451f4ed7e556,16,0,9,149,1,96,113,0.9608453024703476
6a7fd8e7700f451f4ed7e556,15,0,8.6,149,1,90,106,0.9565925879981864
6a7fd8e7700f451f4ed7e556,14,0,7.833333333333333,149,1,84,102,0.9273459254483333
6a7fd8e7700f451f4ed7e556,13,0,7.285714285714286,149,1,78,98,0.8809767471975479
6a7fd8e7700f451f4ed7e556,12,0,8.125,149,1,72,84,0.9456386890462725
6a7fd8e7700f451f4ed7e556,11,0,8.11111111111111,149,1,66,76,0.946793146187043
6a7fd8e7700f451f4ed7e556,10,0,8.5,149,1,60,64,0.9750506087908315
6a7fd8e7700f451f4ed7e556,9,0,8.545454545454545,149,1,54,55,0.981853617498752
6a7fd8e7700f451f4ed7e556,8,0,8.583333333333334,149,1,48,46,0.9879396102645059
6a7fd8e7700f451f4ed7e556,7,0,8.076923076923077,149,1,42,44,0.9576033065059757
6a7fd8e7700f451f4ed7e556,6,0,8.071428571428571,149,1,36,36,0.9629277151718559
6a7fd8e7700f451f4ed7e556,5,0,8.6,149,1,30,20,0.998496200399283
6a7fd8e7700f451f4ed7e556,4,0,8.3125,149,1,24,16,0.9960345616037958
6a7fd8e7700f451f4ed7e556,3,0,8,149,1,18,13,0.9826956505228904
6a7fd8e7700f451f4ed7e556,2,0,7.888888888888889,149,1,12,7,0.9831326360126197
6a7fd8e7700f451f4ed7e556,1,0,7.7894736842105265,149,1,6,1,0.9978609631578232
6a7fd8e7700f451f4ed7e55a,19,1,13,196,1,114,183,0.22836294626841633
6a7fd8e7700f451f4ed7e55a,18,1,13.5,196,1,108,169,0.31242948614279953
6a7fd8e7700f451f4ed7e55a,17,2,10.666666666666666,196,1,102,164,0.2342471834027558
6a7fd8e7700f451f4ed7e55a,16,2,12.75,196,1,96,145,0.4311702510589349
6a7fd8e7700f451f4ed7e55a,15,2,11.4,196,1,90,139,0.36731965844238657
6a7fd8e7700f451f4ed7e55a,14,2,12,196,1,84,124,0.5109123454182152
6a7fd8e7700f451f4ed7e55a,13,2,11.428571428571429,196,1,78,116,0.4907897391532653
6a7fd8e7700f451f4ed7e55a,12,2,11.25,196,1,72,106,0.5213081997092563
6a7fd8e7700f451f4ed7e55a,11,2,11.222222222222221,196,1,66,95,0.5817312254261465
6a7fd8e7700f451f4ed7e55a,10,2,10.9,196,1,60,87,0.5603403427987106
6a7fd8e7700f451f4ed7e55a,9,3,10.181818181818182,196,1,54,84,0.38393128350918826
6a7fd8e7700f451f4ed7e55a,8,3,10.666666666666666,196,1,48,68,0.6064335752193581
6a7fd8e7700f451f4ed7e55a,7,3,10.23076923076923,196,1,42,63,0.4783706648455989
6a7fd8e7700f451f4ed7e55a,6,3,10.071428571428571,196,1,36,55,0.4433239512195395
6a7fd8e7700f451f4ed7e55a,5,3,10.066666666666666,196,1,30,45,0.48304933847960246
6a7fd8e7700f451f4ed7e55a,4,3,9.8125,196,1,24,39,0.35317545253329674
6a7fd8e7700f451f4ed7e55a,3,3,10.176470588235293,196,1,18,23,0.698828590622268
6a7fd8e7700f451f4ed7e55a,2,3,9.88888888888889,196,1,12,18,0.49282613341065584
6a7fd8e7700f451f4ed7e55a,1,3,10.105263157894736,196,1,6,4,0.9060435382056079
6a7fd8e7700f451f4ed7e55e,19,2,5,175,1,114,170,0.45292343542312885
6a7fd8e7700f451f4ed7e55e,18,3,9,175,1,108,157,0.5116875865482686
6a7fd8e7700f451f4ed7e55e,17,3,10.333333333333334,175,1,102,144,0.6079726730570899
6a7fd8e7700f451f4ed7e55e,16,3,10,175,1,96,135,0.6273450065420333
6a7fd8e7700f451f4ed7e55e,15,3,9.6,175,1,90,127,0.6242044215710233
6a7fd8e7700f451f4ed7e55e,14,3,9.166666666666666,175,1,84,120,0.5945927557580406
6a7fd8e7700f451f4ed7e55e,13,4,9.428571428571429,175,1,78,109,0.628861208973907
6a7fd8e7700f451f4ed7e55e,12,4,10.25,175,1,72,93,0.7945117371541638
6a7fd8e7700f451f4ed7e55e,11,4,10.222222222222221,175,1,66,83,0.8357055651007235
6a7fd8e7700f451f4ed7e55e,10,4,11.2,175,1,60,63,0.9662899298206752
6a7fd8e7700f451f4ed7e55e,9,4,11.181818181818182,175,1,54,52,0.9844316284942953
6a7fd8e7700f451f4ed7e55e,8,4,11.166666666666666,175,1,48,41,0.9944270455804096
6a7fd8e7700f451f4ed7e55e,7,4,11.538461538461538,175,1,42,25,0.9995562507054383
6a7fd8e7700f451f4ed7e55e,6,5,11,175,1,36,21,0.9986659934317009
6a7fd8e7700f451f4ed7e55e,5,5,10.733333333333333,175,1,30,14,0.9996336532823296
6a7fd8e7700f451f4ed7e55e,4,6,10.375,175,1,24,9,0.9992236958320124
6a7fd8e7700f451f4ed7e562,19,1,4,186,0,114,182,0.24409672933416052
6a7fd8e7700f451f4ed7e562,18,1,5.5,186,0,108,175,0.21029354929553684
6a7fd8e7700f451f4ed7e562,17,1,6.666666666666667,186,0,102,166,0.20661059426423517
6a7fd8e7700f451f4ed7e562,16,1,6.75,186,0,96,159,0.1723093003257271
6a7fd8e7700f451f4ed7e562,15,1,7.2,186,0,90,150,0.16678836847356318
6a7fd8e7700f451f4ed7e562,14,1,7.166666666666667,186,0,84,143,0.13346813156447926
6a7fd8e7700f451f4ed7e562,13,1,7.428571428571429,186,0,78,134,0.1265525435379089
6a7fd8e7700f451f4ed7e562,12,1,7.375,186,0,72,127,0.09575573261149899
6a7fd8e7700f451f4ed7e562,11,3,6.555555555555555,186,0,66,127,0.026411624463380683
6a7fd8e7700f451f4ed7e562,10,4,6.8,186,0,60,118,0.02183434989622114
6a7fd8e7700f451f4ed7e562,9,4,6.636363636363637,186,0,54,113,0.008629019406591623
6a7fd8e7700f451f4ed7e562,8,5,6.583333333333333,186,0,48,107,0.003295872869907581
6a7fd8e7700f451f4ed7e562,7,5,7.230769230769231,186,0,42,92,0.007876998703546073
6a7fd8e7700f451f4ed7e562,6,6,7.214285714285714,186,0,36,85,0.0030977350369018404
6a7fd8e7700f451f4ed7e562,5,6,7.466666666666667,186,0,30,74,0.0027860984229881917
6a7fd8e7700f451f4ed7e562,4,6,7.1875,186,0,24,71,0.00016247767930880328
6a7fd8e7700f451f4ed7e562,3,6,7.411764705882353,186,0,18,60,0.00006751692031453021
6a7fd8e7700f451f4ed7e562,2,7,7.444444444444445,186,0,12,52,0.000002256622634444573
6a7fd8e7700f451f4ed7e562,1,7,7.473684210526316,186,0,6,44,6.109504474665784e-10
6a7fd8e7700f451f4ed7e566,19,0,14,219,0,114,205,0.03253703102970837
6a7fd8e7700f451f4ed7e566,18,0,13.5,219,0,108,192,0.0463318888780906
6a7fd8e7700f451f4ed7e566,17,0,13,219,0,102,180,0.05904993454579434
6a7fd8e7700f451f4ed7e566,16,0,12.5,219,0,96,169,0.06774117794138282
6a7fd8e7700f451f4ed7e566,15,0,11.8,219,0,90,160,0.06270012365721551
6a7fd8e7700f451f4ed7e566,14,0,11.666666666666666,219,0,84,149,0.0720822949696998
6a7fd8e7700f451f4ed7e566,13,0,11.714285714285714,219,0,78,137,0.09265055497034604
6a7fd8e7700f451f4ed7e566,12,0,11.125,219,0,72,130,0.06760606614877197
6a7fd8e7700f451f4ed7e566,11,0,11,219,0,66,120,0.06893790932465832
6a7fd8e7700f451f4ed7e566,10,0,10.8,219,0,60,111,0.061339562655092966
6a7fd8e7700f451f4ed7e566,9,0,10.090909090909092,219,0,54,108,0.020960956284959267
6a7fd8e7700f451f4ed7e566,8,0,10.25,219,0,48,96,0.027640471552037707
6a7fd8e7700f451f4ed7e566,7,0,10.384615384615385,219,0,42,84,0.036620434373752425
6a7fd8e7700f451f4ed7e566,6,0,9.785714285714286,219,0,36,82,0.006392279632848713
6a7fd8e7700f451f4ed7e566,5,0,9.6,219,0,30,75,0.0021353035091278573
6a7fd8e7700f451f4ed7e566,4,1,9.1875,219,0,24,72,0.00011350317190961189
6a7fd8e7700f451f4ed7e566,3,1,9.352941176470589,219,0,18,60,0.00006752250417873657
6a7fd8e7700f451f4ed7e566,2,1,9.444444444444445,219,0,12,49,0.000012076942950861153
6a7fd8e7700f451f4ed7e566,1,2,9.157894736842104,219,0,6,45,2.490049453413321e-10
6a7fd8e7700f451f4ed7e56a,19,0,7,171,1,114,164,0.6027633718288312
6a7fd8e7700f451f4ed7e56a,18,0,9.5,171,1,108,152,0.6714425563300875
6a7fd8e7700f451f4ed7e56a,17,1,9.333333333333334,171,1,102,143,0.67394796078687
6a7fd8e7700f451f4ed7e56a,16,1,7.75,171,1,96,140,0.5522845036085992
6a7fd8e7700f451f4ed7e56a,15,1,8,171,1,90,131,0.5583226068190821
6a7fd8e7700f451f4ed7e56a,14,1,7.166666666666667,171,1,84,128,0.41722430904078867
6a7fd8e7700f451f4ed7e56a,13,1,7.857142857142857,171,1,78,116,0.4932673090281535
6a7fd8e7700f451f4ed7e56a,12,1,9,171,1,72,99,0.703206277145746
6a7fd8e7700f451f4ed7e56a,11,1,8.11111111111111,171,1,66,98,0.4991641437537853
6a7fd8e7700f451f4ed7e56a,10,1,7.5,171,1,60,96,0.3081616699341954
6a7fd8e7700f451f4ed7e56a,9,1,8.454545454545455,171,1,54,78,0.5673852620775962
6a7fd8e7700f451f4ed7e56a,8,1,8.416666666666666,171,1,48,70,0.5421230606710062
6a7fd8e7700f451f4ed7e56a,7,1,8.692307692307692,171,1,42,58,0.6517783463509635
6a7fd8e7700f451f4ed7e56a,6,1,8.857142857142858,171,1,36,47,0.7355723295912509
6a7fd8e7700f451f4ed7e56a,5,1,8.933333333333334,171,1,30,37,0.7925596625698632
6a7fd8e7700f451f4ed7e56a,4,2,8.9375,171,1,24,28,0.8245318721040367
6a7fd8e7700f451f4ed7e56a,3,2,8.588235294117647,171,1,18,25,0.5957136136158059
6a7fd8e7700f451f4ed7e56a,2,3,8.666666666666666,171,1,12,15,0.686841895384282
6a7fd8e7700f451f4ed7e56a,1,4,8.578947368421053,171,1,6,8,0.591069882401689
6a7fd8e7700f451f4ed7e56e,19,1,6,197,0,114,191,0.1250178031951216
6a7fd8e7700f451f4ed7e56e,18,1,5,197,0,108,187,0.07648809505322664
6a7fd8e7700f451f4ed7e56e,17,1,7.666666666666667,197,0,102,174,0.10606709894207575
6a7fd8e7700f451f4ed7e56e,16,1,7,197,0,96,169,0.06747623286747202
6a7fd8e7700f451f4ed7e56e,15,2,8,197,0,90,157,0.08541419705679998
6a7fd8e7700f451f4ed7e56e,14,2,7.333333333333333,197,0,84,153,0.04504725959804582
6a7fd8e7700f451f4ed7e56e,13,2,8.285714285714286,197,0,78,139,0.07386503280247922
6a7fd8e7700f451f4ed7e56e,12,2,8.75,197,0,72,127,0.09556137188628709
6a7fd8e7700f451f4ed7e56e,11,2,8.666666666666666,197,0,66,119,0.07790580145973267
6a7fd8e7700f451f4ed7e56e,10,2,8.6,197,0,60,111,0.06130511267228375
6a7fd8e7700f451f4ed7e56e,9,2,8.545454545454545,197,0,54,103,0.04611088118306599
6a7fd8e7700f451f4ed7e56e,8,2,8.75,197,0,48,92,0.052669566244127185
6a7fd8e7700f451f4ed7e56e,7,2,8.538461538461538,197,0,42,86,0.025682947243008646
6a7fd8e7700f451f4ed7e56e,6,3,8.785714285714286,197,0,36,74,0.033920637159341266
6a7fd8e7700f451f4ed7e56e,5,3,8.866666666666667,197,0,30,64,0.030144394964867437
6a7fd8e7700f451f4ed7e56e,4,3,9.625,197,0,24,43,0.2070141197294862
6a7fd8e7700f451f4ed7e56e,3,3,10,197,0,18,27,0.4888906574664369
6a7fd8e7700f451f4ed7e56e,2,3,9.722222222222221,197,0,12,22,0.2598289175484787
6a7fd8e7700f451f4ed7e56e,1,5,9.31578947368421,197,0,6,20,0.01504402129773149
6a7fd8e7700f451f4ed7e572,19,0,16,191,0,114,175,0.3750106613991015
6a7fd8e7700f451f4ed7e572,18,0,15,191,0,108,161,0.48070894554304394
6a7fd8e7700f451f4ed7e572,17,0,15.666666666666666,191,0,102,144,0.6593626596641019
6a7fd8e7700f451f4ed7e572,16,0,15,191,0,96,131,0.7485565042208137
6a7fd8e7700f451f4ed7e572,15,0,13.4,191,0,90,124,0.7185688611286405
6a7fd8e7700f451f4ed7e572,14,1,12.166666666666666,191,0,84,118,0.6599035565677335
6a7fd8e7700f451f4ed7e572,13,2,10.571428571428571,191,0,78,117,0.465396209968688
6a7fd8e7700f451f4ed7e572,12,2,10.625,191,0,72,106,0.5213081997092563
6a7fd8e7700f451f4ed7e572,11,2,10.333333333333334,191,0,66,98,0.49828668636689577
6a7fd8e7700f451f4ed7e572,10,2,10,191,0,60,91,0.4437067506104012
6a7fd8e7700f451f4ed7e572,9,2,9.636363636363637,191,0,54,85,0.3560222624887726
6a7fd8e7700f451f4ed7e572,8,2,9.916666666666666,191,0,48,72,0.4765511349315167
6a7fd8e7700f451f4ed7e572,7,3,10.076923076923077,191,0,42,60,0.5832234642092858
6a7fd8e7700f451f4ed7e572,6,3,10,191,0,36,51,0.5938756470372558
6a7fd8e7700f451f4ed7e572,5,3,9.6,191,0,30,47,0.4022987177403209
6a7fd8e7700f451f4ed7e572,4,3,9.375,191,0,24,41,0.2746781314832726
6a7fd8e7700f451f4ed7e572,3,3,9.352941176470589,191,0,18,32,0.25073569008156027
6a7fd8e7700f451f4ed7e572,2,4,9.222222222222221,191,0,12,25,0.13846230487610414
6a7fd8e7700f451f4ed7e572,1,4,9.052631578947368,191,0,6,19,0.02334147384678794
6a7fd8e7700f451f4ed7e576,19,0,3,184,0,114,181,0.26429774707085496
6a7fd8e7700f451f4ed7e576,18,0,3,184,0,108,178,0.1695878662920228
6a7fd8e7700f451f4ed7e576,17,0,3.6666666666666665,184,0,102,173,0.11692482818963436
6a7fd8e7700f451f4ed7e576,16,0,5.75,184,0,96,161,0.14616740429156344
6a7fd8e7700f451f4ed7e576,15,0,5.8,184,0,90,155,0.10559181673177546
6a7fd8e7700f451f4ed7e576,14,0,6.333333333333333,184,0,84,146,0.09932700866786866
6a7fd8e7700f451f4ed7e576,13,0,7.142857142857143,184,0,78,134,0.12667802552064453
6a7fd8e7700f451f4ed7e576,12,0,7,184,0,72,128,0.08554796767118113
6a7fd8e7700f451f4ed7e576,11,0,7.111111111111111,184,0,66,120,0.06893790932465832
6a7fd8e7700f451f4ed7e576,10,1,7,184,0,60,114,0.04039940334128652
6a7fd8e7700f451f4ed7e576,9,1,8,184,0,54,96,0.11842695088696673
6a7fd8e7700f451f4ed7e576,8,1,7.416666666666667,184,0,48,95,0.03268183363295208
6a7fd8e7700f451f4ed7e576,7,1,7.384615384615385,184,0,42,88,0.01767703622794922
6a7fd8e7700f451f4ed7e576,6,1,7.285714285714286,184,0,36,82,0.006392278815231126
6a7fd8e7700f451f4ed7e576,5,1,7.466666666666667,184,0,30,72,0.004727716287089554
6a7fd8e7700f451f4ed7e576,4,1,7.5625,184,0,24,63,0.002248908081451946
6a7fd8e7700f451f4ed7e576,3,2,7.176470588235294,184,0,18,62,0.0000285990888493718
6a7fd8e7700f451f4ed7e576,2,4,7.277777777777778,184,0,12,53,0.0000012594498721385825
6a7fd8e7700f451f4ed7e576,1,4,7.631578947368421,184,0,6,39,4.7327882786009856e-8
6a7fd8e7700f451f4ed7e57a,19,1,10,161,1,114,151,0.8167856184107171
6a7fd8e7700f451f4ed7e57a,18,1,16,161,1,108,129,0.9477980858440342
6a7fd8e7700f451f4ed7e57a,17,1,15.333333333333334,161,1,102,115,0.9755173694703009
6a7fd8e7700f451f4ed7e57a,16,1,14.75,161,1,96,102,0.9888603886544208
6a7fd8e7700f451f4ed7e57a,15,1,13.8,161,1,90,92,0.9934246448755119
6a7fd8e7700f451f4ed7e57a,14,1,12.166666666666666,161,1,84,88,0.9904330255359637
6a7fd8e7700f451f4ed7e57a,13,1,11.142857142857142,161,1,78,83,0.9863991332421628
6a7fd8e7700f451f4ed7e57a,12,1,10.875,161,1,72,74,0.9902629234829432
6a7fd8e7700f451f4ed7e57a,11,1,10.777777777777779,161,1,66,64,0.994753298338129
6a7fd8e7700f451f4ed7e57a,10,1,10.4,161,1,60,57,0.994686972782269
6a7fd8e7700f451f4ed7e57a,9,2,10,161,1,54,51,0.9927394933869773
6a7fd8e7700f451f4ed7e57a,8,2,9.666666666666666,161,1,48,45,0.9905646344409395
6a7fd8e7700f451f4ed7e57a,7,3,9.461538461538462,161,1,42,38,0.9902828439213139
6a7fd8e7700f451f4ed7e57a,6,3,9.5,161,1,36,28,0.9967348980008942
6a7fd8e7700f451f4ed7e57a,5,3,9.266666666666667,161,1,30,22,0.9962669957086232
6a7fd8e7700f451f4ed7e57a,4,3,8.9375,161,1,24,18,0.9901731826272815
6a7fd8e7700f451f4ed7e57a,3,3,8.823529411764707,161,1,18,11,0.9937367485158827
6a7fd8e7700f451f4ed7e57a,2,4,8.722222222222221,161,1,12,4,0.9987645805395878
6a7fd8e7700f451f4ed7e57e,19,2,6,173,0,114,167,0.5124097242765362
6a7fd8e7700f451f4ed7e57e,18,2,9.5,173,0,108,154,0.6051233290965906
6a7fd8e7700f451f4ed7e57e,17,2,8,173,0,102,149,0.5340445786378684
6a7fd8e7700f451f4ed7e57e,16,2,7.5,173,0,96,143,0.47583052203070875
6a7fd8e7700f451f4ed7e57e,15,2,8.4,173,0,90,131,0.5518786779627662
6a7fd8e7700f451f4ed7e57e,14,2,7.666666666666667,173,0,84,127,0.43796689253711074
6a7fd8e7700f451f4ed7e57e,13,2,7.714285714285714,173,0,78,119,0.41533098318439393
6a7fd8e7700f451f4ed7e57e,12,2,7.625,173,0,72,112,0.36536297333523104
6a7fd8e7700f451f4ed7e57e,11,2,7.333333333333333,173,0,66,107,0.2667293736547801
6a7fd8e7700f451f4ed7e57e,10,2,7.4,173,0,60,99,0.23743442246449992
6a7fd8e7700f451f4ed7e57e,9,3,7.181818181818182,173,0,54,94,0.14950236348107324
6a7fd8e7700f451f4ed7e57e,8,3,6.833333333333333,173,0,48,91,0.06120019693131966
6a7fd8e7700f451f4ed7e57e,7,4,6.923076923076923,173,0,42,83,0.04336277158636369
6a7fd8e7700f451f4ed7e57e,6,4,7,173,0,36,75,0.028041543326813138
6a7fd8e7700f451f4ed7e57e,5,4,6.666666666666667,173,0,30,73,0.0036488735737802303
6a7fd8e7700f451f4ed7e57e,4,4,7.0625,173,0,24,60,0.00535999747136738
6a7fd8e7700f451f4ed7e57e,3,5,7.176470588235294,173,0,18,51,0.002091936505024194
6a7fd8e7700f451f4ed7e57e,2,5,7.166666666666667,173,0,12,44,0.00015488437521783265
6a7fd8e7700f451f4ed7e57e,1,5,6.947368421052632,173,0,6,41,8.454661831770906e-9
6a7fd8e7700f451f4ed7e582,19,0,17,167,1,114,150,0.8432961151582097
6a7fd8e7700f451f4ed7e582,18,0,13,167,1,108,141,0.854180377066611
6a7fd8e7700f451f4ed7e582,17,0,10.333333333333334,167,1,102,136,0.8078072996021306
6a7fd8e7700f451f4ed7e582,16,0,10.25,167,1,96,126,0.8338220567074006
6a7fd8e7700f451f4ed7e582,15,1,10.2,167,1,90,116,0.8555644237924066
6a7fd8e7700f451f4ed7e582,14,1,9.833333333333334,167,1,84,108,0.8532462468508601
6a7fd8e7700f451f4ed7e582,13,2,10.571428571428571,167,1,78,93,0.9308243278508105
6a7fd8e7700f451f4ed7e582,12,3,10.375,167,1,72,84,0.9337499775880225
6a7fd8e7700f451f4ed7e582,11,3,10.222222222222221,167,1,66,75,0.9474341960538506
6a7fd8e7700f451f4ed7e582,10,3,10.9,167,1,60,58,0.9904698771709711
6a7fd8e7700f451f4ed7e582,9,4,10.545454545454545,167,1,54,51,0.9868218376872464
6a7fd8e7700f451f4ed7e582,8,4,10.833333333333334,167,1,48,37,0.9974206993963206
6a7fd8e7700f451f4ed7e582,7,4,10.461538461538462,167,1,42,31,0.9982676708983937
6a7fd8e7700f451f4ed7e582,6,4,9.857142857142858,167,1,36,29,0.9948013507357281
6a7fd8e7700f451f4ed7e582,5,5,10.333333333333334,167,1,30,12,0.9997888876947602
6a7fd8e7700f451f4ed7e582,4,5,10.0625,167,1,24,6,0.999970325041814
6a7fd8e7700f451f4ed7e582,3,5,9.647058823529411,167,1,18,3,0.9999928534207372
6a7fd8e7700f451f4ed7e586,19,0,10,183,0,114,173,0.4152493930861107
6a7fd8e7700f451f4ed7e586,18,2,7,183,0,108,169,0.3040745550154113
6a7fd8e7700f451f4ed7e586,17,2,9,183,0,102,156,0.38444583878059946
6a7fd8e7700f451f4ed7e586,16,3,8,183,0,96,151,0.29397090209159077
6a7fd8e7700f451f4ed7e586,15,3,6.6,183,0,90,150,0.1610774169355323
6a7fd8e7700f451f4ed7e586,14,4,6.666666666666667,183,0,84,143,0.12444823750664281
6a7fd8e7700f451f4ed7e586,13,5,7.428571428571429,183,0,78,131,0.14677237365552118
6a7fd8e7700f451f4ed7e586,12,5,7.5,183,0,72,123,0.13196671285993702
6a7fd8e7700f451f4ed7e586,11,5,7.555555555555555,183,0,66,115,0.11525680933212377
6a7fd8e7700f451f4ed7e586,10,5,8.7,183,0,60,96,0.29146658065925657
6a7fd8e7700f451f4ed7e586,9,5,9.090909090909092,183,0,54,83,0.3988121078369365
6a7fd8e7700f451f4ed7e586,8,5,9.166666666666666,183,0,48,73,0.43407393377818393
6a7fd8e7700f451f4ed7e586,7,5,8.692307692307692,183,0,42,70,0.25394842452908273
6a7fd8e7700f451f4ed7e586,6,5,8.428571428571429,183,0,36,65,0.1461327360315492
6a7fd8e7700f451f4ed7e586,5,6,8.466666666666667,183,0,30,56,0.12729940286148866
6a7fd8e7700f451f4ed7e586,4,6,8.375,183,0,24,49,0.07314793011403292
6a7fd8e7700f451f4ed7e586,3,6,8.529411764705882,183,0,18,38,0.08067066193160452
6a7fd8e7700f451f4ed7e586,2,6,8.166666666666666,183,0,12,36,0.004798460214268959
6a7fd8e7700f451f4ed7e586,1,6,8.421052631578947,183,0,6,23,0.0035015208000095293
6a7fd8e7700f451f4ed7e58a,19,0,24,160,1,114,136,0.9592919180109346
6a7fd8e7700f451f4ed7e58a,18,1,16.5,160,1,108,127,0.9571064371242
6a7fd8e7700f451f4ed7e58a,17,2,13,160,1,102,121,0.9356675136355435
6a7fd8e7700f451f4ed7e58a,16,2,15.25,160,1,96,99,0.9839801227979154
6a7fd8e7700f451f4ed7e58a,15,3,13.2,160,1,90,94,0.9680778481706189
6a7fd8e7700f451f4ed7e58a,14,3,13.5,160,1,84,79,0.9860315999275394
6a7fd8e7700f451f4ed7e58a,13,3,12.285714285714286,160,1,78,74,0.9886913671284465
6a7fd8e7700f451f4ed7e58a,12,3,11.5,160,1,72,68,0.9912455055790343
6a7fd8e7700f451f4ed7e58a,11,3,10.777777777777779,160,1,66,63,0.9916788124946543
6a7fd8e7700f451f4ed7e58a,10,3,10.1,160,1,60,59,0.9884850726260807
6a7fd8e7700f451f4ed7e58a,9,3,9.909090909090908,160,1,54,51,0.9915379775355582
6a7fd8e7700f451f4ed7e58a,8,3,9.083333333333334,160,1,48,51,0.9609243083831996
6a7fd8e7700f451f4ed7e58a,7,3,8.538461538461538,160,1,42,49,0.8900595312977349
6a7fd8e7700f451f4ed7e58a,6,3,8.571428571428571,160,1,36,40,0.9113230412171138
6a7fd8e7700f451f4ed7e58a,5,3,8.866666666666667,160,1,30,27,0.9775387523846847
6a7fd8e7700f451f4ed7e58a,4,3,8.875,160,1,24,18,0.9901731826272815
6a7fd8e7700f451f4ed7e58a,3,3,8.529411764705882,160,1,18,15,0.9606344587458581
6a7fd8e7700f451f4ed7e58a,2,4,8.277777777777779,160,1,12,11,0.8910136343674403
6a7fd8e7700f451f4ed7e58e,19,1,12,130,1,114,118,0.9864553712713908
6a7fd8e7700f451f4ed7e58e,18,1,12,130,1,108,106,0.9926368130110493
6a7fd8e7700f451f4ed7e58e,17,1,10,130,1,102,100,0.9942932847639352
6a7fd8e7700f451f4ed7e58e,16,1,9.5,130,1,96,92,0.9962465108851276
6a7fd8e7700f451f4ed7e58e,15,1,9.8,130,1,90,81,0.9982608359722626
6a7fd8e7700f451f4ed7e58e,14,1,9.166666666666666,130,1,84,75,0.9987210646542296
6a7fd8e7700f451f4ed7e58e,13,1,8.571428571428571,130,1,78,70,0.9987968311520083
6a7fd8e7700f451f4ed7e58e,12,3,7.625,130,1,72,69,0.9902194872880677
6a7fd8e7700f451f4ed7e58e,11,3,7.444444444444445,130,1,66,63,0.9916788124946543
6a7fd8e7700f451f4ed7e58e,10,4,7.4,130,1,60,56,0.9865467445530696
6a7fd8e7700f451f4ed7e58e,9,4,7.7272727272727275,130,1,54,45,0.9947308741706468
6a7fd8e7700f451f4ed7e58e,8,4,8.5,130,1,48,28,0.999364637044248
6a7fd8e7700f451f4ed7e58e,7,4,8.384615384615385,130,1,42,21,0.9997953064370634
6a7fd8e7700f451f4ed7e58e,6,5,8.214285714285714,130,1,36,15,0.9995890622300304
6a7fd8e7700f451f4ed7e58e,5,5,8.066666666666666,130,1,30,9,0.9999128087847498
6a7fd8e7700f451f4ed7e58e,4,5,7.9375,130,1,24,3,0.9999942544365829
6a7fd8e7700f451f4ed7e592,19,0,5,169,1,114,164,0.6027633718288312
6a7fd8e7700f451f4ed7e592,18,0,6,169,1,108,157,0.5672751725296116
6a7fd8e7700f451f4ed7e592,17,0,8.666666666666666,169,1,102,143,0.6800091418011696
6a7fd8e7700f451f4ed7e592,16,1,7.5,169,1,96,139,0.5750535775742526
6a7fd8e7700f451f4ed7e592,15,2,7.6,169,1,90,131,0.5518786779627662
6a7fd8e7700f451f4ed7e592,14,2,9,169,1,84,115,0.7205060528379907
6a7fd8e7700f451f4ed7e592,13,2,9.571428571428571,169,1,78,102,0.8123464053955947
6a7fd8e7700f451f4ed7e592,12,2,9.75,169,1,72,91,0.8600820207623614
6a7fd8e7700f451f4ed7e592,11,2,9.444444444444445,169,1,66,84,0.8412018102725667
6a7fd8e7700f451f4ed7e592,10,3,9.9,169,1,60,70,0.9243445733805317
6a7fd8e7700f451f4ed7e592,9,4,10.181818181818182,169,1,54,57,0.9638711214824809
6a7fd8e7700f451f4ed7e592,8,4,10.916666666666666,169,1,48,38,0.996905223356104
6a7fd8e7700f451f4ed7e592,7,4,11.076923076923077,169,1,42,25,0.9995562507054383
6a7fd8e7700f451f4ed7e592,6,4,10.928571428571429,169,1,36,16,0.999924658630148
6a7fd8e7700f451f4ed7e592,5,5,10.4,169,1,30,13,0.9997220536775736
6a7fd8e7700f451f4ed7e592,4,5,10.4375,169,1,24,2,0.9999975509058008
6a7fd8e7700f451f4ed7e596,19,0,9,197,0,114,188,0.16119176997563744
6a7fd8e7700f451f4ed7e596,18,0,6.5,197,0,108,184,0.10220213072087049
6a7fd8e7700f451f4ed7e596,17,0,7.666666666666667,197,0,102,174,0.10674966227663686
6a7fd8e7700f451f4ed7e596,16,1,6.75,197,0,96,170,0.06066372955734815
6a7fd8e7700f451f4ed7e596,15,1,7.4,197,0,90,160,0.06254709179707729
6a7fd8e7700f451f4ed7e596,14,1,8.5,197,0,84,146,0.09916484686664141
6a7fd8e7700f451f4ed7e596,13,1,8,197,0,78,141,0.0586746011402986
6a7fd8e7700f451f4ed7e596,12,1,7.375,197,0,72,138,0.02339857249439857
6a7fd8e7700f451f4ed7e596,11,3,7,197,0,66,134,0.008701234339021478
6a7fd8e7700f451f4ed7e596,10,3,7.6,197,0,60,121,0.013476794025608358
6a7fd8e7700f451f4ed7e596,9,3,7.090909090909091,197,0,54,119,0.0026557787152234175
6a7fd8e7700f451f4ed7e596,8,3,6.916666666666667,197,0,48,114,0.0006698090464293965
6a7fd8e7700f451f4ed7e596,7,4,7.153846153846154,197,0,42,104,0.00046037319597958513
6a7fd8e7700f451f4ed7e596,6,4,7.571428571428571,197,0,36,91,0.0006571991451672153
6a7fd8e7700f451f4ed7e596,5,4,7.6,197,0,30,83,0.00019806979573983616
6a7fd8e7700f451f4ed7e596,4,4,7.6875,197,0,24,74,0.00005418976934940665
6a7fd8e7700f451f4ed7e596,3,4,8.058823529411764,197,0,18,60,0.00006752250133338101
6a7fd8e7700f451f4ed7e596,2,4,8.11111111111111,197,0,12,51,0.0000039952545625221465
6a7fd8e7700f451f4ed7e596,1,4,8.368421052631579,197,0,6,38,1.069882924405232e-7
6a7fd8e7700f451f4ed7e59a,19,0,9,181,0,114,172,0.43578753853547614
6a7fd8e7700f451f4ed7e59a,18,1,6,181,0,108,169,0.31242948614279953
6a7fd8e7700f451f4ed7e59a,17,2,4.666666666666667,181,0,102,167,0.187927323000419
6a7fd8e7700f451f4ed7e59a,16,2,6.25,181,0,96,156,0.21525476226701132
6a7fd8e7700f451f4ed7e59a,15,2,5.2,181,0,90,155,0.10440097951889814
6a7fd8e7700f451f4ed7e59a,14,4,5.833333333333333,181,0,84,146,0.09271555094665082
6a7fd8e7700f451f4ed7e59a,13,4,5.285714285714286,181,0,78,144,0.03879984437728346
6a7fd8e7700f451f4ed7e59a,12,5,5.75,181,0,72,135,0.03267933680480668
6a7fd8e7700f451f4ed7e59a,11,5,5.222222222222222,181,0,66,134,0.008300763670703563
6a7fd8e7700f451f4ed7e59a,10,5,6,181,0,60,121,0.013039417208511723
6a7fd8e7700f451f4ed7e59a,9,5,5.818181818181818,181,0,54,117,0.003928662569261896
6a7fd8e7700f451f4ed7e59a,8,5,6.416666666666667,181,0,48,104,0.006161766957178951
6a7fd8e7700f451f4ed7e59a,7,5,6.538461538461538,181,0,42,96,0.0032815056157255123
6a7fd8e7700f451f4ed7e59a,6,5,7.142857142857143,181,0,36,81,0.008004324544030031
6a7fd8e7700f451f4ed7e59a,5,6,6.933333333333334,181,0,30,77,0.0012152016466893771
6a7fd8e7700f451f4ed7e59a,4,6,7,181,0,24,69,0.00032663274934048765
6a7fd8e7700f451f4ed7e59a,3,6,6.882352941176471,181,0,18,64,0.000011704222954791866
6a7fd8e7700f451f4ed7e59a,2,6,6.833333333333333,181,0,12,58,5.717833864220141e-8
6a7fd8e7700f451f4ed7e59a,1,6,6.631578947368421,181,0,6,55,2.387644949222366e-14
6a7fd8e7700f451f4ed7e59e,19,0,4,195,0,114,191,0.12666824944565946
6a7fd8e7700f451f4ed7e59e,18,0,5.5,195,0,108,184,0.10220213072087049
6a7fd8e7700f451f4ed7e59e,17,0,8,195,0,102,171,0.1393646210624269
6a7fd8e7700f451f4ed7e59e,16,1,8.25,195,0,96,162,0.13324317856160914
6a7fd8e7700f451f4ed7e59e,15,1,8,195,0,90,155,0.10530312785213841
6a7fd8e7700f451f4ed7e59e,14,1,8.333333333333334,195,0,84,145,0.10977234159149542
6a7fd8e7700f451f4ed7e59e,13,1,8,195,0,78,139,0.07410837370827904
6a7fd8e7700f451f4ed7e59e,12,1,7.5,195,0,72,135,0.03561183828403543
6a7fd8e7700f451f4ed7e59e,11,2,7.555555555555555,195,0,66,127,0.026503315658896884
6a7fd8e7700f451f4ed7e59e,10,2,7.2,195,0,60,123,0.009569053099011338
6a7fd8e7700f451f4ed7e59e,9,2,7.2727272727272725,195,0,54,115,0.005930624432931595
6a7fd8e7700f451f4ed7e59e,8,2,7.083333333333333,195,0,48,110,0.0017144303654298212
6a7fd8e7700f451f4ed7e59e,7,2,7.153846153846154,195,0,42,102,0.0007735524404640245
6a7fd8e7700f451f4ed7e59e,6,2,7.214285714285714,195,0,36,94,0.0002812961665123034
6a7fd8e7700f451f4ed7e59e,5,4,7.133333333333334,195,0,30,88,0.000037220006053837694
6a7fd8e7700f451f4ed7e59e,4,4,7.0625,195,0,24,82,0.0000021548054086340052
6a7fd8e7700f451f4ed7e59e,3,5,7.470588235294118,195,0,18,68,0.000001770826586291327
6a7fd8e7700f451f4ed7e59e,2,5,7.333333333333333,195,0,12,63,1.9596991197361273e-9
6a7fd8e7700f451f4ed7e59e,1,5,7.368421052631579,195,0,6,55,2.3876449492930753e-14
6a7fd8e7700f451f4ed7e5a2,19,0,15,160,1,114,145,0.8987832689374369
6a7fd8e7700f451f4ed7e5a2,18,2,9,160,1,108,142,0.8081006200513076
6a7fd8e7700f451f4ed7e5a2,17,2,9,160,1,102,133,0.8265489306683964
6a7fd8e7700f451f4ed7e5a2,16,3,7.5,160,1,96,130,0.7214803134888195
6a7fd8e7700f451f4ed7e5a2,15,4,7.2,160,1,90,124,0.6412398668841287
6a7fd8e7700f451f4ed7e5a2,14,4,7.333333333333333,160,1,84,116,0.6481031364338218
6a7fd8e7700f451f4ed7e5a2,13,4,8.142857142857142,160,1,78,103,0.7510178284324045
6a7fd8e7700f451f4ed7e5a2,12,4,7.5,160,1,72,100,0.649671215485517
6a7fd8e7700f451f4ed7e5a2,11,4,7.111111111111111,160,1,66,96,0.5389998009773254
6a7fd8e7700f451f4ed7e5a2,10,4,6.7,160,1,60,93,0.3809003442170485
6a7fd8e7700f451f4ed7e5a2,9,4,7.545454545454546,160,1,54,77,0.5913703964364293
6a7fd8e7700f451f4ed7e5a2,8,4,8,160,1,48,64,0.7246501547263713
6a7fd8e7700f451f4ed7e5a2,7,4,7.923076923076923,160,1,42,57,0.6826027726669559
6a7fd8e7700f451f4ed7e5a2,6,4,7.785714285714286,160,1,36,51,0.593292540932557
6a7fd8e7700f451f4ed7e5a2,5,4,7.866666666666666,160,1,30,42,0.6067932689065241
6a7fd8e7700f451f4ed7e5a2,4,4,8.25,160,1,24,28,0.824451811805057
6a7fd8e7700f451f4ed7e5a2,3,4,8.176470588235293,160,1,18,21,0.790981562184864
6a7fd8e7700f451f4ed7e5a2,2,4,8,160,1,12,16,0.6234345546990697
6a7fd8e7700f451f4ed7e5a2,1,5,7.842105263157895,160,1,6,11,0.3286770443846401
6a7fd8e7700f451f4ed7e5a6,19,0,3,193,0,114,190,0.1375337902455262
6a7fd8e7700f451f4ed7e5a6,18,0,5,193,0,108,183,0.11177770853504897
6a7fd8e7700f451f4ed7e5a6,17,0,7.333333333333333,193,0,102,171,0.1393646210624269
6a7fd8e7700f451f4ed7e5a6,16,0,7.75,193,0,96,162,0.1338439686998223
6a7fd8e7700f451f4ed7e5a6,15,0,10,193,0,90,143,0.2878932878131025
6a7fd8e7700f451f4ed7e5a6,14,1,9.833333333333334,193,0,84,134,0.2830939361449544
6a7fd8e7700f451f4ed7e5a6,13,1,9.142857142857142,193,0,78,129,0.20163131922139432
6a7fd8e7700f451f4ed7e5a6,12,1,8.875,193,0,72,122,0.16125168985982347
6a7fd8e7700f451f4ed7e5a6,11,1,9.11111111111111,193,0,66,111,0.18655103954656443
6a7fd8e7700f451f4ed7e5a6,10,1,8.6,193,0,60,107,0.10189571089559613
6a7fd8e7700f451f4ed7e5a6,9,1,8.727272727272727,193,0,54,97,0.10470434210320245
6a7fd8e7700f451f4ed7e5a6,8,1,8.583333333333334,193,0,48,90,0.0708856134416152
6a7fd8e7700f451f4ed7e5a6,7,2,8.76923076923077,193,0,42,79,0.0818030763309348
6a7fd8e7700f451f4ed7e5a6,6,2,8.785714285714286,193,0,36,70,0.06870880108519611
6a7fd8e7700f451f4ed7e5a6,5,2,8.866666666666667,193,0,30,60,0.0655477585710629
6a7fd8e7700f451f4ed7e5a6,4,2,8.4375,193,0,24,58,0.009223806227018162
6a7fd8e7700f451f4ed7e5a6,3,2,8.117647058823529,193,0,18,55,0.0004968287145343856
6a7fd8e7700f451f4ed7e5a6,2,3,7.833333333333333,193,0,12,52,0.0000022567659323866733
6a7fd8e7700f451f4ed7e5a6,1,3,7.684210526315789,193,0,6,47,4.081909864576644e-11
6a7fd8e7700f451f4ed7e5aa,19,0,18,168,1,114,150,0.8432961151582097
6a7fd8e7700f451f4ed7e5aa,18,0,17.5,168,1,108,133,0.9331627764109753
6a7fd8e7700f451f4ed7e5aa,17,0,14.333333333333334,168,1,102,125,0.9344222729304216
6a7fd8e7700f451f4ed7e5aa,16,1,12,168,1,96,120,0.9035232197558083
6a7fd8e7700f451f4ed7e5aa,15,1,12.2,168,1,90,107,0.9470210965021655
6a7fd8e7700f451f4ed7e5aa,14,2,11.5,168,1,84,99,0.9427260711027683
6a7fd8e7700f451f4ed7e5aa,13,2,10.285714285714286,168,1,78,96,0.9003515860407425
6a7fd8e7700f451f4ed7e5aa,12,2,10,168,1,72,88,0.9016976175852015
6a7fd8e7700f451f4ed7e5aa,11,2,9.666666666666666,168,1,66,81,0.8890504561657966
6a7fd8e7700f451f4ed7e5aa,10,3,9.1,168,1,60,77,0.8148157294572116
6a7fd8e7700f451f4ed7e5aa,9,4,8.818181818181818,168,1,54,71,0.7577696248325532
6a7fd8e7700f451f4ed7e5aa,8,4,9.25,168,1,48,57,0.8841490344391496
6a7fd8e7700f451f4ed7e5aa,7,4,8.923076923076923,168,1,42,52,0.8247366052606233
6a7fd8e7700f451f4ed7e5aa,6,5,8.857142857142858,168,1,36,44,0.8189318759349951
6a7fd8e7700f451f4ed7e5aa,5,5,9.066666666666666,168,1,30,32,0.915397416055454
6a7fd8e7700f451f4ed7e5aa,4,5,9.3125,168,1,24,19,0.9847480907911453
6a7fd8e7700f451f4ed7e5aa,3,5,9.176470588235293,168,1,18,12,0.9891803600608085
6a7fd8e7700f451f4ed7e5aa,2,5,9.055555555555555,168,1,12,5,0.9964082342018876
6a7fd8e7700f451f4ed7e5ae,19,0,11,207,0,114,196,0.08149835332145033
6a7fd8e7700f451f4ed7e5ae,18,0,11,207,0,108,185,0.0932536233723174
6a7fd8e7700f451f4ed7e5ae,17,1,10.333333333333334,207,0,102,176,0.08785282538852629
6a7fd8e7700f451f4ed7e5ae,16,1,10,207,0,96,167,0.08290593967075094
6a7fd8e7700f451f4ed7e5ae,15,1,10.8,207,0,90,153,0.12749820448687357
6a7fd8e7700f451f4ed7e5ae,14,2,10,207,0,84,147,0.08885996182961615
6a7fd8e7700f451f4ed7e5ae,13,2,9.857142857142858,207,0,78,138,0.08266103988343733
6a7fd8e7700f451f4ed7e5ae,12,3,8.75,207,0,72,137,0.026794993623357938
6a7fd8e7700f451f4ed7e5ae,11,4,8.555555555555555,207,0,66,130,0.016525304301985642
6a7fd8e7700f451f4ed7e5ae,10,4,8.1,207,0,60,126,0.005525754666154955
6a7fd8e7700f451f4ed7e5ae,9,4,8.545454545454545,207,0,54,113,0.008629019406591623
6a7fd8e7700f451f4ed7e5ae,8,4,8.666666666666666,207,0,48,103,0.007595303147484736
6a7fd8e7700f451f4ed7e5ae,7,4,8.461538461538462,207,0,42,97,0.0026162233511863235
6a7fd8e7700f451f4ed7e5ae,6,4,8.571428571428571,207,0,36,87,0.0019002839111179962
6a7fd8e7700f451f4ed7e5ae,5,5,8.133333333333333,207,0,30,85,0.00010318847858009557
6a7fd8e7700f451f4ed7e5ae,4,6,8.375,207,0,24,73,0.00007864069798708983
6a7fd8e7700f451f4ed7e5ae,3,6,8.235294117647058,207,0,18,67,0.0000028754122010086606
6a7fd8e7700f451f4ed7e5ae,2,6,8.38888888888889,207,0,12,56,2.0395794004710813e-7
6a7fd8e7700f451f4ed7e5ae,1,7,8.157894736842104,207,0,6,52,4.025284795850656e-13
6a7fd8e7700f451f4ed7e5b2,19,0,10,184,1,114,174,0.3949733318669916
6a7fd8e7700f451f4ed7e5b2,18,1,6,184,1,108,172,0.2586347788986823
6a7fd8e7700f451f4ed7e5b2,17,1,8.666666666666666,184,1,102,158,0.35110206790206344
6a7fd8e7700f451f4ed7e5b2,16,2,8.5,184,1,96,150,0.3248651737012497
6a7fd8e7700f451f4ed7e5b2,15,2,10.2,184,1,90,133,0.5049885888994545
6a7fd8e7700f451f4ed7e5b2,14,2,9.833333333333334,184,1,84,125,0.48646379149807595
6a7fd8e7700f451f4ed7e5b2,13,2,9.857142857142858,184,1,78,115,0.5162888159141547
6a7fd8e7700f451f4ed7e5b2,12,3,9.75,184,1,72,106,0.5159580627920664
6a7fd8e7700f451f4ed7e5b2,11,4,9.11111111111111,184,1,66,102,0.3791304919686483
6a7fd8e7700f451f4ed7e5b2,10,4,10.2,184,1,60,82,0.6879090373533951
6a7fd8e7700f451f4ed7e5b2,9,4,10,184,1,54,74,0.6786854972249624
6a7fd8e7700f451f4ed7e5b2,8,5,9.833333333333334,184,1,48,66,0.6537293552485322
6a7fd8e7700f451f4ed7e5b2,7,5,10.153846153846153,184,1,42,52,0.8160123366201861
6a7fd8e7700f451f4ed7e5b2,6,5,10.357142857142858,184,1,36,39,0.9217880610154805
6a7fd8e7700f451f4ed7e5b2,5,6,9.866666666666667,184,1,30,36,0.8104216679392648
6a7fd8e7700f451f4ed7e5b2,4,7,9.6875,184,1,24,29,0.7603650746856547
6a7fd8e7700f451f4ed7e5b2,3,7,9.882352941176471,184,1,18,16,0.9315770774940259
6a7fd8e7700f451f4ed7e5b2,2,7,9.777777777777779,184,1,12,8,0.9669565576885054
6a7fd8e7700f451f4ed7e5b2,1,7,9.736842105263158,184,1,6,-1,1
6a7fd8e7700f451f4ed7e5b6,19,0,12,203,0,114,191,0.12666824944565946
6a7fd8e7700f451f4ed7e5b6,18,1,15,203,0,108,173,0.2418831278058493
6a7fd8e7700f451f4ed7e5b6,17,2,11.666666666666666,203,0,102,168,0.17387591492868715
6a7fd8e7700f451f4ed7e5b6,16,2,12,203,0,96,155,0.23182623493775734
6a7fd8e7700f451f4ed7e5b6,15,2,11.4,203,0,90,146,0.22839575921090882
6a7fd8e7700f451f4ed7e5b6,14,3,10.5,203,0,84,140,0.17119661074891668
6a7fd8e7700f451f4ed7e5b6,13,3,10.571428571428571,203,0,78,129,0.19819617190319033
6a7fd8e7700f451f4ed7e5b6,12,3,11.25,203,0,72,113,0.33777354493147
6a7fd8e7700f451f4ed7e5b6,11,3,11.444444444444445,203,0,66,100,0.4401893330147255
6a7fd8e7700f451f4ed7e5b6,10,5,11.9,203,0,60,84,0.6085885927855055
6a7fd8e7700f451f4ed7e5b6,9,6,11.545454545454545,203,0,54,76,0.5551855651178939
6a7fd8e7700f451f4ed7e5b6,8,6,11,203,0,48,71,0.46858502180225636
6a7fd8e7700f451f4ed7e5b6,7,6,10.615384615384615,203,0,42,65,0.38955164455021735
6a7fd8e7700f451f4ed7e5b6,6,7,10.285714285714286,203,0,36,59,0.2717619646519083
6a7fd8e7700f451f4ed7e5b6,5,7,10.266666666666667,203,0,30,49,0.3052420278197109
6a7fd8e7700f451f4ed7e5b6,4,8,10.5,203,0,24,35,0.44341302033161945
6a7fd8e7700f451f4ed7e5b6,3,9,10.941176470588236,203,0,18,17,0.5846318265098872
6a7fd8e7700f451f4ed7e5ba,19,0,9,164,1,114,155,0.7704976971791322
6a7fd8e7700f451f4ed7e5ba,18,0,6.5,164,1,108,151,0.6911331004720267
6a7fd8e7700f451f4ed7e5ba,17,1,7.333333333333333,164,1,102,142,0.6939065440990935
6a7fd8e7700f451f4ed7e5ba,16,1,7.25,164,1,96,135,0.663337254836957
6a7fd8e7700f451f4ed7e5ba,15,2,7.4,164,1,90,127,0.6432282095221702
6a7fd8e7700f451f4ed7e5ba,14,3,7.666666666666667,164,1,84,118,0.6402302739608163
6a7fd8e7700f451f4ed7e5ba,13,3,7.285714285714286,164,1,78,113,0.5584448352047255
6a7fd8e7700f451f4ed7e5ba,12,5,6.625,164,1,72,111,0.3488444735956233
6a7fd8e7700f451f4ed7e5ba,11,5,7.333333333333333,164,1,66,98,0.4580495613578225
6a7fd8e7700f451f4ed7e5ba,10,5,7.3,164,1,60,91,0.4187454827676331
6a7fd8e7700f451f4ed7e5ba,9,5,7.2727272727272725,164,1,54,84,0.37065459118551203
6a7fd8e7700f451f4ed7e5ba,8,5,7.333333333333333,164,1,48,76,0.3434267745826953
6a7fd8e7700f451f4ed7e5ba,7,5,7.230769230769231,164,1,42,70,0.25394842452908273
6a7fd8e7700f451f4ed7e5ba,6,5,8,164,1,36,52,0.5527529688333
6a7fd8e7700f451f4ed7e5ba,5,5,8,164,1,30,44,0.5231044012565366
6a7fd8e7700f451f4ed7e5ba,4,5,8.125,164,1,24,34,0.5778641729147498
6a7fd8e7700f451f4ed7e5ba,3,5,8.117647058823529,164,1,18,26,0.5422143451655421
6a7fd8e7700f451f4ed7e5ba,2,5,8.5,164,1,12,11,0.8910013836266686
6a7fd8e7700f451f4ed7e5be,19,0,6,187,0,114,181,0.26429774707085496
6a7fd8e7700f451f4ed7e5be,18,0,8,187,0,108,171,0.2790248410879608
6a7fd8e7700f451f4ed7e5be,17,0,8.333333333333334,187,0,102,162,0.27600938936145286
6a7fd8e7700f451f4ed7e5be,16,0,8.75,187,0,96,152,0.2915321300977947
6a7fd8e7700f451f4ed7e5be,15,0,11,187,0,90,132,0.5367398692593923
6a7fd8e7700f451f4ed7e5be,14,0,11.666666666666666,187,0,84,117,0.6845100189938913
6a7fd8e7700f451f4ed7e5be,13,0,12.142857142857142,187,0,78,102,0.8179516474983091
6a7fd8e7700f451f4ed7e5be,12,0,11.75,187,0,72,93,0.8301346665900045
6a7fd8e7700f451f4ed7e5be,11,0,10.777777777777779,187,0,66,90,0.7148763747188703
6a7fd8e7700f451f4ed7e5be,10,1,11.1,187,0,60,76,0.8387271197266203
6a7fd8e7700f451f4ed7e5be,9,2,10.636363636363637,187,0,54,70,0.7902041841881561
6a7fd8e7700f451f4ed7e5be,8,4,10.833333333333334,187,0,48,57,0.8841490344391496
6a7fd8e7700f451f4ed7e5be,7,5,10.76923076923077,187,0,42,47,0.9114224764899442
6a7fd8e7700f451f4ed7e5be,6,6,10.285714285714286,187,0,36,43,0.8243900861752861
6a7fd8e7700f451f4ed7e5be,5,7,10.133333333333333,187,0,30,35,0.7933547241237151
6a7fd8e7700f451f4ed7e5be,4,7,9.75,187,0,24,31,0.6846534303980997
6a7fd8e7700f451f4ed7e5be,3,7,9.470588235294118,187,0,18,26,0.5341637392857947
6a7fd8e7700f451f4ed7e5be,2,7,9.5,187,0,12,16,0.6211007539033231
6a7fd8e7700f451f4ed7e5be,1,7,9.31578947368421,187,0,6,10,0.40947858458847
6a7fd8e7700f451f4ed7e5c2,19,0,7,203,0,114,196,0.08149835332145033
6a7fd8e7700f451f4ed7e5c2,18,1,12.5,203,0,108,178,0.16790281676693103
6a7fd8e7700f451f4ed7e5c2,17,1,14,203,0,102,161,0.29234259203344054
6a7fd8e7700f451f4ed7e5c2,16,1,11.25,203,0,96,158,0.18687298758513593
6a7fd8e7700f451f4ed7e5c2,15,1,10,203,0,90,153,0.12749820448687357
6a7fd8e7700f451f4ed7e5c2,14,1,10.333333333333334,203,0,84,141,0.16060452417498908
6a7fd8e7700f451f4ed7e5c2,13,2,9.857142857142858,203,0,78,134,0.12608601616727838
6a7fd8e7700f451f4ed7e5c2,12,2,9.875,203,0,72,124,0.1317957268721757
6a7fd8e7700f451f4ed7e5c2,11,3,9.11111111111111,203,0,66,121,0.060410358813556095
6a7fd8e7700f451f4ed7e5c2,10,4,8.7,203,0,60,116,0.02974323894706008
6a7fd8e7700f451f4ed7e5c2,9,4,9.090909090909092,203,0,54,103,0.04583421743317309
6a7fd8e7700f451f4ed7e5c2,8,4,8.833333333333334,203,0,48,97,0.023217713459011878
6a7fd8e7700f451f4ed7e5c2,7,4,9,203,0,42,86,0.025654672830590756
6a7fd8e7700f451f4ed7e5c2,6,6,8.5,203,0,36,84,0.003946371270212305
6a7fd8e7700f451f4ed7e5c2,5,6,8.866666666666667,203,0,30,70,0.007747547607422411
6a7fd8e7700f451f4ed7e5c2,4,7,8.5,203,0,24,67,0.0006321896218346313
6a7fd8e7700f451f4ed7e5c2,3,7,8.588235294117647,203,0,18,57,0.00022899035924643855
6a7fd8e7700f451f4ed7e5c2,2,7,8.333333333333334,203,0,12,53,0.0000012593808084282967
6a7fd8e7700f451f4ed7e5c2,1,7,8.052631578947368,203,0,6,50,2.5950519869221593e-12
6a7fd8e7700f451f4ed7e5c6,19,1,3,160,1,114,157,0.7246407833323671
6a7fd8e7700f451f4ed7e5c6,18,2,6,160,1,108,148,0.7167819192756404
6a7fd8e7700f451f4ed7e5c6,17,2,7.666666666666667,160,1,102,137,0.7676324701776225
6a7fd8e7700f451f4ed7e5c6,16,2,8.25,160,1,96,127,0.800345316117089
6a7fd8e7700f451f4ed7e5c6,15,2,8.8,160,1,90,116,0.845911490348881
6a7fd8e7700f451f4ed7e5c6,14,2,9.166666666666666,160,1,84,105,0.8866703243862316
6a7fd8e7700f451f4ed7e5c6,13,2,8.857142857142858,160,1,78,98,0.8751476591328707
6a7fd8e7700f451f4ed7e5c6,12,3,9.125,160,1,72,87,0.9046193415599499
6a7fd8e7700f451f4ed7e5c6,11,4,8.666666666666666,160,1,66,82,0.8515215352651869
6a7fd8e7700f451f4ed7e5c6,10,4,8.7,160,1,60,73,0.8739493491830989
6a7fd8e7700f451f4ed7e5c6,9,4,9.272727272727273,160,1,54,58,0.9574327490258405
6a7fd8e7700f451f4ed7e5c6,8,4,9.333333333333334,160,1,48,48,0.9760500922948557
6a7fd8e7700f451f4ed7e5c6,7,6,9.076923076923077,160,1,42,42,0.9347201852140083
6a7fd8e7700f451f4ed7e5c6,6,8,9.285714285714286,160,1,36,30,0.7705584615573896
6a7fd8e7700f451f4ed7e5c6,5,8,9.466666666666667,160,1,30,18,0.8877868038632476
6a7fd8e7700f451f4ed7e5c6,4,8,9.875,160,1,24,2,0.9929954418402362
6a7fd8e7700f451f4ed7e5ca,19,1,11,223,0,114,212,0.014129018491619419
6a7fd8e7700f451f4ed7e5ca,18,1,10,223,0,108,203,0.012489858927050604
6a7fd8e7700f451f4ed7e5ca,17,1,11,223,0,102,190,0.018396245253674524
6a7fd8e7700f451f4ed7e5ca,16,1,12.25,223,0,96,174,0.03872726343950136
6a7fd8e7700f451f4ed7e5ca,15,1,12.2,223,0,90,162,0.04992011308983328
6a7fd8e7700f451f4ed7e5ca,14,1,11,223,0,84,157,0.027309445461651156
6a7fd8e7700f451f4ed7e5ca,13,2,11.571428571428571,223,0,78,142,0.05183276071888517
6a7fd8e7700f451f4ed7e5ca,12,2,10.875,223,0,72,136,0.031002483482784216
6a7fd8e7700f451f4ed7e5ca,11,3,10.11111111111111,223,0,66,132,0.012140065706356857
6a7fd8e7700f451f4ed7e5ca,10,3,9.5,223,0,60,128,0.003810338821381717
6a7fd8e7700f451f4ed7e5ca,9,3,9.363636363636363,223,0,54,120,0.0021531296788556316
6a7fd8e7700f451f4ed7e5ca,8,6,8.916666666666666,223,0,48,116,0.00039563575885491134
6a7fd8e7700f451f4ed7e5ca,7,6,8.846153846153847,223,0,42,108,0.00015248608507797452
6a7fd8e7700f451f4ed7e5ca,6,7,8.714285714285714,223,0,36,101,0.000031464650161679854
6a7fd8e7700f451f4ed7e5ca,5,7,8.533333333333333,223,0,30,95,0.000002798528187627081
6a7fd8e7700f451f4ed7e5ca,4,7,8.9375,223,0,24,80,0.000004993402295508019
6a7fd8e7700f451f4ed7e5ca,3,7,8.941176470588236,223,0,18,71,3.9307015768707024e-7
6a7fd8e7700f451f4ed7e5ca,2,7,8.777777777777779,223,0,12,65,4.727276584954038e-10
6a7fd8e7700f451f4ed7e5ca,1,7,8.68421052631579,223,0,6,58,1.3640314914611456e-15
6a7fd8e7700f451f4ed7e5ce,19,0,6,154,1,114,148,0.8675660840214566
6a7fd8e7700f451f4ed7e5ce,18,1,5,154,1,108,144,0.8027079018111843
6a7fd8e7700f451f4ed7e5ce,17,1,9,154,1,102,127,0.9108300676772019
6a7fd8e7700f451f4ed7e5ce,16,1,8.25,154,1,96,121,0.8931124430334263
6a7fd8e7700f451f4ed7e5ce,15,1,7.4,154,1,90,117,0.8410800622266992
6a7fd8e7700f451f4ed7e5ce,14,1,7.166666666666667,154,1,84,111,0.804351014422684
6a7fd8e7700f451f4ed7e5ce,13,1,9.285714285714286,154,1,78,89,0.9634587794566127
6a7fd8e7700f451f4ed7e5ce,12,1,9.875,154,1,72,75,0.9881481462574969
6a7fd8e7700f451f4ed7e5ce,11,1,10.222222222222221,154,1,66,62,0.9967376529698507
6a7fd8e7700f451f4ed7e5ce,10,1,9.6,154,1,60,58,0.9932074936366154
6a7fd8e7700f451f4ed7e5ce,9,2,9.363636363636363,154,1,54,51,0.9927394933869773
6a7fd8e7700f451f4ed7e5ce,8,3,10.25,154,1,48,31,0.9997693188012776
6a7fd8e7700f451f4ed7e5ce,7,4,10.153846153846153,154,1,42,22,0.99975169384174
6a7fd8e7700f451f4ed7e5ce,6,4,10.071428571428571,154,1,36,13,0.9999663506539828
6a7fd8e7700f451f4ed7e5ce,5,4,10.133333333333333,154,1,30,2,0.9999998367993479
6a7fd8e7700f451f4ed7e5d2,19,0,4,210,0,114,206,0.029092332956871844
6a7fd8e7700f451f4ed7e5d2,18,0,3.5,210,0,108,203,0.0125716705454175
6a7fd8e7700f451f4ed7e5d2,17,0,7.333333333333333,210,0,102,188,0.023726346238135018
6a7fd8e7700f451f4ed7e5d2,16,0,8,210,0,96,178,0.023905075866771004
6a7fd8e7700f451f4ed7e5d2,15,1,7.4,210,0,90,173,0.012133235529324451
6a7fd8e7700f451f4ed7e5d2,14,1,9.5,210,0,84,153,0.04526526954573577
6a7fd8e7700f451f4ed7e5d2,13,1,8.571428571428571,210,0,78,150,0.017884947441234634
6a7fd8e7700f451f4ed7e5d2,12,1,8.25,210,0,72,144,0.009329166762744628
6a7fd8e7700f451f4ed7e5d2,11,2,8.444444444444445,210,0,66,134,0.008725770780990738
6a7fd8e7700f451f4ed7e5d2,10,2,8.3,210,0,60,127,0.0046164999145645175
6a7fd8e7700f451f4ed7e5d2,9,3,8.363636363636363,210,0,54,118,0.003263875841887948
6a7fd8e7700f451f4ed7e5d2,8,3,8.833333333333334,210,0,48,104,0.006224608504297386
6a7fd8e7700f451f4ed7e5d2,7,4,8.538461538461538,210,0,42,99,0.0016282006724563135
6a7fd8e7700f451f4ed7e5d2,6,4,8.5,210,0,36,91,0.0006571991451672153
6a7fd8e7700f451f4ed7e5d2,5,4,8.533333333333333,210,0,30,82,0.00027206009450456825
6a7fd8e7700f451f4ed7e5d2,4,4,8.625,210,0,24,72,0.00011350297066027487
6a7fd8e7700f451f4ed7e5d2,3,4,8.941176470588236,210,0,18,58,0.00015400335900785783
6a7fd8e7700f451f4ed7e5d2,2,5,8.944444444444445,210,0,12,49,0.000012076942867561166
6a7fd8e7700f451f4ed7e5d2,1,5,9.263157894736842,210,0,6,34,0.0000027540923772460963
6a7fd8e7700f451f4ed7e5d6,19,0,8,140,1,114,132,0.973768467691509
6a7fd8e7700f451f4ed7e5d6,18,0,8.5,140,1,108,123,0.9792446483293245
6a7fd8e7700f451f4ed7e5d6,17,0,9.333333333333334,140,1,102,112,0.9877534253983279
6a7fd8e7700f451f4ed7e5d6,16,0,8,140,1,96,108,0.980541948337258
6a7fd8e7700f451f4ed7e5d6,15,1,8.2,140,1,90,99,0.9820547958466048
6a7fd8e7700f451f4ed7e5d6,14,1,10.333333333333334,140,1,84,78,0.9980708805566821
6a7fd8e7700f451f4ed7e5d6,13,1,10.428571428571429,140,1,78,67,0.9992718578775899
6a7fd8e7700f451f4ed7e5d6,12,1,9.625,140,1,72,63,0.9991007623200686
6a7fd8e7700f451f4ed7e5d6,11,3,9.666666666666666,140,1,66,53,0.9976515164536159
6a7fd8e7700f451f4ed7e5d6,10,3,10,140,1,60,40,0.9994037435851989
6a7fd8e7700f451f4ed7e5d6,9,3,9.636363636363637,140,1,54,34,0.999714239459253
6a7fd8e7700f451f4ed7e5d6,8,3,9,140,1,48,32,0.9997087859396693
6a7fd8e7700f451f4ed7e5d6,7,3,8.846153846153847,140,1,42,25,0.999885643431489
6a7fd8e7700f451f4ed7e5d6,6,4,8.785714285714286,140,1,36,17,0.9999018186175898
6a7fd8e7700f451f4ed7e5d6,5,5,9.266666666666667,140,1,30,1,0.9999993334034096
6a7fd8e7700f451f4ed7e5da,19,1,9,178,0,114,169,0.49037500402632106
6a7fd8e7700f451f4ed7e5da,18,1,9.5,178,0,108,159,0.5177381037810302
6a7fd8e7700f451f4ed7e5da,17,1,10.333333333333334,178,0,102,147,0.589761947988999
6a7fd8e7700f451f4ed7e5da,16,1,9.5,178,0,96,140,0.5522845036085992
6a7fd8e7700f451f4ed7e5da,15,1,8.6,178,0,90,135,0.4633716784150393
6a7fd8e7700f451f4ed7e5da,14,1,9.666666666666666,178,0,84,120,0.612784114657717
6a7fd8e7700f451f4ed7e5da,13,1,8.428571428571429,178,0,78,119,0.41735211636119934
6a7fd8e7700f451f4ed7e5da,12,1,8.125,178,0,72,113,0.34196773772826
6a7fd8e7700f451f4ed7e5da,11,1,7.666666666666667,178,0,66,109,0.22465693395956715
6a7fd8e7700f451f4ed7e5da,10,2,7.3,178,0,60,105,0.12851850269903692
6a7fd8e7700f451f4ed7e5da,9,2,7.545454545454546,178,0,54,95,0.13339639603727846
6a7fd8e7700f451f4ed7e5da,8,2,7.25,178,0,48,91,0.061230364749050435
6a7fd8e7700f451f4ed7e5da,7,2,7.153846153846154,178,0,42,85,0.03074008217217345
6a7fd8e7700f451f4ed7e5da,6,3,7.071428571428571,178,0,36,79,0.01243616850989092
6a7fd8e7700f451f4ed7e5da,5,5,7.2,178,0,30,70,0.007788278920168711
6a7fd8e7700f451f4ed7e5da,4,5,8.0625,178,0,24,49,0.07337031971422489
6a7fd8e7700f451f4ed7e5da,3,5,8,178,0,18,42,0.03112154223091313
6a7fd8e7700f451f4ed7e5da,2,6,8.166666666666666,178,0,12,31,0.027037206729679387
6a7fd8e7700f451f4ed7e5da,1,7,8.157894736842104,178,0,6,23,0.0035015107995902146
6a7fd8e7700f451f4ed7e5de,19,0,11,173,1,114,162,0.6431121232791293
6a7fd8e7700f451f4ed7e5de,18,1,7.5,173,1,108,158,0.5391003378616737
6a7fd8e7700f451f4ed7e5de,17,2,6.333333333333333,173,1,102,154,0.42639163780429
6a7fd8e7700f451f4ed7e5de,16,2,5.75,173,1,96,150,0.3248651737012497
6a7fd8e7700f451f4ed7e5de,15,2,5.6,173,1,90,145,0.2461686317243651
6a7fd8e7700f451f4ed7e5de,14,2,6,173,1,84,137,0.22397686117613852
6a7fd8e7700f451f4ed7e5de,13,2,6.857142857142857,173,1,78,125,0.277331580396419
6a7fd8e7700f451f4ed7e5de,12,2,7.5,173,1,72,113,0.3410108200564099
6a7fd8e7700f451f4ed7e5de,11,2,7.888888888888889,173,1,66,102,0.38913876215539656
6a7fd8e7700f451f4ed7e5de,10,2,8,173,1,60,93,0.38724912565941966
6a7fd8e7700f451f4ed7e5de,9,2,8.454545454545455,173,1,54,80,0.5053920768999478
6a7fd8e7700f451f4ed7e5de,8,2,8.666666666666666,173,1,48,69,0.574708188897948
6a7fd8e7700f451f4ed7e5de,7,2,8.615384615384615,173,1,42,61,0.5485702416694995
6a7fd8e7700f451f4ed7e5de,6,2,9,173,1,36,47,0.7355566325950528
6a7fd8e7700f451f4ed7e5de,5,2,9.066666666666666,173,1,30,37,0.7925559969064313
6a7fd8e7700f451f4ed7e5de,4,2,8.8125,173,1,24,32,0.6687150149155132
6a7fd8e7700f451f4ed7e5de,3,3,8.882352941176471,173,1,18,22,0.7466832984964493
6a7fd8e7700f451f4ed7e5de,2,3,8.444444444444445,173,1,12,21,0.31152017586717584
6a7fd8e7700f451f4ed7e5de,1,3,8.789473684210526,173,1,6,6,0.767588273879158
6a7fd8e7700f451f4ed7e5e2,19,0,10,179,0,114,169,0.49842719842351263
6a7fd8e7700f451f4ed7e5e2,18,0,8,179,0,108,163,0.4377512218467989
6a7fd8e7700f451f4ed7e5e2,17,2,7.333333333333333,179,0,102,157,0.3639589802076485
6a7fd8e7700f451f4ed7e5e2,16,2,8,179,0,96,147,0.38747231687821765
6a7fd8e7700f451f4ed7e5e2,15,2,7.2,179,0,90,143,0.28394370363642873
6a7fd8e7700f451f4ed7e5e2,14,2,7.5,179,0,84,134,0.28113384245845197
6a7fd8e7700f451f4ed7e5e2,13,2,7.428571428571429,179,0,78,127,0.23727559001469165
6a7fd8e7700f451f4ed7e5e2,12,2,6.75,179,0,72,125,0.11875688714909752
6a7fd8e7700f451f4ed7e5e2,11,4,6.555555555555555,179,0,66,120,0.06754706877075345
6a7fd8e7700f451f4ed7e5e2,10,5,6.2,179,0,60,117,0.024820854956852965
6a7fd8e7700f451f4ed7e5e2,9,5,6,179,0,54,113,0.008496137127119533
6a7fd8e7700f451f4ed7e5e2,8,5,6,179,0,48,107,0.003295872869907581
6a7fd8e7700f451f4ed7e5e2,7,5,6.538461538461538,179,0,42,94,0.00513067246519951
6a7fd8e7700f451f4ed7e5e2,6,5,6.642857142857143,179,0,36,86,0.0024432266852797767
6a7fd8e7700f451f4ed7e5e2,5,5,6.866666666666666,179,0,30,76,0.0016182083031445948
6a7fd8e7700f451f4ed7e5e2,4,5,7.375,179,0,24,61,0.0040411857065341256
6a7fd8e7700f451f4ed7e5e2,3,5,7.529411764705882,179,0,18,51,0.002091936505024194
6a7fd8e7700f451f4ed7e5e2,2,6,7.777777777777778,179,0,12,39,0.0014559087524156468
6a7fd8e7700f451f4ed7e5e2,1,6,7.631578947368421,179,0,6,34,0.0000027540923766962436
6a7fd8e7700f451f4ed7e5e6,19,0,5,200,0,114,195,0.08936441709232507
6a7fd8e7700f451f4ed7e5e6,18,1,7.5,200,0,108,185,0.09241850514338729
6a7fd8e7700f451f4ed7e5e6,17,1,7.333333333333333,200,0,102,178,0.07213351035864751
6a7fd8e7700f451f4ed7e5e6,16,1,8,200,0,96,168,0.07488065348578447
6a7fd8e7700f451f4ed7e5e6,15,1,7.4,200,0,90,163,0.04443415597033137
6a7fd8e7700f451f4ed7e5e6,14,2,6.666666666666667,200,0,84,160,0.018119782228938234
6a7fd8e7700f451f4ed7e5e6,13,2,7,200,0,78,151,0.015421617241517862
6a7fd8e7700f451f4ed7e5e6,12,2,7.875,200,0,72,137,0.026953454089948176
6a7fd8e7700f451f4ed7e5e6,11,2,8.11111111111111,200,0,66,127,0.026503315658896884
6a7fd8e7700f451f4ed7e5e6,10,2,9,200,0,60,110,0.0699664353722632
6a7fd8e7700f451f4ed7e5e6,9,2,8.909090909090908,200,0,54,102,0.0533730807973874
6a7fd8e7700f451f4ed7e5e6,8,2,9.333333333333334,200,0,48,88,0.09377174222300697
6a7fd8e7700f451f4ed7e5e6,7,2,9.307692307692308,200,0,42,79,0.0818030763309348
6a7fd8e7700f451f4ed7e5e6,6,2,9,200,0,36,74,0.03392205253590893
6a7fd8e7700f451f4ed7e5e6,5,2,9,200,0,30,65,0.02443594908138874
6a7fd8e7700f451f4ed7e5e6,4,2,9.1875,200,0,24,53,0.03148631344786003
6a7fd8e7700f451f4ed7e5e6,3,3,8.882352941176471,200,0,18,49,0.0040667653779013786
6a7fd8e7700f451f4ed7e5e6,2,4,8.722222222222221,200,0,12,43,0.00024860360051274925
6a7fd8e7700f451f4ed7e5e6,1,4,8.947368421052632,200,0,6,30,0.0000514537237954393
6a7fd8e7700f451f4ed7e5ea,19,0,10,190,0,114,180,0.2814802381270328
6a7fd8e7700f451f4ed7e5ea,18,0,10,190,0,108,170,0.2972007249012399
6a7fd8e7700f451f4ed7e5ea,17,1,9.333333333333334,190,0,102,162,0.27388958863540913
6a7fd8e7700f451f4ed7e5ea,16,1,8.5,190,0,96,156,0.21830538644212583
6a7fd8e7700f451f4ed7e5ea,15,1,11,190,0,90,135,0.4633716784150393
6a7fd8e7700f451f4ed7e5ea,14,1,10.333333333333334,190,0,84,128,0.41722430904078867
6a7fd8e7700f451f4ed7e5ea,13,1,10.285714285714286,190,0,78,118,0.4423807370585146
6a7fd8e7700f451f4ed7e5ea,12,1,10.5,190,0,72,106,0.5229380007410331
6a7fd8e7700f451f4ed7e5ea,11,1,9.88888888888889,190,0,66,101,0.41650720422013066
6a7fd8e7700f451f4ed7e5ea,10,1,10,190,0,60,90,0.4730497559915307
6a7fd8e7700f451f4ed7e5ea,9,1,9.545454545454545,190,0,54,85,0.3561573520803372
6a7fd8e7700f451f4ed7e5ea,8,1,9.083333333333334,190,0,48,81,0.21824593340589304
6a7fd8e7700f451f4ed7e5ea,7,1,9.153846153846153,190,0,42,71,0.23054661192482195
6a7fd8e7700f451f4ed7e5ea,6,1,9.285714285714286,190,0,36,60,0.27317210652643314
6a7fd8e7700f451f4ed7e5ea,5,1,9.4,190,0,30,49,0.32669951665212965
6a7fd8e7700f451f4ed7e5ea,4,1,9.1875,190,0,24,43,0.20701470030090507
6a7fd8e7700f451f4ed7e5ea,3,1,8.941176470588236,190,0,18,38,0.08073361478323728
6a7fd8e7700f451f4ed7e5ea,2,1,9.11111111111111,190,0,12,26,0.10914744174007915
6a7fd8e7700f451f4ed7e5ea,1,1,8.947368421052632,190,0,6,20,0.01504402129782758
6a7fd8e8700f451f4ed7e5ee,19,0,2,189,1,114,187,0.17399580299594936
6a7fd8e8700f451f4ed7e5ee,18,0,7,189,1,108,175,0.21249121092520992
6a7fd8e8700f451f4ed7e5ee,17,1,7.333333333333333,189,1,102,167,0.19152956514258976
6a7fd8e8700f451f4ed7e5ee,16,1,8.5,189,1,96,155,0.23515365428252827
6a7fd8e8700f451f4ed7e5ee,15,1,9.4,189,1,90,142,0.30708180173909266
6a7fd8e8700f451f4ed7e5ee,14,1,8.5,189,1,84,138,0.20793224477643193
6a7fd8e8700f451f4ed7e5ee,13,1,8.428571428571429,189,1,78,130,0.18471333550264674
6a7fd8e8700f451f4ed7e5ee,12,1,9.375,189,1,72,114,0.318249159389583
6a7fd8e8700f451f4ed7e5ee,11,2,9.333333333333334,189,1,66,105,0.31314134639069113
6a7fd8e8700f451f4ed7e5ee,10,2,9.8,189,1,60,91,0.4437067506104012
6a7fd8e8700f451f4ed7e5ee,9,3,9.181818181818182,189,1,54,88,0.275553386518605
6a7fd8e8700f451f4ed7e5ee,8,3,8.833333333333334,189,1,48,83,0.17502109987990255
6a7fd8e8700f451f4ed7e5ee,7,3,9.384615384615385,189,1,42,67,0.3447532712584001
6a7fd8e8700f451f4ed7e5ee,6,3,9.571428571428571,189,1,36,55,0.4433239512195395
6a7fd8e8700f451f4ed7e5ee,5,3,9.866666666666667,189,1,30,41,0.6473116567329436
6a7fd8e8700f451f4ed7e5ee,4,3,10,189,1,24,29,0.7898940989770917
6a7fd8e8700f451f4ed7e5ee,3,3,10.470588235294118,189,1,18,11,0.9937367485158827
6a7fd8e8700f451f4ed7e5ee,2,3,10.277777777777779,189,1,12,4,0.9987648927772306
6a7fd8e8700f451f4ed7e5f2,19,0,10,201,0,114,191,0.12666824944565946
6a7fd8e8700f451f4ed7e5f2,18,1,6,201,0,108,189,0.0627803473907456
6a7fd8e8700f451f4ed7e5f2,17,1,10,201,0,102,171,0.13842744253980016
6a7fd8e8700f451f4ed7e5f2,16,1,11.25,201,0,96,156,0.21830538644212583
6a7fd8e8700f451f4ed7e5f2,15,1,10.4,201,0,90,149,0.18152895174806735
6a7fd8e8700f451f4ed7e5f2,14,2,9.166666666666666,201,0,84,146,0.09861019891762858
6a7fd8e8700f451f4ed7e5f2,13,2,9.285714285714286,201,0,78,136,0.10265954588580439
6a7fd8e8700f451f4ed7e5f2,12,3,8.875,201,0,72,130,0.06698269223377196
6a7fd8e8700f451f4ed7e5f2,11,3,9.11111111111111,201,0,66,119,0.07757124294126545
6a7fd8e8700f451f4ed7e5f2,10,3,9.2,201,0,60,109,0.07938066330350889
6a7fd8e8700f451f4ed7e5f2,9,3,8.818181818181818,201,0,54,104,0.03964447429939318
6a7fd8e8700f451f4ed7e5f2,8,4,8.583333333333334,201,0,48,98,0.01947398136238586
6a7fd8e8700f451f4ed7e5f2,7,4,8.76923076923077,201,0,42,87,0.021334652143051448
6a7fd8e8700f451f4ed7e5f2,6,5,8.928571428571429,201,0,36,76,0.02300993551597532
6a7fd8e8700f451f4ed7e5f2,5,5,8.933333333333334,201,0,30,67,0.015746458106839608
6a7fd8e8700f451f4ed7e5f2,4,5,8.75,201,0,24,61,0.0040411857065341256
6a7fd8e8700f451f4ed7e5f2,3,5,8.588235294117647,201,0,18,55,0.0004968262542303409
6a7fd8e8700f451f4ed7e5f2,2,5,8.444444444444445,201,0,12,49,0.000012076942867561166
6a7fd8e8700f451f4ed7e5f2,1,5,8.789473684210526,201,0,6,34,0.0000027540923772460963
6a7fd8e8700f451f4ed7e5f6,19,0,6,177,0,114,171,0.45653401739093846
6a7fd8e8700f451f4ed7e5f6,18,1,7,177,0,108,163,0.43261524657984585
6a7fd8e8700f451f4ed7e5f6,17,2,7.333333333333333,177,0,102,155,0.40527607680987554
6a7fd8e8700f451f4ed7e5f6,16,2,6.75,177,0,96,150,0.3248651737012497
6a7fd8e8700f451f4ed7e5f6,15,2,8.8,177,0,90,133,0.5049885888994545
6a7fd8e8700f451f4ed7e5f6,14,3,8.833333333333334,177,0,84,124,0.4999198315477464
6a7fd8e8700f451f4ed7e5f6,13,5,8.142857142857142,177,0,78,120,0.33699408395282876
6a7fd8e8700f451f4ed7e5f6,12,6,8.125,177,0,72,112,0.27674520286750426
6a7fd8e8700f451f4ed7e5f6,11,6,8.11111111111111,177,0,66,104,0.2722592373126487
6a7fd8e8700f451f4ed7e5f6,10,6,7.9,177,0,60,98,0.22194253400942726
6a7fd8e8700f451f4ed7e5f6,9,6,7.909090909090909,177,0,54,90,0.20456821364874792
6a7fd8e8700f451f4ed7e5f6,8,7,8.25,177,0,48,78,0.2314458368807363
6a7fd8e8700f451f4ed7e5f6,7,7,8.076923076923077,177,0,42,72,0.17492042693418866
6a7fd8e8700f451f4ed7e5f6,6,7,8,177,0,36,65,0.13248437867305665
6a7fd8e8700f451f4ed7e5f6,5,7,8.333333333333334,177,0,30,52,0.2136682083110501
6a7fd8e8700f451f4ed7e5f6,4,7,8.125,177,0,24,47,0.10407600421647761
6a7fd8e8700f451f4ed7e5f6,3,8,8.235294117647058,177,0,18,37,0.09239569505094535
6a7fd8e8700f451f4ed7e5f6,2,8,8.11111111111111,177,0,12,31,0.02647074362342118
6a7fd8e8700f451f4ed7e5f6,1,8,8.105263157894736,177,0,6,23,0.0034990960625210024
6a7fd8e8700f451f4ed7e5fa,19,0,13,183,0,114,170,0.47743303714295826
6a7fd8e8700f451f4ed7e5fa,18,0,7.5,183,0,108,168,0.335194101558027
6a7fd8e8700f451f4ed7e5fa,17,0,9,183,0,102,156,0.3959230488717608
6a7fd8e8700f451f4ed7e5fa,16,0,9.25,183,0,96,146,0.4180145970576088
6a7fd8e8700f451f4ed7e5fa,15,0,8.6,183,0,90,140,0.35061955593733046
6a7fd8e8700f451f4ed7e5fa,14,0,8.333333333333334,183,0,84,133,0.30453276716252553
6a7fd8e8700f451f4ed7e5fa,13,0,8.714285714285714,183,0,78,122,0.3455005233915866
6a7fd8e8700f451f4ed7e5fa,12,0,8.25,183,0,72,117,0.25227530508707985
6a7fd8e8700f451f4ed7e5fa,11,0,9.555555555555555,183,0,66,97,0.52733862114521
6a7fd8e8700f451f4ed7e5fa,10,0,9.2,183,0,60,91,0.44418156382760965
6a7fd8e8700f451f4ed7e5fa,9,0,8.727272727272727,183,0,54,87,0.30172250361013414
6a7fd8e8700f451f4ed7e5fa,8,0,8.833333333333334,183,0,48,77,0.32197562624418785
6a7fd8e8700f451f4ed7e5fa,7,0,9.076923076923077,183,0,42,65,0.4100499961368374
6a7fd8e8700f451f4ed7e5fa,6,1,8.5,183,0,36,64,0.1680463925949712
6a7fd8e8700f451f4ed7e5fa,5,1,8.4,183,0,30,57,0.10977117341605733
6a7fd8e8700f451f4ed7e5fa,4,1,8.375,183,0,24,49,0.0733945513218944
6a7fd8e8700f451f4ed7e5fa,3,2,8.705882352941176,183,0,18,35,0.14883376502333454
6a7fd8e8700f451f4ed7e5fa,2,2,8.555555555555555,183,0,12,29,0.04921368179026516
6a7fd8e8700f451f4ed7e5fa,1,3,9.052631578947368,183,0,6,11,0.32867704463528885
6a7fd920700f451f4edaba4e,19,0,17,210,0,114,193,0.10681350219149563
6a7fd920700f451f4edaba4e,18,0,11,210,0,108,188,0.0699649903485179
6a7fd920700f451f4edaba4e,17,1,8.666666666666666,210,0,102,184,0.037887324592758925
6a7fd920700f451f4edaba4e,16,1,8,210,0,96,178,0.02382830566093108
6a7fd920700f451f4edaba4e,15,2,7.8,210,0,90,171,0.015937825172481362
6a7fd920700f451f4edaba4e,14,3,7.5,210,0,84,165,0.008647789166536283
6a7fd920700f451f4edaba4e,13,4,7.428571428571429,210,0,78,158,0.004997506449685623
6a7fd920700f451f4edaba4e,12,5,7.75,210,0,72,148,0.004451225095310722
6a7fd920700f451f4edaba4e,11,5,8,210,0,66,138,0.0041219657927727155
6a7fd920700f451f4edaba4e,10,5,8.2,210,0,60,128,0.0037048841956875862
6a7fd920700f451f4edaba4e,9,7,7.545454545454546,210,0,54,127,0.0003714229407972486
6a7fd920700f451f4edaba4e,8,7,7.666666666666667,210,0,48,118,0.0002166882443030748
6a7fd920700f451f4edaba4e,7,7,7.923076923076923,210,0,42,107,0.00018889215022323096
6a7fd920700f451f4edaba4e,6,7,7.928571428571429,210,0,36,99,0.0000594410530375022
6a7fd920700f451f4edaba4e,5,7,7.933333333333334,210,0,30,91,0.000012550367437679207
6a7fd920700f451f4edaba4e,4,8,8.125,210,0,24,80,0.000004751815323271249
6a7fd920700f451f4edaba4e,3,8,8.470588235294118,210,0,18,66,0.000004534447548290995
6a7fd920700f451f4edaba4e,2,8,8.666666666666666,210,0,12,54,6.926171452411919e-7
6a7fd920700f451f4edaba4e,1,8,8.68421052631579,210,0,6,45,2.4899481638776663e-10
6a7fd920700f451f4edaba52,19,0,8,159,1,114,151,0.8301098961024049
6a7fd920700f451f4edaba52,18,1,6,159,1,108,147,0.7550162159757831
6a7fd920700f451f4edaba52,17,1,6,159,1,102,141,0.7133191332735358
6a7fd920700f451f4edaba52,16,1,7.5,159,1,96,129,0.7801759784895635
6a7fd920700f451f4edaba52,15,3,7.2,159,1,90,123,0.7058583827199888
6a7fd920700f451f4edaba52,14,3,7.833333333333333,159,1,84,112,0.7629721937473699
6a7fd920700f451f4edaba52,13,3,8,159,1,78,103,0.7818604242980915
6a7fd920700f451f4edaba52,12,3,8,159,1,72,95,0.7805109218260056
6a7fd920700f451f4edaba52,11,3,8.555555555555555,159,1,66,82,0.8686846845539747
6a7fd920700f451f4edaba52,10,3,9.2,159,1,60,67,0.9522988086839715
6a7fd920700f451f4edaba52,9,3,9,159,1,54,60,0.9482942149011498
6a7fd920700f451f4edaba52,8,3,8.75,159,1,48,54,0.9314755387744166
6a7fd920700f451f4edaba52,7,3,8.846153846153847,159,1,42,44,0.9571419273266102
6a7fd920700f451f4edaba52,6,3,8.5,159,1,36,40,0.9113230412171138
6a7fd920700f451f4edaba52,5,3,8.666666666666666,159,1,30,29,0.9602537142571348
6a7fd920700f451f4edaba52,4,3,8.25,159,1,24,27,0.8557373729462187
6a7fd920700f451f4edaba52,3,3,8.352941176470589,159,1,18,17,0.923001326385827
6a7fd920700f451f4edaba52,2,3,8.277777777777779,159,1,12,10,0.924597527795671
6a7fd920700f451f4edaba52,1,3,8.421052631578947,159,1,6,-1,1
6a7fd920700f451f4edaba56,19,1,4,181,0,114,177,0.33108764897687026
6a7fd920700f451f4edaba56,18,1,7.5,181,0,108,166,0.37082077435688876
6a7fd920700f451f4edaba56,17,2,6.666666666666667,181,0,102,161,0.2864808389786068
6a7fd920700f451f4edaba56,16,3,8.5,181,0,96,147,0.37305886440944636
6a7fd920700f451f4edaba56,15,3,8.2,181,0,90,140,0.33598386721566476
6a7fd920700f451f4edaba56,14,3,8.666666666666666,181,0,84,129,0.3824803725485901
6a7fd920700f451f4edaba56,13,3,7.857142857142857,181,0,78,126,0.2533840205586074
6a7fd920700f451f4edaba56,12,5,7.875,181,0,72,118,0.2081173264077524
6a7fd920700f451f4edaba56,11,5,7.888888888888889,181,0,66,110,0.18994384494111077
6a7fd920700f451f4edaba56,10,5,7.9,181,0,60,102,0.16873376840292748
6a7fd920700f451f4edaba56,9,5,7.7272727272727275,181,0,54,96,0.11488074674929884
6a7fd920700f451f4edaba56,8,5,7.916666666666667,181,0,48,86,0.11980241048385819
6a7fd920700f451f4edaba56,7,6,7.384615384615385,181,0,42,85,0.02972585183534235
6a7fd920700f451f4edaba56,6,6,7.5,181,0,36,76,0.022688355932411735
6a7fd920700f451f4edaba56,5,6,7.266666666666667,181,0,30,72,0.004702318418241872
6a7fd920700f451f4edaba56,4,7,6.9375,181,0,24,70,0.0002291251492729482
6a7fd920700f451f4edaba56,3,7,7,181,0,18,62,0.000028552262129935068
6a7fd920700f451f4edaba56,2,7,7.111111111111111,181,0,12,53,0.0000012593808084282967
6a7fd920700f451f4edaba56,1,8,6.947368421052632,181,0,6,49,6.544060455163492e-12
6a7fd920700f451f4edaba5a,19,0,9,153,1,114,144,0.907850038035092
6a7fd920700f451f4edaba5a,18,0,6.5,153,1,108,140,0.8665668259345295
6a7fd920700f451f4edaba5a,17,0,6.666666666666667,153,1,102,133,0.851678931977168
6a7fd920700f451f4edaba5a,16,0,7,153,1,96,125,0.8484166826515317
6a7fd920700f451f4edaba5a,15,1,6.6,153,1,90,120,0.7922743337449105
6a7fd920700f451f4edaba5a,14,2,6.833333333333333,153,1,84,112,0.7798410826939804
6a7fd920700f451f4edaba5a,13,2,7.142857142857143,153,1,78,103,0.7940826239821422
6a7fd920700f451f4edaba5a,12,2,6.5,153,1,72,101,0.6519513256660324
6a7fd920700f451f4edaba5a,11,2,7.333333333333333,153,1,66,87,0.7822429027404293
6a7fd920700f451f4edaba5a,10,2,8,153,1,60,73,0.8888929122839606
6a7fd920700f451f4edaba5a,9,2,7.7272727272727275,153,1,54,68,0.8342167762326088
6a7fd920700f451f4edaba5a,8,2,7.916666666666667,153,1,48,58,0.8713867483983833
6a7fd920700f451f4edaba5a,7,2,8.307692307692308,153,1,42,45,0.9476117889399198
6a7fd920700f451f4edaba5a,6,2,8.714285714285714,153,1,36,31,0.990895540462452
6a7fd920700f451f4edaba5a,5,3,8.333333333333334,153,1,30,28,0.9698432619220755
6a7fd920700f451f4edaba5a,4,3,8.8125,153,1,24,12,0.9996217065923734
6a7fd920700f451f4edaba5a,3,3,8.882352941176471,153,1,18,2,0.9999998201166067
6a7fd922700f451f4edac8d9,19,0,3,136,1,114,133,0.9706941273737278
6a7fd922700f451f4edac8d9,18,0,8,136,1,108,120,0.9857176996975717
6a7fd922700f451f4edac8d9,17,0,8.333333333333334,136,1,102,111,0.9893576874405281
6a7fd922700f451f4edac8d9,16,1,8.5,136,1,96,102,0.9888603886544208
6a7fd922700f451f4edac8d9,15,1,10.2,136,1,90,85,0.9973295371514213
6a7fd922700f451f4edac8d9,14,1,10.166666666666666,136,1,84,75,0.9987210646542296
6a7fd922700f451f4edac8d9,13,1,10.428571428571429,136,1,78,63,0.999592455414811
6a7fd922700f451f4edac8d9,12,2,9.5,136,1,72,60,0.998757629524073
6a7fd922700f451f4edac8d9,11,2,9,136,1,66,55,0.9989746485543104
6a7fd922700f451f4edac8d9,10,3,8.8,136,1,60,48,0.9983112094325195
6a7fd922700f451f4edac8d9,9,3,8.545454545454545,136,1,54,42,0.9988698442234492
6a7fd922700f451f4edac8d9,8,3,8.583333333333334,136,1,48,33,0.9996276981238253
6a7fd922700f451f4edac8d9,7,3,9.076923076923077,136,1,42,18,0.9999839975877886
6a7fd922700f451f4edac8d9,6,3,9,136,1,36,10,0.9999985466149717
6a7fd922700f451f4edac8d9,5,3,8.866666666666667,136,1,30,3,0.9999999691656593
6a7fd922700f451f4edac8dd,19,1,13,126,0,114,113,0.9898807124629692
6a7fd922700f451f4edac8dd,18,3,7.5,126,0,108,111,0.9449511278662114
6a7fd922700f451f4edac8dd,17,3,8.666666666666666,126,0,102,100,0.9638210783463043
6a7fd922700f451f4edac8dd,16,4,7.5,126,0,96,96,0.9260061059941755
6a7fd922700f451f4edac8dd,15,5,6.6,126,0,90,93,0.8516773197124199
6a7fd922700f451f4edac8dd,14,6,6.5,126,0,84,87,0.744465515768436
6a7fd922700f451f4edac8dd,13,6,8.142857142857142,126,0,78,69,0.8463137734537025
6a7fd922700f451f4edac8dd,12,6,8.5,126,0,72,58,0.8981960593301318
6a7fd922700f451f4edac8dd,11,7,8.444444444444445,126,0,66,50,0.8106823738235696
6a7fd922700f451f4edac8dd,10,7,8.3,126,0,60,43,0.8570181901241717
6a7fd922700f451f4edac8dd,9,8,8.090909090909092,126,0,54,37,0.7020829657375613
6a7fd922700f451f4edac8dd,8,8,7.833333333333333,126,0,48,32,0.7525027143576325
6a7fd922700f451f4edac8dd,7,8,8.23076923076923,126,0,42,19,0.8790111474793237
6a7fd922700f451f4edac8dd,6,9,8.071428571428571,126,0,36,13,0.6777024609304475
6a7fd922700f451f4edac8dd,5,9,8.133333333333333,126,0,30,4,0.8678419463675322
6a7fd922700f451f4edacf9e,19,0,4,188,0,114,184,0.2163083076127084
6a7fd922700f451f4edacf9e,18,1,6,188,0,108,176,0.19548787929241693
6a7fd922700f451f4edacf9e,17,1,5.666666666666667,188,0,102,171,0.13842744253980016
6a7fd922700f451f4edacf9e,16,1,6.75,188,0,96,161,0.14549913279217783
6a7fd922700f451f4edacf9e,15,1,6,188,0,90,158,0.07760475935117668
6a7fd922700f451f4edacf9e,14,2,6.166666666666667,188,0,84,151,0.05708681249624386
6a7fd922700f451f4edacf9e,13,3,6.714285714285714,188,0,78,141,0.05787577468722324
6a7fd922700f451f4edacf9e,12,4,7.375,188,0,72,129,0.07375157270170395
6a7fd922700f451f4edacf9e,11,4,8.222222222222221,188,0,66,114,0.13469317905975195
6a7fd922700f451f4edacf9e,10,4,9.5,188,0,60,93,0.3809003442170485
6a7fd922700f451f4edacf9e,9,5,9,188,0,54,89,0.24314718427190218
6a7fd922700f451f4edacf9e,8,5,9.416666666666666,188,0,48,75,0.3728359824159542
6a7fd922700f451f4edacf9e,7,5,9.384615384615385,188,0,42,66,0.3723503847883657
6a7fd922700f451f4edacf9e,6,5,9.285714285714286,188,0,36,58,0.33510414364541774
6a7fd922700f451f4edacf9e,5,6,9,188,0,30,53,0.1970558112395239
6a7fd922700f451f4edacf9e,4,6,8.75,188,0,24,48,0.08864484287527273
6a7fd922700f451f4edacf9e,3,7,8.588235294117647,188,0,18,42,0.030895733976464605
6a7fd922700f451f4edacf9e,2,7,8.555555555555555,188,0,12,34,0.009957355506590675
6a7fd922700f451f4edacf9e,1,7,8.736842105263158,188,0,6,22,0.005838644662847754
6a7fd925700f451f4edb2c93,19,0,2,183,0,114,181,0.26429774707085496
6a7fd925700f451f4edb2c93,18,0,7,183,0,108,169,0.3159360420503814
6a7fd925700f451f4edb2c93,17,1,8,183,0,102,159,0.330989990963642
6a7fd925700f451f4edb2c93,16,1,10.25,183,0,96,142,0.5064342832749904
6a7fd925700f451f4edb2c93,15,1,9.2,183,0,90,137,0.4166700810460201
6a7fd925700f451f4edb2c93,14,1,10.666666666666666,183,0,84,119,0.6365696820486271
6a7fd925700f451f4edb2c93,13,4,9.857142857142858,183,0,78,114,0.5121159100569805
6a7fd925700f451f4edb2c93,12,5,9.25,183,0,72,109,0.39430299382251394
6a7fd925700f451f4edb2c93,11,5,9.333333333333334,183,0,66,99,0.432726642654092
6a7fd925700f451f4edb2c93,10,5,8.6,183,0,60,97,0.26838260998062
6a7fd925700f451f4edb2c93,9,6,7.909090909090909,183,0,54,96,0.1069118183362771
6a7fd925700f451f4edb2c93,8,6,7.75,183,0,48,90,0.06654603232692506
6a7fd925700f451f4edb2c93,7,6,8.23076923076923,183,0,42,76,0.11994070551666451
6a7fd925700f451f4edb2c93,6,6,8.642857142857142,183,0,36,62,0.2111292931358979
6a7fd925700f451f4edb2c93,5,6,8.733333333333333,183,0,30,52,0.22501606824063858
6a7fd925700f451f4edb2c93,4,6,8.875,183,0,24,41,0.27331837339732573
6a7fd925700f451f4edb2c93,3,6,8.705882352941176,183,0,18,35,0.14868718539812165
6a7fd925700f451f4edb2c93,2,6,8.61111111111111,183,0,12,28,0.06506036528912089
6a7fd925700f451f4edb2c93,1,6,8.578947368421053,183,0,6,20,0.015044021113416293
6a7fd925700f451f4edb2c97,19,1,6,194,0,114,188,0.15900853844100377
6a7fd925700f451f4edb2c97,18,1,5.5,194,0,108,183,0.11074511454444359
6a7fd925700f451f4edb2c97,17,1,6.333333333333333,194,0,102,175,0.09663669024107559
6a7fd925700f451f4edb2c97,16,1,7,194,0,96,166,0.09157970693708921
6a7fd925700f451f4edb2c97,15,1,8,194,0,90,154,0.11601191246691885
6a7fd925700f451f4edb2c97,14,3,8.166666666666666,194,0,84,145,0.10728595169609464
6a7fd925700f451f4edb2c97,13,3,8.428571428571429,194,0,78,135,0.11258854226745095
6a7fd925700f451f4edb2c97,12,3,8.5,194,0,72,126,0.10588313788867666
6a7fd925700f451f4edb2c97,11,4,7.888888888888889,194,0,66,123,0.045793996054458455
6a7fd925700f451f4edb2c97,10,5,8.5,194,0,60,109,0.07610287808232619
6a7fd925700f451f4edb2c97,9,5,8.454545454545455,194,0,54,101,0.05990433341235928
6a7fd925700f451f4edb2c97,8,6,8.5,194,0,48,92,0.049576044873269554
6a7fd925700f451f4edb2c97,7,6,8.153846153846153,194,0,42,88,0.01713968437958889
6a7fd925700f451f4edb2c97,6,6,8.214285714285714,194,0,36,79,0.01224950792793608
6a7fd925700f451f4edb2c97,5,6,8.266666666666667,194,0,30,70,0.007747547607422411
6a7fd925700f451f4edb2c97,4,7,8.1875,194,0,24,63,0.0022178314058650464
6a7fd925700f451f4edb2c97,3,7,8.294117647058824,194,0,18,53,0.0010343387235530652
6a7fd925700f451f4edb2c97,2,7,8.222222222222221,194,0,12,46,0.00005791243442453687
6a7fd925700f451f4edb2c97,1,7,8,194,0,6,42,3.561335027575555e-9
6a7fd925700f451f4edb2c9b,19,0,14,168,0,114,154,0.7864052100750102
6a7fd925700f451f4edb2c9b,18,2,8.5,168,0,108,151,0.6630316480523426
6a7fd925700f451f4edb2c9b,17,2,8.666666666666666,168,0,102,142,0.6786457301311476
6a7fd925700f451f4edb2c9b,16,2,7,168,0,96,140,0.5433702842558762
6a7fd925700f451f4edb2c9b,15,2,6.4,168,0,90,136,0.4349928201197734
6a7fd925700f451f4edb2c9b,14,2,6.666666666666667,168,0,84,128,0.41409710512988673
6a7fd925700f451f4edb2c9b,13,3,6.714285714285714,168,0,78,121,0.36156433441940955
6a7fd925700f451f4edb2c9b,12,3,7.25,168,0,72,110,0.4117730673695509
6a7fd925700f451f4edb2c9b,11,3,8.222222222222221,168,0,66,94,0.6050610932418712
6a7fd925700f451f4edb2c9b,10,4,7.9,168,0,60,89,0.4931654713722725
6a7fd925700f451f4edb2c9b,9,4,8.272727272727273,168,0,54,77,0.5913703964364293
6a7fd925700f451f4edb2c9b,8,4,8.25,168,0,48,69,0.5714198539221709
6a7fd925700f451f4edb2c9b,7,4,7.846153846153846,168,0,42,66,0.3760113599463623
6a7fd925700f451f4edb2c9b,6,5,7.785714285714286,168,0,36,59,0.3025812816438938
6a7fd925700f451f4edb2c9b,5,6,7.8,168,0,30,51,0.2552856441332255
6a7fd925700f451f4edb2c9b,4,6,7.6875,168,0,24,45,0.1505557612383289
6a7fd925700f451f4edb2c9b,3,7,8,168,0,18,32,0.24764547810545806
6a7fd925700f451f4edb2c9b,2,7,8.277777777777779,168,0,12,19,0.4276254928823755
6a7fd925700f451f4edb2c9b,1,7,8.263157894736842,168,0,6,11,0.3286426488303268
6a7fd925700f451f4edb2c9f,19,1,15,181,0,114,166,0.5521996375690211
6a7fd925700f451f4edb2c9f,18,1,13,181,0,108,155,0.6023752543830432
6a7fd925700f451f4edb2c9f,17,1,10,181,0,102,151,0.5016571402570048
6a7fd925700f451f4edb2c9f,16,1,8.25,181,0,96,148,0.3718266025821527
6a7fd925700f451f4edb2c9f,15,1,8.8,181,0,90,137,0.4166700810460201
6a7fd925700f451f4edb2c9f,14,2,9.166666666666666,181,0,84,126,0.46211839672708277
6a7fd925700f451f4edb2c9f,13,2,9.285714285714286,181,0,78,116,0.4907897391532653
6a7fd925700f451f4edb2c9f,12,2,10,181,0,72,101,0.6519513256660324
6a7fd925700f451f4edb2c9f,11,2,9.88888888888889,181,0,66,92,0.6625097960431385
6a7fd925700f451f4edb2c9f,10,2,10.2,181,0,60,79,0.774613388711579
6a7fd925700f451f4edb2c9f,9,2,9.636363636363637,181,0,54,75,0.6573562629743134
6a7fd925700f451f4edb2c9f,8,2,9.75,181,0,48,64,0.7289899133357616
6a7fd925700f451f4edb2c9f,7,2,9.615384615384615,181,0,42,56,0.7162217904961333
6a7fd925700f451f4edb2c9f,6,2,9.642857142857142,181,0,36,46,0.7672273969662619
6a7fd925700f451f4edb2c9f,5,2,9.133333333333333,181,0,30,44,0.5244342542594338
6a7fd925700f451f4edb2c9f,4,2,8.8125,181,0,24,40,0.31268827276058153
6a7fd925700f451f4edb2c9f,3,2,8.764705882352942,181,0,18,32,0.2507357314191741
6a7fd925700f451f4edb2c9f,2,4,8.38888888888889,181,0,12,30,0.0367239296081946
6a7fd925700f451f4edb2c9f,1,4,8.473684210526315,181,0,6,20,0.01504402129782758
6a7fd926700f451f4edb3b6d,19,0,11,160,1,114,149,0.8557813269952906
6a7fd926700f451f4edb3b6d,18,0,8.5,160,1,108,143,0.8271681173513395
6a7fd926700f451f4edb3b6d,17,0,8,160,1,102,136,0.8078072996021306
6a7fd926700f451f4edb3b6d,16,0,9,160,1,96,124,0.8621608326163153
6a7fd926700f451f4edb3b6d,15,0,9.6,160,1,90,112,0.9080434604167267
6a7fd926700f451f4edb3b6d,14,0,8.333333333333334,160,1,84,110,0.8237800590944455
6a7fd926700f451f4edb3b6d,13,0,9.428571428571429,160,1,78,94,0.9273561714403348
6a7fd926700f451f4edb3b6d,12,1,10,160,1,72,80,0.9706719885077278
6a7fd926700f451f4edb3b6d,11,1,9.666666666666666,160,1,66,73,0.9673752060768432
6a7fd926700f451f4edb3b6d,10,1,9.3,160,1,60,67,0.9563153991496888
6a7fd926700f451f4edb3b6d,9,2,9,160,1,54,61,0.9405738755713545
6a7fd926700f451f4edb3b6d,8,3,8.5,160,1,48,58,0.8704486441922782
6a7fd926700f451f4edb3b6d,7,4,8.615384615384615,160,1,42,48,0.9050896192006427
6a7fd926700f451f4edb3b6d,6,4,8.714285714285714,160,1,36,38,0.9402022190314091
6a7fd926700f451f4edb3b6d,5,5,9.2,160,1,30,22,0.9950405568104009
6a7fd926700f451f4edb3b6d,4,6,9.0625,160,1,24,15,0.9950931420413254
6a7fd926700f451f4edb3b6d,3,7,8.882352941176471,160,1,18,9,0.9926214326876671
6a7fd926700f451f4edb3b6d,2,8,8.833333333333334,160,1,12,1,0.9966124064752826
6a7fd926700f451f4edb3b71,19,0,6,161,1,114,155,0.7704976971791322
6a7fd926700f451f4edb3b71,18,0,5.5,161,1,108,150,0.7103179506901026
6a7fd926700f451f4edb3b71,17,0,7,161,1,102,140,0.7387229657491015
6a7fd926700f451f4edb3b71,16,0,6.5,161,1,96,135,0.6674737598350314
6a7fd926700f451f4edb3b71,15,1,7.8,161,1,90,122,0.7554713980905857
6a7fd926700f451f4edb3b71,14,1,7.166666666666667,161,1,84,118,0.6599035565677335
6a7fd926700f451f4edb3b71,13,1,6.857142857142857,161,1,78,113,0.5701315477983665
6a7fd926700f451f4edb3b71,12,1,6.375,161,1,72,110,0.4171037912177475
6a7fd926700f451f4edb3b71,11,1,6.888888888888889,161,1,66,99,0.47132562032241987
6a7fd926700f451f4edb3b71,10,2,6.6,161,1,60,95,0.3334971341251269
6a7fd926700f451f4edb3b71,9,2,6.363636363636363,161,1,54,91,0.20682645720703585
6a7fd926700f451f4edb3b71,8,2,7.583333333333333,161,1,48,70,0.5420229986226166
6a7fd926700f451f4edb3b71,7,3,8.153846153846153,161,1,42,55,0.7461285447919056
6a7fd926700f451f4edb3b71,6,3,8.5,161,1,36,42,0.872525975830605
6a7fd926700f451f4edb3b71,5,3,8.333333333333334,161,1,30,36,0.8231495365787105
6a7fd926700f451f4edb3b71,4,3,9.4375,161,1,24,10,0.9999196532297968
6a7fd926700f451f4edb3b71,3,3,9.411764705882353,161,1,18,1,0.9999999879829125
6a7fd927700f451f4edb42a5,19,0,8,170,1,114,162,0.6431121232791293
6a7fd927700f451f4edb42a5,18,0,9.5,170,1,108,151,0.6911331004720267
6a7fd927700f451f4edb42a5,17,0,8,170,1,102,146,0.6167965923033593
6a7fd927700f451f4edb42a5,16,0,7.5,170,1,96,140,0.5556438629400843
6a7fd927700f451f4edb42a5,15,1,7.2,170,1,90,134,0.4870401718088929
6a7fd927700f451f4edb42a5,14,1,7.333333333333333,170,1,84,126,0.4656836330503966
6a7fd927700f451f4edb42a5,13,1,7.428571428571429,170,1,78,118,0.4423807370585146
6a7fd927700f451f4edb42a5,12,1,8.375,170,1,72,103,0.6026092068903888
6a7fd927700f451f4edb42a5,11,1,8.11111111111111,170,1,66,97,0.5271134626223932
6a7fd927700f451f4edb42a5,10,1,8.1,170,1,60,89,0.5022653429526271
6a7fd927700f451f4edb42a5,9,2,8.090909090909092,170,1,54,81,0.47460133121974096
6a7fd927700f451f4edb42a5,8,2,8.416666666666666,170,1,48,69,0.574708188897948
6a7fd927700f451f4edb42a5,7,2,8.153846153846153,170,1,42,64,0.4439819359685646
6a7fd927700f451f4edb42a5,6,2,8.785714285714286,170,1,36,47,0.7355566325950528
6a7fd927700f451f4edb42a5,5,2,9.066666666666666,170,1,30,34,0.8761738864774139
6a7fd927700f451f4edb42a5,4,2,8.9375,170,1,24,27,0.8557444795395334
6a7fd927700f451f4edb42a5,3,2,9.411764705882353,170,1,18,10,0.9965678902463161
6a7fd927700f451f4edb42a5,2,2,9.055555555555555,170,1,12,7,0.983132635676396
